"","SRR10551660","SRR10551661","SRR10551662","SRR10551663","SRR10551664","SRR10551665"
"HRA1",2.805,2.003,3.327,3.288,3.646,2.626
"ICR1",5.139,5.362,5.663,5.858,5.346,5.405
"IRT1",5.207,5.362,5.3,4.519,4.424,4.601
"LSR1",12.084,12.625,14.115,13.187,13.101,13.48
"NME1",8.798,9.362,11.234,9.086,8.826,9.359
"PWR1",4.109,4.705,5.124,3.666,3.646,3.66
"Q0020",17.116,16.566,14.867,15.947,15.964,16.081
"Q0045",11.853,10.831,11.595,11.317,11.307,11.202
"Q0060",7.653,7.406,5.9,6.77,6.673,6.32
"Q0075",6.118,5.677,4.812,5.821,5.74,5.314
"Q0080",2.4,1.002,1.704,3.055,3.49,1.842
"Q0085",9.028,8.806,7.163,9.648,9.497,9.174
"Q0105",10.882,9.814,10.592,10.582,10.685,10.691
"Q0110",7.551,7.214,4.692,6.267,6.05,6.432
"Q0115",3.6,2.003,0,1.972,2.274,2.626
"Q0120",7.484,7.071,5.215,6.347,6.501,6.576
"Q0130",12.269,12.582,11.055,12.215,12.269,12.325
"Q0140",4.036,4.862,1.704,3.666,4.336,2.287
"Q0158",17.54,17.386,15.025,16.294,16.314,16.529
"Q0182",2.972,2.003,0,2.429,1.831,3.504
"Q0250",11.926,10.702,12.077,11.775,11.749,11.592
"Q0255",7.044,5.326,4.253,1.972,0,2.287
"Q0275",11.18,10.577,9.543,10.765,10.793,10.776
"Q0285",3.257,2.811,1.704,3.823,3.49,3.504
"RDN5-1",1.439,3.812,2.959,0,1.189,3.8
"RME2",4.991,4.759,6.005,5.439,5.595,5.267
"RME3",3.791,4.004,4.071,4.692,4.587,4.601
"RNA170",2.145,2.811,3.62,3.055,3.646,3.131
"RPR1",7.108,8.087,9.612,8.28,8.082,7.923
"RUF20",4.309,4.959,5.124,5.114,4.801,4.256
"RUF21",2.145,3.589,1.704,3.288,3.316,0
"RUF23",0,1.588,1.704,3.055,1.831,2.626
"SCR1",11.664,11.964,13.477,9.676,9.593,9.577
"snR10",1.439,1.002,0,2.429,1.831,1.197
"snR11",8.514,8.605,10.854,9.668,9.306,9.575
"snR128",7.269,7.308,9.27,7.839,7.533,7.423
"snR13",6.238,6.786,7.896,6.061,5.346,5.267
"snR14",6.906,6.912,8.946,6.691,6.328,6.875
"snR161",6.635,6.29,8.288,7.298,7.186,6.453
"snR17a",9.997,10.416,12.815,10.346,10.169,10.254
"snR17b",7.308,7.619,9.78,7.98,7.754,7.717
"snR18",3.877,3.705,5.3,4.847,4.865,4.601
"snR189",7.491,7.456,9.735,9.518,8.984,9.381
"snR19",10.891,11.201,13.165,11.1,11.138,11.375
"snR190",5.757,6.327,7.45,6.79,6.395,6.614
"snR191",5.273,5.837,7.163,5.821,5.203,5.217
"snR24",4.485,3.705,5.38,3.666,4.14,4.522
"snR3",7.609,8.257,9.751,8.359,7.998,8.151
"snR30",8.215,8.362,10.199,8.681,8.626,8.554
"snR31",7.391,7.52,9.097,8.477,8.331,8.208
"snR32",7.853,8.318,9.856,8.32,8.212,8.529
"snR33",6.559,6.746,8.741,7.389,6.996,6.742
"snR34",8.668,8.86,10.818,9.348,9.055,9.66
"snR35",8.551,8.684,10.6,9.666,9.315,9.283
"snR36",6.204,5.812,8.235,6.846,6.208,6.652
"snR37",10.513,10.595,12.811,10.982,10.624,11.144
"snR38",2.617,2.811,3.62,1.3,2.274,1.197
"snR39",2.617,3.464,4.692,3.055,2.613,3.329
"snR39B",3.959,5.431,5.9,4.424,3.49,4.676
"snR4",7.564,8.092,9.155,8.428,8.314,8.617
"snR40",7.161,7.504,9.206,8.366,7.72,8.419
"snR41",5.207,5.049,7.251,5.439,4.927,5.058
"snR42",6.72,6.825,8.427,7.521,7.173,7.345
"snR43",5.949,6.528,7.575,6.093,5.964,6.119
"snR44",7.354,7.612,8.865,6.061,5.84,5.855
"snR45",8.048,8.327,10.285,10.661,10.405,10.484
"snR46",8.487,8.953,10.715,9.475,9.072,9.111
"snR47",4.179,3.589,5.844,6.77,6.795,6.826
"snR48",2.805,1.588,4.071,2.429,3.914,3.329
"snR49",4.485,4.911,6.103,7.487,6.58,6.967
"snR5",7.584,7.224,9.958,9.244,8.649,9.067
"snR50",1.835,3.326,4.071,3.666,3.49,2.9
"snR51",3.877,3.911,6.005,4.771,5.152,4.256
"snR52",1.439,1.002,2.464,2.775,0,2.287
"snR54",0.892,1.002,1.704,0,0,1.197
"snR55",3.6,3.589,5.215,2.775,2.274,1.197
"snR56",2.4,3.812,3.327,2.775,1.831,2.287
"snR57",2.4,1.002,3.327,1.3,3.646,3.329
"snR58",0,1.002,2.464,0,2.274,0
"snR59",0,1.588,1.704,0,1.831,1.197
"snR6",5.866,5.732,8.778,5.622,5.556,5.217
"snR60",1.835,1.002,2.959,1.972,1.831,0
"snR61",2.617,1.002,2.959,1.3,2.274,1.842
"snR62",2.617,3.326,3.327,2.429,2.274,2.626
"snR63",6.917,7.214,8.892,7.05,6.907,6.793
"snR64",3.257,3.326,4.414,4.094,3.49,3.329
"snR65",0,1.588,0,1.3,1.189,1.197
"snR66",4.036,4.326,4.692,4.519,4.587,4.256
"snR67",2.145,1.002,1.704,4.424,4.336,4.676
"snR68",4.109,4.252,6.649,6.239,6.233,6.223
"snR69",5.535,6.327,7.413,6.267,5.595,5.979
"snR70",5.988,5.911,7.825,6.373,6.183,5.823
"snR71",0.892,1.002,2.464,1.3,1.189,0
"snR72",0.892,2.589,0,3.49,4.662,3.66
"snR74",0.892,1.002,1.704,2.429,2.613,1.842
"snR75",0,0,0,3.055,1.189,2.626
"snR76",0,1.588,1.704,4.094,3.49,3.66
"snR77",3.494,3.326,5.529,5.114,4.336,4.815
"snR78",0,1.002,2.464,1.972,0,1.197
"snR79",1.439,2.003,2.959,1.972,2.274,1.842
"snR8",7.354,7.318,9.565,8.877,8.458,8.17
"snR80",6.302,6.175,8.718,7.744,7.134,7.109
"snR81",6.188,6.559,8.191,7.034,6.561,7.175
"snR82",8.879,9.187,11.025,10.029,9.825,10.294
"snR83",7.3,7.76,9.693,9.681,9.487,9.805
"snR84",6.045,5.705,8.267,7.911,7.563,7.7
"snR85",6.153,5.786,7.882,6.882,6.459,6.826
"snR86",8.405,8.743,10.525,11.013,10.778,10.937
"snR87",2.145,2.326,2.464,1.972,1.189,2.287
"snR9",9.14,8.869,11.2,10.921,10.46,10.829
"SRG1",6.378,6.464,6.681,6.846,6.811,7.162
"tA(UGC)O",1.439,3.004,0,2.775,2.274,2.9
"tC(GCA)Q",2.145,0,1.704,0,1.189,1.197
"tD(GUC)Q",0,0,2.959,2.429,1.189,1.197
"tE(UUC)G1",0,1.002,0,1.972,1.831,2.287
"tE(UUC)Q",0.892,1.588,3.327,1.3,0,0
"tF(GAA)H1",0,0,2.464,1.3,1.189,0
"tF(GAA)P1",1.439,1.002,2.464,0,1.189,1.197
"tG(CCC)D",0,0,0,1.3,1.831,1.197
"tG(CCC)O",4.309,4.464,5.215,4.424,4.241,4.439
"tH(GUG)E1",0.892,2.326,2.959,1.972,2.887,2.626
"tH(GUG)G1",2.145,2.589,2.959,0,0,1.197
"tK(UUU)D",1.439,1.588,4.071,1.3,1.189,2.287
"tK(UUU)K",0,1.002,0,3.49,1.831,1.197
"tK(UUU)O",0,2.003,0,1.3,1.189,0
"tK(UUU)Q",2.4,0,1.704,1.3,0,1.842
"tM(CAU)Q1",1.439,0,0,1.3,0,1.842
"tP(UGG)Q",0,1.002,0,0,1.189,1.197
"tQ(CUG)M",0.892,0,2.464,1.972,1.831,1.842
"tQ(UUG)D3",0,1.002,0,1.3,0,1.197
"tR(ACG)D",1.439,1.588,1.704,1.3,2.274,1.842
"tR(ACG)K",0.892,1.002,3.62,0,0,1.197
"tR(UCU)G3",0,1.002,2.464,0,1.189,1.842
"tR(UCU)K",0.892,1.002,1.704,1.3,0,0
"tS(GCU)Q1",2.145,0,3.327,0,0,1.197
"tS(UGA)E",0,1.002,1.704,1.3,1.189,1.197
"tS(UGA)Q2",1.835,2.326,4.253,0,1.189,1.842
"tT(UAG)Q2",1.439,0,0,1.3,1.189,1.197
"tV(AAC)G1",0,0,1.704,1.3,1.189,1.197
"tV(UAC)Q",2.145,1.588,0,0,0,1.842
"tY(GUA)Q",0.892,1.002,1.704,0,1.189,2.287
"YAL001C",6.559,6.799,6.915,7.325,7.419,7.423
"YAL002W",5.173,5.397,5.529,6.67,6.599,6.633
"YAL003W",8.504,8.563,8.446,8.211,8.399,8.233
"YAL004W",6.407,6.38,6.86,6.691,6.795,6.614
"YAL005C",9.319,9.931,9.938,9.632,9.756,9.637
"YAL007C",6.221,6.344,6.888,5.051,4.508,4.815
"YAL008W",6.082,5.496,6.44,6.711,6.521,6.67
"YAL009W",4.539,4.589,5.38,5.784,4.801,5.61
"YAL010C",4.827,4.911,4.071,4.322,4.336,3.8
"YAL011W",4.309,5.559,4.071,4.986,5.476,5.648
"YAL012W",6.407,6.719,7.541,4.847,3.914,4.154
"YAL013W",4.539,5.431,5.726,4.608,4.801,4.942
"YAL014C",3.698,4.326,5.027,4.771,3.646,4.046
"YAL015C",3.494,4.812,4.812,4.424,3.49,3.66
"YAL016C-A",4.309,3.812,4.812,5.286,4.987,5.166
"YAL016C-B",3.791,4.812,4.071,5.286,5.044,4.35
"YAL016W",7.771,7.414,8.379,8.045,8.212,7.961
"YAL017W",7.736,7.605,8.51,8.913,8.826,8.905
"YAL019W",6.635,6.899,6.239,6.827,6.58,6.724
"YAL019W-A",2.4,2.003,4.071,3.49,3.316,2.287
"YAL020C",3.698,3.705,5.598,4.424,4.424,4.601
"YAL021C",6.1,5.559,7.314,7.244,6.655,6.724
"YAL022C",4.246,4.705,5.954,5.664,5.346,5.314
"YAL023C",7.126,7.336,7.896,6.882,6.86,6.556
"YAL024C",5.481,5.397,5.027,5.286,5.476,5.001
"YAL025C",5.908,5.812,5.215,4.094,4.733,4.256
"YAL026C",6.238,6.049,6.055,6.563,6.727,6.576
"YAL026C-A",2.145,2.589,3.327,3.288,3.117,1.842
"YAL027W",4.37,4.589,4.071,4.771,4.587,4.815
"YAL028W",2.4,3.464,2.464,4.608,4.031,4.256
"YAL029C",7.511,7.243,7.541,7.487,7.737,7.626
"YAL030W",6.1,6.397,6.363,6.691,6.673,6.474
"YAL031C",5.686,5.648,6.44,7.002,6.778,6.633
"YAL031W-A",3.494,4.174,4.692,5.622,5.099,5.166
"YAL032C",5.207,4.959,5.3,4.918,5.299,5.217
"YAL033W",4.591,4.092,4.414,5.051,4.031,4.522
"YAL034C",6.238,6.887,6.15,7.285,7.503,7.379
"YAL034C-B",1.835,2.811,2.464,1.972,2.274,2.9
"YAL034W-A",3.494,4.004,3.62,3.288,3.117,4.601
"YAL035W",7.725,8.926,8.001,7.839,7.893,7.795
"YAL036C",4.737,5.362,6.195,4.918,4.927,4.815
"YAL037C-A",2.805,3.911,1.704,3.666,4.508,4.35
"YAL037C-B",9.519,9.919,9.915,11.286,11.099,10.906
"YAL037W",2.145,2.003,3.327,4.322,4.733,4.601
"YAL038W",10.039,10.448,10.619,11.945,11.805,11.582
"YAL039C",5.662,6.271,6.583,6.123,6.328,5.979
"YAL040C",5.173,5.464,5.844,6.239,6.208,5.823
"YAL041W",5.638,5.464,5.663,6.321,5.872,6.272
"YAL042C-A",3.257,2.589,1.704,4.519,3.117,2.9
"YAL042W",5.481,5.812,6.363,6.373,6.501,6.172
"YAL043C",4.827,4.648,5.954,5.439,5.152,4.815
"YAL044C",6.363,6.912,6.968,6.423,6.691,6.272
"YAL044W-A",5.335,5.326,5.38,5.114,5.934,5.531
"YAL045C",4.912,5.049,4.812,3.49,5.556,4.815
"YAL046C",5.173,4.589,5.9,4.322,4.241,3.66
"YAL047C",4.485,4.812,1.704,3.965,3.914,4.601
"YAL047W-A",0.892,1.588,0,2.429,0,2.9
"YAL048C",4.87,4.326,5.38,5.439,5.517,5.113
"YAL049C",7.701,7.605,8.202,7.487,7.805,7.752
"YAL051W",5.929,5.982,6.513,7.143,7.011,6.759
"YAL053W",7.081,6.691,7.909,7.744,7.601,7.568
"YAL054C",6.204,6.362,7.505,6.935,6.58,6.67
"YAL055W",4.69,6.194,4.812,5.051,5.044,5.491
"YAL056C-A",1.439,3.004,3.62,3.49,3.316,2.9
"YAL056W",7.292,6.746,7.882,8.13,8.279,8.419
"YAL058W",3.698,3.911,5.215,5.173,4.508,4.676
"YAL059C-A",3.6,2.811,4.253,3.666,3.49,4.046
"YAL059W",4.87,4.648,5.598,5.114,5.099,4.942
"YAL060W",5.613,6.448,6.239,8.845,8.905,8.775
"YAL061W",6.064,6.448,6.743,7.954,8.2,7.991
"YAL062W",5.71,6.719,6.713,5.487,5.808,5.405
"YAL063C",2.617,2.003,2.959,3.666,3.49,3.8
"YAL065C",3.121,2.589,3.62,1.972,1.831,1.842
"YAL066W",2.4,3.004,0,1.972,0,1.197
"YAL067C",6.286,6.464,6.743,5.339,5.152,4.747
"YAR002C-A",6.72,7.049,7.752,5.963,5.633,6.008
"YAR002W",5.779,5.496,5.726,6.211,5.705,5.684
"YAR003W",5.638,5.431,5.726,5.745,5.808,5.684
"YAR007C",6.623,6.233,7.272,6.182,6.257,6.724
"YAR008W",5.207,4.862,5.124,4.771,5.39,4.35
"YAR014C",6.254,6.134,6.363,6.267,6.373,6.272
"YAR015W",7.384,7.281,7.882,6.79,6.691,6.688
"YAR018C",4.539,4.759,4.812,3.965,3.316,2.626
"YAR019C",4.539,4.812,4.414,5.439,5.774,5.491
"YAR019W-A",0,2.003,1.704,2.429,0,1.842
"YAR023C",2.617,2.811,3.863,3.49,4.031,3.66
"YAR027W",5.207,4.959,5.9,1.972,0,0
"YAR028W",2.805,2.003,1.704,0,0,0
"YAR035W",3.494,3.911,5.124,1.3,0,1.842
"YAR042W",5.988,6.397,6.239,7.172,7.223,7.149
"YAR050W",2.617,2.326,3.327,3.965,2.887,1.842
"YBL001C",7.117,7.262,7.019,6.827,6.691,7.04
"YBL002W",8.557,8.253,9.265,8.225,8.122,8.183
"YBL003C",7.771,7.619,7.782,7.143,7.601,7.538
"YBL004W",7.736,7.362,8.246,8.037,8.174,8.312
"YBL005W",5.587,5.134,6.15,5.578,5.872,5.887
"YBL006C",6.464,6.414,6.513,5.929,6.395,6.343
"YBL006W-A",4.783,4.589,5.726,4.519,4.14,4.154
"YBL007C",6.696,7.29,7.469,8.13,8.082,8.157
"YBL008W",5.304,5.326,6.239,5.929,5.84,5.531
"YBL008W-A",0,1.002,0,1.972,0,1.197
"YBL009W",3.791,3.589,4.692,4.094,3.786,2.287
"YBL010C",4.37,4.174,4.692,4.986,4.241,4.815
"YBL011W",5.24,6.344,5.954,6.585,6.778,6.41
"YBL012C",2.4,2.811,3.863,3.49,3.316,2.9
"YBL013W",1.439,2.326,0,1.3,2.613,2.287
"YBL014C",5.587,5.005,5.954,6.423,6.105,6.065
"YBL015W",7.858,8.497,8.35,7.338,7.011,6.474
"YBL016W",4.37,4.174,5.124,5.051,4.424,4.522
"YBL017C",8.319,7.893,9.005,8.701,8.725,8.66
"YBL018C",5.481,5.397,5.529,4.608,5.476,5.058
"YBL019W",5.424,4.911,5.027,6.153,6.281,6.343
"YBL020W",6.755,6.85,7.314,7.082,6.618,6.495
"YBL021C",5.613,5.959,6.005,4.519,4.801,4.88
"YBL022C",7.442,7.712,7.854,8.26,8.168,8.306
"YBL023C",5.481,4.862,6.323,4.847,5.252,5.267
"YBL024W",6.492,6.049,6.681,5.929,5.934,6.198
"YBL025W",4.309,3.705,4.812,4.692,4.587,4.439
"YBL026W",5.662,5.837,4.692,4.519,5.346,5.684
"YBL027W",9.086,8.659,9.132,8.327,8.343,8.341
"YBL028C",6.064,6.605,5.456,4.519,4.508,5.571
"YBL029C-A",5.734,6.719,6.005,6.77,6.922,7.095
"YBL029W",7.511,8.295,6.773,8.579,8.87,9.067
"YBL030C",8.801,9.202,9.486,8.167,7.901,8.117
"YBL031W",3.6,2.811,2.464,1.3,1.831,1.842
"YBL032W",4.87,5.214,4.812,5.339,5.099,5.113
"YBL033C",7.015,7.831,7.505,7.002,7.011,6.952
"YBL034C",6.188,6.005,6.281,6.321,6.351,6.343
"YBL035C",4.642,4.589,5.663,4.094,5.299,4.256
"YBL036C",6.635,6.773,6.968,6.518,6.709,6.937
"YBL037W",4.737,4.326,5.215,5.664,5.203,5.113
"YBL038W",7.244,7.448,6.743,6.321,6.501,6.706
"YBL039C",5.535,4.589,5.787,5.487,4.927,5.448
"YBL039W-B",4.591,4.959,4.414,3.823,3.914,5.113
"YBL040C",6.45,6.799,6.888,5.745,5.993,5.755
"YBL041W",8.219,8.149,8.492,7.812,7.976,7.969
"YBL042C",6.045,5.464,6.281,6.77,6.673,6.556
"YBL043W",6.833,7.299,7.019,6.153,5.964,5.314
"YBL045C",9.436,9.582,9.716,9.312,9.283,9.412
"YBL046W",4.429,4.648,4.924,6.123,5.84,5.491
"YBL047C",7.435,7.97,8.051,8.385,8.649,8.714
"YBL048W",4.591,5.837,6.005,8.488,8.415,8.364
"YBL049W",6.27,6.271,7.14,9.338,9.402,9.25
"YBL050W",7.261,7.488,7.505,7.839,7.961,7.845
"YBL051C",7.169,7.512,6.86,8.13,8.148,8.013
"YBL052C",5.453,6.154,4.071,5.664,5.299,6.065
"YBL053W",3.959,5.214,2.464,3.666,3.786,4.522
"YBL054W",4.69,4.326,4.812,5.578,4.987,5.61
"YBL055C",5.24,4.862,5.38,5.39,5.964,5.755
"YBL056W",7.211,6.691,7.592,7.704,7.924,7.558
"YBL057C",5.173,5.362,6.477,5.39,5.099,5.314
"YBL058W",7.015,7.154,7.093,7.158,7.223,7.175
"YBL059C-A",7.285,7.726,7.093,6.211,6.233,6.41
"YBL059W",5.395,5.837,5.3,3.49,4.733,4.046
"YBL060W",5.481,5.397,5.598,5.858,5.84,6.198
"YBL061C",5.335,5.837,6.195,5.745,5.595,6.008
"YBL062W",3.791,4.092,4.253,3.823,4.424,4.35
"YBL063W",5.613,5.959,5.027,5.705,5.903,6.065
"YBL064C",9.705,9.774,9.987,9.498,9.591,9.479
"YBL065W",2.972,3.004,4.812,2.775,3.786,2.9
"YBL066C",6.598,6.947,7.374,7.187,7.26,7.518
"YBL067C",6.708,7.071,6.86,7.498,7.43,7.487
"YBL068W",5.561,5.174,5.954,5.173,4.987,4.439
"YBL069W",3.257,2.589,3.863,3.288,2.613,1.842
"YBL071C",4.036,4.648,3.62,3.666,4.587,3.66
"YBL071C-B",2.972,2.589,3.327,1.972,2.274,2.626
"YBL071W-A",4.246,4.397,4.56,4.692,3.117,3.329
"YBL072C",7.362,6.648,7.658,6.294,6.811,6.453
"YBL073W",3.121,2.811,2.464,2.775,2.274,2.9
"YBL074C",3.877,3.589,5.124,3.965,5.044,4.676
"YBL075C",6.623,7.113,7.116,7.83,8.102,8.027
"YBL076C",8.394,7.739,9.194,8.037,8.267,8.097
"YBL077W",6.027,6.113,6.103,5.963,5.669,5.949
"YBL078C",6.585,7.512,6.513,6.985,6.967,7.334
"YBL079W",6.732,6.574,7.432,7.714,7.657,7.853
"YBL080C",4.737,4.589,5.3,5.051,5.39,4.676
"YBL081W",5.173,4.589,4.812,4.986,4.865,4.942
"YBL082C",4.309,3.589,5.38,5.439,4.801,4.35
"YBL084C",5.887,6.092,5.598,6.77,6.655,6.997
"YBL085W",6.363,6.605,6.713,6.471,6.637,6.843
"YBL086C",5.779,6.253,5.663,6.398,6.691,6.759
"YBL087C",6.238,5.812,7.093,6.321,6.05,6.037
"YBL088C",6.8,6.812,7.14,7.684,7.946,7.845
"YBL089W",5.273,4.911,5.844,5.963,5.517,5.979
"YBL090W",6.623,6.663,6.832,6.123,5.872,6.453
"YBL091C",8,8.353,8.35,7.734,7.885,7.861
"YBL091C-A",4.246,4.862,4.692,5.39,5.476,5.113
"YBL092W",9.414,9.25,9.342,8.435,8.777,8.727
"YBL093C",5.779,6.005,6.005,6.267,6.305,5.789
"YBL094C",5.139,5.29,5.844,6.267,6.281,5.949
"YBL095W",5.662,5.559,6.803,7.312,7.198,6.997
"YBL096C",4.036,4.174,4.924,4.918,4.987,4.601
"YBL097W",4.737,4.911,5.124,4.771,5.203,5.217
"YBL098W",5.662,5.935,6.477,5.439,5.84,5.491
"YBL099W",10.893,11.412,11.206,10.482,10.277,10.259
"YBL100C",9.038,9.606,9.43,8.864,8.593,8.632
"YBL100W-C",0,1.002,1.704,1.3,1.831,0
"YBL101C",6.986,6.634,7.45,7.867,7.869,7.744
"YBL102W",5.24,5.214,5.787,5.439,5.556,5.405
"YBL103C",6.027,5.812,5.787,5.664,5.346,5.531
"YBL104C",5.481,5.911,5.456,6.585,6.844,6.366
"YBL105C",6.506,6.29,6.942,7.764,7.754,7.77
"YBL106C",4.912,4.862,6.005,6.294,6.395,5.918
"YBL107C",5.969,6.271,5.38,5.894,5.74,5.789
"YBL113C",0,0,1.704,1.972,1.189,1.842
"YBR001C",6.533,6.528,7.737,7.426,7.419,7.368
"YBR002C",5.587,5.959,6.86,5.533,5.903,5.491
"YBR003W",6.648,6.154,6.942,6.809,6.778,6.688
"YBR004C",5.304,5.134,5.787,5.997,5.903,5.684
"YBR005W",4.37,4.759,4.56,5.051,4.801,4.522
"YBR006W",7.42,6.85,8.063,8.334,8.343,8.063
"YBR007C",5.638,6.344,5.215,7.128,6.952,7.026
"YBR008C",6.407,6.397,7.706,6.398,6.157,6.343
"YBR009C",7.331,7.154,7.272,5.963,5.934,5.887
"YBR010W",9.12,8.968,8.992,8.26,8.337,8.622
"YBR011C",9.104,8.929,10.101,8.775,8.814,8.723
"YBR012C",4.179,4.648,3.62,5.578,4.927,4.601
"YBR013C",4.429,4.174,4.253,4.213,4.241,4.256
"YBR014C",5.988,6.134,5.9,5.533,5.299,5.755
"YBR015C",6.766,6.544,7.374,7.097,7.08,7.299
"YBR016W",4.485,5.59,5.9,5.705,5.556,5.166
"YBR017C",5.734,5.59,7.163,6.563,6.183,6.198
"YBR018C",1.835,2.003,1.704,2.775,4.031,3.131
"YBR019C",2.4,3.326,3.62,4.094,4.424,4.439
"YBR020W",2.617,2.326,3.62,3.49,3.646,2.626
"YBR021W",5.207,5.174,5.954,5.997,6.208,5.61
"YBR022W",5.802,5.559,5.787,5.051,5.774,5.217
"YBR023C",6.777,5.935,7.854,6.751,6.844,6.706
"YBR024W",6.546,6.982,6.832,6.347,6.58,6.967
"YBR025C",9.185,8.656,9.578,8.54,8.442,8.318
"YBR026C",6.937,6.528,7.044,6.846,7.307,7.095
"YBR027C",1.835,3.326,2.464,1.972,3.316,0
"YBR028C",6.027,5.911,6.513,5.784,5.934,5.684
"YBR029C",6.1,5.887,6.681,6.585,6.438,6.119
"YBR030W",4.485,5.005,5.38,5.821,5.346,4.522
"YBR031W",4.591,4.528,4.812,4.094,4.14,3.131
"YBR032W",1.439,2.003,0,1.3,2.613,2.626
"YBR033W",6.188,6.308,6.743,5.622,5.203,5.267
"YBR034C",6.333,5.759,6.402,5.114,5.434,5.855
"YBR035C",7.277,7.204,7.737,7.298,7.582,7.322
"YBR036C",7.362,7.262,8.299,7.567,7.563,7.434
"YBR037C",5.335,5.005,5.844,5.051,5.203,4.88
"YBR038W",3.877,3.812,5.215,2.775,3.646,3.329
"YBR039W",9.847,9.806,9.948,9.278,9.216,9.403
"YBR040W",1.835,2.811,0,0,1.189,2.287
"YBR041W",6.1,6.027,6.713,6.239,6.501,6.474
"YBR042C",5.24,4.648,5.598,5.173,5.346,5.36
"YBR043C",5.173,5.528,5.954,6.864,7.011,6.982
"YBR044C",6.635,6.76,6.681,6.398,6.501,6.742
"YBR045C",4.179,4.705,3.62,4.692,4.927,5.267
"YBR046C",6.854,6.634,6.994,6.985,6.967,6.997
"YBR047W",7.277,7.567,6.915,6.691,6.744,6.742
"YBR048W",6.886,6.005,7.272,5.664,5.669,5.314
"YBR049C",6.72,6.512,6.513,6.607,6.952,6.742
"YBR050C",4.737,5.648,4.56,4.771,5.39,4.747
"YBR051W",3.494,4.326,0,3.823,3.117,3.329
"YBR052C",7.707,7.899,8.075,6.585,6.795,7.122
"YBR053C",6.886,6.733,7.505,7.487,7.513,7.498
"YBR054W",11.385,11.316,11.297,12.043,12.112,12.05
"YBR055C",5.638,6.544,6.44,6.563,6.691,6.614
"YBR056C-B",4.952,4.812,5.663,3.055,2.613,3.504
"YBR056W",7.331,7.362,7.909,7.51,7.684,7.892
"YBR056W-A",5.173,4.648,6.44,3.965,4.336,4.256
"YBR057C",5.273,5.528,4.414,5.286,5.517,5.531
"YBR058C",5.887,5.911,6.513,6.79,6.811,6.474
"YBR058C-A",6.254,6.134,5.456,5.622,5.84,6.223
"YBR059C",6.833,7.175,7.069,8.1,7.846,8.252
"YBR060C",5.587,5.677,5.3,4.986,5.203,5.648
"YBR061C",4.991,4.589,4.56,4.771,4.733,4.88
"YBR062C",5.03,5.464,5.124,5.286,5.556,5.166
"YBR063C",5.535,5.677,4.924,6.423,6.618,6.343
"YBR064W",3.877,2.589,3.863,4.424,4.865,4.676
"YBR065C",5.866,5.214,5.787,6.628,6.417,6.81
"YBR066C",3.959,4.959,4.071,3.666,4.336,4.601
"YBR067C",7.677,7.559,7.674,6.447,6.48,6.296
"YBR068C",7.701,7.605,8.58,6.093,6.022,6.146
"YBR069C",5.173,5.252,6.055,3.823,4.031,3.66
"YBR070C",4.642,4.528,5.663,5.286,4.927,5.001
"YBR071W",5.638,5.559,6.773,4.424,4.865,4.676
"YBR072C-A",1.439,1.002,1.704,1.3,1.831,2.287
"YBR072W",10.938,11.946,11.13,7.475,7.969,7.423
"YBR073W",6.136,6.175,7.163,5.533,6.373,5.823
"YBR074W",6.833,5.982,7.116,6.969,7.319,7.136
"YBR076C-A",4.036,4.252,3.327,4.918,4.424,4.815
"YBR076W",3.257,3.174,4.56,4.322,4.424,4.522
"YBR077C",5.453,5.496,6.239,5.051,5.705,5.684
"YBR078W",8.953,8.209,9.472,8.998,8.858,8.893
"YBR079C",6.875,6.528,6.942,6.711,6.655,6.952
"YBR080C",6.789,5.982,7.45,7.498,7.375,7.287
"YBR081C",6.708,7.605,6.103,7.018,7.08,7.275
"YBR082C",8.64,9.324,8.111,7.555,7.729,7.795
"YBR083W",3.877,4.812,4.812,3.666,4.424,4.676
"YBR084C-A",8.551,8.362,8.756,7.911,8.012,8.111
"YBR084W",6.937,6.812,7.625,5.858,6.077,5.789
"YBR085C-A",7.659,8.081,7.84,8.465,8.649,8.749
"YBR085W",1.439,1.002,0,3.055,1.831,1.842
"YBR086C",7.391,6.863,7.936,8.013,7.72,7.828
"YBR087W",5.734,5.134,5.844,4.771,4.662,5.113
"YBR088C",6.153,5.619,6.363,4.847,5.252,4.942
"YBR089C-A",5.845,6.431,6.477,5.894,6.105,6.296
"YBR089W",5.395,5.362,6.281,4.519,4.336,4.522
"YBR090C",2.617,2.811,3.327,2.429,1.831,2.626
"YBR091C",5.335,5.496,5.9,3.965,3.914,4.154
"YBR092C",1.835,2.326,2.959,3.288,3.316,2.9
"YBR093C",2.972,3.705,4.071,4.692,4.927,4.046
"YBR094W",5.969,5.496,6.195,5.963,5.872,5.491
"YBR095C",5.866,6.448,5.787,5.339,5.774,5.448
"YBR096W",5.587,5.29,6.055,5.39,5.299,5.61
"YBR097W",6.559,6.194,6.803,7.002,7.307,7.026
"YBR098W",6.221,7.194,6.363,6.827,6.891,6.198
"YBR099C",4.827,5.759,5.598,5.784,5.74,5.314
"YBR101C",7.707,8.89,7.825,7.426,7.272,7.109
"YBR102C",5.561,5.431,5.954,5.487,5.808,5.72
"YBR103C-A",1.439,1.002,0,0,1.831,1.842
"YBR103W",5.779,5.732,6.402,5.821,6.105,5.949
"YBR104W",5.638,4.911,5.954,4.847,5.203,4.676
"YBR105C",6.407,6.663,7.185,7.298,7.503,7.423
"YBR106W",8.742,8.638,9.26,8.225,8.291,8.258
"YBR107C",4.69,4.862,5.529,5.173,5.476,5.001
"YBR108W",4.827,5.887,5.027,5.929,5.934,5.949
"YBR109C",7.449,7.567,7.854,7.066,7.284,7.251
"YBR109W-A",0.892,1.588,2.959,0,0,1.842
"YBR110W",6.118,5.464,6.323,4.918,5.774,5.166
"YBR111C",7.253,7.48,7.354,8.145,8.32,8.441
"YBR111W-A",4.991,5.326,3.863,4.918,5.476,5.531
"YBR112C",5.757,6.875,5.844,6.123,6.077,6.065
"YBR113W",3.877,4.464,3.327,4.213,3.914,4.35
"YBR114W",6.302,6.574,6.513,6.373,6.501,6.248
"YBR115C",7.659,7.154,8.63,8.145,8.089,7.726
"YBR116C",1.439,1.002,0,3.055,2.613,2.287
"YBR117C",3.257,4.092,3.327,5.533,5.595,5.166
"YBR118W",6.348,6.838,6.44,6.67,6.709,6.343
"YBR119W",4.991,5.677,2.959,6.061,5.434,5.491
"YBR120C",5.508,6.528,4.812,4.918,5.152,5.789
"YBR121C",7.906,7.793,8.026,7.694,7.969,7.681
"YBR122C",7.081,7.344,7.293,6.607,6.373,6.891
"YBR123C",5.273,5.092,5.456,5.339,5.595,5.531
"YBR124W",1.835,1.588,2.464,2.429,1.189,1.842
"YBR125C",5.638,5.464,6.323,5.286,5.099,4.942
"YBR126C",7.584,7.881,8.202,9.093,9.006,8.714
"YBR126W-A",3.698,4.092,1.704,4.322,4.801,3.8
"YBR126W-B",1.439,1.002,1.704,1.972,2.274,1.842
"YBR127C",9.077,8.431,10.041,9.756,9.643,9.674
"YBR128C",4.37,4.812,4.812,4.986,5.705,5.684
"YBR129C",5.686,5.786,5.954,5.533,6.105,5.918
"YBR130C",5.561,5.732,3.863,4.847,4.987,5.058
"YBR131C-A",1.439,0,1.704,0,0,1.197
"YBR131W",4.642,4.648,4.414,4.847,5.517,5.823
"YBR132C",5.613,5.732,6.402,6.447,6.438,6.633
"YBR133C",5.887,5.982,6.548,6.541,6.438,6.32
"YBR134W",1.835,2.589,2.959,2.429,1.189,2.9
"YBR135W",4.591,5.619,5.027,3.965,4.587,3.504
"YBR136W",6.598,5.837,6.548,7.402,7.16,7.518
"YBR137W",5.103,5.092,5.726,6.267,6.438,6.536
"YBR138C",4.539,4.759,4.812,6.153,5.808,5.448
"YBR139W",7.622,7.336,8.528,8.818,8.83,8.917
"YBR140C",8.583,8.118,8.998,10.059,9.886,10.007
"YBR141C",3.6,3.589,4.56,3.965,3.117,3.66
"YBR141W-A",1.835,1.588,0,1.3,1.189,1.842
"YBR142W",5.779,6.308,6.055,5.821,5.633,5.648
"YBR143C",7.616,7.214,7.923,7.172,7.33,7.345
"YBR144C",1.439,1.002,0,0,1.189,1.842
"YBR145W",5.823,6.464,6.649,7.002,7.121,6.614
"YBR146W",7.428,7.262,7.116,6.882,6.521,6.759
"YBR147W",6.585,6.875,7.093,6.9,7.353,6.952
"YBR148W",5.103,5.863,4.071,5.622,5.84,6.32
"YBR149W",8.147,7.947,8.926,8.607,8.574,8.613
"YBR150C",5.481,5.559,6.402,6.65,6.58,6.688
"YBR151W",7.178,7.144,7.625,7.876,7.72,7.402
"YBR152W",3.121,4.326,3.62,3.288,3.49,4.35
"YBR153W",4.429,4.589,4.692,4.608,5.152,4.439
"YBR154C",5.71,5.464,5.456,4.519,4.587,5.36
"YBR155W",5.304,6.194,5.529,5.173,5.044,5.405
"YBR156C",4.37,4.959,4.56,4.213,4.508,4.747
"YBR157C",2.805,3.911,2.959,2.429,3.316,4.154
"YBR158W",5.335,5.863,5.663,4.213,3.316,2.626
"YBR159W",7.369,7.081,7.796,7.082,6.907,7.122
"YBR160W",4.642,5.005,4.812,4.519,4.031,4.88
"YBR161W",5.949,5.619,6.195,5.784,6.022,6.092
"YBR162C",8.311,7.773,9.362,6.541,5.808,5.918
"YBR162W-A",6.422,7.092,5.787,5.339,5.252,5.949
"YBR163W",5.802,5.559,6.005,6.239,6.459,6.366
"YBR164C",5.613,5.982,5.844,5.114,4.927,5.113
"YBR165W",5.734,5.431,5.598,4.847,4.662,5.267
"YBR166C",5.757,5.732,6.281,5.705,6.105,5.491
"YBR167C",4.309,4.759,2.464,3.823,5.044,4.815
"YBR168W",4.246,4.464,4.924,5.578,5.39,5.405
"YBR169C",7.837,8.371,8.299,8.96,8.894,8.87
"YBR170C",6.393,5.759,6.743,6.398,6.599,6.556
"YBR171W",4.485,5.049,5.38,3.823,4.865,4.88
"YBR172C",6.559,7.271,5.954,6.093,6.257,6.065
"YBR173C",7.525,7.648,7.84,6.864,6.521,6.516
"YBR174C",2.805,3.004,3.327,2.775,2.613,1.842
"YBR175W",4.827,5.049,5.027,4.692,4.587,4.256
"YBR176W",5.508,5.559,6.005,4.986,5.346,5.491
"YBR177C",6.464,7.016,7.469,7.621,7.493,7.423
"YBR178W",3.121,2.811,3.62,3.823,3.914,3.8
"YBR179C",6.875,7.144,6.323,7.555,7.472,7.445
"YBR180W",1.835,3.174,3.327,2.775,3.316,2.626
"YBR181C",4.69,4.648,4.812,4.322,3.49,3.131
"YBR182C",6.27,5.705,7.251,6.321,6.438,5.949
"YBR182C-A",1.439,2.003,1.704,2.775,2.887,2.287
"YBR183W",5.949,6.308,6.583,7.744,7.846,7.812
"YBR184W",3.121,3.004,1.704,0,0,1.842
"YBR185C",6.766,6.648,7.019,5.858,5.517,6.146
"YBR186W",4.246,5.619,5.027,5.339,5.556,5.531
"YBR187W",5.587,5.252,5.844,5.439,5.934,5.571
"YBR188C",4.783,5.174,3.327,4.213,4.927,4.747
"YBR189W",8.198,8.113,8.36,6.77,7.08,6.875
"YBR190W",2.805,1.588,2.959,2.429,1.189,1.842
"YBR191W",7.062,6.812,7.767,5.821,6.157,6.065
"YBR191W-A",2.617,3.174,1.704,2.775,2.613,2.287
"YBR192W",5.662,5.29,6.103,5.286,5.872,5.755
"YBR193C",4.591,5.397,5.456,4.608,5.252,5.448
"YBR194W",3.38,4.174,4.253,3.49,3.49,2.9
"YBR195C",4.539,4.528,4.924,5.173,5.517,5.36
"YBR196C",8.91,8.844,9.78,10.779,10.756,10.606
"YBR196C-A",1.439,2.003,0,2.429,1.831,3.131
"YBR196C-B",0,1.588,1.704,2.429,2.613,1.842
"YBR197C",2.972,2.589,4.071,3.49,3.786,4.046
"YBR198C",5.757,6.344,6.239,6.471,6.373,6.366
"YBR199W",7.641,7.52,8.014,7.902,7.675,7.645
"YBR200W",6.317,6.362,6.323,6.321,5.434,6.41
"YBR200W-A",2.617,1.002,3.327,3.055,3.316,2.287
"YBR201C-A",6.027,6.786,6.743,7.158,7.134,7.31
"YBR201W",5.067,6.049,4.253,4.424,5.203,5.058
"YBR202W",5.757,5.677,6.005,6.347,6.022,5.72
"YBR203W",7.143,7.165,8.001,8.385,8.73,8.792
"YBR204C",5.335,4.759,5.124,5.622,5.964,5.531
"YBR205W",6.045,4.911,6.44,5.705,5.556,5.314
"YBR206W",1.835,3.004,1.704,1.3,1.189,3.131
"YBR207W",6.082,6.134,6.548,6.65,5.993,5.887
"YBR208C",8.49,7.887,9.645,10.388,10.191,10.198
"YBR209W",1.835,1.002,0,1.3,0,0
"YBR210W",5.686,5.619,5.726,5.231,4.508,5.113
"YBR211C",4.737,4.862,5.124,4.213,3.786,4.747
"YBR212W",5.139,4.862,5.9,6.563,6.561,6.453
"YBR213W",2.145,3.812,4.071,1.972,3.316,1.842
"YBR214W",5.779,6.574,6.513,7.244,7.121,7.04
"YBR215W",5.734,6.574,4.924,6.447,6.438,6.495
"YBR216C",6.1,5.464,7.116,6.029,6.417,6.474
"YBR217W",3.698,3.589,2.959,3.823,3.786,4.046
"YBR218C",6.865,7.422,7.432,7.312,6.967,7.095
"YBR220C",4.642,4.464,4.924,5.114,4.865,4.601
"YBR221C",8.5,8.17,9.166,8.084,8.109,8.111
"YBR221W-A",4.109,4.812,4.692,5.286,4.927,5.267
"YBR222C",7.701,7.612,8.519,8.379,8.436,8.177
"YBR223C",3.494,3.326,4.56,4.213,4.424,4.522
"YBR223W-A",1.439,0,0,1.3,1.831,0
"YBR224W",2.805,1.588,0,2.429,3.49,2.626
"YBR225W",5.613,5.174,6.005,6.321,6.328,6.576
"YBR226C",3.959,3.326,4.414,4.608,4.587,5.058
"YBR227C",6.317,6.027,5.3,6.294,6.438,5.789
"YBR228W",4.429,4.464,4.56,5.231,5.434,5.405
"YBR229C",6.684,6.464,7.044,6.77,6.761,7.04
"YBR230C",8.338,8.677,8.483,8.327,8.436,8.574
"YBR230W-A",6.348,7.027,6.363,4.771,5.556,5.755
"YBR231C",3.791,3.589,4.414,5.051,4.865,5.058
"YBR232C",2.617,3.004,3.863,3.666,2.274,2.287
"YBR233W",4.246,4.812,3.62,4.692,5.044,4.256
"YBR233W-A",4.246,3.589,3.62,1.972,1.831,2.9
"YBR234C",6.743,6.76,7.45,7.402,7.067,7.136
"YBR235W",7.161,6.76,8.087,8.746,8.549,8.564
"YBR236C",5.273,5.134,5.663,5.051,5.633,5.36
"YBR237W",5.908,6.362,6.103,6.585,6.48,6.826
"YBR238C",5.453,4.326,5.456,6.809,6.521,6.724
"YBR239C",5.304,5.705,6.005,6.809,6.778,6.967
"YBR240C",3.38,3.464,4.253,5.39,5.934,5.531
"YBR241C",5.335,5.397,6.239,7.128,6.811,6.67
"YBR242W",5.273,5.705,5.124,6.123,6.208,6.198
"YBR243C",4.591,4.252,5.215,4.519,4.241,4.601
"YBR244W",2.4,3.464,3.62,2.775,3.786,4.35
"YBR245C",6.559,7.103,6.681,6.827,6.48,6.453
"YBR246W",4.827,4.589,4.924,4.847,4.865,4.256
"YBR247C",4.309,4.911,5.529,3.965,4.14,4.815
"YBR248C",5.908,5.812,6.681,5.533,5.346,5.405
"YBR249C",7.228,6.512,7.796,6.321,6.459,6.432
"YBR250W",2.145,3.004,2.959,2.429,1.831,2.626
"YBR251W",5.949,6.134,5.598,5.664,5.434,5.755
"YBR252W",4.036,4.589,4.414,3.666,2.613,3.504
"YBR253W",5.273,5.982,4.924,4.986,5.252,5.531
"YBR254C",5.24,4.911,5.954,4.918,4.987,5.001
"YBR255C-A",6.136,6.559,6.195,6.093,5.872,6.388
"YBR255W",6.118,6.464,6.055,7.034,7.582,7.31
"YBR256C",7.518,7.863,7.393,6.447,6.618,6.875
"YBR257W",4.783,5.677,4.414,5.173,5.346,5.267
"YBR258C",3.6,4.589,2.959,3.666,3.786,4.256
"YBR259W",4.485,4.705,3.863,5.114,5.517,5.217
"YBR260C",5.424,5.59,5.787,5.929,6.05,6.092
"YBR261C",4.737,4.759,5.124,4.608,4.733,4.942
"YBR262C",6.777,7.113,6.994,6.182,5.556,6.092
"YBR263W",7.603,7.38,8.309,7.364,7.353,7.434
"YBR264C",4.991,5.464,5.3,5.578,5.476,5.166
"YBR265W",5.304,4.528,5.663,6.182,6.022,5.267
"YBR266C",4.036,5.049,4.812,4.213,3.646,4.35
"YBR267W",5.273,5.759,6.055,5.622,4.801,5.217
"YBR268W",6.136,6.559,6.548,5.745,5.476,5.405
"YBR269C",5.662,5.982,6.649,6.061,6.022,5.684
"YBR270C",4.485,4.862,5.3,5.487,5.299,4.942
"YBR271W",4.991,5.049,5.456,4.692,4.801,4.439
"YBR272C",5.395,5.252,5.598,5.894,5.993,5.61
"YBR273C",6.118,6.29,6.681,6.495,6.727,6.576
"YBR274W",5.173,5.049,5.529,5.997,5.476,5.36
"YBR275C",5.638,6.175,6.005,6.153,6.561,6.688
"YBR276C",6.854,6.746,7.469,6.9,6.811,6.81
"YBR277C",3.959,4.326,4.56,4.608,4.031,4.747
"YBR278W",5.662,6.271,5.598,5.705,5.517,6.008
"YBR279W",6.302,7.464,6.055,5.173,5.633,5.949
"YBR280C",4.952,4.959,5.787,6.373,5.903,5.648
"YBR281C",6.317,5.959,6.713,5.745,5.808,6.092
"YBR282W",5.686,6.38,5.3,5.39,5.556,5.217
"YBR283C",7.152,7.299,7.882,7.451,7.121,6.997
"YBR284W",4.87,5.252,5.529,5.578,5.595,5.684
"YBR285W",4.591,5.005,4.924,4.918,4.801,5.001
"YBR286W",8.507,8.524,9.079,9.24,9.306,9.286
"YBR287W",8.019,7.799,9.126,8.926,8.598,8.539
"YBR288C",5.587,5.887,6.15,5.051,5.633,5.267
"YBR289W",5.335,5.935,6.195,5.439,6.373,5.887
"YBR290W",6.977,7.488,6.477,6.985,7.235,7.251
"YBR291C",4.246,4.528,5.529,5.114,5.203,4.815
"YBR292C",1.439,2.589,0,2.775,3.117,3.928
"YBR293W",4.737,4.397,5.529,5.339,4.424,4.601
"YBR294W",7.597,7.648,8.545,5.487,5.705,6.272
"YBR295W",6.407,6.049,7.625,7.451,6.996,7.109
"YBR296C",1.835,1.002,3.327,0,1.831,1.197
"YBR297W",5.988,6.344,6.968,5.894,5.39,5.531
"YBR298C",6.696,7.488,7.314,6.935,6.828,6.576
"YCL001W",5.887,5.959,5.844,6.211,6.131,5.491
"YCL001W-A",1.835,1.588,1.704,0,1.189,2.626
"YCL002C",5.173,5.786,6.005,6.471,6.48,6.388
"YCL004W",4.485,4.759,4.414,5.664,5.517,5.571
"YCL005W",4.036,4.252,5.215,5.286,4.587,4.601
"YCL005W-A",5.24,5.982,5.9,5.784,6.305,5.918
"YCL007C",4.783,5.174,4.56,5.339,5.203,5.491
"YCL008C",3.698,3.705,4.071,4.692,4.336,4.154
"YCL009C",4.827,5.362,6.832,5.622,5.39,5.166
"YCL010C",3.6,4.174,4.692,4.424,4.801,4.942
"YCL011C",6.082,6.362,6.743,6.711,6.761,7.026
"YCL012C",3.877,4.705,5.38,6.029,6.328,6.065
"YCL014W",5.638,5.732,6.103,6.864,6.778,6.906
"YCL016C",4.309,3.911,4.812,4.771,5.044,4.256
"YCL017C",7.391,7.124,8.51,8.359,8.122,8.063
"YCL018W",6.732,6.528,8.014,9.135,9.086,8.808
"YCL021W-A",2.4,1.588,3.863,2.775,2.613,2.9
"YCL022C",4.246,4.174,3.863,3.666,3.646,3.66
"YCL023C",1.439,1.588,0,1.3,1.831,2.287
"YCL024W",5.866,6.496,5.598,5.858,5.993,6.343
"YCL025C",10.138,9.668,11.204,7.451,6.891,7.026
"YCL026C-A",4.37,3.004,4.692,0,1.189,0
"YCL026C-B",5.866,5.732,6.103,4.424,4.508,4.256
"YCL027W",2.617,3.812,2.959,3.666,2.887,3.131
"YCL028W",6.188,5.559,6.281,6.447,6.257,5.448
"YCL029C",4.642,4.092,3.62,4.918,4.14,4.88
"YCL030C",6.708,7.281,7.505,7.533,7.397,7.109
"YCL031C",5.03,5.677,3.62,4.692,5.044,5.648
"YCL032W",4.69,4.911,5.215,5.487,5.934,6.037
"YCL033C",4.912,4.759,5.663,6.267,6.709,6.146
"YCL034W",5.71,5.935,6.513,7.244,7.198,7.275
"YCL035C",7.895,8.476,8.191,7.567,7.924,8.076
"YCL036W",4.109,4.092,4.414,5.39,5.476,5.267
"YCL037C",4.827,4.589,4.414,4.986,4.662,5.001
"YCL038C",6.378,5.935,7.469,7.988,7.592,7.626
"YCL039W",4.912,4.862,4.924,5.745,5.993,5.918
"YCL040W",7.776,7.918,8.638,9.261,9.126,8.825
"YCL041C",1.835,2.589,0,0,1.189,1.197
"YCL042W",0.892,1.588,2.464,0,1.189,0
"YCL043C",8.455,8.578,9.2,7.773,7.893,7.828
"YCL044C",4.539,4.862,4.812,3.666,4.241,4.046
"YCL045C",6.672,6.605,7.505,7.258,7.211,7.334
"YCL046W",2.4,2.589,4.253,3.823,3.786,4.154
"YCL047C",3.6,3.705,3.62,5.051,4.424,4.942
"YCL048W",2.145,0,0,2.429,3.117,3.131
"YCL048W-A",1.439,2.326,1.704,5.622,5.39,5.267
"YCL049C",5.273,4.862,5.124,6.471,6.86,6.576
"YCL050C",6.789,7.336,6.86,7.002,7.186,7.213
"YCL051W",5.273,5.982,5.027,6.267,6.257,6.248
"YCL052C",6.363,6.29,7.093,7.555,7.451,7.334
"YCL054W",5.779,6.194,5.215,5.231,5.152,5.918
"YCL055W",4.036,4.326,4.253,3.965,3.117,4.154
"YCL056C",4.485,5.397,4.692,5.231,5.808,5.448
"YCL057C-A",8.227,9.021,8.437,7.988,7.961,7.931
"YCL057W",6.519,6.431,6.968,7.002,6.86,6.937
"YCL058C",5.613,6.691,5.38,6.029,6.459,6.495
"YCL058W-A",5.103,6.677,5.215,5.929,6.351,5.949
"YCL059C",5.757,6.528,5.456,6.123,6.373,6.595
"YCL061C",5.365,6.38,4.414,5.339,5.669,5.979
"YCL063W",3.791,3.174,3.327,2.775,3.117,2.9
"YCL064C",5.508,5.214,6.477,7.451,7.375,7.334
"YCL074W",2.972,2.589,2.959,5.114,5.252,5.217
"YCL075W",0,1.588,1.704,3.666,3.316,4.256
"YCL076W",2.4,2.811,2.464,3.823,4.733,4.601
"YCR001W",1.439,1.002,0,1.972,1.831,0
"YCR002C",5.757,5.464,6.402,6.294,6.131,5.823
"YCR003W",5.561,6.528,4.924,5.533,5.299,5.72
"YCR004C",6.393,6.344,6.915,6.373,6.233,6.248
"YCR005C",7.062,7.262,8.146,7.6,7.543,7.477
"YCR006C",1.835,1.588,2.464,4.519,2.887,2.626
"YCR007C",3.6,3.705,2.959,4.322,3.786,4.046
"YCR008W",6.635,6.773,7.044,7.83,7.877,7.836
"YCR009C",7.22,7.027,6.681,7.05,7.26,7.445
"YCR010C",1.835,1.002,1.704,2.429,2.887,2.287
"YCR011C",7.277,7.175,7.625,9.042,8.936,8.955
"YCR012W",10.874,11.054,11.718,13.678,13.511,13.193
"YCR013C",9.997,10.264,10.868,12.859,12.617,12.34
"YCR014C",5.365,6.464,4.692,6.093,6.022,6.366
"YCR015C",4.37,4.528,4.692,4.771,4.424,4.815
"YCR016W",5.845,6.899,5.215,5.231,4.801,5.166
"YCR017C",6.585,6.175,7.721,8.28,8.089,7.877
"YCR018C",2.972,3.589,3.62,4.424,4.14,3.928
"YCR019W",4.179,3.705,5.124,4.918,5.705,5.217
"YCR020C",5.686,5.759,5.456,5.39,5.252,5.36
"YCR020C-A",4.87,5.174,5.124,4.771,4.801,5.405
"YCR020W-B",4.642,4.959,3.327,3.288,3.786,3.928
"YCR021C",10.351,11.165,10.793,11.837,12.022,11.994
"YCR022C",0,1.588,1.704,1.972,1.831,0
"YCR023C",5.866,5.59,6.994,6.77,6.876,6.937
"YCR024C",4.37,4.648,4.812,5.114,4.927,5.166
"YCR024C-A",7.765,7.567,9.079,9.208,9.006,9.014
"YCR024C-B",8.487,8.763,9.342,10.198,10.035,9.905
"YCR025C",1.835,2.003,1.704,3.49,3.49,3.8
"YCR026C",5.866,5.005,6.055,6.731,7.053,6.967
"YCR027C",4.109,3.705,5.027,4.322,4.987,4.439
"YCR028C",5.103,4.092,5.124,5.286,5.476,5.448
"YCR028C-A",7.099,7.049,6.994,6.585,6.744,6.759
"YCR030C",5.757,5.786,5.663,6.294,6.655,6.688
"YCR031C",8.327,8.159,9.005,8.182,8.168,8.221
"YCR032W",6.027,6.027,6.281,8.029,7.821,8.097
"YCR033W",7.072,7.959,7.019,8.211,8.285,8.202
"YCR034W",5.662,4.648,6.363,4.424,3.786,4.046
"YCR035C",5.662,5.464,5.787,6.321,6.022,6.41
"YCR036W",6.045,6.071,6.583,6.447,6.561,6.453
"YCR037C",5.304,5.174,6.195,6.809,7.011,6.967
"YCR038C",2.972,3.589,2.464,5.173,4.865,4.942
"YCR041W",2.617,2.326,2.464,2.429,2.274,2.9
"YCR042C",6.436,6.619,6.513,7.113,7.472,7.402
"YCR043C",5.103,4.252,5.663,5.051,5.476,4.942
"YCR044C",5.453,4.911,6.402,6.061,5.517,5.684
"YCR045C",2.617,2.326,2.959,3.823,4.987,4.601
"YCR045W-A",0,1.002,0,0,2.274,1.197
"YCR046C",5.103,5.049,5.726,5.622,5.517,4.88
"YCR047C",4.485,5.092,5.027,6.029,5.84,6.037
"YCR047W-A",3.494,3.326,3.863,2.775,3.316,3.928
"YCR048W",2.617,3.326,4.812,4.771,4.927,3.928
"YCR050C",0.892,1.002,2.464,4.094,3.786,2.9
"YCR051W",4.309,3.705,4.071,4.608,4.336,3.928
"YCR052W",3.257,3.812,2.959,4.094,3.49,4.154
"YCR053W",6.254,5.786,6.15,6.423,6.501,6.343
"YCR054C",4.737,4.326,5.38,5.533,5.203,5.448
"YCR057C",5.24,4.862,5.598,5.745,5.774,5.36
"YCR059C",3.38,3.004,3.327,4.094,3.914,3.66
"YCR060W",3.121,3.589,3.327,4.322,2.613,3.131
"YCR061W",2.4,3.589,4.924,5.963,5.556,6.065
"YCR063W",3.38,2.811,1.704,2.429,3.117,2.287
"YCR064C",1.835,1.588,2.464,2.429,2.274,2.287
"YCR065W",5.139,4.326,5.38,6.093,5.633,5.61
"YCR066W",4.309,3.589,4.071,4.918,4.508,4.256
"YCR067C",5.365,5.092,5.844,6.123,5.903,6.146
"YCR068W",3.494,3.174,5.027,5.821,5.346,5.405
"YCR069W",5.802,6.233,6.15,7.201,7.186,7.082
"YCR071C",4.429,5.59,4.692,4.213,4.587,4.88
"YCR072C",4.109,4.326,4.253,4.094,3.786,3.928
"YCR073C",4.87,4.862,6.15,6.182,6.58,6.826
"YCR073W-A",3.257,4.004,4.692,4.608,5.099,4.601
"YCR075C",4.036,3.589,3.863,4.847,4.733,4.676
"YCR075W-A",4.591,4.528,3.863,4.519,4.801,5.166
"YCR076C",4.179,4.252,5.027,5.745,5.476,5.72
"YCR077C",5.273,6.049,6.239,6.935,6.86,6.688
"YCR079W",4.952,4.862,6.239,7.642,7.482,7.508
"YCR081C-A",2.145,2.326,1.704,2.429,3.646,3.504
"YCR081W",5.395,4.589,5.124,6.153,6.077,5.789
"YCR082W",6.743,7.144,7.45,6.541,6.233,6.41
"YCR083W",6.221,5.732,6.402,6.67,6.373,7.082
"YCR084C",4.87,5.174,6.15,5.997,5.903,6.32
"YCR085W",1.439,2.589,0,1.972,0,0
"YCR086W",3.791,4.464,3.62,3.288,3.786,3.131
"YCR087C-A",4.109,3.911,4.56,2.429,3.49,3.504
"YCR087W",3.257,4.528,3.863,3.49,2.887,2.9
"YCR088W",5.453,6.113,5.954,6.398,6.351,6.41
"YCR089W",3.38,3.911,4.071,5.051,5.633,5.648
"YCR090C",4.539,4.911,5.3,3.965,3.49,4.35
"YCR091W",4.37,4.812,3.327,6.029,6.257,6.223
"YCR092C",4.991,4.911,4.56,5.705,5.964,6.065
"YCR093W",7.59,7.552,8.135,8.76,8.658,8.783
"YCR094W",3.494,3.174,4.414,5.339,4.927,4.942
"YCR095C",5.335,5.59,4.692,5.487,5.993,5.405
"YCR095W-A",0.892,2.326,0,1.972,3.117,0
"YCR097W",6.238,7.027,5.529,5.929,5.633,6.146
"YCR098C",7.707,7.856,8.288,6.541,6.131,6.008
"YCR099C",2.617,2.811,1.704,2.429,3.646,1.842
"YCR100C",3.38,2.003,3.327,3.055,2.274,3.66
"YCR101C",3.6,2.589,3.62,3.055,3.117,3.504
"YCR102C",5.949,6.308,6.195,4.608,4.865,4.046
"YCR102W-A",0.892,2.003,2.464,2.429,2.274,0
"YCR105W",10.341,10.138,10.834,4.094,2.887,2.9
"YCR106W",6.317,6.049,7.116,4.771,5.434,5.648
"YCR107W",5.424,5.252,6.681,4.424,4.587,4.154
"YDL001W",5.335,4.812,5.456,4.918,5.476,5.979
"YDL002C",5.734,6.113,5.726,5.929,6.05,6.172
"YDL003W",5.845,5.397,5.124,3.055,3.914,2.9
"YDL004W",9.655,9.674,10.157,8.675,8.866,8.878
"YDL005C",6.286,7.929,5.844,6.423,6.077,6.536
"YDL006W",5.273,5.431,6.195,5.487,5.434,5.448
"YDL007W",8.544,8.722,8.36,8.204,8.365,8.276
"YDL008W",4.952,5.397,4.812,4.986,4.662,4.942
"YDL009C",6.045,6.97,5.598,6.398,6.183,6.092
"YDL010W",7.22,7.634,6.86,6.846,7.235,7.149
"YDL011C",5.365,4.959,5.215,5.339,4.987,5.448
"YDL012C",4.642,4.812,4.56,4.847,4.733,3.8
"YDL013W",5.453,5.496,5.954,6.347,5.964,6.248
"YDL014W",4.991,5.326,6.239,5.173,5.203,4.88
"YDL015C",7.564,7.005,7.782,7.544,7.493,7.518
"YDL016C",2.145,3.589,3.863,3.823,2.887,3.504
"YDL017W",3.121,3.004,4.812,3.965,3.49,3.329
"YDL018C",5.453,5.049,5.726,4.322,4.031,5.217
"YDL019C",7.42,8.038,7.796,8.585,8.499,8.419
"YDL020C",9.471,9.689,9.543,8.41,8.473,8.613
"YDL021W",7.062,7.552,7.019,8.447,8.699,8.509
"YDL022C-A",1.439,2.326,2.464,3.055,2.274,2.626
"YDL022W",7.072,7.414,7.334,8.845,8.602,8.584
"YDL023C",4.485,4.397,5.726,6.67,6.541,6.614
"YDL024C",4.737,4.759,5.663,6.153,5.993,6.037
"YDL025C",6.436,7.154,6.477,6.917,6.922,7.095
"YDL025W-A",3.121,4.397,4.071,4.322,4.14,4.601
"YDL026W",5.03,4.464,5.663,4.519,4.865,4.439
"YDL027C",7.442,7.605,7.354,6.731,7.353,7.402
"YDL028C",5.535,5.887,6.239,6.518,6.501,6.688
"YDL029W",7.143,7.06,7.811,6.029,6.459,6.343
"YDL030W",6.188,5.759,6.15,5.745,5.84,5.949
"YDL031W",7.195,7.881,6.994,6.809,7.011,7.226
"YDL032W",1.835,1.588,0,2.429,2.887,2.287
"YDL033C",3.959,4.174,5.124,4.213,4.865,4.676
"YDL034W",2.617,3.174,3.863,3.288,3.786,3.8
"YDL035C",7.053,7.318,6.616,7.911,8.109,7.976
"YDL036C",5.561,6.113,6.103,4.771,5.044,4.256
"YDL037C",5.207,4.252,6.195,1.3,2.274,1.842
"YDL039C",7.269,7.081,7.505,2.775,3.646,3.504
"YDL040C",6.833,6.935,7.14,6.67,7.053,6.826
"YDL041W",2.4,2.003,2.464,2.775,1.831,2.626
"YDL042C",4.246,4.252,5.215,4.519,5.203,4.601
"YDL043C",4.036,3.705,3.62,3.055,4.336,3.8
"YDL044C",5.424,5.759,4.56,4.424,4.865,5.531
"YDL045C",5.638,5.759,6.15,5.664,6.022,5.887
"YDL045W-A",5.866,6.691,4.924,4.608,4.336,5.217
"YDL046W",5.734,5.174,6.548,6.935,6.937,6.536
"YDL047W",5.823,5.959,5.844,6.211,6.05,6.092
"YDL048C",7.81,8.597,8.399,9.226,9.113,9.101
"YDL049C",4.036,4.004,3.863,4.986,5.633,6.119
"YDL050C",4.539,5.252,5.124,4.608,5.252,4.601
"YDL051W",5.395,5.134,5.663,5.286,5.299,5.571
"YDL052C",5.424,6.092,5.954,5.39,5.595,5.571
"YDL053C",5.335,6.544,5.38,5.339,5.556,5.648
"YDL054C",5.71,5.911,6.773,6.846,6.501,6.388
"YDL055C",8.776,9.035,9.265,7.642,7.295,7.402
"YDL056W",5.802,6.397,5.3,6.691,6.795,7.04
"YDL057W",4.036,4.092,4.071,5.114,4.733,4.815
"YDL058W",7.59,9.065,6.681,7.567,7.451,7.726
"YDL059C",5.424,6.233,5.38,4.692,4.662,4.676
"YDL060W",6.118,5.982,6.548,6.585,6.105,6.065
"YDL061C",8.168,7.982,8.554,7.567,7.729,7.413
"YDL062W",2.617,0,3.327,3.055,1.831,1.197
"YDL063C",5.686,4.705,6.323,5.39,5.434,5.217
"YDL064W",4.539,5.092,4.56,3.823,4.031,3.928
"YDL065C",6.238,7.308,5.663,6.65,6.844,7.334
"YDL066W",8.511,8.435,9.132,8.617,8.463,8.227
"YDL067C",9.488,9.797,9.817,8.563,8.602,8.673
"YDL068W",3.494,4.092,4.414,2.775,3.49,4.154
"YDL069C",4.37,4.648,3.863,4.608,4.241,4.942
"YDL070W",7.874,9.116,7.782,8.3,8.393,8.509
"YDL071C",0.892,3.326,2.464,2.775,1.831,1.842
"YDL072C",7.006,6.899,7.706,7.244,7.107,7.149
"YDL073W",5.988,5.559,5.598,6.182,5.993,6.008
"YDL074C",7.558,7.431,6.44,7.244,7.284,7.299
"YDL075W",8.125,8.271,7.975,6.969,7.121,7.026
"YDL076C",5.823,5.705,5.38,5.705,5.993,6.146
"YDL077C",5.613,5.982,6.15,6.211,6.521,6.296
"YDL078C",7.577,7.663,8.299,8.204,8.436,8.341
"YDL079C",6.007,6.799,6.005,6.182,5.872,6.119
"YDL080C",6.238,5.786,6.402,6.182,6.281,5.755
"YDL081C",8.142,8.194,8.622,7.271,7.462,7.04
"YDL082W",6.947,6.362,6.44,5.929,5.872,6.146
"YDL083C",6.977,6.76,7.314,6.294,5.964,6.119
"YDL084W",7.842,7.559,7.854,7.793,7.893,7.663
"YDL085C-A",2.805,2.326,2.464,4.322,4.801,4.256
"YDL085W",4.309,3.705,5.456,6.182,6.157,5.571
"YDL086C-A",4.87,4.911,5.663,5.963,6.077,5.918
"YDL086W",5.71,5.786,6.005,7.097,7.039,6.843
"YDL087C",3.257,3.589,3.62,4.918,4.508,4.88
"YDL088C",6.393,6.559,5.844,6.809,7.025,7.011
"YDL089W",5.103,4.648,4.692,5.821,5.556,5.217
"YDL090C",4.827,4.397,5.3,5.705,5.872,5.979
"YDL091C",5.802,6.175,5.598,6.373,6.691,6.633
"YDL092W",6.045,6.38,5.598,5.231,5.39,5.648
"YDL093W",5.103,4.648,6.005,5.622,5.252,5.755
"YDL094C",2.805,4.528,2.959,3.055,1.831,2.9
"YDL095W",7.449,7.496,8.051,7.51,7.43,7.287
"YDL096C",3.121,3.464,4.56,2.429,3.914,4.522
"YDL097C",7.695,7.605,7.975,7.744,7.939,7.726
"YDL098C",3.6,4.174,3.62,3.666,3.786,4.35
"YDL099W",5.988,7.677,5.027,6.029,6.208,6.198
"YDL100C",7.956,8.044,8.111,6.77,7.053,6.967
"YDL101C",5.638,4.959,5.726,3.965,4.031,4.256
"YDL102W",6.302,5.397,6.402,6.182,6.305,6.474
"YDL103C",5.613,5.174,5.844,4.986,5.476,5.217
"YDL104C",4.69,5.464,5.456,4.213,4.662,4.35
"YDL105W",5.365,5.252,5.3,5.051,5.346,5.405
"YDL106C",5.779,5.935,5.663,5.439,5.964,6.008
"YDL107W",4.991,5.174,4.692,4.519,4.336,4.522
"YDL108W",5.067,4.464,4.692,5.231,4.801,4.942
"YDL109C",1.835,2.589,3.863,4.424,5.044,4.676
"YDL110C",7.736,8.308,7.721,9.002,9.149,9.128
"YDL111C",4.036,3.464,4.071,3.288,3.914,4.046
"YDL112W",6.27,5.648,6.773,6.347,6.131,6.556
"YDL113C",6.045,5.911,5.726,6.398,6.281,6.41
"YDL114W",2.805,2.589,1.704,2.775,2.613,3.131
"YDL114W-A",2.972,3.911,3.62,3.288,2.887,3.66
"YDL115C",6.407,7.253,6.713,6.969,7.353,7.109
"YDL116W",6.188,5.528,6.15,5.821,5.299,5.918
"YDL117W",5.662,5.326,5.598,5.286,5.903,5.61
"YDL118W",3.121,2.003,4.253,3.055,2.613,2.287
"YDL119C",3.791,4.464,2.959,4.847,5.099,4.601
"YDL120W",6.585,6.308,6.583,5.705,5.774,5.405
"YDL121C",5.365,5.431,5.124,4.094,4.587,3.66
"YDL122W",6.865,7.472,6.15,7.258,7.198,7.201
"YDL123W",4.109,4.326,5.215,4.424,4.424,4.88
"YDL124W",7.525,7.641,7.909,8.67,8.607,8.646
"YDL125C",7.413,7.766,8.408,8.1,7.582,7.691
"YDL126C",9.702,9.636,10.709,10.057,10.003,9.76
"YDL127W",4.036,4.326,5.027,4.213,4.14,3.928
"YDL128W",6.789,6.733,7.314,7.734,7.513,7.77
"YDL129W",3.698,3.326,4.812,4.213,4.424,4.154
"YDL130W",8.125,8.097,8.554,7.187,7.307,7.082
"YDL130W-A",8.207,9.255,7.393,7.082,6.952,7.379
"YDL131W",6.546,6.496,7.14,5.622,5.903,6.146
"YDL132W",7.015,6.935,7.393,6.9,7.067,6.859
"YDL133C-A",8.853,8.497,8.663,7.937,8.129,8.196
"YDL133W",5.395,5.732,6.15,5.858,6.077,6.008
"YDL134C",6.72,6.691,7.393,7.201,7.364,7.31
"YDL135C",6.302,5.732,6.005,5.578,5.434,5.789
"YDL136W",4.37,4.174,4.071,3.666,3.117,4.35
"YDL137W",7.9,8.01,8.58,8.16,8.122,8.202
"YDL138W",4.827,5.092,6.055,6.731,6.778,6.843
"YDL139C",4.309,5.005,3.62,5.173,5.39,5.448
"YDL140C",8.514,8.134,9.517,9.354,9.338,9.151
"YDL141W",2.972,4.004,4.414,3.666,4.424,3.8
"YDL142C",4.827,4.528,5.787,5.858,5.044,5.648
"YDL143W",7.558,7.071,8.001,7.158,7.472,7.368
"YDL144C",5.173,5.559,6.477,4.322,4.927,4.522
"YDL145C",7.771,7.439,8.224,7.744,7.991,8.02
"YDL146W",4.036,4.464,4.56,4.322,4.336,4.747
"YDL147W",8.809,8.76,8.519,8.459,8.617,8.854
"YDL148C",6.436,6.663,4.253,5.114,5.252,6.008
"YDL149W",5.969,5.559,6.323,6.9,7.067,7.226
"YDL150W",4.87,4.759,4.56,4.424,4.587,5.314
"YDL151C",3.38,2.326,1.704,2.429,4.031,2.287
"YDL152W",3.6,3.464,2.464,1.972,3.49,2.9
"YDL153C",6.708,7.103,6.15,6.061,6.105,6.453
"YDL154W",4.109,5.005,4.924,4.847,4.14,5.058
"YDL155W",5.304,5.431,5.3,5.784,5.517,6.037
"YDL156W",4.036,4.862,5.124,4.424,4.733,3.8
"YDL157C",5.453,5.677,6.195,4.519,5.044,5.267
"YDL158C",3.698,5.326,4.56,5.339,4.733,5.267
"YDL159C-B",2.4,3.589,3.327,3.823,3.117,3.66
"YDL159W",5.969,6.362,6.005,5.997,6.373,5.887
"YDL160C",7.369,6.959,7.706,7.589,7.451,7.445
"YDL160C-A",4.036,3.812,4.071,3.49,3.316,3.928
"YDL161W",7.347,7.786,6.281,5.286,6.183,6.065
"YDL163W",1.835,0,2.464,1.972,2.274,0
"YDL164C",5.067,5.252,5.3,4.424,4.733,5.058
"YDL165W",5.508,5.786,5.027,5.286,5.934,5.684
"YDL166C",5.535,5.528,5.726,3.666,3.316,4.35
"YDL167C",5.273,4.862,5.456,4.213,4.733,4.35
"YDL168W",9.278,9.586,9.632,8.347,8.393,8.347
"YDL169C",5.03,4.812,5.027,6.061,5.595,5.648
"YDL170W",6.254,6.634,6.681,7.298,7.419,7.287
"YDL171C",9.944,9.597,11.054,10.491,10.404,10.259
"YDL172C",4.539,6.134,4.924,5.231,5.044,5.405
"YDL173W",5.535,6.677,5.598,5.487,5.705,5.789
"YDL174C",7.244,7.281,7.936,8.246,8.054,7.803
"YDL175C",5.103,5.677,5.215,5.745,5.203,5.405
"YDL176W",4.952,5.252,4.924,5.784,5.74,5.855
"YDL177C",3.877,4.911,4.253,4.213,2.613,3.329
"YDL178W",6.906,6.496,7.272,6.846,7.025,7.026
"YDL179W",4.109,5.005,4.812,3.823,3.786,4.154
"YDL180W",6.648,6.799,7.469,6.239,5.964,5.72
"YDL181W",8.631,9.046,8.771,7.802,7.666,7.916
"YDL182W",5.757,6.027,7.044,6.061,6.208,5.648
"YDL183C",4.952,5.092,5.027,5.578,5.203,6.065
"YDL184C",7.701,7.113,8.063,6.211,6.795,6.556
"YDL185C-A",5.508,6.512,5.726,6.607,6.876,6.843
"YDL185W",9.122,9.007,9.901,10.138,10.076,9.884
"YDL186W",2.4,1.588,2.959,3.055,2.274,3.131
"YDL188C",5.908,5.677,6.832,7.258,7.134,6.759
"YDL189W",2.972,4.397,3.863,3.823,4.424,4.676
"YDL190C",6.672,6.175,7.207,7.187,7.284,7.188
"YDL191W",4.246,4.911,4.56,3.288,3.914,3.66
"YDL192W",8.168,8.092,8.169,7.018,7.16,7.379
"YDL193W",4.539,4.862,5.027,4.692,4.336,5.267
"YDL194W",5.71,5.786,6.323,6.846,6.891,6.41
"YDL195W",6.8,7.175,7.949,7.911,7.893,7.803
"YDL196W",0.892,1.588,1.704,3.288,2.274,0
"YDL197C",4.37,4.812,5.663,5.39,5.299,5.36
"YDL198C",7.253,6.993,7.896,7.158,7.235,6.843
"YDL199C",4.87,5.049,5.456,6.347,6.373,6.248
"YDL200C",4.87,5.134,5.456,4.094,4.587,4.815
"YDL201W",4.991,5.326,5.663,5.487,5.299,4.747
"YDL202W",4.827,5.677,4.071,4.424,4.662,4.35
"YDL203C",5.103,4.464,5.215,5.339,5.346,5.648
"YDL204W",7.577,8.038,7.393,8.123,8.249,8.335
"YDL205C",7.236,7.574,6.915,6.691,6.761,6.906
"YDL206W",6.572,6.233,6.888,7.533,7.408,7.188
"YDL207W",6.1,6.59,6.548,7.23,7.16,6.826
"YDL208W",6.506,6.691,6.44,6.029,5.39,5.61
"YDL209C",4.591,3.174,4.253,4.094,4.336,4.601
"YDL210W",4.036,4.397,5.38,7.946,8.033,7.998
"YDL211C",3.121,3.589,5.215,3.055,3.316,2.287
"YDL212W",6.875,6.786,7.272,6.882,6.599,6.742
"YDL213C",5.908,7.185,5.3,5.664,5.964,6.065
"YDL214C",5.845,5.982,6.402,6.211,6.281,6.516
"YDL215C",8.024,7.567,8.501,8.736,8.991,8.813
"YDL216C",4.429,4.528,4.812,4.771,4.865,5.058
"YDL217C",4.485,3.911,3.863,4.094,4.14,3.504
"YDL218W",1.835,3.174,4.071,3.823,3.646,4.35
"YDL219W",4.485,4.705,3.327,3.49,3.49,3.504
"YDL220C",3.791,2.811,5.38,5.051,4.865,4.815
"YDL221W",2.805,2.811,4.414,3.055,3.49,4.046
"YDL222C",3.494,4.464,5.38,4.692,5.434,5.531
"YDL223C",7.966,8.322,7.868,10.047,10.141,10.317
"YDL224C",4.109,4.092,5.598,5.821,5.556,5.571
"YDL225W",5.638,6.746,6.103,5.664,5.903,6.172
"YDL226C",5.395,5.005,6.477,4.918,4.336,5.217
"YDL227C",2.4,3.004,1.704,3.288,3.49,3.329
"YDL228C",5.103,5.326,5.9,4.918,5.39,4.676
"YDL229W",6.464,5.619,7.019,6.239,5.964,6.146
"YDL230W",5.424,5.397,5.726,5.997,5.964,5.571
"YDL231C",7.391,7.103,8.246,8.601,8.631,8.687
"YDL232W",5.508,5.59,4.692,5.051,4.336,4.439
"YDL233W",4.429,5.092,4.812,5.051,5.044,5.448
"YDL234C",6.732,6.959,7.374,7.066,7.16,6.967
"YDL235C",5.424,4.862,4.924,5.39,5.669,5.887
"YDL236W",6.789,6.253,7.272,7.475,7.397,7.136
"YDL237W",7.178,6.899,8.213,7.463,7.342,7.04
"YDL238C",5.103,4.174,5.027,6.711,6.727,6.759
"YDL239C",6.1,7.318,5.844,8.736,8.858,8.928
"YDL240W",6.407,5.362,6.055,6.239,6.395,6.296
"YDL241W",0.892,2.003,1.704,2.429,2.274,2.287
"YDL242W",2.805,1.588,3.62,1.972,2.613,2.9
"YDL243C",8.452,8.48,9.472,5.051,4.987,4.747
"YDL248W",4.179,4.528,4.812,3.823,4.031,4.601
"YDR001C",7.848,8.238,8.663,9.405,9.36,9.298
"YDR002W",8.423,8.659,8.34,7.849,8.012,8.324
"YDR003W",6.045,6.027,7.334,5.963,5.74,5.755
"YDR003W-A",4.783,5.134,6.103,5.114,5.044,5.36
"YDR004W",5.173,5.174,5.529,5.439,5.633,5.531
"YDR005C",6.363,6.049,6.005,7.002,7.211,7.122
"YDR006C",6.996,7.06,7.374,8.16,8.174,8.189
"YDR007W",5.638,5.786,6.005,5.578,6.022,5.684
"YDR008C",4.246,4.252,5.3,4.692,4.587,4.88
"YDR009W",4.309,4.092,4.924,4.424,4.241,3.504
"YDR010C",0.892,1.588,2.464,2.429,2.613,2.9
"YDR011W",9.102,8.76,9.935,8.5,8.574,8.381
"YDR012W",5.273,4.648,5.3,5.664,4.987,4.942
"YDR013W",4.642,4.528,4.071,3.965,3.786,4.046
"YDR014W",4.952,5.812,3.863,4.424,5.152,5.36
"YDR014W-A",0,1.588,1.704,1.3,1.189,1.197
"YDR016C",3.959,3.464,4.56,3.666,2.613,2.9
"YDR017C",6.598,6.464,6.402,7.338,7.375,7.518
"YDR018C",3.38,3.589,4.071,4.519,4.927,4.676
"YDR019C",5.866,5.397,6.44,6.182,5.595,5.918
"YDR020C",3.877,3.589,4.56,3.823,4.241,2.9
"YDR021W",3.959,3.812,4.414,5.051,4.424,4.747
"YDR022C",4.309,4.812,4.924,5.622,5.39,5.001
"YDR023W",8.075,7.472,8.099,7.216,7.472,7.726
"YDR025W",6.927,7.124,7.163,6.239,5.934,5.789
"YDR026C",6.407,6.982,5.9,6.518,6.58,6.652
"YDR027C",6.422,6.544,6.888,7.201,7.248,7.456
"YDR028C",7.911,7.941,7.116,8.441,8.473,8.519
"YDR029W",4.429,5.174,4.071,4.771,4.241,5.36
"YDR030C",6.238,6.746,5.9,6.917,7.121,7.011
"YDR031W",6.506,6.773,6.583,5.622,5.74,6.388
"YDR032C",8.57,8.468,9.011,7.172,7.094,7.31
"YDR033W",10.79,10.143,11.424,9.937,9.775,9.756
"YDR034C",7.869,8.464,8.135,7.724,7.746,7.616
"YDR034W-B",3.257,3.705,4.692,2.429,2.613,1.842
"YDR035W",7.765,7.684,8.123,7.783,7.788,7.538
"YDR036C",6.811,6.959,7.523,6.239,6.844,6.742
"YDR037W",8.125,7.786,8.369,8.061,8.168,8.027
"YDR038C",2.972,3.911,2.959,3.055,3.117,2.626
"YDR040C",2.145,2.003,0,1.972,3.316,1.842
"YDR041W",6.464,6.663,6.713,6.029,5.39,5.531
"YDR042C",4.179,3.911,3.62,4.322,4.927,5.058
"YDR043C",8.413,8.95,8.492,7.963,8.019,8.131
"YDR044W",6.136,6.464,6.713,5.622,5.934,5.949
"YDR045C",4.783,4.812,4.56,4.213,3.786,4.256
"YDR046C",5.03,4.959,5.844,3.49,2.887,3.66
"YDR047W",5.988,6.464,6.803,6.182,6.281,5.979
"YDR048C",1.439,2.003,2.464,0,2.613,1.842
"YDR049W",5.207,6.233,5.124,5.578,5.595,6.065
"YDR050C",10.427,10.415,10.98,11.857,11.796,11.768
"YDR051C",6.333,6.327,6.402,6.495,6.305,6.556
"YDR052C",6.333,6.887,5.3,6.935,6.618,6.937
"YDR053W",3.257,3.326,3.327,5.231,4.662,4.439
"YDR054C",7.09,7.559,6.616,6.751,6.982,6.759
"YDR055W",7.653,7.726,8.829,7.802,7.307,7.322
"YDR056C",6.136,6.512,6.616,6.321,6.561,6.595
"YDR057W",5.929,5.935,5.529,5.664,5.964,5.571
"YDR058C",5.335,5.496,4.924,5.821,5.903,6.248
"YDR059C",7.126,6.887,8.039,6.864,7.107,6.891
"YDR060W",7.518,7.875,7.163,6.563,6.541,6.688
"YDR061W",6.519,6.154,6.743,6.985,6.417,6.595
"YDR062W",6.732,6.812,7.14,6.882,6.541,6.875
"YDR063W",5.845,5.935,5.529,5.231,5.633,5.571
"YDR064W",8.963,8.608,9.406,8.061,8.089,7.931
"YDR065W",4.429,3.812,3.863,4.424,3.49,4.601
"YDR066C",3.38,3.705,4.253,3.288,3.646,3.504
"YDR067C",5.802,5.528,5.456,5.487,5.39,5.166
"YDR068W",5.453,6.875,5.027,5.231,5.808,6.172
"YDR069C",7.339,7.038,7.523,7.216,7.451,7.477
"YDR070C",6.407,7.362,6.055,9.637,9.677,9.653
"YDR071C",6.8,6.935,6.477,5.821,6.208,6.41
"YDR072C",5.481,5.496,6.363,7.034,6.58,6.556
"YDR073W",4.783,5.397,4.56,5.114,4.987,4.256
"YDR074W",7.956,7.999,8.687,9.754,9.769,9.884
"YDR075W",5.067,4.911,5.3,4.608,4.241,4.522
"YDR076W",4.783,5.29,4.812,5.339,5.099,5.448
"YDR077W",9.658,9.71,10.507,11.455,11.235,11.334
"YDR078C",4.952,5.049,4.414,4.847,4.733,5.001
"YDR079C-A",4.37,4.589,5.215,4.213,4.733,4.88
"YDR079W",6.623,7.448,6.773,6.423,6.655,6.652
"YDR080W",5.481,5.759,5.844,6.211,6.183,6.119
"YDR081C",6.136,6.005,6.005,7.05,6.395,6.952
"YDR082W",5.139,5.252,5.215,5.705,5.39,5.058
"YDR083W",5.508,6.29,5.215,5.051,5.595,5.531
"YDR084C",5.103,5.134,6.055,6.029,5.252,5.267
"YDR085C",5.173,5.677,5.529,6.239,6.351,6.198
"YDR086C",7.292,7.552,7.044,6.294,6.828,7.082
"YDR087C",5.173,5.005,5.38,4.918,5.152,4.439
"YDR088C",5.481,6.746,4.253,5.533,5.705,5.217
"YDR089W",5.03,5.29,5.38,7.98,7.829,7.77
"YDR090C",5.662,5.092,6.15,6.882,6.86,7.04
"YDR091C",6.743,5.559,7.45,7.082,6.778,6.556
"YDR092W",5.887,6.005,6.513,6.471,6.233,6.296
"YDR093W",5.929,6.049,7.044,6.864,6.501,6.388
"YDR095C",2.145,2.326,3.327,1.972,2.613,2.626
"YDR096W",7.584,7.799,7.706,7.92,7.648,7.787
"YDR097C",6.1,5.528,6.548,6.029,5.903,6.172
"YDR098C",5.845,6.071,6.055,5.114,4.987,5.217
"YDR099W",8.897,9.345,8.554,9.12,9.458,9.398
"YDR100W",5.453,4.759,6.103,4.986,5.099,5.823
"YDR101C",6.204,5.496,5.9,5.173,5.39,5.979
"YDR102C",1.439,1.588,0,1.3,1.831,2.287
"YDR103W",4.783,5.559,5.38,5.114,5.299,5.314
"YDR104C",6.188,5.911,6.888,6.423,6.233,6.652
"YDR105C",6.559,6.327,7.658,7.475,7.248,7.068
"YDR106W",2.4,2.589,2.464,2.775,2.887,2.287
"YDR107C",5.173,4.326,5.726,5.439,5.517,5.823
"YDR108W",5.613,5.214,5.9,5.894,5.84,5.314
"YDR109C",5.139,5.362,5.529,5.997,5.434,6.037
"YDR110W",5.613,5.982,5.027,5.622,6.305,6.198
"YDR111C",3.959,4.326,4.56,5.051,5.099,4.942
"YDR112W",1.835,1.002,3.327,3.288,2.613,3.329
"YDR113C",5.103,4.911,4.253,4.322,3.786,4.154
"YDR114C",3.494,3.705,2.464,3.49,3.646,3.66
"YDR115W",5.969,6.512,6.239,5.929,5.595,5.405
"YDR116C",6.559,6.935,6.968,6.182,6.305,6.198
"YDR117C",5.424,5.362,5.027,5.114,5.669,5.36
"YDR118W",4.246,4.092,5.38,4.847,5.434,5.789
"YDR118W-A",0.892,1.588,0,1.3,1.831,1.197
"YDR119W",6.045,5.496,6.616,6.969,7.235,7.109
"YDR119W-A",9.568,10.28,9.968,10.603,10.683,10.686
"YDR120C",6.492,6.496,6.281,5.858,5.872,6.495
"YDR121W",4.642,5.049,5.027,4.213,5.476,4.815
"YDR122W",6.436,6.799,6.942,7.821,7.991,7.954
"YDR123C",4.69,4.397,5.663,5.439,5.705,5.001
"YDR124W",4.246,4.589,4.692,4.424,5.299,4.439
"YDR125C",4.991,4.397,5.38,4.986,4.733,4.88
"YDR126W",4.827,5.397,5.38,4.094,3.786,4.154
"YDR127W",7.628,7.648,8.793,7.621,7.563,7.487
"YDR128W",6.064,6.071,6.583,6.751,7.011,6.967
"YDR129C",7.826,7.439,8.58,8.307,8.399,8.282
"YDR130C",4.309,4.862,4.253,5.339,5.203,5.113
"YDR131C",5.103,4.397,2.464,5.578,5.434,5.823
"YDR132C",5.535,5.431,6.055,5.487,5.476,5.36
"YDR133C",7.9,8.113,8.605,7.589,7.666,7.162
"YDR135C",9.549,8.736,10.303,8.54,8.377,8.584
"YDR136C",3.257,2.003,3.327,0,2.613,1.842
"YDR137W",6.082,5.496,6.103,5.929,6.022,6.146
"YDR138W",5.638,5.29,5.529,5.821,5.903,6.146
"YDR139C",5.929,6.344,5.456,5.784,5.993,6.092
"YDR140W",5.453,5.559,5.9,5.745,5.517,5.855
"YDR141C",6.696,6.214,7.163,7.451,7.397,7.357
"YDR142C",4.642,4.589,5.124,4.692,4.733,4.35
"YDR143C",5.207,5.134,5.027,5.963,6.183,6.037
"YDR144C",5.173,4.464,5.027,2.429,3.49,3.329
"YDR145W",6.302,6.327,5.9,5.39,5.556,6.092
"YDR146C",4.429,3.705,4.071,0,1.189,1.197
"YDR147W",4.429,4.464,4.56,5.997,5.595,5.166
"YDR148C",8.759,8.698,9.307,8.785,8.36,8.524
"YDR149C",5.969,7.397,5.38,6.153,6.351,6.453
"YDR150W",9.045,9.468,8.545,9.364,9.41,9.565
"YDR151C",5.969,6.496,6.239,6.563,6.208,6.296
"YDR152W",6.064,6.544,6.055,5.745,5.872,5.61
"YDR153C",5.779,6.397,5.663,5.997,6.077,6.366
"YDR154C",4.179,5.397,4.692,4.424,4.865,4.747
"YDR155C",8.098,7.976,8.655,8.482,8.544,8.282
"YDR156W",2.972,3.464,4.414,1.3,3.49,2.9
"YDR157W",1.439,3.004,2.464,2.429,2.613,3.131
"YDR158W",7.701,7.406,8.63,7.674,7.693,7.558
"YDR159W",6.743,7.344,6.15,6.864,7.198,7.095
"YDR160W",6.118,5.911,6.005,5.745,5.669,5.755
"YDR161W",5.535,4.911,5.844,5.705,5.203,5.531
"YDR162C",5.949,5.496,5.215,4.771,4.987,5.448
"YDR163W",4.827,5.887,3.62,5.051,4.987,5.405
"YDR164C",5.929,5.174,5.844,5.858,6.157,5.491
"YDR165W",5.365,5.134,5.124,4.918,5.152,5.314
"YDR166C",6.27,6.605,5.844,7.23,6.761,7.263
"YDR167W",6.393,5.982,6.402,5.439,5.476,5.72
"YDR168W",7.236,7.154,6.477,7.258,7.319,7.413
"YDR169C",5.207,6.049,5.027,6.809,6.761,6.706
"YDR169C-A",0.892,1.588,1.704,1.3,1.189,1.197
"YDR170C",8.361,8.199,8.597,8.596,8.858,8.981
"YDR171W",9.196,10.469,9.27,8.85,9.089,9.091
"YDR172W",6.917,6.812,6.86,6.628,6.952,7.054
"YDR173C",5.662,6.431,5.38,6.79,6.795,6.81
"YDR174W",7.053,7.656,7.14,6.495,6.599,6.516
"YDR175C",5.662,5.786,6.44,5.231,5.044,5.571
"YDR176W",6.188,6.559,5.456,5.664,6.257,6.453
"YDR177W",7.308,7.838,7.432,7.002,6.828,7.068
"YDR178W",9.332,9.224,10.383,9.113,8.94,8.753
"YDR179C",4.37,4.648,4.414,3.49,4.14,4.522
"YDR179W-A",4.783,4.397,5.3,5.114,4.587,4.747
"YDR180W",6.027,5.528,6.363,5.997,5.774,6.037
"YDR181C",5.823,5.837,4.924,5.231,5.476,4.942
"YDR182W",6.684,6.496,7.374,7.05,6.967,6.859
"YDR182W-A",2.617,1.588,0,4.424,3.914,2.626
"YDR183C-A",1.439,2.326,1.704,1.3,1.189,1.197
"YDR183W",3.877,4.705,4.414,3.965,4.031,4.154
"YDR184C",5.273,5.174,4.253,4.692,4.801,4.522
"YDR185C",4.912,5.092,5.38,5.231,4.927,5.113
"YDR186C",7.719,7.924,7.575,8.385,8.426,8.554
"YDR187C",4.69,3.326,5.9,4.986,4.587,5.166
"YDR188W",7.292,7.049,7.811,7.285,7.523,6.875
"YDR189W",6.118,6.327,6.323,6.211,5.903,6.198
"YDR190C",6.684,6.464,6.86,6.541,6.395,6.875
"YDR191W",3.6,3.464,4.071,3.49,3.49,4.046
"YDR192C",4.179,4.004,4.56,4.322,4.662,4.601
"YDR193W",1.439,0,2.959,2.429,3.49,2.287
"YDR194C",8.35,8.331,7.752,7.642,7.62,7.761
"YDR195W",5.887,6.362,5.598,6.123,6.521,6.41
"YDR196C",6.221,6.448,5.844,6.267,6.521,6.906
"YDR197W",5.481,5.677,5.726,5.705,6.183,5.531
"YDR198C",4.591,4.252,4.56,4.322,4.733,5.113
"YDR199W",4.309,5.935,3.327,4.692,4.865,5.448
"YDR200C",5.662,6.825,5.124,5.929,5.872,6.272
"YDR201W",4.783,4.705,4.56,1.972,3.316,3.131
"YDR202C",5.802,5.732,5.38,5.578,6.157,6.198
"YDR203W",3.791,3.326,1.704,4.771,3.49,4.439
"YDR204W",5.823,6.071,6.743,6.563,6.438,6.41
"YDR205W",5.453,5.496,6.803,6.398,6.599,6.092
"YDR206W",5.866,5.431,5.787,6.447,6.996,6.366
"YDR207C",4.991,6.005,3.62,5.997,5.872,6.198
"YDR208W",7.072,7.071,7.044,7.911,7.946,7.691
"YDR209C",5.508,5.252,4.692,4.608,4.865,5.166
"YDR210W",5.03,5.397,5.529,4.094,4.587,4.256
"YDR211W",7.442,6.899,7.272,7.097,6.891,7.109
"YDR212W",6.684,6.76,7.752,6.79,6.952,6.843
"YDR213W",5.24,4.397,5.215,5.929,6.208,6.065
"YDR214W",6.947,6.838,7.374,7.097,7.094,6.776
"YDR215C",1.439,1.588,3.863,3.666,3.914,2.626
"YDR216W",7.616,7.656,8.455,8.045,7.924,7.423
"YDR217C",6.585,6.648,6.005,6.77,6.907,6.826
"YDR218C",3.121,3.589,3.327,1.3,1.831,1.842
"YDR219C",5.802,6.448,5.663,5.745,6.305,6.296
"YDR220C",2.4,2.589,2.464,1.3,1.831,2.287
"YDR221W",5.304,4.812,6.323,6.447,5.556,6.146
"YDR222W",4.109,4.528,4.56,5.622,5.808,5.61
"YDR223W",4.69,5.174,5.663,7.325,7.543,7.287
"YDR224C",8.534,8.468,8.288,8.13,7.998,8.473
"YDR225W",7.701,7.253,8.554,6.563,6.996,6.595
"YDR226W",8.79,8.406,9.189,7.773,7.924,7.7
"YDR227W",6.623,7.456,6.477,7.201,7.657,7.558
"YDR228C",5.638,5.397,5.124,5.578,5.903,5.979
"YDR229W",5.508,5.59,4.56,5.286,5.595,5.979
"YDR230W",6.72,7.281,6.888,6.182,6.599,6.248
"YDR231C",7.186,8.144,7.706,7.158,7.272,7.238
"YDR232W",7.647,8.044,8.408,7.83,7.854,7.518
"YDR233C",7.9,8.038,8.18,7.812,8.089,7.795
"YDR234W",6.789,6.049,7.706,6.211,5.903,5.979
"YDR235W",5.395,5.092,3.863,5.339,5.152,5.217
"YDR236C",4.591,4.092,5.663,5.533,5.152,5.113
"YDR237W",6.333,6.496,6.713,5.997,5.774,5.72
"YDR238C",8.024,7.414,8.278,8.13,8.148,8.202
"YDR239C",5.067,5.005,5.456,5.533,5.872,6.065
"YDR240C",4.952,3.911,5.3,4.847,5.252,4.676
"YDR241W",3.6,3.004,1.704,1.972,2.613,2.626
"YDR242W",5.535,5.812,6.15,7.544,7.711,7.778
"YDR243C",5.103,4.528,5.124,6.294,6.328,6.556
"YDR244W",6.546,6.362,6.44,7.05,6.907,7.122
"YDR245W",6.811,6.194,7.354,6.77,6.937,6.922
"YDR246W",5.173,5.431,4.924,6.093,6.438,6.388
"YDR246W-A",0.892,2.003,0,1.3,2.274,1.842
"YDR247W",6.378,7.371,7.393,8.182,8.168,8.157
"YDR248C",6.204,6.327,6.005,6.211,6.438,6.343
"YDR249C",5.173,5.049,6.281,5.784,5.556,5.789
"YDR250C",0,0,0,1.972,1.189,1.197
"YDR251W",6.906,6.993,7.185,7.298,7.272,7.149
"YDR252W",2.617,2.326,2.464,2.429,3.316,1.842
"YDR253C",4.69,6.134,1.704,3.823,3.646,4.154
"YDR254W",5.802,6.233,5.954,6.495,6.673,6.843
"YDR255C",6.286,6.233,6.323,6.827,6.982,6.81
"YDR256C",4.952,5.214,6.195,6.182,5.934,5.823
"YDR257C",5.207,4.812,5.215,4.322,3.49,4.439
"YDR258C",9.911,10.781,9.884,9.128,9.474,9.46
"YDR259C",5.508,6.812,5.3,4.608,4.241,4.747
"YDR260C",5.173,5.092,5.529,5.286,4.927,4.046
"YDR261C",6.464,6.414,7.541,6.495,5.808,6.092
"YDR262W",6.436,6.574,7.272,8.1,7.983,7.931
"YDR263C",4.109,4.648,4.56,5.533,5.203,5.001
"YDR264C",6.118,5.214,6.942,6.751,6.599,6.474
"YDR265W",4.912,5.174,5.3,5.533,5.152,5.855
"YDR266C",6.1,6.071,5.787,6.447,6.305,6.67
"YDR267C",5.335,5.092,5.663,5.114,4.336,5.058
"YDR268W",4.737,4.759,5.027,3.288,4.865,4.046
"YDR269C",3.121,2.326,3.62,3.49,3.316,3.329
"YDR270W",6.027,5.619,7.093,7.05,7.16,7.162
"YDR271C",4.485,4.911,4.56,5.439,5.099,4.747
"YDR272W",6.635,7.165,6.548,7.621,7.675,7.916
"YDR273W",3.494,5.174,4.253,6.153,6.459,5.949
"YDR274C",0.892,3.004,2.464,3.49,3.646,3.131
"YDR275W",6.1,6.29,5.663,7.158,6.996,7.226
"YDR276C",9.164,9.364,9.673,9.681,9.569,9.468
"YDR277C",5.779,5.786,6.363,7.128,6.922,6.826
"YDR279W",4.737,4.705,4.812,5.173,4.801,5.001
"YDR280W",5.734,5.496,6.055,5.286,5.099,5.217
"YDR281C",2.4,3.004,2.959,4.986,4.801,4.676
"YDR282C",4.37,4.397,4.56,4.771,4.865,5.058
"YDR283C",7.399,7.233,7.825,7.988,7.969,8.076
"YDR284C",7.117,6.875,7.354,7.567,7.648,7.528
"YDR285W",4.179,5.496,2.464,4.519,4.801,5.267
"YDR286C",4.737,4.705,4.924,4.847,4.241,4.815
"YDR287W",4.485,3.589,3.62,5.231,4.987,4.522
"YDR288W",4.991,4.959,4.692,5.39,5.808,5.789
"YDR289C",5.686,6.214,4.924,5.339,5.633,5.571
"YDR290W",1.835,2.326,1.704,0,1.831,3.329
"YDR291W",6.254,5.705,6.583,6.398,6.727,6.495
"YDR292C",5.908,5.619,5.726,5.339,6.131,5.887
"YDR293C",8.715,8.612,9.521,10.51,10.342,10.262
"YDR294C",6.957,6.648,7.721,6.585,6.395,6.652
"YDR295C",6.188,6.677,5.38,5.533,5.808,6.32
"YDR296W",6.598,7.214,6.281,5.39,6.131,6.065
"YDR297W",7.931,7.953,8.257,8.013,7.763,7.916
"YDR298C",8.943,8.999,9.578,8.391,8.168,8.183
"YDR299W",6.506,6.899,5.456,4.608,5.252,5.113
"YDR300C",5.734,5.049,5.598,5.929,5.556,5.684
"YDR301W",6.254,6.271,6.773,6.398,6.744,6.706
"YDR302W",5.662,5.677,5.598,4.986,5.099,5.166
"YDR303C",5.969,5.812,5.215,5.963,5.39,6.037
"YDR304C",7.511,7.574,8.309,7.674,7.675,7.626
"YDR305C",5.03,5.431,5.456,5.339,5.633,5.855
"YDR306C",6.464,7.016,6.513,7.05,7.211,7.487
"YDR307W",5.779,5.362,6.005,6.373,6.351,6.67
"YDR308C",4.591,4.648,3.62,3.288,3.49,4.256
"YDR309C",5.71,6.092,5.726,5.858,6.233,6.008
"YDR310C",6.789,6.76,6.773,7.298,7.462,7.548
"YDR311W",6.007,6.175,5.844,6.123,6.257,6.092
"YDR312W",5.103,5.214,5.027,4.771,4.801,4.35
"YDR313C",6.743,6.812,7.229,7.724,7.592,7.508
"YDR314C",5.365,4.648,5.598,6.294,6.438,6.198
"YDR315C",4.87,4.705,4.56,4.986,5.595,5.531
"YDR316W",7.169,8.049,6.103,6.373,6.618,6.576
"YDR317W",3.791,4.092,5.027,5.439,4.987,5.448
"YDR318W",5.508,5.911,5.663,5.39,5.299,5.405
"YDR319C",4.37,4.705,5.124,5.997,5.595,5.491
"YDR320C",5.453,6.29,5.215,5.622,4.987,4.942
"YDR320C-A",6.348,6.362,6.281,4.519,4.733,6.037
"YDR321W",4.591,4.252,5.3,4.322,4.733,3.928
"YDR322C-A",8.918,9.03,9.036,7.426,7.746,7.7
"YDR322W",6.696,6.746,7.044,6.585,6.233,6.41
"YDR323C",4.246,4.911,4.414,4.918,4.662,5.113
"YDR324C",5.823,5.59,5.954,4.424,4.508,5.113
"YDR325W",5.273,5.619,5.954,5.173,5.252,5.001
"YDR326C",7.034,6.899,6.803,7.839,7.666,7.726
"YDR327W",5.453,5.863,5.726,5.622,5.346,6.008
"YDR328C",6.598,6.733,7.019,6.471,6.691,7.149
"YDR329C",6.585,6.619,6.773,6.952,6.58,6.67
"YDR330W",5.561,5.677,5.215,6.239,6.131,6.092
"YDR331W",5.662,5.496,6.239,5.894,5.39,5.72
"YDR332W",4.642,4.759,4.253,5.487,5.84,5.36
"YDR333C",5.757,5.705,6.055,6.029,6.022,6.272
"YDR334W",6.171,6.574,6.583,7.158,7.493,7.39
"YDR335W",7.754,7.965,8.408,7.876,8.068,8.117
"YDR336W",4.783,5.005,4.812,4.519,4.424,5.058
"YDR337W",6.72,7.016,6.402,5.173,6.022,6.119
"YDR338C",5.638,5.134,6.681,7.002,6.982,7.238
"YDR339C",5.561,5.982,5.529,5.578,5.434,5.755
"YDR341C",7.81,7.308,8.123,7.51,7.419,7.357
"YDR342C",2.4,3.589,2.464,2.775,3.117,3.504
"YDR344C",1.439,0,0,2.775,3.117,3.329
"YDR345C",8.609,8.938,9.397,11.524,11.52,11.43
"YDR346C",7.799,7.634,8.075,7.402,7.675,7.672
"YDR347W",6.672,6.308,6.86,6.267,6.438,6.32
"YDR348C",5.779,6.233,6.15,6.123,6.281,6.172
"YDR349C",6.007,6.092,6.832,6.691,6.891,6.843
"YDR350C",5.757,5.619,6.323,6.029,6.208,6.037
"YDR351W",6.188,5.863,6.363,6.585,6.58,6.759
"YDR352W",5.757,5.528,6.363,5.997,5.808,6.146
"YDR353W",7.099,6.863,7.432,6.917,6.876,6.875
"YDR354C-A",3.38,2.003,4.812,2.775,1.831,2.626
"YDR354W",5.662,5.677,6.281,4.424,4.14,4.676
"YDR355C",3.494,3.326,3.327,1.3,0,1.197
"YDR356W",7.006,8.159,5.787,6.294,6.305,6.198
"YDR357C",5.535,5.959,4.692,4.692,5.346,5.267
"YDR358W",6.136,6.327,6.323,6.691,7.295,7.054
"YDR359C",5.779,6.448,5.529,6.691,6.828,6.556
"YDR360W",2.617,2.326,3.863,3.055,3.117,2.9
"YDR361C",6.1,6.414,6.513,6.294,6.373,6.826
"YDR362C",5.335,5.397,6.103,5.894,5.934,5.531
"YDR363W",4.952,5.887,4.924,5.784,5.595,5.949
"YDR363W-A",6.967,7.684,6.323,5.39,5.556,5.887
"YDR364C",5.139,5.092,5.954,5.173,5.434,6.198
"YDR365C",5.535,7.038,5.38,6.294,6.328,6.198
"YDR366C",2.145,1.588,2.959,3.055,1.831,2.287
"YDR367W",5.969,5.648,6.616,5.745,6.022,5.949
"YDR368W",7.683,7.684,7.854,7.694,7.78,7.654
"YDR369C",5.453,4.862,4.692,5.487,5.872,5.314
"YDR370C",5.395,5.29,5.124,5.533,5.434,5.491
"YDR371C-A",0,2.003,0,2.429,2.887,2.626
"YDR371W",4.642,4.528,4.414,4.424,5.517,5.823
"YDR372C",7.628,7.528,7.575,6.79,6.907,6.776
"YDR373W",6.317,6.175,6.743,5.894,6.05,5.979
"YDR374C",2.617,2.811,2.464,1.3,1.189,2.626
"YDR374W-A",4.036,4.252,4.071,4.771,5.39,4.522
"YDR375C",6.317,6.344,6.513,6.711,6.655,6.614
"YDR376W",6.238,5.887,6.832,6.061,6.744,6.272
"YDR377W",9.155,8.979,9.281,8.447,8.431,8.457
"YDR378C",6.348,6.071,6.616,6.029,6.257,6.065
"YDR379C-A",6.743,7.281,6.363,6.182,5.774,6.223
"YDR379W",6.27,6.812,5.529,7.463,7.295,7.663
"YDR380W",6.648,5.59,6.323,4.322,4.587,4.154
"YDR381C-A",6.254,7.144,6.363,5.622,6.183,6.495
"YDR381W",7.788,7.947,8.36,7.621,7.908,7.939
"YDR382W",8.103,7.605,7.936,7.498,7.675,7.508
"YDR383C",4.429,5.005,4.692,4.094,3.786,4.046
"YDR384C",3.257,3.326,2.959,4.608,4.241,3.131
"YDR385W",5.481,5.252,6.281,6.267,6.105,5.72
"YDR386W",5.103,5.29,5.124,5.705,5.299,5.113
"YDR387C",5.453,4.862,6.616,6.182,5.099,5.491
"YDR388W",6.363,7.318,6.942,6.65,6.922,6.906
"YDR389W",6.45,6.431,6.86,6.731,6.618,6.724
"YDR390C",5.908,6.092,5.954,5.997,6.305,6.223
"YDR391C",4.179,3.812,4.414,6.123,6.208,5.918
"YDR392W",5.365,5.812,5.954,5.705,5.633,5.918
"YDR393W",6.045,6.113,5.456,5.705,5.669,5.72
"YDR394W",7.853,7.881,8.36,7.285,7.675,7.508
"YDR395W",6.66,5.959,7.487,6.628,6.438,6.922
"YDR396W",4.642,5.174,5.598,4.918,5.044,5.113
"YDR397C",4.912,5.252,4.812,4.847,5.476,5.571
"YDR398W",6.393,6.48,6.86,6.211,6.157,6.366
"YDR399W",7.874,7.619,7.811,7.298,7.648,7.588
"YDR400W",6.286,6.559,6.649,5.339,5.556,5.113
"YDR401W",2.145,1.588,0,1.3,2.274,2.626
"YDR402C",3.494,3.589,3.863,2.429,3.316,3.928
"YDR403W",4.109,3.589,4.692,4.213,4.508,4.256
"YDR404C",5.067,5.496,6.323,5.231,5.595,5.267
"YDR405W",5.686,6.786,6.005,5.745,4.927,5.314
"YDR406W",6.623,7.224,7.706,9.959,10.078,10.019
"YDR406W-A",1.439,3.174,1.704,4.094,4.733,4.046
"YDR407C",6.407,5.837,5.9,6.518,6.351,6.595
"YDR408C",6.254,6.397,6.86,6.123,5.669,5.855
"YDR409W",4.37,5.29,3.327,5.745,5.808,5.789
"YDR410C",4.737,4.252,5.726,4.847,4.987,4.815
"YDR411C",6.171,6.48,6.888,5.821,5.633,5.491
"YDR412W",5.779,6.634,5.215,4.847,5.556,5.36
"YDR413C",5.207,6.005,3.863,4.771,5.152,4.942
"YDR414C",4.991,5.214,6.005,4.322,5.152,5.058
"YDR415C",5.273,5.049,5.663,4.918,4.927,5.001
"YDR416W",5.535,5.496,6.005,5.894,5.669,5.918
"YDR417C",7.966,7.496,8.099,7.402,7.248,7.238
"YDR418W",8.618,8.34,9.036,7.876,7.916,8.027
"YDR419W",5.139,4.911,5.3,6.471,6.541,6.272
"YDR420W",6.854,7.597,7.558,8.013,7.939,8.063
"YDR421W",6.811,6.691,6.803,6.541,6.373,6.495
"YDR422C",6.1,5.911,6.513,7.082,6.761,7.149
"YDR423C",4.69,5.326,5.124,5.173,5.346,5.405
"YDR424C",5.71,5.887,5.598,5.487,5.964,5.949
"YDR425W",5.613,5.837,5.027,6.518,6.501,6.32
"YDR426C",3.791,5.174,2.464,3.49,4.508,4.815
"YDR427W",7.463,7.512,7.609,6.846,7.025,7.149
"YDR428C",3.791,3.911,3.863,2.775,3.914,2.9
"YDR429C",7.42,7.634,7.14,6.751,6.48,6.891
"YDR430C",5.757,5.496,6.055,6.79,6.561,6.652
"YDR431W",1.439,1.002,1.704,1.972,1.831,2.626
"YDR432W",5.03,5.005,5.38,4.608,4.865,5.001
"YDR433W",1.835,2.003,0,2.429,1.831,1.197
"YDR434W",5.988,5.935,6.548,6.093,6.05,6.119
"YDR435C",5.587,5.174,6.513,6.211,6.417,6.008
"YDR436W",5.365,5.174,5.954,6.751,6.351,6.296
"YDR437W",1.439,1.588,2.464,3.288,3.117,2.287
"YDR438W",4.37,4.528,5.456,6.123,6.561,6.065
"YDR439W",3.38,4.252,3.62,4.692,4.801,4.35
"YDR440W",4.642,5.326,4.812,4.424,4.927,4.88
"YDR441C",5.757,5.29,7.044,5.487,5.252,6.146
"YDR442W",3.698,3.174,4.071,2.775,3.914,3.928
"YDR443C",6.407,5.887,6.583,6.846,7.08,6.843
"YDR444W",5.887,6.113,6.281,6.77,6.996,6.891
"YDR445C",2.972,4.252,3.327,2.775,4.241,3.329
"YDR446W",0,2.326,0,1.3,0,1.197
"YDR447C",7.22,7.448,7.093,6.093,6.183,6.453
"YDR448W",4.309,4.911,5.027,5.051,4.801,4.601
"YDR449C",4.37,4.252,2.959,4.213,4.336,3.66
"YDR450W",7.456,7.308,7.251,6.607,6.761,6.843
"YDR451C",5.613,4.911,5.954,4.213,4.336,4.256
"YDR452W",7.42,8.144,7.936,7.885,8.082,7.828
"YDR453C",3.494,4.326,4.692,3.965,4.587,3.66
"YDR454C",6.254,6.38,7.069,6.267,6.48,6.576
"YDR455C",4.485,3.004,5.38,4.692,4.987,4.35
"YDR456W",7.911,7.496,8.822,8.741,8.598,8.294
"YDR457W",8.733,8.439,9.372,9.842,9.681,9.762
"YDR458C",6.378,7.29,5.954,7.097,7.173,7.456
"YDR459C",4.485,4.174,4.924,5.339,5.808,5.267
"YDR460W",5.304,5.935,4.812,5.487,5.556,5.448
"YDR461C-A",4.036,5.092,4.071,4.519,4.508,4.522
"YDR461W",4.952,4.959,4.924,3.823,4.241,4.815
"YDR462W",5.365,5.837,5.529,4.608,5.556,4.522
"YDR463W",6.436,6.85,5.726,7.066,7.039,7.299
"YDR464C-A",1.439,2.589,2.464,3.288,3.914,3.66
"YDR464W",6.585,7.953,5.9,7.426,7.462,7.663
"YDR465C",4.912,4.911,5.529,4.986,4.865,5.058
"YDR466W",6.1,6.38,6.281,7.216,7.211,7.299
"YDR467C",4.642,5.252,3.863,5.173,5.044,5.72
"YDR468C",5.273,5.214,5.124,5.578,5.099,5.755
"YDR469W",4.179,4.959,4.071,4.322,4.508,5.058
"YDR470C",5.71,5.786,6.15,6.153,5.993,6.037
"YDR471W",7.701,7.619,7.752,6.827,6.967,7.082
"YDR472W",6.777,6.887,7.782,5.894,5.84,5.855
"YDR473C",5.969,7.165,5.215,6.239,6.459,6.633
"YDR475C",6.007,5.837,6.548,7.533,7.364,7.402
"YDR476C",5.207,4.911,6.583,5.858,5.669,5.166
"YDR477W",5.24,5.214,5.663,6.211,5.595,5.949
"YDR478W",3.791,4.092,4.253,4.322,4.662,4.35
"YDR479C",5.24,5.887,6.15,6.321,6.438,6.223
"YDR480W",4.036,4.004,4.692,4.692,4.865,3.66
"YDR481C",6.743,6.59,7.14,7.714,7.523,7.82
"YDR482C",3.791,4.528,4.692,4.322,4.733,4.815
"YDR483W",8.129,7.746,8.933,8.864,8.716,8.488
"YDR484W",4.783,5.464,4.812,5.439,5.556,5.648
"YDR485C",6.811,7.912,5.9,6.731,7.441,7.068
"YDR486C",6.153,6.027,5.456,5.705,5.84,6.172
"YDR487C",8.577,8.52,9.054,7.744,7.877,7.663
"YDR488C",2.617,3.004,4.253,2.775,0,1.197
"YDR489W",3.791,3.464,3.62,2.775,3.914,3.504
"YDR490C",5.24,6.134,6.402,6.518,6.618,6.595
"YDR491C",5.365,5.732,5.663,6.882,6.811,6.614
"YDR492W",7.362,7.753,7.923,8.716,8.382,8.312
"YDR493W",5.03,5.732,5.663,4.322,4.241,5.166
"YDR494W",6.8,7.005,6.281,6.398,6.637,6.997
"YDR495C",6.635,6.982,5.598,6.373,6.438,6.688
"YDR496C",6.506,6.773,6.195,5.858,6.233,6.248
"YDR497C",8.892,9.033,9.504,8.459,8.458,8.392
"YDR498C",5.561,5.092,5.529,4.986,5.044,5.491
"YDR499W",5.734,6.154,5.215,6.029,6.131,6.41
"YDR500C",7.961,8.016,8.135,6.809,7.235,6.952
"YDR501W",3.959,3.004,4.56,2.429,2.613,2.287
"YDR502C",6.204,6.071,7.293,6.471,6.727,5.949
"YDR503C",4.539,4.528,4.56,4.322,4.424,3.504
"YDR504C",5.067,5.786,4.924,6.182,5.705,5.855
"YDR505C",7.951,7.684,8.075,8.435,8.415,8.559
"YDR506C",4.485,4.004,5.598,5.439,5.633,5.72
"YDR507C",6.743,7.388,6.915,5.39,5.669,5.918
"YDR508C",4.69,5.174,5.38,3.666,3.316,2.9
"YDR509W",2.4,2.811,2.959,1.3,1.189,1.197
"YDR510C-A",5.395,5.837,5.456,4.771,4.987,5.267
"YDR510W",7.463,7.656,7.674,7.05,7.353,7.287
"YDR511W",6.007,6.414,6.103,4.771,5.39,5.166
"YDR512C",6.118,6.691,6.44,5.487,5.669,5.531
"YDR513W",8.858,8.993,9.543,8.334,8.473,8.613
"YDR514C",5.139,5.252,5.598,5.173,5.099,5.166
"YDR515W",6.302,6.935,4.924,5.39,5.299,5.448
"YDR516C",7.936,8.406,8.563,8.785,8.921,8.646
"YDR517W",6.007,5.982,6.681,6.809,6.637,6.092
"YDR518W",5.686,5.397,5.726,5.533,5.934,5.823
"YDR519W",6.238,6.648,6.86,5.622,5.346,5.571
"YDR520C",5.561,5.59,6.103,5.929,6.131,5.918
"YDR521W",2.145,3.812,3.327,2.429,3.646,2.626
"YDR522C",2.145,3.174,4.414,1.972,4.031,2.9
"YDR523C",3.877,4.174,4.253,4.424,5.099,4.88
"YDR524C",6.064,5.705,6.402,6.77,6.655,6.967
"YDR524C-B",11.37,11.34,11.516,9.982,10.052,9.927
"YDR524W-C",9.536,9.719,9.312,8.716,8.436,8.335
"YDR525W-A",5.734,5.911,6.968,5.533,5.152,5.314
"YDR526C",4.246,4.862,4.692,5.114,4.987,4.942
"YDR527W",6.333,6.773,6.103,6.518,6.637,6.759
"YDR528W",5.969,6.76,5.663,5.578,5.595,5.887
"YDR529C",10.33,11.081,10.341,9.212,9.383,9.484
"YDR530C",6.623,6.863,7.334,7.187,7.472,7.357
"YDR531W",6.007,5.431,6.281,5.051,5.517,5.113
"YDR532C",5.561,6.544,3.62,4.771,5.044,5.36
"YDR533C",9.985,9.809,10.638,10.156,10.224,10.262
"YDR534C",2.4,2.811,3.863,3.055,3.646,3.66
"YDR535C",3.6,1.588,4.071,2.429,3.646,1.842
"YDR536W",8.296,8.139,9.048,5.858,5.556,5.405
"YDR537C",4.036,3.705,4.071,4.213,3.786,4.046
"YDR538W",4.642,3.705,4.414,4.424,4.336,4.046
"YDR539W",6.238,5.935,7.251,6.495,6.982,7.136
"YDR540C",3.257,4.004,0,3.965,4.241,4.35
"YDR541C",4.69,4.326,5.529,5.858,6.305,6.146
"YEL001C",5.535,5.619,6.239,5.997,5.993,5.789
"YEL002C",7.641,7.103,8.001,7.674,7.543,7.752
"YEL003W",4.783,6.559,3.62,4.424,4.801,5.823
"YEL004W",4.737,4.589,4.692,4.918,5.434,4.676
"YEL005C",4.991,5.648,4.253,5.858,5.434,5.684
"YEL006W",5.613,5.134,6.055,6.563,6.876,6.706
"YEL007W",6.188,7.299,6.281,6.518,6.183,6.366
"YEL008C-A",0,1.002,1.704,1.3,1.189,1.197
"YEL008W",2.145,0,2.959,2.429,0,0
"YEL009C",11.252,11.29,11.13,10.932,11.103,10.971
"YEL009C-A",1.439,2.003,1.704,1.3,1.831,2.626
"YEL010W",1.835,1.002,2.959,3.055,2.613,0
"YEL011W",7.391,8.199,8.213,8.921,8.936,8.889
"YEL012W",7.731,8.397,7.642,7.351,7.43,7.548
"YEL013W",6.708,5.982,7.487,7.298,7.223,7.149
"YEL014C",2.617,3.464,3.62,1.972,2.887,2.9
"YEL015W",5.71,5.431,5.787,5.622,5.476,5.789
"YEL016C",4.429,4.589,5.663,4.986,5.39,4.35
"YEL017C-A",8.847,8.985,9.286,9.101,8.81,8.664
"YEL017W",4.309,4.252,5.124,4.692,3.316,4.35
"YEL018C-A",3.6,4.812,3.62,3.055,3.646,3.8
"YEL018W",4.87,5.496,4.692,4.918,4.424,5.267
"YEL019C",4.591,4.862,4.692,5.114,5.39,5.314
"YEL020C",6.422,6.397,6.513,7.389,7.353,7.466
"YEL020C-B",6.171,6.134,6.055,4.213,4.801,5.217
"YEL020W-A",6.986,7.448,6.548,6.182,5.964,6.272
"YEL021W",5.823,5.759,6.005,5.963,6.05,5.755
"YEL022W",6.407,5.887,6.513,6.423,6.891,6.536
"YEL023C",4.246,5.252,4.56,5.114,5.84,5.491
"YEL024W",9.984,9.454,10.24,9.212,9.369,9.265
"YEL025C",6.708,6.733,7.487,7.113,6.891,7.201
"YEL026W",6.585,6.214,6.968,6.347,6.022,5.648
"YEL027W",9.309,8.828,9.839,9.469,9.434,9.184
"YEL028W",3.877,3.812,2.464,3.49,4.424,4.154
"YEL029C",5.561,5.326,5.954,5.533,5.517,5.755
"YEL030C-A",0,0,1.704,1.972,2.274,1.197
"YEL030W",3.6,4.004,3.327,3.965,4.587,4.439
"YEL031W",8.839,8.406,9.881,8.675,8.442,8.221
"YEL032C-A",1.835,2.326,3.327,3.288,3.49,4.256
"YEL032W",5.866,5.648,6.363,6.969,6.891,6.495
"YEL033W",7.369,7.698,7.896,7.963,7.838,7.645
"YEL034C-A",9.127,9.162,9.863,9.684,9.61,9.575
"YEL034W",9.157,9.007,9.578,9.513,9.55,9.468
"YEL035C",1.835,2.003,1.704,3.055,2.887,2.9
"YEL036C",5.453,5.786,5.663,5.929,5.595,5.571
"YEL037C",5.887,6.308,6.942,6.029,6.105,6.536
"YEL038W",4.737,4.648,5.954,6.211,5.252,5.61
"YEL039C",7.793,8.85,7.185,8.32,8.519,8.921
"YEL040W",3.791,3.705,3.62,3.823,3.914,3.329
"YEL041W",6.317,5.326,6.649,6.518,6.891,6.556
"YEL042W",6.61,6.049,7.019,5.929,6.05,5.531
"YEL043W",5.686,5.982,5.9,6.9,6.541,6.516
"YEL044W",3.959,4.464,5.456,5.286,5.299,4.747
"YEL045C",3.257,3.589,3.327,4.986,3.786,4.439
"YEL046C",6.1,5.326,6.915,6.541,6.599,6.343
"YEL047C",5.561,4.528,6.477,6.211,5.434,5.61
"YEL048C",4.109,2.326,4.812,1.972,2.613,1.842
"YEL050C",6.906,7.214,7.314,6.79,6.727,6.742
"YEL050W-A",5.173,6.175,5.844,5.705,5.669,5.36
"YEL051W",7.895,7.887,7.505,7.61,7.503,7.735
"YEL052W",7.117,6.48,7.674,6.864,7.011,6.536
"YEL053C",5.949,5.837,5.9,5.439,5.39,5.571
"YEL053W-A",6.843,5.326,7.487,5.051,5.556,5.491
"YEL054C",7.597,6.76,8.213,6.239,6.395,6.272
"YEL055C",6.811,6.362,6.994,7.082,7.272,7.226
"YEL056W",5.103,4.812,6.055,5.286,5.152,4.88
"YEL057C",1.835,2.811,2.464,2.429,2.274,2.287
"YEL058W",6.506,6.214,7.45,7.377,7.43,7.345
"YEL059C-A",3.791,4.911,4.071,4.424,4.336,4.439
"YEL059W",3.257,3.174,3.327,3.055,3.49,3.504
"YEL060C",8.57,9.199,10.116,10.998,10.923,10.968
"YEL061C",6.118,6.691,5.215,5.705,5.595,6.366
"YEL062W",5.587,4.959,5.529,6.711,6.58,6.495
"YEL063C",8.609,8.472,9.472,10.151,9.995,9.902
"YEL064C",5.24,4.911,6.743,6.123,5.993,5.789
"YEL065W",5.173,5.214,6.15,6.423,6.395,6.595
"YEL066W",7.09,6.887,7.988,6.347,6.58,6.614
"YEL067C",4.591,4.092,3.863,3.666,3.914,4.154
"YEL068C",4.309,4.648,5.787,4.424,4.733,5.267
"YEL069C",6.977,8.243,7.558,0,0,0
"YEL071W",8.839,8.555,9.425,6.985,6.907,6.937
"YEL072W",5.969,5.982,6.363,5.286,6.022,5.217
"YEL073C",3.6,3.326,4.071,4.094,4.336,4.35
"YEL074W",1.835,2.811,0,1.3,3.117,1.197
"YER001W",7.531,7.214,7.706,8.359,8.331,8.369
"YER002W",7.228,8.344,5.215,6.239,6.281,6.688
"YER003C",6.996,6.746,7.674,6.239,6.157,6.223
"YER004W",6.886,6.448,7.923,6.751,6.967,6.652
"YER005W",5.304,4.464,6.055,6.373,6.131,6.474
"YER006C-A",1.835,1.002,1.704,3.666,2.274,2.9
"YER006W",6.789,6.574,7.272,6.347,6.417,6.495
"YER007C-A",5.365,5.705,4.812,5.339,5.099,4.942
"YER007W",3.698,3.589,3.327,5.286,5.044,4.439
"YER008C",7.006,7.999,6.548,7.92,7.885,7.916
"YER009W",7.42,7.448,8.014,7.113,6.828,6.843
"YER010C",5.273,5.431,5.38,6.882,6.795,6.906
"YER011W",0,1.588,0,3.288,4.031,3.504
"YER012W",7.864,7.746,7.469,6.67,7.248,7.201
"YER013W",6.153,6.733,6.803,7.298,7.198,7.109
"YER014C-A",4.37,4.648,4.414,5.339,4.801,4.747
"YER014W",5.823,5.528,6.239,6.182,6.157,5.887
"YER015W",4.036,3.705,5.124,5.339,5.669,5.36
"YER016W",5.508,5.732,5.215,4.771,4.927,5.113
"YER017C",6.957,7.414,7.782,7.475,7.386,7.445
"YER018C",4.246,4.464,5.9,4.519,4.508,4.676
"YER019C-A",7.117,7.253,7.185,7.244,6.982,7.175
"YER019W",4.485,5.092,5.663,5.286,5.044,5.405
"YER020W",6.007,6.154,6.239,6.495,6.761,6.172
"YER021W",8.223,8.124,8.408,7.849,8.187,7.845
"YER022W",5.929,5.559,5.598,5.578,5.903,5.887
"YER023C-A",3.38,2.811,4.253,4.519,4.241,3.66
"YER023W",5.424,6.327,6.548,6.495,6.257,6.119
"YER024W",6.766,6.705,7.674,6.398,6.328,6.119
"YER025W",7.477,7.308,8.135,7.802,7.666,7.77
"YER026C",7.449,7.559,8.014,7.684,7.746,7.588
"YER027C",5.949,5.705,6.616,6.373,6.022,5.61
"YER028C",3.877,4.589,3.62,5.622,6.05,5.918
"YER029C",5.067,6.271,5.124,5.533,5.517,5.267
"YER030W",6.559,7.993,4.692,5.39,5.74,6.065
"YER031C",6.45,6.027,6.743,6.321,6.599,6.688
"YER032W",5.273,5.326,4.56,4.213,5.152,5.491
"YER033C",5.173,5.935,5.598,6.882,6.709,7.122
"YER034W",4.109,5.496,3.863,5.051,5.434,5.217
"YER035W",6.623,7.224,6.888,8.092,7.939,7.969
"YER036C",7.941,7.544,8.748,8.799,8.814,8.779
"YER037W",6.585,6.663,6.477,7.98,8.102,8.392
"YER038C",4.109,4.959,4.414,5.439,5.84,6.41
"YER038W-A",4.827,4.705,5.598,6.294,6.05,5.72
"YER039C",5.335,5.214,6.477,6.398,6.281,6.146
"YER039C-A",3.791,3.464,4.56,4.771,4.733,4.676
"YER040W",5.734,5.677,5.787,6.691,6.521,6.742
"YER041W",4.69,5.092,5.027,5.533,5.595,6.119
"YER042W",5.365,5.786,5.787,5.929,5.903,6.296
"YER043C",8.674,7.993,9.178,8.968,8.559,8.758
"YER044C",7.736,7.719,8.158,8.273,8.539,8.646
"YER044C-A",4.036,3.174,3.327,3.823,3.646,3.504
"YER045C",7.9,8.165,7.988,7.92,8.019,8.117
"YER046W",5.24,5.59,4.812,4.608,4.865,4.676
"YER046W-A",4.591,4.464,3.863,4.519,4.241,4.439
"YER047C",6.407,6.59,6.44,6.65,6.952,6.432
"YER048C",6.789,6.48,6.239,6.585,6.795,6.875
"YER048W-A",6.221,6.559,6.649,5.051,5.39,4.815
"YER049W",6.789,6.092,7.207,6.585,6.618,6.706
"YER050C",6.986,7.552,5.787,5.286,5.903,6.198
"YER051W",5.508,5.464,6.103,6.123,6.373,6.198
"YER052C",7.799,7.869,8.646,6.751,6.828,6.41
"YER053C",10.793,11.403,11.265,10.196,10.156,9.99
"YER053C-A",8.198,8.638,8.756,9.154,9.188,9.042
"YER054C",6.082,7.049,5.663,6.952,7.025,6.922
"YER055C",6.811,6.719,7.658,5.929,5.964,5.571
"YER056C",8.897,8.204,9.322,9.739,9.697,9.489
"YER056C-A",7.126,7.59,6.803,5.487,6.105,6.296
"YER057C",7.628,7.605,8.418,7.694,7.639,7.778
"YER058W",5.067,5.648,4.56,4.771,4.927,5.166
"YER059W",5.273,5.786,5.3,6.093,6.328,6.453
"YER060W",5.103,5.174,5.844,6.373,6.828,6.092
"YER060W-A",4.37,3.589,3.327,4.771,3.646,3.504
"YER061C",5.103,5.092,5.529,6.347,6.183,6.296
"YER062C",6.45,6.431,6.968,8.092,8.161,7.946
"YER063W",6.927,7.224,7.229,6.691,7.053,6.614
"YER064C",3.257,2.811,4.071,1.972,3.786,2.9
"YER065C",7.518,7.318,7.811,6.182,6.48,6.474
"YER066C-A",6.843,7.753,7.272,6.373,6.561,6.688
"YER066W",3.494,3.705,4.414,5.231,4.927,5.166
"YER067C-A",8.034,9.052,8.135,7.653,7.601,7.466
"YER067W",8.646,9.702,8.718,7.929,8.061,8.306
"YER068C-A",4.036,2.326,4.56,3.288,4.241,4.046
"YER068W",6.436,6.605,6.513,6.827,6.727,7.136
"YER069W",6.917,6.705,7.413,7.201,7.319,7.368
"YER070W",7.006,6.092,7.737,6.398,6.077,6.32
"YER071C",4.87,5.134,4.414,5.339,5.044,5.61
"YER072W",6.927,6.786,7.393,6.347,6.281,6.366
"YER073W",4.69,5.29,5.124,5.439,5.476,5.058
"YER074W",7.391,7.154,7.334,6.211,6.022,5.755
"YER074W-A",5.779,6.027,5.844,5.745,5.476,5.491
"YER075C",5.686,5.252,5.215,7.002,7.121,7.054
"YER076C",3.791,3.174,2.464,3.055,4.241,1.842
"YER076W-A",1.835,0,2.464,1.3,1.831,2.287
"YER077C",5.24,5.174,4.692,5.439,4.927,5.36
"YER078C",6.61,6.38,6.773,6.447,6.305,6.474
"YER078W-A",0.892,1.588,1.704,1.972,1.189,1.197
"YER079C-A",3.791,3.812,5.027,3.965,4.508,3.66
"YER079W",5.638,6.863,5.663,6.846,6.599,7.026
"YER080W",6.422,6.993,6.239,7.285,7.472,7.379
"YER081W",6.843,7.081,7.044,7.201,7.295,7.011
"YER082C",5.535,5.677,4.56,5.664,5.434,6.092
"YER083C",5.139,5.863,6.15,5.784,5.476,5.491
"YER084W",2.617,3.004,2.959,2.429,1.831,2.626
"YER084W-A",1.439,1.588,3.327,3.055,2.613,3.131
"YER085C",2.145,3.326,2.464,1.972,2.887,3.131
"YER086W",6.917,6.049,7.229,6.628,6.351,6.198
"YER087C-A",3.791,4.092,4.56,3.666,4.14,4.522
"YER087C-B",6.906,6.825,7.272,6.628,6.691,7.109
"YER087W",4.783,4.648,5.124,5.705,5.556,5.648
"YER088C",7.081,8.199,7.541,8.506,8.261,8.352
"YER088C-A",1.835,2.326,3.863,3.055,2.613,2.287
"YER088W-B",2.4,2.326,2.959,3.055,1.189,1.197
"YER089C",4.827,4.812,5.954,5.173,4.587,4.601
"YER090C-A",3.791,2.003,4.071,2.775,3.316,3.66
"YER090W",6.906,6.559,7.909,6.67,6.438,6.633
"YER091C",9.125,8.52,10.125,9.507,9.458,9.283
"YER091C-A",0.892,2.003,1.704,0,0,1.842
"YER092W",5.71,6.194,6.055,4.847,4.987,5.531
"YER093C",6.302,6.175,6.281,7.244,7.272,7.263
"YER093C-A",4.783,4.397,4.071,4.519,4.801,4.439
"YER094C",7.413,7.431,7.854,7.338,7.295,7.518
"YER095W",6.436,5.863,7.469,6.518,6.351,6.223
"YER096W",4.642,4.648,6.281,5.705,5.346,5.405
"YER097W",1.439,2.326,2.464,1.972,3.646,2.287
"YER098W",6.118,6.113,5.663,6.153,6.395,6.495
"YER099C",5.734,5.705,6.713,7.258,7.053,6.937
"YER100W",6.598,6.677,6.616,6.211,6.501,6.742
"YER101C",4.37,4.397,5.598,6.711,6.438,6.248
"YER102W",6.407,5.732,5.844,5.173,5.099,4.747
"YER103W",8.665,9.675,8.858,6.65,7.107,6.742
"YER104W",4.69,4.705,4.924,4.692,4.508,5.166
"YER105C",7.277,6.947,7.882,8.16,7.797,8.034
"YER106W",2.805,3.911,2.464,3.49,3.646,3.504
"YER107C",5.613,5.174,6.103,5.664,5.346,5.648
"YER107W-A",4.109,2.326,4.253,3.823,4.14,3.329
"YER110C",7.203,6.559,8.063,7.988,7.702,7.681
"YER111C",6.464,6.982,5.124,6.495,6.637,6.576
"YER112W",5.949,6.559,4.071,5.339,4.14,5.491
"YER113C",4.912,4.862,6.281,5.339,5.993,5.755
"YER114C",6.064,6.071,6.649,7.05,7.248,7.238
"YER115C",3.6,4.528,2.959,3.965,4.031,4.046
"YER116C",5.453,5.174,5.598,5.894,6.131,6.223
"YER117W",8.177,7.753,8.492,6.691,7.08,7.026
"YER118C",5.424,5.496,5.598,4.213,5.099,5.001
"YER119C",2.145,3.705,3.62,5.705,5.203,4.676
"YER119C-A",4.429,2.326,4.56,4.692,3.316,4.439
"YER120W",6.777,6.605,7.767,6.969,6.937,6.793
"YER121W",3.257,4.092,1.704,2.775,4.031,3.8
"YER122C",6.886,7.113,6.86,6.541,6.673,7.082
"YER123W",6.302,5.812,5.787,6.153,6.183,6.595
"YER124C",7.062,7.06,7.019,6.294,6.022,5.979
"YER125W",7.647,7.504,8.872,8.836,8.743,8.74
"YER126C",5.638,5.362,5.38,4.519,4.662,5.267
"YER127W",5.481,5.528,4.56,4.519,5.39,4.747
"YER128W",2.145,4.464,3.62,4.608,3.786,4.154
"YER129W",6.8,6.705,6.323,7.475,7.592,7.717
"YER130C",5.866,5.705,5.787,5.578,5.556,5.918
"YER131W",7.511,7.582,7.293,5.894,6.131,6.453
"YER132C",6.478,6.496,6.713,8.123,8.089,8.227
"YER133W",8.361,8.881,8.099,8.574,8.785,8.866
"YER133W-A",3.959,3.464,2.464,4.424,4.424,4.522
"YER134C",3.959,4.326,4.56,5.487,5.346,4.815
"YER135C",2.617,2.003,2.464,1.3,1.831,1.197
"YER136W",7.719,7.185,8.099,8.453,8.426,8.457
"YER137C",3.121,3.812,1.704,1.3,2.887,3.928
"YER137W-A",0.892,2.811,2.464,1.3,2.274,1.197
"YER139C",4.737,4.252,4.071,4.918,4.927,4.747
"YER140W",5.662,5.528,5.844,6.347,6.351,6.223
"YER141W",8.807,8.488,9.813,10.542,10.405,10.452
"YER142C",6.492,6.663,6.195,6.65,7.094,7.082
"YER143W",6.559,5.812,6.743,6.182,6.208,6.652
"YER144C",5.103,5.326,6.239,5.439,4.865,5.113
"YER145C",6.348,6.344,7.432,5.578,5.299,5.113
"YER145C-A",4.827,5.559,5.027,4.692,4.241,4.815
"YER146W",4.737,5.648,5.124,5.286,4.927,5.113
"YER147C",4.429,4.252,4.812,5.784,5.84,5.405
"YER147C-A",6.811,6.528,6.681,5.173,6.077,5.755
"YER148W",7.3,7.619,7.272,6.471,6.637,6.724
"YER148W-A",3.698,4.326,2.959,3.823,3.646,4.154
"YER149C",4.429,4.589,5.124,4.519,5.044,4.046
"YER150W",9.82,10.763,10.086,9.842,9.76,9.604
"YER151C",6.61,7.113,6.649,7.498,7.342,7.645
"YER152C",4.246,4.589,5.598,5.39,4.927,5.217
"YER152W-A",2.145,2.003,3.863,2.429,2.274,2.626
"YER153C",0.892,1.588,0,3.055,1.189,0
"YER154W",4.539,5.431,5.215,4.847,4.587,5.571
"YER155C",8.42,7.869,8.202,9.187,8.936,9.006
"YER156C",4.69,4.464,4.924,5.114,4.927,5.001
"YER157W",5.481,4.862,5.529,5.963,5.633,5.789
"YER158C",7.347,7.194,7.782,8.794,8.751,8.622
"YER158W-A",4.991,5.619,4.071,4.213,4.14,4.522
"YER159C",4.87,6.38,4.692,5.286,5.152,5.405
"YER161C",5.949,6.947,5.787,7.05,6.86,6.81
"YER162C",5.908,6.071,5.954,6.495,6.86,6.906
"YER163C",5.395,5.005,6.005,5.578,5.872,5.571
"YER164W",6.743,7.327,6.616,7.858,7.976,7.984
"YER165C-A",4.036,3.464,4.414,4.771,4.424,4.439
"YER165W",8.441,8.52,8.605,9.038,8.858,8.646
"YER166W",7.665,7.38,8.267,8.54,8.494,8.352
"YER167W",6.204,6.29,6.323,7.187,6.937,7.136
"YER168C",5.24,5.326,5.787,4.847,6.233,5.448
"YER169W",6.153,6.253,6.773,8.16,8.168,8.09
"YER170W",4.429,4.174,4.56,3.965,2.887,3.131
"YER171W",5.613,5.397,6.239,5.784,6.105,5.887
"YER172C",6.957,6.48,7.45,8.005,8.047,8.177
"YER172C-A",1.439,1.002,2.464,1.3,2.887,2.626
"YER173W",4.737,5.134,4.924,5.231,6.022,5.72
"YER174C",6.1,5.705,6.832,6.347,6.48,6.474
"YER175C",4.783,4.589,5.38,5.894,5.595,5.314
"YER175W-A",2.145,0,2.959,1.972,2.887,2.626
"YER176W",6.302,7.698,6.713,7.298,7.482,7.175
"YER177W",9.192,9.401,9.86,9.575,9.608,9.517
"YER178W",8.599,8.322,9.367,8.644,8.626,8.608
"YER179W",0,2.811,0,1.972,3.914,3.131
"YER180C",3.877,4.759,4.253,4.322,4.14,3.329
"YER180C-A",3.791,3.174,2.959,3.49,2.613,3.66
"YER181C",0.892,1.002,0,3.055,2.613,1.197
"YER182W",7.152,7.753,6.773,7.187,7.198,7.226
"YER183C",4.737,4.812,4.812,4.918,5.299,4.815
"YER184C",4.827,4.174,5.954,5.745,5.556,5.684
"YER185W",3.6,3.004,4.253,3.49,4.031,1.197
"YER186C",6.007,6.175,6.583,6.691,7.053,6.724
"YER187W",2.617,3.705,2.959,3.49,4.336,3.8
"YFL001W",4.309,4.648,4.071,3.823,4.508,4.522
"YFL002C",5.508,6.175,5.456,4.424,5.203,5.166
"YFL003C",3.698,4.004,1.704,3.965,4.14,4.522
"YFL004W",7.695,7.456,8.246,8.54,8.468,8.408
"YFL005W",7.09,7.071,8.267,7.6,7.223,7.548
"YFL007W",8.038,7.656,9.149,9.12,9.059,9.135
"YFL008W",6.896,7.641,6.44,6.373,6.521,6.706
"YFL009W",5.424,5.677,6.103,6.321,6.105,6.092
"YFL010C",5.335,5.59,6.402,4.986,5.252,4.601
"YFL010W-A",4.429,5.496,5.215,4.519,5.044,4.522
"YFL011W",0.892,1.588,2.959,0,1.831,1.197
"YFL012W",0.892,1.002,1.704,0,1.189,0
"YFL012W-A",1.835,0,0,2.429,3.117,3.131
"YFL013C",5.508,5.837,5.663,6.093,6.459,6.41
"YFL013W-A",4.429,5.397,4.071,5.051,5.774,5.405
"YFL014W",9.342,10.553,9.227,9.341,9.713,10.021
"YFL015C",1.439,1.588,0,0,1.831,1.842
"YFL016C",6.967,8.516,7.354,7.451,7.63,7.681
"YFL017C",3.959,4.648,4.56,2.775,3.786,3.928
"YFL017W-A",5.304,5.786,5.844,5.231,4.587,4.154
"YFL018C",8.908,9.002,9.439,8.204,8.354,8.083
"YFL019C",1.439,2.811,1.704,3.666,3.646,3.329
"YFL020C",1.439,0,0,1.3,1.189,1.197
"YFL021C-A",4.309,4.648,5.3,6.563,6.233,6.32
"YFL021W",5.929,6.634,6.548,8.32,8.135,8.034
"YFL022C",6.221,5.837,6.681,6.123,6.157,6.32
"YFL023W",6.45,7.204,5.3,6.691,6.637,6.495
"YFL024C",5.365,5.959,5.844,6.267,6.58,6.576
"YFL025C",5.757,5.214,6.44,5.929,5.84,5.684
"YFL026W",3.6,3.812,3.62,4.322,4.987,3.66
"YFL027C",5.365,4.759,6.055,5.339,5.434,5.058
"YFL028C",6.348,6.512,6.583,5.929,6.373,5.979
"YFL029C",4.036,5.005,4.56,5.286,5.252,5.531
"YFL030W",7.616,7.719,8.288,8.908,8.958,8.709
"YFL031C-A",4.036,4.174,5.726,4.847,4.14,3.66
"YFL031W",7.966,8.608,9.322,8.153,8.054,7.961
"YFL032W",4.642,4.911,6.513,4.519,4.031,4.256
"YFL033C",7.369,7.431,7.674,8.855,8.789,8.745
"YFL034C-A",5.802,5.837,5.124,5.173,4.987,4.942
"YFL034C-B",4.429,4.862,3.863,3.49,3.117,3.329
"YFL034W",5.969,6.648,6.005,6.585,7.211,7.082
"YFL036W",8.173,7.766,8.427,8.092,8.267,7.828
"YFL037W",6.743,6.397,7.093,6.347,5.872,6.092
"YFL038C",7.936,8.308,8.202,8.069,8.116,8.117
"YFL039C",10.49,10.297,11.388,10.45,10.341,10.202
"YFL040W",2.972,3.589,2.959,2.429,1.189,3.131
"YFL041W",6.407,6.512,7.393,6.985,6.561,6.81
"YFL041W-A",2.145,3.004,0,4.424,3.914,3.8
"YFL042C",5.508,5.812,6.477,7.002,6.982,6.826
"YFL044C",5.71,4.705,6.832,5.894,6.105,5.684
"YFL045C",7.391,7.175,7.975,7.034,6.761,6.388
"YFL046W",5.067,5.397,4.414,4.608,4.865,5.267
"YFL047W",4.539,5.005,4.692,4.847,4.336,5.058
"YFL048C",6.519,6.544,7.14,6.153,6.208,6.223
"YFL049W",5.779,6.049,5.726,5.858,6.233,6.474
"YFL050C",6.478,6.271,6.803,7.018,7.235,6.843
"YFL051C",2.145,3.464,3.62,0,2.887,2.287
"YFL052W",5.273,5.174,6.281,4.918,3.49,3.504
"YFL053W",3.959,3.589,4.071,1.972,2.274,0
"YFL054C",4.109,4.326,5.124,3.288,4.927,4.154
"YFL055W",2.805,2.003,3.62,3.49,2.887,3.66
"YFL056C",5.273,3.464,6.323,1.972,1.831,1.842
"YFR001W",5.304,6.431,4.56,4.608,4.508,5.531
"YFR002W",7.034,6.705,7.093,6.711,6.727,6.793
"YFR003C",5.988,6.923,6.281,6.321,6.183,6.536
"YFR004W",7.391,7.786,7.469,6.809,7.094,7.068
"YFR005C",4.991,4.174,5.124,5.286,5.705,5.405
"YFR006W",7.765,7.388,8.36,8.246,8.343,8.157
"YFR007W",5.335,5.732,5.787,5.173,5.39,5.61
"YFR008W",3.121,4.174,3.863,3.823,3.914,4.154
"YFR009W",6.623,5.959,7.163,6.607,6.952,6.495
"YFR010W",8.029,8.144,7.625,7.521,7.916,7.681
"YFR010W-A",6.598,7.005,6.055,4.771,4.662,5.571
"YFR011C",7.771,7.918,7.293,5.664,5.964,6.272
"YFR012W",0.892,2.589,0,0,2.274,2.287
"YFR012W-A",0.892,0,1.704,1.3,1.189,0
"YFR013W",5.304,5.732,5.3,6.267,6.395,6.065
"YFR014C",6.519,6.677,6.513,6.917,6.828,6.706
"YFR015C",6.672,7.528,7.393,5.051,4.587,4.676
"YFR016C",7.47,8.796,6.743,8.021,8.365,8.408
"YFR017C",6.188,7.224,7.185,8.273,8.047,7.548
"YFR018C",2.805,3.589,4.071,3.823,3.316,3.131
"YFR019W",6.478,6.59,7.185,7.244,7.198,7.226
"YFR020W",4.991,5.252,5.3,6.061,5.808,5.405
"YFR021W",5.139,4.862,5.456,6.153,5.808,5.755
"YFR022W",3.698,4.705,5.027,6.347,6.373,6.037
"YFR023W",2.805,2.326,1.704,3.055,3.914,2.287
"YFR024C-A",6.559,6.29,7.163,6.969,6.561,6.576
"YFR025C",5.779,5.786,6.055,6.321,6.131,5.918
"YFR026C",1.439,1.588,2.959,0,2.274,1.197
"YFR027W",3.791,4.326,3.62,2.775,3.316,3.66
"YFR028C",5.03,5.326,6.195,5.339,5.203,5.058
"YFR029W",5.535,5.528,5.844,6.093,6.459,6.388
"YFR030W",7.531,7.559,8.329,7.589,7.223,7.136
"YFR031C",6.436,6.993,5.456,6.628,6.907,6.793
"YFR031C-A",6.917,7.336,7.393,6.952,6.691,6.891
"YFR032C",0.892,1.002,1.704,1.3,0,1.197
"YFR032C-A",8.35,8.508,8.158,6.518,6.844,7.136
"YFR032C-B",4.179,4.528,4.812,3.823,2.613,4.154
"YFR033C",10.237,11.575,9.641,10.009,10.296,10.415
"YFR034C",4.737,4.528,4.924,4.918,4.801,5.314
"YFR034W-A",3.494,3.326,3.327,3.965,2.887,2.9
"YFR035C",4.179,3.464,4.414,3.49,4.424,4.256
"YFR036W",4.783,4.959,4.071,4.094,5.203,4.601
"YFR036W-A",5.686,6.29,5.787,5.286,5.517,5.648
"YFR037C",6.422,7.134,6.888,6.182,6.328,6.146
"YFR038W",5.686,6.194,5.9,6.294,6.351,6.453
"YFR039C",6.045,5.759,6.513,5.578,5.84,5.314
"YFR040W",7.911,8.281,7.825,8.726,8.818,8.775
"YFR041C",6.378,6.993,5.124,4.692,5.152,5.058
"YFR042W",5.207,5.214,6.323,3.666,3.49,4.046
"YFR043C",3.959,4.911,3.327,4.322,4.14,3.928
"YFR044C",7.911,7.488,8.906,8.435,8.168,8.264
"YFR045W",5.561,5.29,6.055,6.061,5.964,5.789
"YFR046C",4.642,4.759,3.327,4.771,4.927,4.88
"YFR047C",6.027,5.786,6.803,6.628,6.811,6.793
"YFR048W",5.139,5.134,5.844,6.211,6.05,5.823
"YFR049W",7.837,8.304,8.039,6.917,6.907,7.068
"YFR050C",7.308,7.344,7.541,7.498,7.601,7.423
"YFR051C",5.273,6.496,6.055,6.239,5.84,6.146
"YFR052C-A",3.877,5.464,4.253,5.997,5.346,5.72
"YFR052W",7.491,7.362,7.314,6.495,6.86,6.967
"YFR053C",9.231,9.674,9.901,10.493,10.561,10.526
"YFR054C",0,1.002,2.464,0,1.189,1.842
"YFR055W",5.587,4.464,6.477,7.172,7.08,6.967
"YFR056C",2.805,2.326,2.464,4.692,4.14,4.154
"YFR057W",0,1.002,0,0,1.189,1.197
"YGL001C",6.533,6.005,7.575,8.416,8.075,8.104
"YGL002W",4.309,4.862,5.598,6.294,6.022,5.36
"YGL003C",5.24,5.134,6.103,6.239,5.774,5.491
"YGL004C",5.03,4.528,5.598,5.533,5.346,5.491
"YGL005C",5.929,5.837,4.924,5.705,5.203,5.949
"YGL006W",7.609,8.113,7.811,8.453,8.539,8.441
"YGL006W-A",2.4,3.004,1.704,1.972,3.117,1.197
"YGL007C-A",1.439,1.588,2.464,3.055,2.613,1.197
"YGL007W",1.439,2.589,4.071,4.692,4.14,4.601
"YGL008C",11.526,10.903,12.017,12.886,12.825,12.513
"YGL009C",7.986,7.204,8.851,9.325,9.291,9.256
"YGL010W",4.783,5.174,5.726,5.533,4.927,5.405
"YGL011C",8.311,8.331,8.418,7.6,7.991,8.151
"YGL012W",6.708,5.648,7.374,8.435,8.012,8.02
"YGL013C",6.254,6.512,6.583,7.23,7.397,7.445
"YGL014C-A",1.835,1.002,1.704,1.3,1.189,2.287
"YGL014W",5.365,6.154,6.005,6.211,6.05,5.789
"YGL015C",1.835,1.588,4.071,2.429,2.613,1.197
"YGL016W",6.333,5.252,7.019,6.585,6.673,6.432
"YGL017W",4.109,4.397,4.253,5.231,5.152,5.001
"YGL018C",4.37,5.252,4.692,3.055,3.914,4.747
"YGL019W",6.684,6.271,7.413,7.002,6.417,6.633
"YGL020C",5.304,5.619,5.9,5.578,5.669,5.217
"YGL021W",4.485,4.004,4.56,4.692,4.424,4.046
"YGL022W",6.66,6.982,7.505,6.471,6.876,6.576
"YGL023C",5.365,5.59,5.726,6.123,6.022,5.949
"YGL024W",2.972,1.588,3.327,2.429,2.887,2.9
"YGL025C",4.37,4.397,4.812,5.051,4.336,4.601
"YGL026C",7.545,7.233,8.246,7.285,7.211,6.937
"YGL027C",6.732,5.959,7.272,6.711,6.351,6.41
"YGL028C",6.171,5.648,6.103,5.339,4.987,5.267
"YGL029W",4.991,6.634,3.863,4.094,4.336,4.942
"YGL030W",8.779,8.456,9.2,8.494,8.473,8.02
"YGL031C",8.276,7.959,7.896,6.917,7.198,7.251
"YGL032C",1.439,2.326,3.863,1.3,1.831,0
"YGL033W",3.121,3.326,2.959,1.3,1.831,0
"YGL034C",0.892,1.002,0,1.3,1.831,1.842
"YGL035C",5.481,6.154,5.954,6.373,6.637,6.595
"YGL036W",6.118,6.344,5.954,6.917,6.891,7.082
"YGL037C",8.147,8.899,8.501,8.794,8.874,8.866
"YGL038C",6.957,6.397,7.314,6.607,7.147,7.054
"YGL039W",4.737,4.252,4.253,4.771,4.801,4.815
"YGL040C",7.178,7.185,7.706,7.187,6.967,6.432
"YGL041C",4.69,5.326,4.56,3.49,3.646,4.154
"YGL041C-B",2.805,2.326,3.327,1.3,1.831,2.9
"YGL041W-A",6.064,6.271,5.844,4.692,5.434,5.405
"YGL042C",4.642,5.528,4.414,4.424,4.508,4.35
"YGL043W",5.823,5.464,5.726,4.986,5.74,5.684
"YGL044C",5.561,5.812,5.456,6.211,6.05,6.008
"YGL045W",6.464,6.959,6.915,6.471,6.521,6.576
"YGL047W",4.429,4.397,5.027,3.49,4.336,2.9
"YGL048C",7.885,7.838,8.039,7.377,7.533,7.691
"YGL049C",6.45,6.634,5.954,6.628,6.709,6.474
"YGL050W",5.424,5.559,5.027,5.173,5.84,5.448
"YGL054C",7.504,7.733,7.854,7.867,7.533,7.853
"YGL055W",9.882,9.733,10.441,12.25,12.168,12.199
"YGL056C",5.887,6.134,6.477,5.705,5.964,5.405
"YGL057C",4.783,4.648,4.924,5.114,5.517,5.058
"YGL058W",6.672,6.691,6.548,5.745,5.152,5.918
"YGL059W",6.171,6.512,6.402,6.373,6.637,6.906
"YGL060W",4.991,4.252,5.954,4.519,4.865,5.113
"YGL061C",5.24,4.911,4.253,3.823,4.587,4.35
"YGL062W",9.052,9.378,9.795,8.053,8.068,8.151
"YGL063W",2.4,1.588,3.863,3.055,0,1.197
"YGL064C",4.87,4.911,4.253,3.965,5.299,4.601
"YGL065C",5.845,5.362,5.787,5.339,5.705,6.065
"YGL066W",5.304,6.634,5.456,6.518,6.618,6.556
"YGL067W",5.779,5.464,6.649,5.894,6.233,5.684
"YGL068W",7.59,7.318,7.975,6.65,6.811,6.576
"YGL069C",7.015,6.746,7.796,5.533,6.077,5.887
"YGL070C",5.424,5.648,5.215,4.322,5.044,4.35
"YGL071W",5.613,6.29,5.38,7.05,7.248,7.251
"YGL072C",5.067,5.528,4.253,4.094,5.152,5.166
"YGL073W",7.377,7.918,6.773,7.663,7.869,7.931
"YGL074C",3.791,4.911,4.692,4.771,4.587,5.058
"YGL075C",5.24,4.959,5.38,4.847,5.044,5.217
"YGL076C",6.585,6.362,6.968,5.784,5.903,5.855
"YGL077C",7.837,7.552,8.778,8.482,8.499,8.258
"YGL078C",6.957,7.536,6.915,6.182,6.157,6.092
"YGL079W",3.877,4.589,3.62,4.094,4.336,4.942
"YGL080W",6.171,6.605,5.726,5.439,5.152,5.789
"YGL081W",3.121,4.004,2.464,3.055,2.887,2.9
"YGL082W",5.887,6.194,6.103,6.153,5.934,6.092
"YGL083W",5.335,5.005,5.954,6.182,6.351,6.248
"YGL084C",6.118,6.214,7.229,6.628,6.599,6.67
"YGL085W",4.036,4.648,4.071,4.094,5.044,4.747
"YGL086W",5.779,7.439,4.253,5.231,5.476,5.823
"YGL087C",5.424,6.308,6.103,6.029,5.993,6.172
"YGL089C",1.835,3.004,0,2.429,2.274,2.9
"YGL090W",4.485,4.759,4.414,5.173,4.733,4.88
"YGL091C",5.561,5.619,6.44,5.231,5.39,5.405
"YGL092W",5.988,6.027,6.477,6.447,6.58,6.119
"YGL093W",5.887,5.559,6.103,5.997,5.993,6.272
"YGL094C",6.927,6.719,6.713,7.414,7.107,7.498
"YGL095C",6.082,6.528,6.281,6.239,6.459,6.536
"YGL096W",6.302,7.165,6.649,7.946,7.862,7.654
"YGL097W",5.929,6.005,6.583,6.347,5.903,6.119
"YGL098W",4.69,4.464,4.56,5.439,4.733,5.113
"YGL099W",5.508,5.887,5.787,5.114,4.987,5.531
"YGL100W",5.929,5.362,6.005,5.997,6.157,5.755
"YGL101W",5.424,5.619,6.103,5.997,5.595,5.855
"YGL102C",9.709,9.185,10.224,8.649,8.834,8.718
"YGL103W",9.785,9.418,10.374,8.989,9.048,8.917
"YGL104C",4.539,3.812,5.027,5.286,5.099,5.448
"YGL105W",7.331,6.993,7.69,7.325,7.295,7.054
"YGL106W",6.118,6.786,5.9,6.182,5.872,5.949
"YGL107C",6.833,6.271,7.093,6.585,6.655,6.859
"YGL108C",5.24,6.175,4.812,4.424,5.044,4.35
"YGL109W",4.69,5.677,4.414,4.322,4.424,4.815
"YGL110C",5.587,6.414,5.124,5.664,5.595,5.789
"YGL111W",4.991,5.397,5.38,5.114,5.346,4.676
"YGL112C",5.638,5.214,6.239,5.894,6.05,6.008
"YGL113W",4.991,5.134,4.924,5.487,5.517,5.267
"YGL114W",7.634,7.253,8.844,6.985,7.147,6.997
"YGL115W",6.45,6.344,7.207,6.447,6.417,6.495
"YGL116W",5.866,6.38,6.15,5.173,4.801,4.747
"YGL117W",8.272,8.887,7.923,4.692,4.14,3.8
"YGL118C",1.835,2.003,3.62,0,0,1.197
"YGL119W",6.171,5.677,7.019,6.093,6.157,5.755
"YGL120C",6.045,5.959,5.38,5.173,5.669,5.918
"YGL121C",7.874,7.887,8.418,7.338,7.451,7.345
"YGL122C",6.436,6.233,7.019,6.985,6.922,6.826
"YGL123C-A",7.788,6.773,8.111,7.082,7.011,7.238
"YGL123W",9.164,8.681,9.681,8.494,8.36,8.246
"YGL124C",4.737,4.528,5.124,5.622,5.669,5.855
"YGL125W",5.424,5.863,6.44,6.65,6.86,6.67
"YGL126W",5.24,5.732,6.402,4.519,4.587,4.154
"YGL127C",4.827,5.559,5.38,4.986,5.152,4.439
"YGL128C",4.246,4.464,3.327,3.823,4.927,4.35
"YGL129C",6.672,6.719,6.773,6.093,6.131,6.198
"YGL130W",5.823,5.837,6.477,6.182,6.395,6.41
"YGL131C",6.302,6.175,6.803,7.621,7.711,7.616
"YGL132W",3.38,2.589,3.62,4.094,4.508,4.256
"YGL133W",6.977,7.439,7.14,7.839,8.005,7.923
"YGL134W",5.335,5.496,6.195,6.67,6.561,6.474
"YGL135W",6.708,5.959,7.207,6.827,6.655,6.092
"YGL136C",5.24,5.677,5.124,6.182,6.395,6.092
"YGL137W",7.413,7.308,8.257,7.463,7.26,7.402
"YGL139W",6.188,5.911,6.743,6.809,7.011,7.011
"YGL140C",7.564,7.271,8.369,8.832,8.858,8.701
"YGL141W",6.064,6.154,6.915,6.935,7.173,7.251
"YGL142C",5.71,5.528,6.402,6.563,6.438,6.388
"YGL143C",5.845,5.911,5.844,6.182,6.395,6.516
"YGL144C",5.587,5.049,6.103,6.061,6.438,6.388
"YGL145W",5.139,4.911,4.253,5.745,5.595,5.491
"YGL146C",3.791,2.811,4.56,3.49,3.49,3.131
"YGL147C",5.453,4.959,5.787,4.094,4.14,3.66
"YGL148W",7.203,7.431,8.001,6.563,6.48,6.223
"YGL149W",3.698,5.134,3.863,4.608,5.39,4.522
"YGL150C",7.22,7.786,7.163,8.211,8.181,8.282
"YGL151W",6.572,6.48,5.726,6.563,6.438,6.688
"YGL152C",4.87,5.092,4.812,5.114,5.774,5.571
"YGL153W",5.424,5.677,5.726,6.294,5.934,6.198
"YGL154C",3.959,4.589,5.124,5.173,5.099,5.217
"YGL155W",4.246,4.004,3.863,5.173,4.801,4.676
"YGL156W",8.342,8.77,9.178,9.712,9.841,9.703
"YGL157W",7.558,7.185,7.393,6.541,6.876,6.793
"YGL158W",2.4,2.589,2.959,3.288,3.316,3.504
"YGL159W",4.309,4.252,5.124,5.533,5.203,5.267
"YGL160W",5.845,5.677,6.44,6.809,6.417,6.248
"YGL161C",6.254,6.027,6.86,6.398,6.131,6.556
"YGL162W",1.439,2.326,0,1.972,0,1.842
"YGL163C",6.348,7.027,7.069,7.377,6.967,7.334
"YGL164C",5.173,5.959,4.924,4.918,5.556,5.648
"YGL165C",5.103,5.326,5.124,5.533,5.774,5.405
"YGL166W",5.067,5.648,5.663,5.622,5.517,5.405
"YGL167C",7.788,7.705,8.844,7.929,7.729,7.7
"YGL168W",5.508,6.344,5.663,5.578,5.39,5.314
"YGL169W",4.991,5.174,5.3,5.173,5.595,5.267
"YGL170C",2.4,3.174,2.464,3.666,2.274,3.131
"YGL171W",5.304,5.59,5.215,4.918,5.044,5.72
"YGL172W",5.304,5.619,5.529,5.784,6.131,5.979
"YGL173C",8.19,8.418,8.694,8.818,8.806,8.792
"YGL174W",5.304,5.397,2.464,4.424,4.14,4.942
"YGL175C",3.121,3.326,4.414,3.965,3.646,2.626
"YGL176C",4.737,5.005,5.726,5.114,5.808,5.405
"YGL177W",3.877,2.589,4.071,4.322,5.099,4.439
"YGL178W",7.143,7.027,6.968,8.232,7.976,8.097
"YGL179C",5.273,6.092,6.005,6.347,6.131,6.037
"YGL180W",6.171,6.605,6.649,8.092,7.916,7.744
"YGL181W",5.067,5.362,5.726,5.929,5.633,5.755
"YGL182C",3.38,2.811,1.704,2.429,1.189,2.287
"YGL183C",3.6,5.092,3.62,3.823,3.316,3.66
"YGL184C",5.969,6.663,6.681,6.061,5.556,5.684
"YGL185C",4.429,4.862,5.3,5.745,5.705,5.755
"YGL186C",7.564,7.705,8.36,7.849,7.862,7.597
"YGL187C",10.003,10.037,10.434,9.244,9.369,9.271
"YGL188C",7.006,7.935,7.116,6.9,6.48,6.32
"YGL188C-A",1.439,3.589,1.704,3.965,3.316,2.9
"YGL189C",8.574,8.729,8.446,7.92,7.924,8.164
"YGL190C",6.72,6.344,6.323,7.097,7.011,7.122
"YGL191W",10.09,10.78,9.901,9.717,9.847,10.037
"YGL192W",5.139,5.005,6.195,4.918,5.669,5.314
"YGL194C",4.737,4.959,5.215,5.339,5.633,5.001
"YGL194C-A",4.485,3.812,4.253,3.288,3.316,3.504
"YGL195W",7.864,7.271,9.017,8.54,8.337,8.462
"YGL196W",7.143,7.29,7.962,8.182,8.255,8.07
"YGL197W",6.064,6.431,6.681,7.338,7.295,7.402
"YGL198W",5.71,5.252,6.773,5.858,5.517,5.571
"YGL199C",5.03,4.705,5.598,5.231,4.424,3.131
"YGL200C",7.911,7.648,8.554,6.731,6.844,6.826
"YGL201C",5.686,5.982,5.9,5.997,6.328,6.198
"YGL202W",7.195,6.85,8.026,6.864,6.709,6.495
"YGL203C",6.188,7.175,5.726,6.969,7.08,7.109
"YGL204C",1.835,2.589,1.704,1.3,3.316,1.197
"YGL205W",4.539,4.648,5.456,7.018,6.655,7.054
"YGL206C",9.038,8.071,9.784,9.504,9.545,9.721
"YGL207W",7.484,7.414,7.796,7.097,7.211,7.558
"YGL208W",4.952,5.252,5.787,5.286,5.476,5.113
"YGL209W",5.03,5.648,4.253,6.65,6.395,5.949
"YGL210W",6.007,6.559,6.195,5.821,6.438,6.119
"YGL211W",5.508,5.648,6.616,6.541,6.438,6.343
"YGL212W",4.991,4.326,4.692,5.114,4.987,5.166
"YGL213C",6.153,5.496,6.281,6.029,5.74,5.684
"YGL214W",4.539,5.005,5.456,5.231,5.099,4.601
"YGL215W",5.03,6.005,5.844,7.521,7.319,7.299
"YGL216W",5.335,4.812,5.726,6.182,6.373,5.855
"YGL217C",2.617,2.326,3.863,2.775,3.49,3.131
"YGL218W",6.064,5.863,6.402,4.847,5.517,5.61
"YGL219C",7.671,8.081,7.721,7.285,7.573,7.961
"YGL220W",5.823,5.362,6.803,5.821,5.633,5.267
"YGL221C",6.378,5.559,6.103,5.439,5.964,5.755
"YGL222C",5.71,6.194,5.598,6.321,6.281,6.172
"YGL223C",5.453,5.005,5.844,5.784,5.633,5.448
"YGL224C",6.027,5.982,5.844,5.784,6.233,6.474
"YGL225W",7.531,6.887,8.446,7.451,7.211,7.095
"YGL226C-A",6.45,6.634,6.832,5.821,6.105,6.388
"YGL226W",5.866,5.935,5.954,5.231,5.633,5.448
"YGL227W",6.732,6.528,6.323,7.451,7.482,7.558
"YGL228W",7.134,7.353,7.541,7.802,7.788,7.961
"YGL229C",4.246,4.911,3.863,5.929,6.077,5.72
"YGL230C",2.145,3.004,1.704,1.3,0,1.197
"YGL231C",5.929,5.982,5.954,5.231,5.74,5.918
"YGL232W",4.246,4.705,3.62,3.823,4.241,4.522
"YGL233W",5.929,6.308,6.477,6.123,6.157,6.32
"YGL234W",6.61,6.027,7.541,5.622,5.774,5.887
"YGL235W",2.972,1.588,3.327,2.429,0,2.9
"YGL236C",4.485,5.362,5.726,5.286,4.801,5.113
"YGL237C",3.494,3.464,2.959,3.49,2.274,3.329
"YGL238W",7.178,6.544,7.334,7.172,7.198,7.226
"YGL239C",3.257,2.589,4.253,3.823,3.786,2.287
"YGL240W",2.4,2.589,4.253,4.213,3.914,4.154
"YGL241W",5.638,4.911,5.954,5.533,5.993,5.755
"YGL242C",4.737,4.648,2.959,5.051,4.587,4.601
"YGL243W",4.246,4.252,4.56,4.608,4.508,4.439
"YGL244W",6.559,7.016,5.9,5.997,6.131,6.248
"YGL245W",7.491,7.362,8.146,8.211,8.135,8.24
"YGL246C",6.171,5.648,6.15,5.339,5.595,5.405
"YGL247W",4.485,5.214,4.812,4.608,4.865,4.815
"YGL248W",6.204,6.464,6.323,6.65,6.891,6.536
"YGL249W",3.791,4.004,4.253,4.322,4.241,4.88
"YGL250W",4.591,4.589,6.005,4.519,4.987,5.217
"YGL251C",4.591,4.174,5.124,6.239,6.281,6.065
"YGL252C",7.292,7.204,7.782,7.475,7.737,7.726
"YGL253W",7.308,7.081,8.169,8.471,8.631,8.403
"YGL254W",5.139,4.252,5.215,5.231,5.434,5.648
"YGL255W",4.539,4.812,5.3,5.929,5.434,5.531
"YGL256W",4.591,4.812,5.027,5.858,5.152,5.36
"YGL257C",5.207,5.092,6.055,6.093,6.257,5.979
"YGL258W-A",3.494,2.811,3.327,3.965,2.887,2.9
"YGL259W",3.38,1.588,3.327,3.666,3.316,4.154
"YGL262W",2.805,3.464,4.253,3.823,4.241,2.626
"YGL263W",2.4,1.002,3.863,4.322,5.152,5.166
"YGR001C",5.067,5.732,5.3,5.745,6.05,5.61
"YGR002C",5.365,5.362,5.3,5.578,6.157,6.092
"YGR003W",5.949,4.959,6.616,6.864,6.561,6.556
"YGR004W",4.429,4.174,4.924,4.771,4.508,4.601
"YGR005C",6.27,6.786,5.954,6.294,6.459,6.576
"YGR006W",4.309,3.812,3.863,3.288,3.49,3.8
"YGR007W",5.587,5.619,5.954,6.65,6.131,6.037
"YGR008C",8.029,9.087,7.782,6.67,6.744,7.334
"YGR009C",6.843,7.838,6.281,7.271,7.364,7.7
"YGR010W",4.539,3.911,4.414,4.771,4.927,5.314
"YGR011W",2.4,1.588,3.62,3.288,2.887,3.329
"YGR012W",4.69,4.705,5.027,4.918,4.865,4.601
"YGR013W",5.757,6.76,6.402,6.423,6.305,6.495
"YGR014W",6.136,6.397,6.968,6.423,6.58,6.32
"YGR015C",4.179,4.174,4.56,3.823,3.117,2.626
"YGR016W",2.805,3.464,3.863,3.49,3.117,4.046
"YGR017W",6.302,6.663,6.055,5.821,6.395,6.008
"YGR018C",4.912,5.174,4.253,3.965,4.987,4.815
"YGR019W",4.827,5.252,5.3,7.128,7.248,7.136
"YGR020C",6.708,6.923,7.251,6.864,6.599,6.576
"YGR021W",5.929,6.214,5.954,5.051,6.157,5.448
"YGR022C",3.38,3.004,4.253,4.519,4.14,4.35
"YGR023W",4.246,4.812,5.663,6.423,6.618,6.556
"YGR024C",5.779,5.786,6.103,6.211,6.501,6.576
"YGR025W",4.591,5.092,4.071,5.39,5.595,5.72
"YGR026W",7.339,7.388,7.314,8.013,7.998,8.196
"YGR027C",8.871,8.743,9.661,8.218,8.509,8.452
"YGR028W",7.292,7.448,7.625,6.827,6.907,6.652
"YGR029W",5.929,6.154,5.787,5.533,5.595,5.571
"YGR030C",4.179,5.252,3.863,4.986,5.39,5.648
"YGR031C-A",3.257,2.589,3.62,1.972,2.887,2.287
"YGR031W",4.429,4.004,4.692,4.213,4.662,4.439
"YGR032W",10.399,10.256,11.637,11.636,11.516,11.279
"YGR033C",5.686,5.837,5.787,5.533,5.993,5.571
"YGR034W",7.665,7.281,7.767,6.985,7.198,7.054
"YGR035C",3.38,4.705,2.464,6.518,6.599,6.724
"YGR035W-A",2.805,4.174,3.62,4.771,5.099,5.166
"YGR036C",3.877,3.705,4.414,5.114,4.336,4.942
"YGR037C",7.47,7.406,7.825,7.271,7.451,7.162
"YGR038W",4.179,4.397,4.812,5.39,5.434,5.531
"YGR039W",2.4,2.811,3.327,1.972,1.831,1.842
"YGR040W",4.485,3.705,5.38,4.094,4.031,4.154
"YGR041W",5.535,5.29,6.005,5.487,5.517,5.448
"YGR042W",5.638,6.308,5.38,5.487,5.252,5.61
"YGR043C",6.007,6.496,6.055,7.578,7.553,7.726
"YGR044C",4.309,4.705,5.787,5.664,5.74,5.755
"YGR045C",2.145,2.326,2.464,3.288,2.887,2.287
"YGR046W",5.424,5.559,5.787,5.487,6.233,5.72
"YGR047C",6.506,6.344,6.103,6.67,6.967,7.054
"YGR048W",5.969,6.397,6.402,5.894,5.872,5.918
"YGR049W",4.69,4.397,4.253,6.495,6.599,6.759
"YGR050C",3.6,2.589,3.62,4.213,4.733,3.928
"YGR051C",1.439,2.326,2.464,3.823,2.887,3.131
"YGR052W",3.698,3.464,1.704,6.153,6.811,6.576
"YGR053C",4.591,5.092,4.56,4.519,4.662,5.491
"YGR054W",5.561,5.214,5.663,5.439,5.39,5.531
"YGR055W",4.246,4.589,4.56,1.972,3.117,1.842
"YGR056W",4.539,5.326,5.844,5.439,6.131,5.823
"YGR057C",5.24,5.29,4.071,4.918,4.865,4.256
"YGR058W",5.71,5.812,6.548,5.894,6.208,5.855
"YGR059W",2.145,3.326,1.704,1.3,2.274,1.842
"YGR060W",8.528,8.439,8.793,9.788,9.677,9.758
"YGR061C",8.19,7.52,9.073,7.92,7.983,7.828
"YGR062C",5.24,5.134,5.787,4.608,4.865,4.815
"YGR063C",5.686,5.092,6.681,5.339,4.865,5.267
"YGR064W",4.737,4.528,5.38,4.771,4.14,4.154
"YGR065C",6.027,5.326,6.583,5.664,5.669,5.113
"YGR066C",3.791,4.326,3.327,5.051,5.099,4.522
"YGR067C",6.533,6.528,7.293,4.213,3.914,4.046
"YGR068C",3.6,3.589,4.812,3.823,4.587,4.439
"YGR068W-A",1.439,0,0,1.3,1.189,0
"YGR069W",1.835,1.588,3.327,0,0,1.197
"YGR070W",6.743,7.154,6.942,7.244,7.353,7.082
"YGR071C",5.613,5.092,5.598,5.745,5.903,6.172
"YGR072W",5.969,7.353,5.124,6.77,7.011,7.162
"YGR073C",4.109,3.589,5.3,3.49,4.424,3.928
"YGR074W",5.365,4.862,5.38,5.173,5.044,4.942
"YGR075C",4.429,4.528,5.844,4.771,4.801,4.815
"YGR076C",5.139,5.911,4.924,4.608,4.424,5.267
"YGR077C",5.304,5.29,5.529,5.487,5.705,5.648
"YGR078C",3.698,3.911,2.959,3.666,3.316,3.8
"YGR079W",5.969,5.559,6.513,7.793,7.472,7.322
"YGR080W",6.153,6.194,6.323,6.471,6.208,6.759
"YGR081C",4.737,4.705,4.924,3.823,2.887,3.8
"YGR082W",6.286,6.935,7.609,6.607,6.373,6.248
"YGR083C",6.407,7.488,6.323,6.153,6.501,6.432
"YGR084C",5.802,6.327,5.954,4.986,5.74,5.72
"YGR085C",7.09,6.959,7.116,5.745,5.903,6.119
"YGR086C",8.219,8.884,8.671,8.601,8.818,8.8
"YGR087C",5.139,4.959,5.529,10.225,10.247,10.271
"YGR088W",5.207,6.154,6.005,10.789,10.771,10.766
"YGR089W",7.324,7.559,6.649,7.018,7.134,7.558
"YGR090W",6.843,6.134,7.272,6.563,6.655,6.759
"YGR091W",3.257,4.004,3.62,4.608,4.662,4.154
"YGR092W",4.485,4.528,5.663,4.519,4.336,4.601
"YGR093W",5.988,6.154,5.844,6.153,5.774,6.453
"YGR094W",8.138,8.103,8.992,8.334,8.371,8.227
"YGR095C",5.71,5.982,5.529,4.608,5.556,5.571
"YGR096W",3.121,3.004,3.62,4.094,3.914,3.329
"YGR097W",6.007,5.812,7.229,7.298,7.094,7.379
"YGR098C",6.436,5.732,6.44,6.827,6.637,6.614
"YGR099W",5.508,5.326,6.583,5.997,6.105,5.684
"YGR100W",6.464,6.464,7.272,7.066,7.08,6.982
"YGR101W",5.823,5.59,6.681,5.929,4.865,5.405
"YGR102C",5.067,6.113,4.071,6.123,6.157,6.248
"YGR103W",6.708,7.472,6.363,6.471,6.183,6.576
"YGR104C",4.912,4.705,4.812,3.823,4.031,4.256
"YGR105W",5.535,6.027,4.692,5.173,4.927,5.405
"YGR106C",7.9,7.619,8.733,8.061,8.005,8.144
"YGR107W",0,1.002,2.464,1.3,0,0
"YGR108W",4.485,3.326,4.071,1.972,2.613,2.9
"YGR109C",2.972,2.003,1.704,1.3,1.831,0
"YGR110W",6.082,5.705,6.323,6.123,5.517,5.887
"YGR111W",5.561,5.705,5.787,5.997,6.105,5.918
"YGR112W",5.866,5.464,6.281,6.061,6.05,5.531
"YGR113W",3.959,4.589,4.071,5.784,5.595,5.755
"YGR115C",5.103,6.464,4.924,5.622,5.044,5.72
"YGR116W",8.066,8.393,7.868,8.204,8.109,8.196
"YGR117C",5.561,5.496,5.954,5.622,5.993,5.755
"YGR118W",7.788,7.092,8.191,7.325,7.235,7.287
"YGR119C",5.508,5.786,5.027,5.051,4.336,5.001
"YGR120C",4.783,4.092,4.812,4.322,5.152,4.942
"YGR121C",4.109,4.326,5.3,6.211,5.934,5.531
"YGR121W-A",0,2.811,2.464,1.3,1.189,1.197
"YGR122W",4.109,3.589,3.863,5.231,5.299,5.113
"YGR123C",4.69,4.004,4.924,4.692,5.044,4.676
"YGR124W",7.362,7.271,7.988,6.211,5.84,6.119
"YGR125W",8.951,8.909,9.291,10.643,10.696,10.622
"YGR126W",3.38,3.326,1.704,3.965,3.786,4.154
"YGR127W",4.737,4.862,4.692,5.705,5.993,6.037
"YGR128C",6.064,5.464,5.124,4.519,4.14,4.88
"YGR129W",4.37,4.705,3.327,4.213,3.786,5.166
"YGR130C",7.771,8.789,7.044,8.123,8.187,8.364
"YGR131W",2.617,2.003,3.327,4.213,3.786,3.928
"YGR132C",8.452,8.276,8.694,7.821,8.005,8.049
"YGR133W",4.429,4.252,5.124,5.114,4.865,5.001
"YGR134W",5.845,5.29,6.743,6.607,6.438,6.595
"YGR135W",7.641,7.856,7.825,7.158,7.248,7.368
"YGR136W",5.757,5.29,6.15,5.339,5.517,5.571
"YGR137W",3.38,4.589,3.863,3.055,3.49,3.66
"YGR138C",5.561,6.271,6.323,6.846,7.134,6.859
"YGR139W",2.805,3.004,2.959,2.775,2.613,4.154
"YGR140W",5.453,5.326,5.529,5.533,4.927,5.314
"YGR141W",5.395,5.29,5.9,6.294,6.459,6.172
"YGR142W",9.542,11.137,9.327,5.997,6.417,6.474
"YGR143W",7.211,6.959,7.896,8.628,8.514,8.473
"YGR144W",3.38,3.326,4.692,6.239,6.208,6.248
"YGR145W",6.153,6.327,5.844,6.563,6.183,6.172
"YGR146C",3.959,3.464,4.692,4.094,4.733,4.815
"YGR146C-A",0,1.002,2.959,3.055,2.887,1.842
"YGR147C",6.363,5.982,7.044,6.691,6.48,6.759
"YGR148C",7.641,7.899,7.706,6.711,6.438,6.906
"YGR149W",5.453,5.362,6.363,6.447,6.501,6.688
"YGR150C",6.865,6.875,6.195,6.294,6.618,6.688
"YGR152C",3.698,3.004,3.863,2.775,3.316,3.66
"YGR153W",4.109,4.326,5.456,5.339,5.346,5.217
"YGR154C",5.365,5.092,5.787,6.471,6.521,5.918
"YGR155W",7.837,7.739,8.202,7.734,7.729,7.778
"YGR156W",4.539,4.759,4.56,5.39,4.865,5.217
"YGR157W",8.487,7.634,9.206,8.908,8.913,8.783
"YGR158C",5.24,4.326,5.215,4.322,4.031,5.001
"YGR159C",6.519,5.362,6.773,6.123,6.257,6.065
"YGR160W",4.827,3.464,4.924,5.173,5.39,5.001
"YGR161C",6.854,7.362,7.374,8.175,7.946,8.063
"YGR161W-C",5.802,6.027,6.44,4.918,4.336,4.676
"YGR162W",7.435,7.038,7.558,7.498,7.582,7.368
"YGR163W",5.929,6.512,6.281,6.153,6.373,5.887
"YGR164W",2.805,1.588,2.959,1.972,1.189,1.197
"YGR165W",6.533,6.233,6.915,6.447,6.305,6.119
"YGR166W",4.991,4.326,4.924,5.231,4.987,4.35
"YGR167W",7.377,7.582,7.093,7.258,7.173,7.368
"YGR168C",4.429,4.911,4.071,5.286,4.662,5.314
"YGR169C",2.617,3.174,2.464,3.288,4.336,3.504
"YGR169C-A",5.802,7.327,4.812,5.487,5.964,6.119
"YGR170W",6.118,5.863,6.103,6.153,6.58,6.688
"YGR171C",4.737,4.528,5.027,5.439,5.044,4.601
"YGR172C",3.494,3.812,4.692,3.823,4.241,4.046
"YGR173W",5.067,4.092,5.3,4.213,4.508,4.35
"YGR174C",6.393,6.705,7.019,7.082,7.173,7.136
"YGR174W-A",2.972,4.004,2.464,3.49,3.914,4.439
"YGR175C",8.089,7.336,9.048,10.149,10.054,9.961
"YGR176W",0.892,1.588,1.704,1.972,0,1.842
"YGR177C",2.805,2.326,3.327,3.823,3.914,3.131
"YGR178C",7.369,6.512,7.854,7.653,7.737,7.538
"YGR179C",4.87,4.528,4.071,4.322,4.424,4.154
"YGR180C",8.686,8.508,9.539,8.404,8.349,8.386
"YGR181W",5.823,5.863,6.055,4.608,4.336,4.88
"YGR182C",7.799,8.504,7.251,7.544,7.763,7.663
"YGR183C",9.657,9.736,9.476,8.836,9.045,9.039
"YGR184C",8.514,8.044,9.194,9.187,9.13,9.168
"YGR185C",6.118,6.154,6.477,5.39,5.252,5.405
"YGR186W",7.316,8.118,7.558,8.54,8.924,8.874
"YGR187C",5.273,5.362,5.3,4.771,4.587,4.601
"YGR188C",5.24,5.049,5.215,4.847,5.633,5.61
"YGR189C",7.081,6.85,8.111,5.578,5.152,5.36
"YGR190C",3.257,4.004,4.071,5.533,5.705,5.314
"YGR191W",5.949,6.027,6.15,7.034,7.419,7.402
"YGR192C",9.68,9.804,10.482,10.731,10.595,10.432
"YGR193C",5.686,5.863,5.9,5.963,5.669,5.61
"YGR194C",6.118,6.005,6.803,6.093,6.395,6.223
"YGR195W",5.613,5.619,5.3,3.666,4.927,4.747
"YGR196C",6.188,6.691,6.239,6.731,7.067,7.04
"YGR197C",4.69,5.134,5.027,5.114,4.987,5.001
"YGR198W",6.171,6.214,6.402,5.745,6.373,6.065
"YGR199W",6.598,6.397,7.469,7.285,6.618,6.81
"YGR200C",5.949,5.812,6.005,5.894,5.808,6.008
"YGR201C",4.109,4.812,4.924,8.649,8.529,8.403
"YGR202C",6.188,7.038,6.649,6.79,7.295,6.922
"YGR203W",3.791,3.004,4.692,2.775,3.786,3.66
"YGR204C-A",0,1.588,0,1.3,1.831,2.287
"YGR204W",7.081,7.281,7.854,7.475,7.039,7.287
"YGR205W",5.535,5.705,5.38,5.963,6.131,6.119
"YGR206W",4.642,4.959,4.56,4.692,4.241,4.601
"YGR207C",6.896,6.59,6.803,5.929,5.993,6.495
"YGR208W",5.067,4.648,5.726,4.094,4.241,3.329
"YGR209C",9.052,9.194,9.322,9.034,9.133,9.327
"YGR210C",6.221,6.308,6.402,5.963,6.105,6.198
"YGR211W",7.316,7.544,8.202,5.929,6.305,6.272
"YGR212W",4.539,4.004,5.124,4.094,4.508,3.928
"YGR213C",4.109,4.589,3.863,3.965,4.865,4.439
"YGR214W",8.441,8.124,8.815,7.911,7.862,8.063
"YGR215W",5.535,6.528,5.3,5.664,5.84,5.979
"YGR216C",5.395,5.134,6.15,5.578,5.774,5.267
"YGR217W",6.45,5.887,7.14,7.325,7.272,7.322
"YGR218W",8.469,8.081,8.778,9.158,8.973,8.996
"YGR219W",5.535,6.253,5.3,4.986,5.099,4.88
"YGR220C",6.623,7.185,6.281,5.963,5.964,6.343
"YGR221C",4.179,4.528,5.027,3.965,5.099,4.747
"YGR222W",5.908,6.134,6.44,5.487,5.595,5.36
"YGR223C",5.453,6.214,6.281,5.858,5.903,6.008
"YGR224W",2.145,3.004,3.863,4.424,4.927,4.439
"YGR225W",3.494,3.174,2.464,5.705,5.39,5.217
"YGR226C",0.892,1.588,0,1.972,3.786,3.329
"YGR227W",5.757,4.528,5.787,5.821,5.74,5.684
"YGR228W",5.03,6.677,4.56,4.608,5.152,4.88
"YGR229C",6.822,7.472,6.363,6.211,6.727,7.011
"YGR230W",2.4,3.004,2.464,3.055,3.117,3.131
"YGR231C",7.463,7.906,7.334,7.351,7.462,7.616
"YGR232W",6.286,6.253,6.616,6.398,6.183,6.272
"YGR233C",6.822,6.899,7.116,7.621,7.63,7.616
"YGR234W",11.162,10.975,11.784,9.986,10.038,10.081
"YGR235C",7.511,8.065,7.854,7.351,7.235,7.287
"YGR236C",6.188,7.496,6.005,7.034,7.198,7.402
"YGR237C",6.045,6.308,6.195,6.628,6.967,7.068
"YGR238C",4.991,5.648,4.56,6.182,6.58,6.119
"YGR239C",6.684,6.464,6.649,5.39,5.964,5.684
"YGR240C",8.861,8.388,9.582,10.295,10.376,10.161
"YGR240C-A",2.805,3.326,2.959,1.972,2.274,2.287
"YGR241C",6.833,6.705,7.163,6.182,6.077,6.092
"YGR242W",3.959,2.003,4.812,3.288,1.189,2.9
"YGR243W",7.551,8.362,8.18,6.882,6.778,6.223
"YGR244C",9.233,9.005,9.716,8.379,8.458,8.403
"YGR245C",6.72,6.431,6.888,7.018,6.937,7.04
"YGR246C",6.136,6.76,6.055,6.182,7.053,6.776
"YGR247W",5.304,5.252,5.456,5.114,4.733,4.522
"YGR248W",4.737,4.862,5.124,7.463,7.657,7.456
"YGR249W",5.273,5.326,4.924,6.061,6.351,6.223
"YGR250C",8.186,8.049,8.257,7.653,7.877,7.752
"YGR251W",5.207,5.559,5.027,4.424,4.987,5.058
"YGR252W",5.395,5.648,5.844,5.858,6.328,6.198
"YGR253C",7.09,7.799,6.915,6.447,6.922,6.81
"YGR254W",9.749,10.08,10.666,11.257,11.013,10.789
"YGR255C",7.683,7.85,8.224,8.16,8.129,8.083
"YGR256W",6.492,6.113,7.293,8.913,9.02,8.749
"YGR257C",5.949,5.887,6.239,7.002,6.828,6.875
"YGR258C",5.866,6.528,5.787,6.518,6.618,6.906
"YGR259C",2.972,3.705,4.414,5.705,5.808,5.949
"YGR260W",6.027,5.786,6.803,7.734,7.746,7.654
"YGR261C",6.317,6.327,6.994,6.182,6.328,6.248
"YGR262C",4.952,4.812,5.3,4.986,5.252,5.491
"YGR263C",5.103,4.464,5.215,5.173,5.152,5.405
"YGR264C",7.858,7.06,8.563,7.23,7.173,7.201
"YGR265W",3.877,4.004,5.598,4.519,4.424,3.928
"YGR266W",5.103,5.431,5.726,5.578,6.131,5.979
"YGR267C",6.896,7.144,6.942,6.9,6.655,6.859
"YGR268C",4.642,4.004,5.726,3.823,4.587,4.439
"YGR269W",2.4,1.002,2.959,4.094,2.274,2.9
"YGR270C-A",3.257,3.589,2.464,4.986,4.662,4.942
"YGR270W",7.22,8.044,7.093,8.612,8.798,8.766
"YGR271C-A",5.561,6.512,4.692,4.519,5.252,5.166
"YGR271W",6.572,6.308,6.86,7.271,7.284,7.162
"YGR273C",1.439,1.002,1.704,0,0,0
"YGR274C",6.684,6.812,6.239,6.846,6.907,7.188
"YGR275W",5.365,6.049,4.812,5.339,5.517,5.648
"YGR276C",5.969,6.48,6.44,6.471,6.208,6.065
"YGR277C",5.335,5.29,5.726,5.894,5.434,5.166
"YGR278W",4.737,5.092,4.071,5.173,5.203,4.815
"YGR279C",10.003,10.193,10.545,10.671,10.488,10.327
"YGR280C",6.027,8.384,5.124,5.622,6.131,6.248
"YGR281W",8.704,8.492,9.495,9.642,9.612,9.637
"YGR282C",9.783,9.29,10.922,10.567,10.445,10.336
"YGR283C",4.827,4.911,5.38,4.322,4.336,3.504
"YGR284C",6.996,6.677,7.988,6.827,6.922,7.275
"YGR285C",7.072,7.641,7.69,6.952,7.173,7.162
"YGR286C",5.734,5.677,6.402,4.986,5.152,4.88
"YGR287C",2.617,3.705,4.071,4.094,4.927,4.747
"YHL001W",7.347,7.165,7.767,6.321,6.744,6.952
"YHL002C-A",4.179,4.326,5.215,3.666,4.424,4.601
"YHL002W",6.254,6.786,6.743,6.239,7.039,6.776
"YHL003C",6.572,6.29,7.469,5.929,5.964,5.72
"YHL004W",6.082,6.29,6.773,5.533,5.934,6.065
"YHL005C",1.835,1.002,2.464,1.3,1.189,1.842
"YHL006C",3.121,3.464,4.071,1.972,3.117,2.9
"YHL006W-A",3.257,3.326,3.62,4.322,1.831,4.046
"YHL007C",6.363,6.528,6.915,7.298,7.397,7.487
"YHL008C",3.257,4.528,3.863,3.823,4.508,4.256
"YHL009C",4.485,4.911,3.327,3.666,4.587,4.815
"YHL010C",5.03,5.174,5.215,5.858,5.774,6.008
"YHL011C",5.929,4.959,6.239,6.471,6.438,5.918
"YHL012W",3.791,3.589,3.62,3.965,5.099,4.154
"YHL013C",4.429,5.326,3.62,3.965,3.914,3.329
"YHL014C",4.539,4.959,3.863,4.847,4.865,5.058
"YHL015W",8.745,8.884,8.483,7.714,7.711,8.131
"YHL016C",7.3,7.299,7.988,8.045,7.893,7.946
"YHL017W",5.508,5.464,6.055,5.997,5.669,6.092
"YHL018W",2.145,1.002,3.62,1.3,2.613,2.626
"YHL019C",5.757,6.005,5.3,6.321,6.257,6.172
"YHL019W-A",3.877,4.812,4.692,4.771,5.044,4.676
"YHL020C",6.598,6.648,6.942,6.518,6.876,6.595
"YHL021C",5.988,6.194,7.093,6.77,6.744,6.742
"YHL022C",2.145,2.326,0,1.972,0,0
"YHL023C",6.648,6.677,7.314,7.589,7.319,7.445
"YHL024W",6.188,6.544,7.163,5.39,5.299,5.405
"YHL025W",5.365,5.431,6.055,6.628,6.599,6.67
"YHL026C",4.109,3.464,4.071,4.424,4.424,4.676
"YHL027W",7.062,7.081,7.354,8.175,8.267,8.013
"YHL028W",4.69,5.982,5.38,8.232,8.161,8.408
"YHL029C",6.777,5.959,6.773,7.113,7.223,7.068
"YHL030W",7.42,6.982,8.224,7.83,7.754,7.77
"YHL030W-A",5.173,5.812,6.402,4.771,5.476,5.72
"YHL031C",6.153,6.071,6.583,6.123,6.183,6.008
"YHL032C",7.558,8.435,7.767,5.929,6.157,5.789
"YHL033C",6.348,5.935,6.773,5.784,5.633,5.166
"YHL034C",8.16,8.552,8.123,8.28,8.436,8.364
"YHL034W-A",7.143,7.544,7.334,7.402,7.513,7.054
"YHL035C",5.335,5.005,5.027,6.267,5.964,5.855
"YHL036W",6.302,5.911,7.469,5.622,5.517,4.601
"YHL038C",6.136,6.027,6.055,5.622,5.633,5.979
"YHL039W",6.1,6.049,6.513,6.093,5.903,6.296
"YHL040C",6.886,6.092,7.558,6.093,6.077,6.32
"YHL041W",0,0,1.704,0,1.189,1.842
"YHL042W",4.37,5.005,4.812,4.094,4.14,3.66
"YHL043W",4.37,3.705,5.027,3.055,4.241,4.439
"YHL044W",4.37,4.004,4.071,4.519,5.633,5.217
"YHL046W-A",1.439,2.326,0,2.429,2.274,2.287
"YHL047C",4.246,3.464,4.071,3.49,3.914,3.66
"YHL048W",4.37,3.812,4.253,4.322,4.336,4.046
"YHR001W",6.464,6.113,7.019,6.985,7.134,7.175
"YHR001W-A",9.88,10.133,10.041,9.392,9.542,9.492
"YHR002W",5.304,5.092,5.726,5.858,5.434,5.448
"YHR003C",5.866,5.59,5.529,5.745,5.774,5.72
"YHR004C",5.424,6.113,5.9,6.691,6.561,6.67
"YHR005C",4.179,3.705,3.62,2.429,4.424,3.504
"YHR005C-A",7.911,7.924,7.469,6.294,6.561,6.652
"YHR006W",6.755,6.935,6.773,6.985,7.011,6.891
"YHR007C",9.249,8.645,9.935,10.319,10.193,10.198
"YHR007C-A",4.87,6.175,4.692,5.622,5.39,5.058
"YHR008C",9.887,10.048,10.295,9.275,9.079,9.081
"YHR009C",7.853,7.698,8.519,8.167,8.273,8.063
"YHR010W",8.631,8.452,8.554,7.216,7.147,7.477
"YHR011W",4.783,4.589,4.253,4.771,4.733,4.747
"YHR012W",6.254,5.59,6.803,5.929,5.633,5.684
"YHR013C",5.561,5.049,5.844,4.322,4.508,3.329
"YHR014W",1.439,1.002,2.464,0,0,1.842
"YHR015W",2.972,3.589,2.959,1.3,1.831,3.329
"YHR016C",5.067,5.982,6.681,6.79,6.48,6.474
"YHR017W",5.949,6.344,6.548,5.963,6.233,5.755
"YHR018C",9.111,8.766,9.908,8.765,8.64,8.617
"YHR019C",7.347,6.746,8.51,7.567,7.441,7.402
"YHR020W",7.456,7.049,8.329,7.338,7.375,7.299
"YHR021C",8.953,8.77,9.565,8.585,8.635,8.579
"YHR021W-A",0.892,2.326,1.704,3.49,3.646,2.9
"YHR022C",0,2.589,0,3.823,3.786,3.66
"YHR023W",6.286,7.388,5.844,6.123,6.157,6.67
"YHR024C",6.188,5.911,6.743,5.664,6.183,5.405
"YHR025W",5.71,5.812,6.195,5.622,4.987,4.88
"YHR026W",6.648,6.362,7.229,7.082,7.039,6.198
"YHR027C",8.905,8.988,9.265,8.59,8.607,8.837
"YHR028C",8.112,7.863,8.872,9.205,9.103,9.017
"YHR028W-A",3.121,3.004,3.327,5.114,4.733,5.217
"YHR029C",5.734,5.134,6.803,7.724,7.862,7.916
"YHR030C",6.045,6.253,6.915,6.182,5.84,6.172
"YHR031C",5.24,4.959,5.663,6.153,5.774,5.267
"YHR032C-A",2.805,2.326,4.071,3.666,3.316,2.287
"YHR032W",5.638,5.496,6.513,6.211,5.903,5.979
"YHR032W-A",2.4,3.004,4.071,4.094,3.914,3.928
"YHR033W",2.972,3.911,4.692,4.213,3.646,3.66
"YHR034C",4.179,3.464,4.812,4.094,4.14,3.329
"YHR035W",3.877,3.705,4.924,4.608,4.733,3.8
"YHR036W",5.424,4.464,5.215,5.39,5.964,5.918
"YHR037W",10.019,9.652,10.336,10.627,10.555,10.645
"YHR038W",4.642,4.959,2.959,3.49,4.336,5.448
"YHR039C",5.587,5.496,6.239,6.882,6.561,6.633
"YHR039C-A",8.656,9.167,7.752,7.98,8.109,8.233
"YHR040W",3.877,3.705,4.414,4.094,4.987,4.439
"YHR041C",4.429,4.528,5.529,4.322,4.424,4.35
"YHR042W",5.929,6.344,6.743,6.607,6.599,6.432
"YHR043C",6.363,7.224,6.44,5.114,4.927,4.747
"YHR044C",4.591,5.431,4.414,4.847,4.801,4.676
"YHR045W",6.204,5.59,7.044,6.123,6.157,6.495
"YHR046C",5.139,5.464,5.529,5.858,5.74,5.61
"YHR047C",4.69,5.005,5.9,5.051,4.424,5.058
"YHR048W",4.642,4.862,6.15,5.231,5.152,5.217
"YHR049C-A",5.662,6.253,6.363,5.664,5.556,5.448
"YHR049W",9.133,8.85,9.653,8.422,8.539,8.462
"YHR050W",7.584,7.431,8.474,7.555,7.472,7.368
"YHR050W-A",6.72,6.899,5.726,6.153,6.233,6.614
"YHR051W",9.773,9.731,9.72,8.716,8.818,9.091
"YHR052W",6.833,6.85,6.402,5.578,5.517,5.36
"YHR056C",5.365,4.759,6.15,6.211,6.257,6.146
"YHR056W-A",3.257,2.003,3.327,4.213,3.117,2.9
"YHR057C",6.118,6.271,6.477,6.751,6.48,6.366
"YHR058C",5.24,5.397,6.195,4.322,5.252,5.166
"YHR059W",6.436,6.59,5.124,5.114,5.252,4.942
"YHR060W",4.87,5.528,4.253,3.666,4.336,4.522
"YHR061C",4.036,3.705,5.124,4.692,4.801,4.35
"YHR062C",2.972,2.326,2.959,3.055,3.316,2.9
"YHR063C",6.317,6.214,6.195,6.321,6.673,6.706
"YHR063W-A",5.866,6.663,5.954,6.373,5.774,6.272
"YHR064C",7.869,7.488,8.123,7.812,7.916,7.869
"YHR065C",5.535,5.559,5.3,3.666,4.14,3.8
"YHR066W",5.173,5.496,3.863,4.692,4.733,5.36
"YHR067W",3.38,4.252,4.56,5.487,5.934,5.491
"YHR068W",7.377,7.124,8.039,7.555,7.211,7.402
"YHR069C",5.969,5.431,6.513,5.487,5.595,5.979
"YHR069C-A",1.835,2.003,3.863,1.972,2.274,2.287
"YHR070C-A",3.494,3.705,3.62,3.666,3.646,1.197
"YHR070W",4.69,3.589,5.215,5.114,4.424,4.439
"YHR071C-A",2.4,3.464,2.464,3.055,1.189,1.842
"YHR071W",8.164,8.929,8.111,8.045,8.019,7.976
"YHR072W",5.561,5.786,6.44,6.628,7.011,6.81
"YHR072W-A",6.865,6.362,6.44,5.705,6.328,6.296
"YHR073C-B",4.179,4.812,4.253,3.49,4.424,4.046
"YHR073W",7.072,7.092,7.393,6.882,7.284,7.263
"YHR074W",6.171,6.005,6.616,7.172,7.272,6.843
"YHR075C",4.591,5.362,5.954,6.211,6.077,6.343
"YHR076W",6.171,6.005,6.616,5.664,5.669,5.855
"YHR077C",7.253,7.281,6.005,7.216,7.198,7.402
"YHR078W",5.535,5.759,6.103,7.325,6.967,7.238
"YHR079C",5.757,5.935,6.44,7.402,7.223,7.054
"YHR079C-A",2.145,2.326,2.464,1.3,1.189,1.842
"YHR080C",6.684,7.049,6.15,8.404,8.41,8.446
"YHR081W",5.686,6.746,4.812,6.123,5.633,6.037
"YHR082C",8.052,8.41,7.84,9.09,9.126,9.017
"YHR083W",5.24,5.214,6.005,6.029,5.774,5.448
"YHR084W",4.309,5.362,5.027,5.051,5.517,4.88
"YHR085W",4.642,4.326,4.692,4.322,4.662,4.439
"YHR086W",6.238,5.837,7.592,7.642,7.462,7.334
"YHR087W",5.662,6.773,5.3,5.997,6.541,6.065
"YHR088W",5.823,6.344,5.3,5.439,5.74,5.855
"YHR089C",6.136,6.271,5.954,6.398,6.618,6.453
"YHR090C",5.173,6.092,5.124,5.578,5.346,4.815
"YHR091C",5.949,5.959,6.513,6.398,5.993,6.092
"YHR092C",4.912,4.862,5.38,7.724,7.754,7.708
"YHR093W",1.439,2.003,1.704,1.972,1.831,1.197
"YHR094C",5.845,5.559,6.195,10.353,10.35,10.213
"YHR095W",1.439,1.002,0,1.972,0,0
"YHR096C",4.642,3.911,4.924,5.997,6.373,6.146
"YHR097C",5.508,6.071,6.055,5.894,6.208,6.536
"YHR098C",6.153,6.071,6.713,6.423,6.417,6.388
"YHR099W",8.334,8.165,9.073,8.899,8.781,8.758
"YHR100C",4.37,4.959,5.529,5.858,5.872,5.61
"YHR101C",5.24,4.648,5.598,5.894,5.705,5.571
"YHR102W",6.635,6.605,6.942,7.954,7.675,7.836
"YHR103W",6.286,6.59,6.548,7.034,7.011,7.122
"YHR104W",6.886,7.362,7.949,8.832,8.85,8.8
"YHR105W",2.145,2.326,2.959,3.49,3.646,4.256
"YHR106W",6.136,6.005,6.942,7.271,7.094,6.922
"YHR107C",5.887,6.634,6.15,6.471,6.233,6.248
"YHR108W",6.843,6.362,7.354,6.79,6.844,6.843
"YHR109W",3.791,4.326,4.414,5.39,4.587,3.928
"YHR110W",5.453,6.049,5.954,6.67,6.351,6.32
"YHR111W",6.407,6.327,6.713,6.373,6.438,6.432
"YHR112C",7.956,7.869,8.71,7.51,7.693,7.663
"YHR113W",7.653,7.52,8.537,8.546,8.588,8.189
"YHR114W",4.485,5.59,4.692,5.533,5.705,5.113
"YHR115C",5.365,5.619,6.323,6.239,6.257,6.065
"YHR116W",4.539,5.29,4.414,3.823,4.424,4.154
"YHR117W",6.422,6.29,6.888,5.963,6.105,6.146
"YHR118C",5.304,4.464,3.863,4.519,4.587,4.676
"YHR119W",6.696,6.362,6.323,6.77,7.025,6.967
"YHR120W",4.87,4.174,5.027,4.986,5.203,5.113
"YHR121W",6.436,6.799,6.239,5.39,5.903,5.755
"YHR122W",5.71,5.092,6.402,5.173,5.705,5.217
"YHR123W",5.662,5.049,6.239,5.533,5.299,5.531
"YHR124W",3.877,4.397,3.863,3.49,4.336,2.9
"YHR125W",1.439,1.588,0,1.3,0,0
"YHR126C",0.892,1.588,2.464,1.3,0,0
"YHR127W",4.429,4.911,4.414,3.49,4.508,4.522
"YHR128W",4.179,3.174,4.692,3.666,3.316,3.504
"YHR129C",3.257,3.589,3.327,3.288,3.117,3.504
"YHR130C",2.145,2.811,1.704,3.965,3.117,4.601
"YHR131C",5.424,5.59,6.583,7.487,7.067,7.322
"YHR131W-A",2.4,2.811,2.464,5.173,4.662,4.522
"YHR132C",7.134,7.027,8.001,7.351,7.211,7.498
"YHR132W-A",5.508,5.911,5.3,5.963,5.39,5.979
"YHR133C",5.587,5.397,5.954,5.051,5.299,5.058
"YHR134W",4.309,4.862,4.812,4.608,5.044,5.166
"YHR135C",5.929,6.496,6.15,6.423,6.58,6.652
"YHR136C",1.835,1.588,1.704,1.3,2.274,3.66
"YHR137C-A",3.698,3.326,3.327,3.055,3.117,2.626
"YHR137W",5.757,5.214,6.005,5.231,4.508,4.256
"YHR138C",7.788,7.875,8.18,7.325,7.983,8.111
"YHR139C",3.698,3.589,1.704,5.173,4.662,4.88
"YHR139C-A",2.145,1.002,0,2.429,2.274,2.626
"YHR140W",3.38,4.464,4.812,6.691,6.967,6.793
"YHR141C",6.153,6.414,6.281,5.231,5.633,5.166
"YHR142W",4.783,4.862,5.663,4.424,4.927,4.88
"YHR143W",6.996,7.165,7.469,6.471,6.541,6.146
"YHR143W-A",5.613,5.362,5.787,4.213,3.914,4.046
"YHR144C",3.494,3.174,2.959,3.288,4.031,3.329
"YHR145C",0.892,2.326,1.704,1.3,1.189,1.842
"YHR146W",6.045,7.48,6.195,6.347,6.761,6.474
"YHR147C",5.969,5.959,5.726,5.439,5.669,5.405
"YHR148W",3.791,3.464,3.863,2.429,2.887,3.928
"YHR149C",5.71,5.326,5.954,4.608,4.927,4.439
"YHR150W",5.03,5.049,5.456,6.321,6.351,6.366
"YHR151C",5.273,4.705,6.323,6.294,6.105,6.037
"YHR152W",5.365,6.253,4.924,4.213,4.801,5.113
"YHR153C",2.617,2.003,0,1.972,0,1.197
"YHR154W",5.067,5.863,4.812,4.213,4.241,4.676
"YHR155W",6.422,6.092,6.513,7.298,7.284,7.379
"YHR156C",4.69,4.911,4.812,4.608,4.336,4.439
"YHR157W",2.617,2.003,3.327,4.519,4.927,4.676
"YHR158C",5.481,6.705,4.924,6.347,6.417,6.67
"YHR159W",4.485,5.174,4.692,5.745,5.633,5.491
"YHR160C",4.642,4.092,4.414,5.784,5.595,5.887
"YHR161C",6.478,6.233,6.681,7.351,7.173,7.188
"YHR162W",8.71,9.292,9.011,8.459,8.314,8.189
"YHR163W",6.708,6.092,7.354,5.894,5.808,5.855
"YHR164C",5.71,6.233,5.954,6.447,6.351,6.119
"YHR165C",7.545,7.582,8.427,8.32,8.42,8.414
"YHR165W-A",2.145,3.464,3.327,3.666,3.316,3.329
"YHR166C",5.173,5.174,5.38,5.39,4.801,5.113
"YHR167W",4.309,4.464,4.812,4.771,4.424,4.815
"YHR168W",4.309,5.049,5.215,5.231,5.252,5.571
"YHR169W",4.69,5.362,5.124,4.608,4.424,5.166
"YHR170W",6.007,5.732,5.787,5.173,5.774,6.296
"YHR171W",5.561,4.959,6.055,6.182,6.281,6.248
"YHR172W",4.429,3.705,4.692,3.965,4.987,3.504
"YHR173C",0.892,1.588,3.327,2.429,1.189,1.842
"YHR174W",6.61,6.875,7.272,8.886,8.617,8.494
"YHR175W",6.286,5.786,6.402,5.997,6.105,5.755
"YHR175W-A",2.805,4.528,2.959,3.823,4.241,3.8
"YHR176W",5.481,5.959,5.787,5.745,5.434,5.571
"YHR177W",3.791,3.812,3.62,3.823,3.914,4.256
"YHR178W",5.779,5.619,6.15,6.864,6.828,6.366
"YHR179W",9.78,9.569,10.346,8.751,8.764,8.766
"YHR180W",4.539,4.252,5.215,4.986,5.434,5.36
"YHR181W",6.171,5.959,6.743,5.858,5.252,6.065
"YHR182C-A",7.025,6.308,7.69,8.13,8.426,8.335
"YHR182W",4.485,4.759,4.812,5.745,5.517,5.491
"YHR183W",8.847,8.349,9.362,9.867,9.9,9.961
"YHR184W",1.835,2.326,0,0,2.274,2.9
"YHR186C",6.1,6.29,7.019,7.187,7.397,7.136
"YHR187W",5.103,4.959,5.215,5.533,5.774,5.314
"YHR188C",5.508,5.786,6.055,5.821,5.84,6.008
"YHR189W",2.145,3.004,2.959,3.49,3.316,2.9
"YHR190W",7.228,7.204,7.825,8.334,8.343,8.381
"YHR191C",4.952,5.134,5.124,5.487,5.044,5.058
"YHR192W",5.535,5.29,4.692,4.692,4.662,5.001
"YHR193C",8.103,8.243,8.35,6.935,7.053,7.109
"YHR193C-A",3.257,2.003,3.327,3.288,3.786,3.504
"YHR194W",4.539,5.214,6.005,6.423,6.328,5.571
"YHR195W",6.153,6.362,6.402,6.67,6.599,6.633
"YHR196W",5.802,6.005,5.124,4.986,5.434,5.113
"YHR197W",5.139,4.326,5.027,5.051,4.662,4.747
"YHR198C",6.007,6.362,6.402,6.471,6.778,6.67
"YHR199C",6.45,6.648,7.558,7.867,7.838,7.213
"YHR199C-A",2.972,2.589,4.071,3.49,3.49,2.626
"YHR200W",6.204,6.85,6.968,6.211,6.208,6.092
"YHR201C",5.686,5.559,5.954,5.231,5.476,5.918
"YHR202W",5.304,5.528,6.281,7.351,7.08,7.122
"YHR203C",6.422,5.619,7.487,6.211,5.934,6.296
"YHR204W",5.365,4.812,5.726,5.39,5.872,5.72
"YHR205W",7.143,6.528,7.558,8.968,8.866,8.632
"YHR206W",6.221,5.397,6.548,6.691,6.761,6.906
"YHR207C",5.173,5.134,5.124,5.929,5.476,5.949
"YHR208W",6.696,6.005,6.942,8.167,8.005,8.027
"YHR209W",4.591,4.648,6.055,4.847,4.987,4.88
"YHR210C",2.145,2.326,2.464,3.965,3.49,3.504
"YHR211W",1.439,2.589,3.327,3.965,4.508,4.046
"YHR216W",3.38,3.705,4.812,3.823,3.914,2.9
"YIL001W",5.561,5.619,5.663,5.578,6.233,5.448
"YIL002C",5.929,5.214,6.103,6.563,6.58,6.474
"YIL002W-A",5.273,5.705,4.924,5.286,5.872,5.36
"YIL003W",5.304,5.049,5.787,5.286,6.022,5.531
"YIL004C",4.827,5.252,4.253,4.424,4.733,3.928
"YIL005W",6.875,6.786,6.681,7.271,7.147,7.122
"YIL006W",5.103,4.648,5.38,5.894,5.517,4.942
"YIL007C",5.395,5.214,6.103,6.153,6.58,6.614
"YIL008W",5.139,5.362,4.071,3.823,4.14,4.747
"YIL009C-A",4.591,4.326,5.124,4.424,3.646,4.256
"YIL009W",6.436,6.175,6.968,6.123,6.208,6.065
"YIL010W",5.395,5.134,4.812,4.213,4.865,5.36
"YIL011W",2.805,2.589,2.464,3.666,4.241,3.504
"YIL013C",5.613,5.732,6.15,6.495,6.599,6.633
"YIL014W",5.866,5.935,6.44,6.935,6.778,6.576
"YIL015W",3.257,3.174,2.959,3.666,3.914,4.35
"YIL016W",5.779,5.959,6.513,5.439,5.517,4.815
"YIL017C",6.348,6.448,6.513,7.097,7.563,7.538
"YIL018W",7.428,7.005,8.224,7.377,6.744,6.67
"YIL019W",5.273,5.619,4.692,5.533,5.39,6.119
"YIL020C",4.912,5.005,5.124,5.533,5.74,5.405
"YIL020C-A",4.539,4.959,4.56,4.094,4.241,3.504
"YIL021C-A",3.877,3.326,3.62,3.49,2.887,3.131
"YIL021W",5.823,5.812,5.954,4.986,5.252,5.267
"YIL022W",5.866,5.982,6.103,5.39,5.595,5.314
"YIL023C",3.494,3.812,4.692,4.918,5.044,4.747
"YIL024C",5.207,5.648,5.726,6.211,6.907,6.495
"YIL025C",0,1.002,1.704,1.972,0,1.197
"YIL026C",6.648,6.414,7.019,5.894,6.157,6.119
"YIL027C",5.757,6.154,5.529,5.39,5.252,5.571
"YIL028W",1.439,0,2.464,1.972,1.189,1.197
"YIL029C",2.617,2.589,2.959,1.972,2.274,3.131
"YIL029W-A",3.698,2.589,4.692,3.823,3.914,4.046
"YIL030C",7.634,6.786,8.446,7.988,8.224,7.836
"YIL030W-A",0.892,1.002,0,2.429,2.613,3.329
"YIL031W",5.508,6.431,5.787,7.143,7.067,6.859
"YIL033C",6.854,6.773,7.413,7.674,7.797,7.752
"YIL034C",6.623,6.76,7.229,6.182,6.438,6.706
"YIL035C",6.254,6.634,5.598,5.784,5.964,5.823
"YIL036W",4.952,6.113,5.38,6.423,6.541,6.495
"YIL037C",4.109,4.528,3.863,5.051,4.865,4.815
"YIL038C",5.453,5.982,5.726,6.153,6.328,6.198
"YIL039W",6.45,5.837,7.069,6.79,6.281,6.516
"YIL040W",5.866,5.677,5.529,4.094,4.865,4.439
"YIL041W",7.081,6.719,8.224,7.414,7.307,7.109
"YIL042C",3.38,3.911,4.56,4.771,4.801,4.256
"YIL043C",6.635,5.887,7.523,6.731,6.761,6.595
"YIL044C",5.662,5.648,5.663,6.123,5.633,5.267
"YIL045W",4.952,5.911,4.924,8.453,8.612,8.792
"YIL046W",6.45,6.214,7.767,7.793,7.563,7.251
"YIL046W-A",0,1.002,1.704,2.429,0,2.9
"YIL047C",7.701,7.243,8.389,8.77,8.721,8.369
"YIL047C-A",2.972,3.589,0,4.692,4.14,3.504
"YIL048W",7.203,6.574,7.882,7.589,7.648,7.578
"YIL049W",4.642,4.464,4.071,3.055,3.914,4.256
"YIL050W",5.823,5.464,5.9,6.711,7.025,7.026
"YIL051C",6.45,6.448,6.616,6.751,6.673,6.516
"YIL052C",8.08,8.124,7.988,6.917,7.235,7.275
"YIL053W",4.591,5.496,4.414,7.885,7.771,7.681
"YIL054W",1.835,1.588,1.704,0,0,0
"YIL055C",3.257,4.911,4.253,4.094,4.801,5.001
"YIL056W",8.272,8.559,8.087,9.12,9.103,9.105
"YIL057C",0.892,1.588,2.959,0,0,1.842
"YIL058W",0,1.002,0,0,1.189,1.842
"YIL059C",3.791,5.431,4.692,6.267,6.691,6.633
"YIL060W",4.109,4.862,4.071,5.858,6.281,5.949
"YIL061C",4.179,3.812,4.924,4.692,4.241,4.154
"YIL062C",7.081,7.124,7.432,6.541,6.761,6.474
"YIL063C",6.45,6.982,5.3,5.578,6.157,6.474
"YIL064W",4.737,4.911,5.027,4.519,4.031,4.439
"YIL065C",6.1,6.648,5.954,5.173,5.669,5.72
"YIL066C",2.805,4.092,3.327,2.775,3.646,2.9
"YIL066W-A",2.617,1.588,2.959,3.288,2.887,2.9
"YIL067C",5.508,4.959,6.616,5.439,5.099,4.942
"YIL068C",6.064,6.134,5.9,6.123,6.105,6.366
"YIL068W-A",3.38,4.174,3.62,4.094,4.14,4.676
"YIL069C",6.254,5.648,6.548,5.578,5.669,5.314
"YIL070C",7.647,7.48,7.782,6.628,6.709,6.724
"YIL071C",5.757,6.113,5.456,7.298,7.408,7.368
"YIL071W-A",4.783,5.214,5.027,6.182,6.501,6.008
"YIL072W",4.036,4.092,4.692,5.929,6.022,6.008
"YIL073C",4.485,4.911,4.56,5.745,5.872,5.855
"YIL074C",6.766,6.705,7.505,5.745,5.993,5.267
"YIL075C",8.3,9.347,9.054,8.601,8.681,8.632
"YIL076W",6.886,6.719,6.477,6.239,6.328,6.065
"YIL077C",5.03,5.982,6.103,6.093,5.993,6.092
"YIL078W",8.394,8.092,8.663,8.372,8.279,8.369
"YIL079C",4.539,4.326,4.56,4.519,4.987,4.88
"YIL083C",5.969,6.431,6.649,6.373,6.48,6.556
"YIL084C",4.539,4.528,5.38,5.439,5.299,5.648
"YIL085C",6.045,6.027,6.616,6.935,6.637,6.67
"YIL086C",4.109,4.812,3.62,4.692,5.39,4.88
"YIL087C",6.478,6.448,7.229,7.143,6.937,6.595
"YIL088C",7.695,7.414,8.026,8.416,8.468,8.177
"YIL089W",3.959,3.174,4.692,5.231,4.801,5.531
"YIL090W",5.823,5.464,6.743,6.969,6.233,6.32
"YIL091C",6.064,5.431,5.3,5.997,6.022,6.296
"YIL092W",4.87,4.812,4.56,5.339,5.964,6.092
"YIL093C",5.71,5.935,6.15,5.745,5.84,5.855
"YIL094C",7.354,7.071,7.393,7.244,6.811,7.201
"YIL095W",4.827,5.252,5.027,5.39,5.84,5.684
"YIL096C",4.87,4.397,3.327,3.965,4.031,4.601
"YIL097W",6.171,6.397,5.663,5.997,6.541,6.952
"YIL098C",5.779,6.634,5.38,5.339,5.74,5.405
"YIL099W",3.38,3.589,3.327,5.114,4.733,4.601
"YIL100C-A",1.835,1.588,2.464,1.972,1.189,2.287
"YIL100W",0,1.588,4.071,3.49,2.887,2.626
"YIL101C",4.109,5.496,5.215,5.533,4.987,5.448
"YIL102C",2.805,2.811,4.692,3.288,3.316,2.9
"YIL102C-A",3.38,4.705,4.253,3.666,4.241,3.8
"YIL103W",6.27,5.935,6.103,5.858,5.595,5.571
"YIL104C",4.783,5.214,5.124,4.424,4.662,4.256
"YIL105C",6.204,6.746,6.281,6.79,7.211,6.997
"YIL105W-A",3.698,4.862,1.704,3.823,4.336,4.439
"YIL106W",2.617,4.589,4.071,4.918,4.336,4.35
"YIL107C",6.906,7.464,7.185,7.338,7.553,7.477
"YIL108W",6.648,6.76,7.413,7.578,7.482,7.423
"YIL109C",6.811,6.76,7.592,6.917,6.811,6.759
"YIL110W",5.173,5.092,5.9,4.424,4.587,5.217
"YIL111W",4.87,5.732,4.253,7.082,7.186,7.39
"YIL112W",7.22,8.209,6.915,8.196,8.2,8.358
"YIL113W",3.698,4.252,4.414,6.495,6.561,6.198
"YIL114C",5.139,4.528,5.9,4.847,5.099,5.113
"YIL115C",7.053,7.336,7.069,7.642,7.639,7.803
"YIL115W-A",4.485,4.959,2.959,4.519,5.346,5.217
"YIL116W",8.236,8.027,8.763,7.589,7.869,7.885
"YIL117C",2.972,2.811,3.62,4.094,4.927,4.747
"YIL118W",5.481,5.705,5.3,5.997,5.84,6.037
"YIL119C",6.045,6.959,5.456,8.736,8.924,8.736
"YIL120W",5.453,4.812,6.103,6.65,6.459,6.248
"YIL121W",6.153,5.911,6.915,6.882,7.08,6.875
"YIL122W",5.24,5.528,5.3,5.231,5.556,5.405
"YIL123W",5.365,5.29,6.239,3.965,4.662,4.439
"YIL124W",6.188,6.464,6.773,6.153,6.257,6.296
"YIL125W",9.799,9.645,10.642,9.769,9.743,9.656
"YIL126W",7.826,8.238,7.592,7.812,7.983,7.969
"YIL127C",4.539,5.812,3.863,3.666,3.49,4.601
"YIL128W",6.082,5.59,6.239,6.029,6.183,6.198
"YIL129C",7.826,7.194,8.519,9.018,9.103,8.881
"YIL130W",6.743,6.899,6.44,7.351,7.408,7.238
"YIL131C",5.03,5.005,5.124,3.666,4.662,4.256
"YIL132C",2.4,3.464,3.62,3.49,3.914,3.8
"YIL133C",8.284,7.812,8.545,7.744,7.885,7.528
"YIL134C-A",0.892,1.002,1.704,2.429,0,0
"YIL134W",4.179,4.589,4.253,4.424,4.14,3.329
"YIL135C",5.823,6.448,5.726,6.447,6.618,6.556
"YIL136W",7.776,8.567,7.69,8.353,8.64,8.608
"YIL137C",6.708,6.663,7.116,6.809,6.48,6.742
"YIL138C",6.422,6.863,5.456,4.918,4.865,5.267
"YIL139C",3.877,4.174,3.327,4.322,4.662,5.166
"YIL140W",4.912,4.252,5.124,4.424,5.346,4.88
"YIL142C-A",4.37,3.911,5.529,4.322,4.241,4.256
"YIL142W",7.545,7.194,8.146,6.864,7.08,6.997
"YIL143C",7.161,7.456,7.811,7.6,7.754,7.645
"YIL144W",5.823,6.85,5.124,5.821,5.74,6.32
"YIL145C",4.87,4.004,5.3,5.439,5.517,3.66
"YIL146C",5.481,6.092,6.44,7.439,7.573,7.487
"YIL147C",6.533,6.528,6.649,7.158,6.922,7.263
"YIL148W",7.072,7.472,7.767,6.607,6.281,6.495
"YIL149C",7.195,8.666,5.529,7.187,7.553,7.795
"YIL150C",4.912,4.648,4.692,5.114,5.39,5.113
"YIL151C",7.211,7.253,7.752,7.929,7.805,7.803
"YIL152W",4.036,4.326,2.464,3.823,4.508,3.928
"YIL153W",3.698,4.812,4.924,4.322,4.424,3.504
"YIL154C",4.912,5.214,5.663,5.622,5.556,6.172
"YIL155C",8.812,9.736,9.097,5.487,5.669,6.119
"YIL156W",4.87,5.559,5.124,5.784,6.05,6.172
"YIL156W-A",5.207,4.862,5.456,4.424,4.508,4.046
"YIL156W-B",6.082,6.344,6.832,5.487,5.252,5.314
"YIL157C",6.572,6.663,7.393,6.294,6.48,6.272
"YIL158W",4.429,4.589,4.692,4.213,4.031,3.928
"YIL159W",4.429,5.397,5.215,4.771,4.508,5.166
"YIL160C",4.309,3.464,4.692,5.821,6.305,5.949
"YIL161W",3.877,5.786,4.56,4.519,4.927,5.684
"YIL162W",6.519,6.812,7.207,4.986,5.346,5.267
"YIL163C",2.617,2.811,2.464,3.823,3.646,3.131
"YIL164C",4.309,4.252,6.103,5.339,4.927,4.747
"YIL165C",4.485,5.59,5.954,4.213,5.705,5.36
"YIL166C",5.662,4.862,5.726,6.691,6.828,6.198
"YIL169C",5.139,3.812,5.954,4.771,4.241,4.046
"YIR001C",6.204,6.271,5.3,5.664,5.595,5.648
"YIR002C",6.478,6.705,5.844,6.518,6.373,6.516
"YIR003W",5.335,5.705,5.38,5.439,6.208,6.092
"YIR004W",5.949,7.262,5.787,5.963,6.351,6.388
"YIR005W",3.121,3.812,2.959,3.823,4.14,4.747
"YIR006C",5.823,6.574,7.251,7.6,7.364,7.616
"YIR007W",4.179,4.648,5.124,5.231,5.556,5.72
"YIR008C",5.067,4.812,5.787,4.692,4.587,5.113
"YIR009W",3.791,3.911,3.62,3.288,2.274,3.504
"YIR010W",4.539,5.732,4.924,5.286,5.346,5.448
"YIR011C",5.304,5.759,5.726,5.784,5.964,5.531
"YIR012W",6.082,5.252,6.583,5.664,5.669,5.448
"YIR014W",4.246,5.252,3.863,4.608,5.39,5.36
"YIR015W",3.121,3.812,3.62,4.424,4.927,4.154
"YIR016W",4.485,5.134,5.38,5.705,5.74,5.61
"YIR017C",5.779,6.005,6.773,5.051,4.733,4.676
"YIR017W-A",5.335,5.496,5.663,4.918,4.241,4.747
"YIR018C-A",2.972,3.464,3.863,4.322,4.031,4.154
"YIR018W",4.69,4.959,5.124,4.918,5.044,4.601
"YIR019C",11.081,12.04,11.432,8.716,8.36,8.452
"YIR020C-B",4.69,4.759,4.253,3.288,3.646,2.626
"YIR020W-A",0.892,0,0,1.3,1.189,1.197
"YIR021W",5.139,5.887,5.529,4.608,4.508,4.35
"YIR022W",6.422,6.233,6.888,6.211,5.84,5.789
"YIR023C-A",2.805,4.705,1.704,4.213,4.733,5.113
"YIR023W",5.929,5.959,6.005,6.9,6.937,6.982
"YIR024C",5.561,6.464,4.812,4.213,4.508,4.88
"YIR025W",4.485,5.005,5.027,4.213,4.587,4.522
"YIR026C",5.207,4.911,5.787,4.608,3.914,4.601
"YIR027C",4.485,4.092,4.56,5.578,5.476,5.855
"YIR028W",4.309,3.911,4.253,6.471,5.964,6.32
"YIR029W",4.246,5.049,5.124,4.213,4.733,4.35
"YIR030C",5.779,5.677,6.005,4.519,4.987,4.676
"YIR030W-A",5.067,5.528,5.598,6.294,5.595,5.887
"YIR031C",7.081,6.812,7.737,7.867,7.611,7.877
"YIR032C",5.71,6.253,6.86,5.439,5.808,5.267
"YIR033W",7.044,6.605,6.649,7.544,7.523,7.654
"YIR034C",6.363,6.29,7.523,6.691,6.637,6.67
"YIR035C",6.007,6.113,6.773,6.77,6.937,6.595
"YIR036C",5.638,5.619,6.649,6.294,6.351,5.887
"YIR036W-A",3.959,3.174,4.56,4.608,4.801,3.66
"YIR037W",7.916,8.027,8.329,7.98,8.129,7.869
"YIR038C",5.207,5.677,6.239,6.751,6.257,6.41
"YIR039C",6.188,6.308,7.019,6.153,6.131,6.037
"YIR042C",4.485,4.397,4.812,4.213,4.336,4.256
"YJL001W",8.198,7.875,8.408,7.744,7.869,7.795
"YJL002C",7.362,6.786,7.909,7.338,7.441,7.238
"YJL003W",5.887,5.759,5.38,5.173,5.203,4.88
"YJL004C",5.757,5.326,6.15,5.051,5.434,5.571
"YJL005W",7.956,7.712,8.408,9.093,9.194,9.148
"YJL006C",4.912,4.959,5.027,5.231,5.39,4.747
"YJL007C",1.439,0,0,1.972,1.189,2.287
"YJL008C",7.236,6.677,8.063,7.002,6.996,7.04
"YJL009W",5.365,5.759,5.726,5.39,5.152,4.522
"YJL010C",5.273,5.431,5.215,5.487,5.633,5.789
"YJL011C",4.87,4.464,4.414,1.972,1.831,3.66
"YJL012C",6.743,6.113,7.854,7.034,7.147,6.952
"YJL013C",4.109,4.589,4.071,5.231,5.299,5.755
"YJL014W",7.742,7.281,8.408,7.187,7.869,7.413
"YJL015C",5.139,5.431,5.124,6.182,6.157,5.949
"YJL016W",7.484,7.154,7.796,8.372,8.617,8.335
"YJL019W",4.036,4.326,5.124,5.114,4.733,4.439
"YJL020C",6.927,7.76,6.681,7.61,7.711,7.518
"YJL020W-A",3.121,5.252,4.692,4.847,5.044,4.747
"YJL022W",2.4,2.003,1.704,2.775,1.189,2.626
"YJL023C",4.991,4.862,4.56,5.339,5.044,5.491
"YJL024C",4.539,4.705,4.253,3.965,3.786,4.256
"YJL025W",3.38,3.705,4.56,4.847,5.044,4.256
"YJL026C-A",5.613,5.134,6.773,6.211,6.599,6.092
"YJL026W",8.005,7.869,8.94,8.891,8.969,8.627
"YJL027C",1.835,2.003,0,0,0,1.197
"YJL029C",5.139,5.174,6.103,5.39,5.595,6.065
"YJL030W",5.335,5.362,4.692,3.965,4.927,4.046
"YJL031C",6.118,6.574,5.456,4.918,5.964,5.217
"YJL032W",4.783,5.049,3.863,3.965,3.646,3.8
"YJL033W",6.506,6.773,6.239,5.997,6.438,6.495
"YJL034W",10.651,11.113,11.115,8.939,8.772,8.66
"YJL035C",6.007,7.144,6.323,4.986,5.346,5.405
"YJL036W",6.082,6.308,5.598,6.347,6.183,6.146
"YJL037W",2.617,3.174,3.327,2.429,2.274,2.287
"YJL038C",2.145,2.326,1.704,2.429,2.887,2.287
"YJL039C",6.875,6.194,7.541,7.066,6.967,6.891
"YJL041W",5.561,6.253,5.726,5.622,6.105,5.823
"YJL042W",7.006,7.281,7.469,8.061,7.983,8.157
"YJL043W",0,0,0,3.055,2.613,1.842
"YJL044C",5.273,5.496,4.812,5.745,5.633,5.949
"YJL045W",4.179,4.464,5.124,4.094,3.786,4.522
"YJL046W",5.508,5.134,5.215,5.39,4.801,5.001
"YJL047C",5.638,5.863,6.323,6.093,6.233,6.248
"YJL047C-A",1.835,2.003,2.464,1.3,1.189,1.197
"YJL048C",6.585,6.344,7.575,8.253,8.326,8.07
"YJL049W",5.24,6.134,3.863,5.231,5.044,5.571
"YJL050W",6.822,6.648,7.354,7.128,7.657,7.322
"YJL051W",5.561,4.959,5.38,5.173,6.561,5.001
"YJL052W",10.832,11.53,11.361,14.309,14.211,13.955
"YJL053W",6.045,6.113,6.743,6.607,6.328,6.688
"YJL054W",6.45,6.559,6.942,6.211,6.727,6.516
"YJL055W",6.947,7.308,7.558,7.498,7.375,7.803
"YJL056C",4.783,4.648,5.027,6.423,5.934,6.32
"YJL057C",6.519,6.154,6.103,6.518,6.795,6.614
"YJL058C",3.877,3.174,3.863,4.519,4.733,4.35
"YJL059W",4.309,4.589,4.253,4.519,4.14,4.522
"YJL060W",6.854,6.605,7.469,6.518,6.373,6.223
"YJL061W",5.969,5.464,6.055,5.533,4.927,6.037
"YJL062W",5.823,4.959,6.239,6.061,5.964,5.531
"YJL062W-A",6.422,6.233,7.019,5.929,6.208,5.217
"YJL063C",6.1,6.175,6.239,5.705,5.299,5.789
"YJL064W",3.6,3.705,3.863,3.288,3.786,3.131
"YJL065C",3.877,4.464,4.414,4.322,4.031,4.046
"YJL066C",6.843,7.552,6.86,7.351,7.319,7.334
"YJL067W",5.908,6.512,5.954,6.153,6.281,6.536
"YJL068C",5.304,5.397,6.363,5.858,6.077,5.979
"YJL069C",5.613,5.648,5.598,5.286,5.152,5.113
"YJL070C",5.481,5.59,5.787,6.65,6.48,6.41
"YJL071W",6.204,6.271,6.743,5.114,5.705,5.531
"YJL072C",3.959,3.589,4.414,4.519,5.044,4.046
"YJL073W",6.843,7.353,6.649,5.894,6.208,6.008
"YJL074C",7.518,7.786,6.713,6.153,6.077,6.172
"YJL075C",2.805,4.174,3.327,4.424,4.241,4.35
"YJL076W",6.118,6.544,5.9,6.731,6.844,7.136
"YJL077C",3.121,3.812,4.56,4.094,4.241,3.928
"YJL077W-A",2.145,3.464,2.464,4.692,4.031,4.35
"YJL077W-B",1.835,1.002,1.704,2.775,3.117,3.131
"YJL078C",5.613,5.362,6.649,6.846,6.761,6.706
"YJL079C",6.533,7.327,7.413,9.544,9.262,8.889
"YJL080C",6.777,5.786,7.334,5.963,6.351,6.119
"YJL081C",5.949,5.837,5.726,5.963,6.328,6.248
"YJL082W",5.613,5.705,6.477,7.694,7.533,7.456
"YJL083W",4.539,4.648,5.663,6.029,6.183,5.648
"YJL084C",6.363,6.512,6.548,7.858,7.746,7.7
"YJL085W",5.535,5.732,4.812,5.439,5.774,5.571
"YJL086C",1.439,2.003,1.704,1.3,1.189,2.287
"YJL087C",5.638,5.252,5.726,5.705,5.517,5.823
"YJL088W",4.246,4.174,5.598,4.322,3.316,4.601
"YJL089W",6.007,5.837,6.888,5.821,5.774,5.72
"YJL090C",5.173,5.464,5.38,5.664,5.934,6.065
"YJL091C",5.734,5.837,6.44,4.847,5.39,5.531
"YJL092W",5.395,6.092,5.663,5.578,4.733,5.571
"YJL093C",5.887,5.677,6.994,6.029,6.281,6.495
"YJL094C",7.525,7.67,8.8,8.153,7.862,7.735
"YJL095W",5.779,5.982,5.598,6.398,5.872,6.272
"YJL096W",6.363,6.544,5.598,5.114,5.203,5.789
"YJL097W",5.103,5.214,5.3,4.424,4.801,4.154
"YJL098W",6.188,6.59,6.15,6.628,7.235,6.859
"YJL099W",4.246,4.464,5.027,5.39,4.336,5.058
"YJL100W",5.424,5.528,5.844,6.029,6.305,6.453
"YJL101C",7.015,7.336,7.575,7.338,7.094,7.334
"YJL102W",7.072,7.336,7.413,6.882,7.011,6.688
"YJL103C",6.927,7.049,6.942,7.285,7.43,7.31
"YJL104W",6.833,6.838,6.803,5.339,6.157,6.172
"YJL105W",4.179,4.528,4.071,4.847,5.099,4.942
"YJL106W",2.617,3.812,3.62,4.094,3.646,4.676
"YJL107C",3.257,4.326,4.56,5.231,5.633,5.314
"YJL108C",4.179,3.589,4.812,4.918,5.346,4.747
"YJL109C",6.927,6.113,7.609,6.65,6.673,6.724
"YJL110C",5.273,5.982,5.726,5.894,6.05,5.979
"YJL111W",7.3,6.76,7.962,7.258,6.996,7.109
"YJL112W",7.597,7.362,7.674,7.351,7.43,7.626
"YJL115W",5.207,6.214,4.924,5.784,5.705,5.684
"YJL116C",8.043,7.344,8.913,11.265,11.219,11.086
"YJL117W",6.45,6.38,6.583,6.423,6.48,6.614
"YJL118W",3.38,2.589,4.414,1.3,1.189,2.626
"YJL119C",2.145,2.589,2.464,2.429,1.189,2.287
"YJL120W",2.617,2.003,2.959,3.055,3.316,2.626
"YJL121C",5.304,5.005,5.38,5.114,5.203,5.571
"YJL122W",4.827,4.528,4.924,4.771,4.801,4.154
"YJL123C",6.986,8.01,6.86,7.402,7.553,7.761
"YJL124C",5.845,6.071,5.598,4.986,5.74,5.823
"YJL125C",5.03,4.705,5.124,4.847,4.587,4.154
"YJL126W",4.036,4.252,4.692,4.213,4.662,4.046
"YJL127C",4.783,5.252,5.027,5.821,5.993,5.949
"YJL127C-B",4.485,5.29,5.027,4.424,4.662,4.88
"YJL127W-A",1.835,2.589,3.863,3.288,3.316,2.287
"YJL128C",6.254,6.559,6.681,6.495,6.351,6.633
"YJL129C",7.269,7.488,7.575,8.053,8.303,8.397
"YJL130C",9.478,9.528,10.29,9.463,9.277,9.274
"YJL131C",5.453,6.464,4.692,5.929,5.152,6.453
"YJL132W",5.304,5.397,6.103,6.239,6.395,6.41
"YJL133C-A",8.564,8.582,9.435,9.014,8.785,8.564
"YJL133W",4.642,4.705,5.787,5.533,5.434,5.217
"YJL134W",5.866,5.959,6.548,6.398,6.281,6.119
"YJL136C",7.916,8.516,7.796,7.172,7.16,7.357
"YJL137C",5.304,5.326,6.055,5.821,5.476,5.217
"YJL138C",7.006,7.071,7.314,7.298,7.08,7.095
"YJL139C",5.03,4.911,6.323,5.39,5.476,5.531
"YJL140W",7.126,7.733,6.942,6.77,6.778,7.287
"YJL141C",6.492,6.875,7.229,7.674,7.441,7.434
"YJL142C",1.835,4.004,3.327,3.49,3.316,3.131
"YJL143W",6.957,6.899,7.706,7.298,7.107,7.054
"YJL144W",6.906,7.753,6.477,6.563,6.811,7.136
"YJL145W",5.508,5.397,6.323,4.986,4.336,3.928
"YJL146W",5.638,5.431,6.055,5.745,5.934,5.448
"YJL147C",4.179,4.648,3.62,4.918,4.733,5.001
"YJL148W",6.27,6.327,5.787,4.608,5.044,5.491
"YJL149W",4.783,5.214,4.56,6.029,6.233,5.887
"YJL150W",0.892,0,1.704,1.3,2.274,2.287
"YJL151C",8.015,8.59,8.671,8.607,8.654,8.813
"YJL152W",7.099,7.552,7.811,7.663,7.72,7.752
"YJL153C",6.348,6.049,7.737,7.097,7.223,6.922
"YJL154C",6.598,6.528,6.832,6.628,7.094,6.81
"YJL155C",6.572,6.838,6.743,6.809,6.727,6.906
"YJL156C",5.949,5.911,6.402,6.447,6.183,6.172
"YJL156W-A",3.257,4.397,4.253,3.965,4.424,3.66
"YJL157C",4.591,4.326,5.124,4.213,2.887,3.131
"YJL158C",6.906,6.634,7.14,4.771,4.424,4.676
"YJL159W",8.812,8.435,9.689,7.158,6.876,6.952
"YJL160C",1.835,2.003,2.464,1.3,1.189,0
"YJL161W",3.698,3.911,2.464,4.847,5.252,5.36
"YJL162C",4.69,4.648,2.959,3.965,4.587,5.058
"YJL163C",5.908,5.528,6.616,7.567,7.553,7.456
"YJL164C",6.572,6.559,7.251,8.253,8.012,8.157
"YJL165C",7.3,7.705,7.505,8.273,8.415,8.177
"YJL166W",10.855,11.279,10.512,10.075,10.069,10.228
"YJL167W",8.968,8.799,9.017,8.956,8.83,9.042
"YJL168C",5.887,6.544,5.787,5.997,5.903,5.823
"YJL169W",3.698,4.759,2.959,4.213,3.49,3.66
"YJL170C",2.145,3.326,3.863,3.823,4.336,4.046
"YJL171C",8.524,7.746,9.788,8.546,8.267,8.462
"YJL172W",8.963,8.677,10.013,9.889,9.581,9.599
"YJL173C",6.221,5.464,5.726,5.39,5.476,5.166
"YJL174W",7.316,7.567,7.432,7.642,7.513,7.568
"YJL175W",1.835,2.811,3.327,2.775,2.274,3.504
"YJL176C",6.204,6.512,5.726,6.65,6.637,6.982
"YJL177W",7.428,7.134,7.272,6.67,6.541,6.595
"YJL178C",6.789,6.414,7.374,6.691,6.922,6.843
"YJL179W",4.69,5.431,4.253,3.965,3.49,3.8
"YJL180C",6.238,6.092,6.649,5.578,5.774,5.405
"YJL181W",5.24,5.326,5.38,5.821,5.84,5.918
"YJL182C",1.439,1.002,1.704,1.3,2.613,2.9
"YJL183W",6.221,5.887,7.116,6.239,6.157,6.32
"YJL184W",4.539,5.496,5.38,4.424,5.669,5.448
"YJL185C",4.179,3.464,4.692,5.339,5.476,5.36
"YJL186W",6.254,6.559,7.163,6.607,6.58,6.652
"YJL187C",5.03,5.29,5.726,4.424,4.865,4.046
"YJL188C",9.157,9.342,8.257,7.377,8.04,8.312
"YJL189W",9.093,9.364,8.235,7.754,7.893,8.352
"YJL190C",7.821,7.262,7.949,5.578,5.476,5.887
"YJL191W",6.937,6.464,7.505,6.65,6.58,6.495
"YJL192C",6.598,6.397,7.14,6.398,5.808,6.223
"YJL193W",4.429,4.812,5.124,6.65,6.521,6.092
"YJL194W",4.179,4.397,4.812,5.051,4.241,5.058
"YJL195C",3.38,3.004,3.863,2.775,2.274,2.287
"YJL196C",7.244,6.97,8.146,8.67,8.514,8.335
"YJL197C-A",3.121,2.003,3.863,4.213,3.49,3.504
"YJL197W",6.635,6.705,7.558,7.463,7.295,7.434
"YJL198W",5.207,5.214,6.005,5.439,5.252,5.217
"YJL199C",3.494,2.811,2.464,4.094,3.914,3.928
"YJL200C",7.126,6.634,7.69,6.239,5.774,5.918
"YJL201W",5.587,6.134,6.15,6.153,5.774,6.248
"YJL202C",4.036,4.812,2.959,2.775,4.662,4.815
"YJL203W",4.246,5.496,4.812,4.986,5.299,4.88
"YJL204C",4.991,5.005,3.863,5.745,5.556,5.684
"YJL205C",5.929,6.271,5.456,6.321,6.022,6.536
"YJL206C",5.453,5.049,5.598,5.784,5.705,5.755
"YJL207C",7.584,7.627,7.721,7.839,7.991,7.752
"YJL208C",6.238,6.253,6.055,4.771,4.336,4.747
"YJL209W",5.24,5.397,5.529,6.398,6.438,6.172
"YJL210W",4.69,4.759,6.103,5.487,5.299,5.001
"YJL211C",3.257,2.589,3.863,3.666,2.613,2.9
"YJL212C",5.686,5.935,6.86,9.38,9.13,9.135
"YJL213W",3.121,3.589,4.071,5.487,5.252,4.747
"YJL214W",3.877,4.092,4.692,3.288,2.613,3.329
"YJL215C",1.439,2.003,2.464,3.823,4.031,2.287
"YJL216C",3.877,4.004,4.924,5.705,4.927,5.058
"YJR001W",5.662,5.935,6.44,6.952,6.907,6.556
"YJR002W",6.546,6.071,6.055,6.447,6.351,6.495
"YJR003C",4.737,4.464,4.071,5.578,5.669,5.405
"YJR004C",4.246,4.528,4.414,5.622,5.633,5.61
"YJR005C-A",2.805,2.326,1.704,0,2.613,1.197
"YJR005W",6.45,6.005,6.402,6.321,6.48,6.776
"YJR006W",5.535,5.464,5.124,5.173,5.152,5.058
"YJR007W",5.067,4.589,5.598,5.051,5.252,4.815
"YJR008W",5.929,6.29,6.583,6.77,6.599,6.843
"YJR009C",7.253,7.06,7.949,9.219,9.234,9.187
"YJR010C-A",5.638,5.134,5.726,5.231,5.633,5.491
"YJR010W",6.348,6.049,7.207,5.231,5.595,4.747
"YJR011C",4.309,4.862,4.56,5.39,5.705,5.491
"YJR012C",4.485,4.464,4.56,4.608,5.299,5.491
"YJR013W",5.335,5.59,5.215,5.578,6.022,5.855
"YJR014W",6.153,6.85,6.402,5.622,5.595,5.61
"YJR015W",6.436,6.194,7.229,6.864,6.811,6.652
"YJR016C",8.207,7.48,8.892,8.644,8.463,8.294
"YJR017C",4.246,4.004,4.56,4.608,4.927,4.439
"YJR018W",1.835,2.003,3.863,3.49,2.274,3.131
"YJR019C",4.87,5.134,6.103,6.691,6.438,6.092
"YJR020W",2.617,2.003,3.327,4.322,4.031,4.154
"YJR021C",4.036,4.326,3.62,4.322,4.587,4.154
"YJR022W",2.617,4.648,1.704,3.288,2.613,3.8
"YJR023C",2.145,4.397,1.704,2.429,3.646,2.9
"YJR024C",4.642,4.959,6.055,5.286,5.39,5.61
"YJR025C",4.036,4.252,4.414,4.771,5.39,5.314
"YJR030C",5.823,4.759,6.195,4.771,4.987,4.942
"YJR031C",6.585,5.705,6.888,6.809,6.709,6.595
"YJR032W",5.535,5.619,5.3,5.173,4.662,5.217
"YJR033C",5.453,5.252,6.195,6.79,6.673,6.724
"YJR034W",5.802,5.837,5.787,5.231,5.556,5.217
"YJR035W",6.436,6.327,6.281,7.23,7.198,6.952
"YJR036C",3.257,4.092,4.071,6.239,6.305,6.119
"YJR037W",1.439,0,1.704,1.972,3.49,2.9
"YJR038C",2.4,1.588,1.704,3.49,3.316,4.35
"YJR039W",4.87,5.049,5.598,6.827,7.235,6.843
"YJR040W",5.365,5.362,5.726,4.986,4.662,5.405
"YJR041C",5.949,5.134,6.44,5.929,6.05,6.296
"YJR042W",6.204,5.362,6.713,6.182,5.633,6.092
"YJR043C",3.959,4.812,3.62,3.49,2.613,3.504
"YJR044C",6.171,5.982,6.713,5.963,6.157,5.887
"YJR045C",9.832,10.163,10.071,9.05,8.973,9.101
"YJR046W",5.24,6.049,5.3,4.608,5.346,5.166
"YJR047C",1.439,3.464,3.863,4.918,4.14,4.256
"YJR048W",9.185,9.327,9.449,8.115,8.047,8.358
"YJR049C",5.365,5.559,5.529,6.267,6.618,6.343
"YJR050W",5.929,6.29,5.456,5.622,5.517,5.648
"YJR051W",6.66,6.233,7.293,7.589,7.523,7.578
"YJR052W",6.007,6.397,6.363,6.607,6.599,6.67
"YJR053W",4.309,4.252,4.56,4.424,5.044,4.815
"YJR054W",4.912,5.214,4.924,4.918,4.865,5.113
"YJR055W",5.173,4.812,5.215,4.094,4.336,4.046
"YJR056C",4.827,5.431,4.253,4.519,4.927,4.439
"YJR057W",5.03,5.005,5.027,5.487,5.044,5.448
"YJR058C",4.991,5.134,5.663,6.239,5.872,5.531
"YJR059W",6.393,8.016,6.888,8.167,8.212,8.144
"YJR060W",4.309,4.648,5.215,5.339,5.39,5.314
"YJR061W",7.551,7.439,8.051,8.092,8.168,8.294
"YJR062C",4.642,4.528,5.9,5.051,5.434,5.267
"YJR063W",5.139,5.049,5.787,4.424,4.801,4.256
"YJR064W",6.986,6.574,7.642,6.65,6.655,6.474
"YJR065C",6.118,5.496,7.069,6.495,6.281,6.388
"YJR066W",7.316,6.863,8.075,9.169,9.076,8.996
"YJR067C",4.036,4.589,4.812,3.666,3.786,4.154
"YJR068W",6.204,5.959,5.787,6.029,6.208,6.474
"YJR069C",4.036,3.589,4.924,4.519,4.336,4.747
"YJR070C",5.304,5.326,5.124,5.533,5.044,5.531
"YJR071W",4.246,5.092,4.414,4.771,4.508,4.154
"YJR072C",6.254,6.648,6.363,5.622,6.022,6.223
"YJR073C",7.081,7.271,7.541,7.187,7.284,7.04
"YJR074W",6.506,6.38,7.093,6.985,6.709,6.41
"YJR075W",6.317,6.362,6.773,7.158,6.937,6.997
"YJR076C",6.506,6.38,6.402,6.751,6.521,6.67
"YJR077C",10.332,9.771,10.9,9.42,9.397,9.077
"YJR078W",4.179,4.326,4.812,5.705,5.705,5.405
"YJR079W",4.912,5.174,5.027,5.231,4.587,4.88
"YJR080C",7.442,7.464,7.558,6.607,6.618,6.922
"YJR082C",5.173,5.362,4.812,5.39,4.987,5.405
"YJR083C",4.991,4.812,4.414,4.519,5.39,5.113
"YJR084W",5.335,4.911,5.663,5.051,5.434,5.113
"YJR085C",7.754,7.947,8.039,7.498,7.513,7.538
"YJR086W",4.036,4.252,3.327,1.972,3.117,2.9
"YJR087W",4.69,5.005,4.414,3.965,3.786,4.815
"YJR088C",5.908,6.092,5.38,5.439,5.774,5.918
"YJR089W",6.317,6.574,5.663,6.563,6.778,6.633
"YJR090C",6.407,6.362,6.477,7.143,7.039,7.287
"YJR091C",6.843,6.705,7.505,8.211,8.047,8.282
"YJR092W",4.783,4.959,5.663,4.424,3.786,3.131
"YJR093C",5.03,5.252,5.124,5.339,5.152,5.166
"YJR094C",2.617,3.004,2.464,3.965,3.316,3.504
"YJR094W-A",7.616,7.308,7.767,5.533,5.099,5.789
"YJR095W",6.363,7.336,6.832,3.49,3.914,2.626
"YJR096W",8.19,8.427,8.851,10.049,10.188,10.081
"YJR097W",5.03,4.862,4.253,3.666,3.117,2.9
"YJR098C",5.757,5.362,5.598,5.929,6.022,5.684
"YJR099W",4.539,4.252,4.414,4.213,4.424,4.601
"YJR100C",5.535,5.911,4.692,5.705,6.077,6.119
"YJR101W",6.777,6.746,7.093,6.093,6.208,6.037
"YJR102C",4.991,5.092,4.812,4.519,4.336,4.747
"YJR103W",6.1,6.29,7.523,7.876,7.746,7.423
"YJR104C",9.825,9.828,10.644,10.154,10.166,10.069
"YJR105W",8.085,7.472,8.679,8.416,8.255,8.177
"YJR106W",4.87,4.004,4.414,5.622,5.346,5.448
"YJR107W",4.737,4.705,4.692,5.664,5.872,6.065
"YJR108W",2.145,2.326,1.704,2.775,2.274,2.626
"YJR109C",8.103,7.918,8.992,7.98,8.012,7.626
"YJR110W",5.949,6.134,6.055,6.67,6.673,6.366
"YJR111C",4.783,4.705,4.924,3.823,4.14,3.928
"YJR112W",4.591,5.214,5.027,3.49,3.117,3.66
"YJR112W-A",4.179,4.528,5.124,4.424,5.299,5.113
"YJR113C",5.686,5.759,6.103,5.997,5.872,5.448
"YJR114W",3.959,3.812,5.38,3.288,3.646,3.131
"YJR115W",1.439,4.397,4.414,4.213,4.241,4.256
"YJR116W",5.139,5.252,6.005,5.929,5.964,5.918
"YJR117W",7.671,7.597,8.191,7.632,7.375,7.263
"YJR118C",6.082,5.959,6.055,5.858,5.556,5.531
"YJR119C",5.365,5.174,6.15,6.321,6.05,6.065
"YJR120W",7.435,7.414,7.609,6.495,6.521,6.146
"YJR121W",11.456,11.453,11.943,10.674,10.615,10.547
"YJR122W",6.436,6.719,6.888,5.784,5.774,5.531
"YJR123W",9.364,9.089,9.499,8.686,8.617,8.462
"YJR124C",4.37,4.759,4.56,4.847,4.336,4.35
"YJR125C",5.949,5.911,6.363,6.495,6.761,6.119
"YJR126C",6.623,5.759,7.116,7.734,7.543,7.654
"YJR127C",7.195,7.362,7.469,8.716,8.337,8.318
"YJR128W",1.835,0,1.704,2.429,1.189,0
"YJR129C",2.972,3.705,4.414,4.213,4.336,5.001
"YJR130C",6.302,6.344,7.044,6.373,6.208,6.432
"YJR131W",4.246,4.862,5.124,4.771,4.987,5.113
"YJR132W",5.103,4.326,6.055,6.153,6.208,6.065
"YJR133W",6.635,6.29,7.163,6.471,6.727,6.776
"YJR134C",5.587,7.016,4.812,6.123,6.05,6.343
"YJR135C",3.121,3.004,3.863,2.775,3.316,2.9
"YJR135W-A",6.492,6.194,6.402,5.051,5.476,5.267
"YJR136C",4.737,4.705,5.027,5.173,5.099,4.942
"YJR137C",8.438,8.185,9.476,8.218,7.746,7.708
"YJR138W",6.811,6.773,6.994,8.633,8.73,8.682
"YJR139C",8.319,8.108,9.249,8.253,8.075,7.916
"YJR140C",6.302,6.233,6.713,6.882,6.778,6.952
"YJR140W-A",2.617,2.326,2.959,3.288,2.887,2.9
"YJR141W",4.309,5.326,3.62,3.823,4.733,4.046
"YJR142W",5.139,4.959,5.027,5.705,5.517,5.448
"YJR143C",7.799,6.912,8.756,7.377,7.375,7.39
"YJR144W",6.732,6.959,6.681,5.997,5.903,5.949
"YJR145C",6.027,5.732,6.649,5.578,5.099,5.267
"YJR147W",2.145,2.326,3.327,3.823,2.887,4.046
"YJR148W",4.036,4.092,3.863,5.997,6.257,6.119
"YJR149W",6.598,6.414,7.069,6.029,6.459,6.516
"YJR150C",0,0,0,2.775,3.316,2.9
"YJR151C",4.87,4.911,5.3,6.607,6.795,6.366
"YJR152W",9.769,9.695,10.182,10.892,10.884,11.06
"YJR153W",2.4,2.811,2.959,3.288,3.914,2.626
"YJR154W",4.036,3.004,4.253,4.213,4.031,3.329
"YJR155W",6.672,6.663,7.293,5.821,5.669,5.918
"YKL001C",6.559,6.677,7.116,4.986,5.299,5.166
"YKL002W",7.025,7.634,7.229,7.451,7.63,7.787
"YKL003C",6.082,6.574,5.456,5.286,5.476,5.823
"YKL004W",5.887,5.464,6.616,6.447,6.281,5.855
"YKL005C",7.42,7.779,7.609,8.123,8.415,8.233
"YKL006C-A",5.561,5.982,5.3,5.487,5.152,5.61
"YKL006W",7.538,6.59,7.752,6.585,6.183,6.614
"YKL007W",6.188,6.214,6.402,6.321,6.183,6.474
"YKL008C",6.082,5.863,7.044,7.555,7.295,7.518
"YKL009W",7.665,7.574,6.773,5.051,4.587,5.571
"YKL010C",7.906,7.243,8.605,8.655,8.772,8.687
"YKL011C",2.617,3.812,3.62,4.213,4.241,4.35
"YKL012W",6.559,6.719,5.844,6.607,6.744,7.162
"YKL013C",6.947,7.134,7.609,7.034,7.011,6.576
"YKL014C",6.064,5.911,5.9,5.821,6.328,5.979
"YKL015W",5.802,5.863,6.005,6.423,5.872,5.887
"YKL016C",9.888,10.341,10.131,8.601,8.716,8.723
"YKL017C",5.067,5.528,4.692,5.39,5.152,4.747
"YKL018C-A",5.103,5.559,5.598,5.286,5.252,5.61
"YKL018W",4.246,4.326,5.456,4.519,4.424,4.256
"YKL019W",5.561,5.528,5.954,6.182,6.351,5.949
"YKL020C",7.435,7.397,7.882,8.138,7.976,8.208
"YKL021C",4.952,5.397,4.414,5.231,4.801,5.267
"YKL022C",5.779,5.464,6.281,6.267,5.964,6.614
"YKL023C-A",3.121,2.589,3.863,3.823,2.887,3.131
"YKL023W",5.757,7.488,5.787,6.731,7.039,6.742
"YKL024C",5.139,5.326,5.124,5.578,5.476,5.405
"YKL025C",5.929,6.214,6.103,6.373,6.395,6.614
"YKL026C",6.302,7.318,6.15,6.67,7.186,7.263
"YKL027W",5.802,5.214,6.649,5.858,5.84,5.979
"YKL028W",6.064,6.863,6.548,6.731,6.459,6.776
"YKL029C",4.952,5.431,6.055,4.986,4.424,5.058
"YKL030W",3.791,4.092,5.124,4.322,3.646,3.8
"YKL031W",0.892,1.588,1.704,1.3,1.189,1.197
"YKL032C",5.273,6.414,5.726,6.321,6.438,6.223
"YKL033W",4.69,4.911,5.9,6.182,5.774,6.248
"YKL033W-A",6.378,6.194,7.069,6.67,6.673,6.595
"YKL034W",5.845,5.786,6.915,7.097,7.223,7.149
"YKL035W",7.731,8.021,8.597,9.338,9.175,9.24
"YKL036C",3.791,2.589,4.253,4.986,4.927,5.058
"YKL037W",2.145,2.589,2.464,0,1.831,1.842
"YKL038W",6.393,7.081,7.575,8.422,8.452,8.17
"YKL039W",6.598,5.759,6.942,6.541,6.417,6.474
"YKL040C",6.635,6.214,7.116,5.487,5.934,6.146
"YKL041W",5.686,6.397,5.726,5.622,5.74,5.684
"YKL042W",5.03,5.134,4.414,4.519,3.646,4.154
"YKL043W",6.672,7.194,7.093,8.287,8.436,8.504
"YKL044W",4.246,2.589,4.071,4.918,4.424,4.676
"YKL045W",5.395,4.959,6.281,6.061,6.05,5.571
"YKL046C",7.126,7.336,7.69,7.351,7.223,7.054
"YKL047W",5.207,5.092,5.124,5.821,4.927,5.36
"YKL048C",6.492,6.38,6.649,6.471,6.691,6.198
"YKL049C",4.783,4.759,4.071,5.173,5.476,5.166
"YKL050C",5.24,5.362,5.3,6.731,6.183,6.536
"YKL051W",4.485,3.812,5.027,5.622,5.099,5.531
"YKL052C",3.6,4.252,4.692,4.322,3.914,3.928
"YKL053C-A",6.559,7.081,6.713,6.398,5.84,6.198
"YKL053W",1.835,2.003,3.327,4.094,3.117,2.626
"YKL054C",7.956,8.875,6.942,7.764,7.893,8.221
"YKL055C",3.698,3.589,5.3,3.666,4.241,4.35
"YKL056C",8.874,8.375,9.685,8.736,8.663,8.414
"YKL057C",6.896,6.362,7.069,6.153,6.305,6.065
"YKL058W",5.686,5.837,6.402,5.745,5.595,5.571
"YKL059C",5.067,4.812,5.529,5.533,6.105,5.918
"YKL060C",12.083,12.318,12.703,13.652,13.749,13.559
"YKL061W",4.642,5.29,4.071,4.094,3.914,4.601
"YKL062W",7.971,7.887,8.408,9.201,9.326,9.37
"YKL063C",5.067,6.574,4.071,4.519,5.299,5.61
"YKL064W",7.384,7.619,7.811,8.691,8.494,8.617
"YKL065C",7.292,7.38,6.915,6.585,6.891,6.81
"YKL065W-A",2.145,2.811,3.62,3.823,4.14,3.8
"YKL066W",6.007,6.76,6.363,6.585,6.811,6.432
"YKL067W",8.024,8.19,8.309,8.232,8.218,7.969
"YKL068W",6.064,6.194,5.215,5.894,6.305,6.172
"YKL068W-A",4.991,5.049,5.598,4.847,5.044,4.154
"YKL069W",5.139,5.29,4.924,5.286,4.865,5.166
"YKL070W",5.686,5.174,6.44,6.628,6.351,6.576
"YKL071W",9.534,8.881,10.245,6.79,6.541,6.516
"YKL072W",4.991,5.005,4.414,6.029,6.05,6.32
"YKL073W",7.981,8.384,8.123,6.691,6.744,7.122
"YKL074C",6.407,6.935,6.239,5.705,5.872,5.571
"YKL075C",5.535,5.887,5.3,5.784,5.299,6.119
"YKL076C",1.835,3.004,0,3.288,3.316,2.9
"YKL077W",7.665,6.935,7.909,7.544,7.284,7.588
"YKL078W",4.036,3.326,4.56,3.823,3.914,4.522
"YKL079W",5.802,6.113,5.215,6.447,6.599,6.724
"YKL080W",7.442,7.071,7.782,7.621,7.754,7.708
"YKL081W",7.347,7.103,7.609,5.784,5.705,5.684
"YKL082C",6.317,8.492,5.027,5.997,6.58,6.614
"YKL083W",5.365,7.536,4.253,4.918,5.203,5.61
"YKL084W",3.494,3.326,3.327,4.424,4.336,4.815
"YKL085W",9.464,10.292,9.669,9.783,9.67,9.642
"YKL086W",2.805,2.003,2.464,2.775,2.613,3.928
"YKL087C",7.3,7.641,8.158,7.187,7.248,7.434
"YKL088W",5.988,6.59,5.663,6.347,6.131,6.453
"YKL089W",5.866,6.175,5.215,4.322,4.865,5.448
"YKL090W",4.591,4.092,4.253,5.173,4.865,4.747
"YKL091C",4.783,5.528,5.456,6.607,6.459,6.388
"YKL092C",6.153,6.071,5.9,6.321,6.105,6.366
"YKL093W",4.912,4.911,4.56,5.858,5.774,5.36
"YKL094W",7.42,7.691,7.505,8.077,8.174,8.097
"YKL095W",5.613,5.092,4.692,5.821,6.05,6.172
"YKL096C-B",2.145,3.174,2.464,3.288,3.316,2.626
"YKL096W",3.791,4.862,4.812,6.093,6.208,5.531
"YKL096W-A",10.619,10.638,11.195,12.408,12.408,12.251
"YKL098W",4.642,4.252,5.9,5.487,5.476,5.491
"YKL099C",5.103,5.092,4.071,4.424,5.203,5.217
"YKL100C",6.732,6.027,7.272,7.704,7.582,7.299
"YKL100W-A",2.617,3.004,4.071,3.288,2.274,4.154
"YKL101W",7.261,7.397,7.185,6.267,6.541,6.614
"YKL102C",1.439,1.002,0,0,1.831,0
"YKL103C",6.937,8.17,7.523,7.621,7.533,7.969
"YKL104C",7.025,6.414,7.975,7.158,6.952,6.793
"YKL105C",5.613,6.464,5.529,6.864,7.025,6.688
"YKL106C-A",0.892,1.588,1.704,1.3,2.274,1.197
"YKL106W",6.204,5.528,5.954,6.093,5.964,6.065
"YKL107W",3.38,3.004,4.414,5.114,5.152,4.88
"YKL108W",4.485,4.812,3.863,4.692,5.252,5.058
"YKL109W",9.429,10.099,8.92,9.501,9.482,9.535
"YKL110C",6.506,7.344,6.281,6.267,6.233,6.366
"YKL111C",4.539,5.134,3.62,4.424,4.662,4.35
"YKL112W",6.153,6.397,6.402,7.066,6.891,6.906
"YKL113C",5.802,5.705,5.726,5.533,5.705,5.755
"YKL114C",5.662,5.863,5.529,4.986,4.865,5.314
"YKL115C",2.145,3.589,2.464,2.429,2.274,1.197
"YKL116C",5.173,4.812,5.663,5.439,5.252,4.747
"YKL117W",8.075,8.29,7.706,7.285,7.235,7.109
"YKL118W",2.617,3.326,2.959,0,2.274,2.626
"YKL119C",5.273,5.005,4.812,4.771,5.099,5.491
"YKL120W",6.333,5.959,6.968,6.447,6.328,6.453
"YKL121W",5.453,5.326,5.787,6.917,6.459,6.859
"YKL122C",5.613,6.733,4.692,4.608,4.733,5.267
"YKL123W",1.835,0,0,0,1.831,1.197
"YKL124W",6.27,6.308,6.583,6.711,6.673,6.688
"YKL125W",6.27,6.027,7.093,6.827,6.709,6.875
"YKL126W",7.108,6.746,8.075,7.201,7.408,7.379
"YKL127W",5.779,5.049,5.954,4.918,4.662,4.439
"YKL128C",5.067,4.959,5.787,4.918,4.587,4.942
"YKL129C",6.082,6.677,6.323,7.521,7.72,7.487
"YKL130C",4.69,5.049,5.124,4.692,5.152,5.166
"YKL131W",2.4,3.174,2.959,3.823,1.831,3.8
"YKL132C",3.959,4.759,5.027,4.986,5.346,5.058
"YKL133C",5.453,5.496,5.787,5.705,5.476,5.058
"YKL134C",6.533,5.959,6.803,5.929,6.022,6.198
"YKL135C",6.684,6.574,6.915,7.018,7.295,6.759
"YKL136W",5.067,5.759,5.38,5.533,5.934,4.88
"YKL137W",5.845,6.271,5.027,4.847,5.252,4.747
"YKL138C",5.207,5.559,4.071,3.288,3.914,3.928
"YKL138C-A",4.485,3.812,1.704,3.055,4.031,2.9
"YKL139W",4.827,5.326,2.464,3.823,4.508,5.405
"YKL140W",6.422,6.746,6.513,6.751,6.86,6.952
"YKL141W",9.835,9.931,10.596,9.929,9.931,9.819
"YKL142W",7.941,8.38,8.014,8.045,8.371,8.189
"YKL143W",5.845,5.648,4.692,6.239,5.595,6.065
"YKL144C",4.69,4.648,4.253,3.823,4.927,4.256
"YKL145W",7.961,7.512,8.319,8.021,7.931,8.352
"YKL146W",6.766,7.027,7.505,7.849,7.711,7.597
"YKL147C",4.246,4.174,5.529,5.173,4.927,5.36
"YKL148C",9.036,9.165,9.453,8.706,8.593,8.335
"YKL149C",4.737,4.092,4.56,5.114,5.595,4.676
"YKL150W",9.588,9.727,9.716,9.963,10.351,10.262
"YKL151C",7.742,8.233,8.563,8.895,8.858,8.627
"YKL152C",9.83,10.373,10.346,11.756,11.838,11.623
"YKL153W",9.122,9.652,9.548,11.02,11.034,10.828
"YKL154W",5.587,5.759,5.3,4.424,4.927,4.815
"YKL155C",6.363,6.993,6.15,6.294,5.808,6.296
"YKL156C-A",7.143,6.993,6.616,6.347,6.233,6.576
"YKL156W",8.292,8.124,7.949,7.244,7.364,7.635
"YKL157W",8.455,7.733,9.149,9.275,9.268,9.171
"YKL159C",3.959,3.705,4.071,3.49,3.646,3.928
"YKL160W",7.406,7.648,6.968,6.093,6.459,6.952
"YKL161C",3.257,3.705,5.027,4.213,4.031,4.815
"YKL162C",5.03,4.589,5.215,5.997,5.74,5.36
"YKL162C-A",2.4,2.003,1.704,0,1.189,1.842
"YKL163W",7.931,8.108,8.748,8.546,8.399,8.473
"YKL164C",6.27,6.677,6.583,5.286,5.099,5.217
"YKL165C",7.362,7.536,8.427,4.986,5.152,5.001
"YKL165C-A",1.439,1.588,2.464,3.288,1.831,3.329
"YKL166C",4.69,5.252,5.027,5.286,5.099,4.815
"YKL167C",5.866,6.344,5.663,5.173,6.022,5.918
"YKL168C",5.173,5.174,5.598,6.321,6.599,6.706
"YKL169C",6.221,6.327,6.44,5.39,4.987,5.531
"YKL170W",6.559,6.677,6.583,5.231,5.556,5.448
"YKL171W",6.118,5.619,7.374,7.621,7.639,7.39
"YKL172W",6.72,7.448,5.529,5.858,6.395,6.474
"YKL173W",5.757,5.431,6.195,5.997,5.633,6.172
"YKL174C",6.478,6.397,7.334,6.585,6.58,6.432
"YKL175W",7.072,6.899,8.014,7.954,8.061,7.828
"YKL176C",7.195,6.48,7.706,8.029,7.838,7.654
"YKL178C",2.972,2.003,2.959,2.429,3.117,3.131
"YKL179C",5.887,6.154,5.38,5.533,6.077,6.248
"YKL180W",8.248,7.899,8.389,7.567,7.319,7.299
"YKL181W",6.696,6.414,7.882,7.621,7.693,7.597
"YKL182W",10.896,10.348,11.886,11.198,11.075,11.132
"YKL183C-A",1.439,2.003,0,1.972,2.613,1.842
"YKL183W",4.429,5.174,4.071,5.339,5.84,5.166
"YKL184W",5.03,4.759,6.103,5.231,4.865,4.88
"YKL185W",6.422,6.838,6.005,5.578,5.84,5.72
"YKL186C",5.207,6.464,6.195,5.533,5.705,5.72
"YKL187C",3.6,4.092,4.924,4.213,4.241,3.504
"YKL188C",4.591,5.397,4.56,6.029,5.964,6.172
"YKL189W",4.539,5.005,5.215,5.231,5.84,5.491
"YKL190W",5.866,5.959,5.529,6.093,6.233,6.065
"YKL191W",5.638,5.559,6.323,5.745,5.993,5.918
"YKL192C",8.24,8.295,8.92,7.894,7.797,7.7
"YKL193C",6.45,6.528,5.663,7.097,6.637,7.226
"YKL194C",5.139,5.528,5.663,5.705,5.203,5.405
"YKL195W",8.3,8.906,7.293,7.338,7.601,7.691
"YKL196C",6.865,6.746,6.86,6.211,6.373,6.41
"YKL197C",4.952,4.648,5.663,6.827,6.709,6.652
"YKL198C",2.4,3.911,5.38,5.173,5.556,4.676
"YKL201C",7.316,8.563,7.782,8.934,8.973,9.118
"YKL202W",4.642,7.016,4.253,6.061,5.669,6.536
"YKL203C",6.766,6.431,7.523,8.225,8.129,7.998
"YKL204W",4.912,5.677,5.215,5.622,5.434,5.531
"YKL205W",6.027,6.005,6.616,5.705,6.05,5.823
"YKL206C",5.103,5.677,5.726,4.608,4.733,4.601
"YKL207W",6.254,6.559,7.163,6.711,6.58,6.343
"YKL208W",3.698,3.911,5.3,4.424,4.336,4.601
"YKL209C",5.365,4.862,5.663,5.286,5.252,5.058
"YKL210W",8.557,7.965,9.091,8.827,8.658,8.579
"YKL211C",5.866,5.619,6.363,5.929,5.808,6.092
"YKL212W",7.186,6.935,7.936,7.325,7.523,6.997
"YKL213C",6.8,6.448,7.432,7.426,7.462,7.068
"YKL214C",5.207,5.496,5.529,5.858,5.993,5.755
"YKL215C",5.335,5.005,6.323,7.143,6.967,7.095
"YKL216W",6.286,5.464,6.402,5.114,5.346,5.648
"YKL217W",7.152,7.318,8.014,6.123,6.131,5.648
"YKL218C",5.424,5.005,6.281,5.705,5.964,5.755
"YKL219W",3.698,3.589,4.56,4.094,4.14,4.815
"YKL220C",3.698,3.464,5.456,2.775,3.117,4.35
"YKL221W",4.912,4.862,5.529,4.692,4.336,5.166
"YKL222C",5.304,6.113,5.844,6.67,6.305,6.343
"YKR001C",7.754,7.504,8.014,7.876,7.754,7.853
"YKR002W",5.988,6.214,6.323,6.846,6.952,6.81
"YKR003W",5.866,5.464,5.954,5.173,5.517,5.314
"YKR004C",3.877,4.174,2.959,4.608,4.336,3.8
"YKR005C",5.03,4.589,4.924,5.622,5.152,5.217
"YKR006C",6.333,6.786,6.103,6.373,6.05,6.388
"YKR007W",5.173,5.619,5.124,5.114,5.39,5.405
"YKR008W",6.865,6.746,6.239,6.447,6.709,6.633
"YKR009C",4.642,5.134,4.692,7.6,7.78,7.744
"YKR010C",5.207,5.496,4.924,5.286,5.434,5.979
"YKR011C",6.696,7.253,6.681,5.533,5.964,6.366
"YKR012C",4.109,2.589,4.414,1.3,3.646,3.131
"YKR013W",6.684,5.59,7.019,5.051,5.044,5.001
"YKR014C",6.811,7.388,6.477,6.211,6.351,6.474
"YKR015C",5.207,6.544,5.027,4.986,5.476,5.113
"YKR016W",8.554,9.044,7.854,7.351,7.72,7.77
"YKR017C",4.69,4.464,5.215,5.533,5.669,5.001
"YKR018C",7.391,6.982,8.34,8.585,8.612,8.386
"YKR019C",4.109,3.911,4.414,5.705,5.556,5.491
"YKR020W",4.591,5.174,2.464,4.847,3.786,4.88
"YKR021W",5.887,6.194,6.616,7.51,7.72,7.445
"YKR022C",5.662,5.677,4.56,5.339,5.152,5.448
"YKR023W",5.887,6.912,4.692,6.093,5.808,6.037
"YKR024C",5.103,5.397,4.924,5.39,5.299,5.918
"YKR025W",4.991,5.464,5.215,5.173,5.099,5.405
"YKR026C",4.485,4.589,5.215,4.608,4.031,3.504
"YKR027W",5.481,4.092,5.954,5.487,5.633,5.166
"YKR028W",6.464,6.59,7.14,7.23,7.025,7.299
"YKR029C",6.188,6.194,4.692,5.487,5.774,6.198
"YKR030W",4.246,3.911,4.414,3.965,3.914,3.8
"YKR031C",7.211,7.262,6.942,8.845,8.932,8.977
"YKR032W",1.439,1.002,1.704,1.3,1.189,0
"YKR033C",5.535,5.049,5.38,8.084,7.998,8.137
"YKR034W",6.755,7.154,6.86,9.233,9.445,9.439
"YKR035C",6.896,7.362,6.402,6.77,6.727,7.054
"YKR035W-A",7.195,7.712,7.116,6.471,6.922,7.251
"YKR036C",4.642,4.705,5.124,5.439,5.099,5.314
"YKR037C",5.273,4.589,5.3,5.286,5.203,4.942
"YKR038C",6.136,6.29,6.323,6.518,6.599,6.614
"YKR039W",10.289,10.529,10.627,11.437,11.441,11.337
"YKR040C",0.892,2.326,1.704,0,1.189,1.197
"YKR041W",0.892,1.588,2.464,1.3,1.189,1.197
"YKR042W",7.285,8.313,8.483,8.092,7.771,7.803
"YKR043C",6.348,5.959,7.487,6.711,6.599,6.343
"YKR044W",5.03,5.134,6.005,5.745,5.252,5.571
"YKR045C",3.121,3.464,2.464,3.666,3.117,2.9
"YKR046C",8.861,8.815,9.517,10.047,9.877,9.88
"YKR047W",5.304,5.759,5.9,6.029,5.669,5.491
"YKR048C",6.967,6.825,7.674,7.487,7.543,7.068
"YKR049C",7.152,7.941,7.868,7.929,7.983,8.063
"YKR050W",2.805,4.174,4.253,4.519,4.031,4.942
"YKR051W",5.03,5.431,5.027,5.997,5.595,6.119
"YKR052C",5.453,5.362,6.281,5.114,4.987,5.36
"YKR053C",4.827,5.431,5.215,5.664,4.927,5.217
"YKR054C",7.671,7.397,8.18,8.859,8.734,8.627
"YKR055W",4.87,4.252,5.215,5.533,5.252,5.571
"YKR056W",6.118,5.705,6.832,6.123,6.077,6.453
"YKR057W",7.564,7.175,7.642,6.373,6.727,6.67
"YKR058W",4.952,5.837,4.56,6.373,6.891,7.026
"YKR059W",2.805,2.589,3.327,3.666,3.49,3.329
"YKR060W",4.827,4.397,4.56,4.918,4.241,4.88
"YKR061W",6.66,6.634,7.592,5.339,5.84,5.918
"YKR062W",5.887,5.464,6.402,6.731,6.709,6.688
"YKR063C",5.988,6.544,6.402,6.809,6.811,6.343
"YKR064W",6.585,6.431,6.616,6.628,6.673,6.742
"YKR065C",6.153,6.194,6.743,6.153,5.517,5.887
"YKR066C",6.007,7.144,7.116,8.41,8.41,8.104
"YKR067W",6.492,7.29,7.116,7.143,7.223,7.226
"YKR068C",5.929,6.049,6.616,6.061,6.157,6.633
"YKR069W",5.535,5.786,6.477,5.339,5.152,5.001
"YKR070W",5.173,5.092,5.726,5.745,6.281,6.172
"YKR071C",8.773,9.17,8.793,8.246,8.371,8.202
"YKR072C",5.757,6.605,5.9,6.969,7.107,6.952
"YKR073C",0.892,1.002,0,1.972,1.831,2.626
"YKR074W",5.561,5.982,6.195,5.173,5.633,5.72
"YKR075C",5.887,6.362,6.44,5.858,5.993,6.272
"YKR075W-A",3.959,4.589,4.253,4.519,4.865,5.217
"YKR076W",8.423,8.257,9.109,6.691,6.744,6.516
"YKR077W",5.845,5.648,6.005,4.608,4.987,4.522
"YKR078W",4.827,5.174,2.959,4.847,5.476,5.448
"YKR079C",5.139,5.049,4.812,4.692,5.203,4.676
"YKR080W",7.169,6.825,7.207,5.664,6.257,6.037
"YKR081C",6.221,5.759,5.787,5.173,5.476,6.008
"YKR082W",6.436,5.732,6.616,6.267,6.233,6.495
"YKR083C",4.429,5.214,3.863,2.429,2.613,3.8
"YKR084C",6.333,5.837,6.888,6.373,6.131,6.065
"YKR085C",6.027,6.799,6.616,5.39,5.252,5.314
"YKR086W",6.1,6.005,6.477,6.495,6.328,6.595
"YKR087C",5.424,5.252,5.726,5.821,5.595,5.684
"YKR088C",5.365,5.049,6.583,6.731,6.417,6.198
"YKR089C",6.333,6.005,6.583,7.51,7.211,7.188
"YKR090W",4.827,4.589,5.38,5.339,4.662,4.88
"YKR091W",4.109,4.397,5.456,4.322,4.801,4.256
"YKR092C",4.69,5.134,3.863,4.692,4.241,4.815
"YKR093W",8.319,8.313,9.249,10.041,9.758,9.694
"YKR094C",6.986,6.838,7.019,5.578,5.808,6.065
"YKR095W",8.311,9.665,6.548,8.077,8.337,8.701
"YKR095W-A",4.036,4.705,4.56,3.666,2.613,3.8
"YKR096W",6.947,7.027,7.251,7.971,8.161,8.202
"YKR097W",9.272,9.065,9.439,3.823,4.587,4.046
"YKR098C",3.791,4.812,4.56,5.894,5.669,5.887
"YKR099W",5.587,5.786,5.124,6.471,6.637,6.81
"YKR100C",6.585,7.134,6.323,7.439,7.797,7.82
"YKR101W",5.638,5.911,5.38,5.664,6.157,6.343
"YKR102W",3.959,4.759,4.253,5.894,5.595,6.119
"YKR103W",4.827,4.759,5.787,6.029,6.131,5.949
"YKR104W",3.38,4.004,4.56,3.965,4.587,4.35
"YLL001W",6.917,6.97,7.523,6.423,6.637,6.843
"YLL002W",3.791,3.326,3.62,3.055,3.49,3.329
"YLL003W",5.662,6.214,5.787,6.809,6.691,6.982
"YLL004W",4.69,4.252,3.62,3.823,4.031,4.046
"YLL005C",6.171,6.344,5.529,6.9,6.709,6.724
"YLL006W",5.535,5.214,6.15,5.439,5.84,5.918
"YLL007C",5.508,5.134,6.103,5.439,5.595,5.684
"YLL008W",5.71,6.194,5.598,5.705,6.157,5.448
"YLL009C",8.514,9.548,7.642,6.123,6.673,7.162
"YLL010C",3.959,4.589,4.56,5.114,5.299,5.36
"YLL011W",5.613,5.559,5.456,4.213,4.662,4.154
"YLL012W",3.494,4.648,5.027,6.563,6.637,6.652
"YLL013C",6.136,7.049,6.513,7.487,7.601,7.299
"YLL014W",5.535,5.837,6.239,5.705,5.934,5.918
"YLL015W",7.754,7.154,8.235,8.037,7.983,7.892
"YLL016W",5.103,5.431,5.787,7.066,7.319,6.826
"YLL017W",2.145,2.003,2.464,3.288,3.316,4.154
"YLL018C",7.719,7.582,8.224,7.521,7.553,7.681
"YLL018C-A",4.309,3.705,5.027,4.608,4.865,4.35
"YLL019C",7.477,7.856,7.868,8.751,8.699,8.569
"YLL019W-A",3.121,3.174,4.253,4.424,4.241,4.942
"YLL020C",1.439,2.589,0,3.055,3.117,3.329
"YLL021W",6.886,7.456,6.713,6.9,7.173,7.054
"YLL022C",4.783,4.252,5.844,5.339,5.044,5.571
"YLL023C",5.613,6.308,5.954,6.969,6.673,6.536
"YLL024C",8.062,7.806,8.694,6.751,6.907,6.859
"YLL025W",0,2.589,1.704,3.055,0,2.287
"YLL026W",10.138,10.896,10.272,9.99,10.177,10.143
"YLL027W",7.339,8.044,8.026,7.578,7.295,7.402
"YLL028W",8.272,8.597,9.048,9.275,9.228,9.158
"YLL029W",7.653,7.812,7.949,8.253,8.337,7.998
"YLL031C",6.777,5.837,7.019,7.002,7.134,7.213
"YLL032C",5.424,5.397,5.027,5.578,5.669,5.405
"YLL033W",4.036,3.174,3.863,3.823,3.914,3.928
"YLL034C",5.686,5.092,6.055,4.692,4.987,4.601
"YLL035W",4.642,4.812,5.124,4.519,4.241,4.522
"YLL036C",5.03,5.252,5.726,5.894,5.872,5.61
"YLL037W",4.036,4.252,4.56,3.288,4.662,4.439
"YLL038C",4.991,3.911,5.598,5.578,5.74,5.491
"YLL039C",9.594,9.51,10.395,10.067,10.015,9.932
"YLL040C",8.606,8.248,9.091,9.956,9.999,9.923
"YLL041C",9.565,9.397,10.306,9.074,9.083,8.874
"YLL042C",3.791,4.326,4.071,3.49,3.646,3.8
"YLL043W",5.335,6.38,6.005,6.029,6.183,6.008
"YLL044W",6.286,5.049,6.888,5.439,5.556,5.058
"YLL045C",7.435,6.899,8.235,7.05,6.691,7.122
"YLL046C",2.805,4.397,2.464,1.972,1.189,1.197
"YLL047W",1.835,3.589,2.959,2.775,0,1.842
"YLL048C",8.211,7.935,8.638,8.859,8.721,8.727
"YLL049W",4.991,4.705,5.456,5.173,5.044,5.113
"YLL050C",8.628,8.76,8.646,8.204,8.267,8.24
"YLL051C",5.139,4.812,6.513,6.093,6.208,5.887
"YLL052C",2.4,1.002,2.959,2.775,3.316,3.131
"YLL053C",2.4,3.004,4.414,3.055,3.786,1.842
"YLL054C",6.007,5.326,5.726,5.929,5.964,5.855
"YLL055W",8.052,8.641,8.622,8.416,8.308,8.288
"YLL056C",6.906,6.912,7.432,6.347,6.618,6.742
"YLL057C",2.4,3.326,4.253,3.288,3.646,2.287
"YLL058W",5.481,5.982,6.477,6.935,6.844,6.706
"YLL059C",3.38,3.326,4.071,4.322,3.786,4.046
"YLL060C",6.947,6.812,7.609,5.858,6.183,5.789
"YLL061W",5.908,5.982,6.281,5.578,5.934,4.942
"YLL062C",5.395,5.812,5.663,4.094,4.336,3.504
"YLR001C",6.708,6.48,7.019,7.621,7.976,8.034
"YLR002C",6.045,5.049,5.663,5.745,5.84,5.684
"YLR003C",5.173,5.837,4.414,5.173,5.434,5.823
"YLR004C",3.698,4.528,5.124,7.663,7.62,7.413
"YLR005W",6.559,6.431,7.093,8.077,8.095,8.221
"YLR006C",5.686,6.113,6.363,6.495,6.655,6.688
"YLR007W",5.734,5.214,6.195,7.002,7.08,7.275
"YLR008C",5.335,5.732,5.787,4.608,4.865,4.35
"YLR009W",6.436,6.448,5.726,5.051,4.865,5.36
"YLR010C",3.959,4.004,4.414,3.055,4.031,4.439
"YLR011W",4.591,4.252,4.414,4.094,4.031,3.8
"YLR014C",5.067,4.528,5.787,5.286,5.517,5.491
"YLR015W",5.587,5.619,5.787,5.745,5.595,6.296
"YLR016C",5.24,4.959,5.663,5.051,5.152,5.36
"YLR017W",5.662,5.326,6.15,5.894,5.517,5.405
"YLR018C",5.424,5.362,5.844,5.114,5.044,4.747
"YLR019W",6.007,6.092,6.103,6.864,6.844,6.67
"YLR020C",5.887,5.732,6.281,5.664,5.595,4.942
"YLR021W",4.539,4.759,4.924,4.692,4.662,3.928
"YLR022C",4.952,4.862,5.787,4.918,4.587,4.046
"YLR023C",6.822,6.512,7.272,7.971,7.821,7.861
"YLR024C",7.025,6.838,7.413,8.655,8.76,8.509
"YLR025W",6.777,7.362,6.055,7.018,7.26,7.068
"YLR026C",4.991,5.431,4.812,4.847,5.099,5.166
"YLR027C",8.043,7.906,8.501,7.325,7.319,7.226
"YLR028C",6.906,7.134,7.185,7.642,7.513,7.434
"YLR029C",8.686,8.501,8.829,8.013,8.243,8.124
"YLR030W",1.439,2.326,3.327,3.055,2.613,3.504
"YLR031W",1.439,2.003,0,2.429,2.274,1.842
"YLR032W",5.587,5.134,6.005,6.321,6.257,6.495
"YLR033W",6.302,6.574,5.027,6.182,5.774,6.146
"YLR034C",7.369,6.773,8.389,6.79,6.891,6.826
"YLR035C",4.783,4.528,5.3,6.447,6.105,6.272
"YLR036C",4.591,3.589,2.464,3.49,3.49,2.287
"YLR037C",0.892,2.589,0,1.972,1.189,0
"YLR038C",9.655,10.182,9.337,8.239,8.371,8.745
"YLR039C",7.354,7.464,6.86,5.997,5.74,6.343
"YLR040C",2.617,2.811,3.327,4.213,2.887,3.504
"YLR041W",1.439,1.002,2.464,1.3,2.274,1.842
"YLR042C",1.835,2.003,2.959,2.429,2.887,1.197
"YLR043C",7.837,7.773,8.246,7.463,7.854,7.445
"YLR044C",8.142,8.944,8.851,11.003,10.941,10.826
"YLR045C",5.686,6.448,6.239,4.424,4.733,4.747
"YLR046C",4.179,4.862,4.414,5.173,5.633,4.676
"YLR047C",4.429,4.705,5.787,5.439,5.299,4.522
"YLR048W",8.223,7.76,8.892,7.971,7.854,7.607
"YLR049C",5.24,5.648,4.924,5.784,5.774,5.36
"YLR050C",5.304,5.397,6.649,5.439,5.476,5.684
"YLR051C",6.153,6.071,4.253,4.692,5.152,5.113
"YLR052W",3.698,5.397,2.464,4.322,4.801,5.36
"YLR053C",4.912,5.29,3.863,7.113,6.952,7.538
"YLR054C",3.959,3.812,5.215,4.519,5.152,4.815
"YLR055C",4.179,4.759,5.215,5.231,5.252,5.267
"YLR056W",8.596,8.021,9.061,8.644,8.593,8.646
"YLR057W",6.204,6.253,6.195,5.963,6.351,6.248
"YLR058C",7.653,7.336,7.825,6.563,6.744,6.652
"YLR059C",5.481,5.326,6.103,5.286,5.84,5.405
"YLR060W",7.134,6.414,7.354,6.211,6.541,6.343
"YLR061W",7.991,8.243,7.706,6.827,7.039,7.379
"YLR062C",7.981,8.134,7.737,6.969,6.982,7.466
"YLR063W",2.4,3.911,2.464,2.775,3.786,1.842
"YLR064W",6.937,7.605,7.658,6.846,6.907,6.474
"YLR065C",4.912,4.589,4.812,4.424,5.099,4.815
"YLR066W",5.949,5.786,5.844,4.918,4.987,5.314
"YLR067C",5.969,6.154,5.529,5.705,5.595,6.41
"YLR068W",4.539,5.786,4.071,1.972,3.316,3.8
"YLR069C",7.491,7.371,7.658,6.935,6.744,6.843
"YLR070C",2.4,3.705,3.62,3.823,4.587,3.66
"YLR071C",6.492,6.092,6.583,6.447,6.673,6.453
"YLR072W",5.103,5.362,5.38,6.239,5.993,5.755
"YLR073C",3.791,3.326,2.959,3.666,4.241,3.8
"YLR074C",5.335,5.959,5.3,5.114,4.801,5.531
"YLR075W",11.016,10.364,11.506,9.478,9.617,9.517
"YLR076C",10.345,9.779,10.978,8.808,9.041,8.881
"YLR077W",6.204,6.496,6.363,6.691,6.373,6.826
"YLR078C",5.24,5.732,5.456,5.487,5.669,5.166
"YLR079W",5.139,5.935,4.414,5.231,5.39,5.531
"YLR080W",5.535,4.812,5.954,6.267,6.501,6.724
"YLR081W",2.4,2.589,2.464,2.429,2.613,2.287
"YLR082C",4.429,4.589,4.56,4.771,5.299,5.61
"YLR083C",6.064,5.812,6.649,6.585,6.373,5.789
"YLR084C",5.335,4.959,6.363,4.608,5.299,5.405
"YLR085C",5.335,4.464,5.529,4.771,5.203,4.815
"YLR086W",6.393,6.947,5.598,6.809,7.094,7.263
"YLR087C",7.413,7.224,7.882,8.804,8.834,8.766
"YLR088W",5.686,5.648,6.055,5.487,5.299,5.823
"YLR089C",6.743,6.559,7.354,6.423,5.872,6.198
"YLR090W",5.424,5.732,6.195,6.061,6.208,5.648
"YLR091W",3.959,2.811,3.327,4.519,4.336,4.439
"YLR092W",5.802,6.559,6.616,6.153,6.105,6.119
"YLR093C",5.823,5.759,6.323,6.123,6.131,5.979
"YLR094C",4.485,4.528,5.027,4.094,4.336,4.522
"YLR095C",5.734,6.362,5.456,5.784,6.208,5.531
"YLR096W",5.71,5.496,6.055,6.563,6.58,6.793
"YLR097C",6.064,6.271,6.477,7.018,6.637,6.952
"YLR098C",4.69,4.004,5.787,6.267,5.84,6.037
"YLR099C",5.395,5.528,6.103,4.424,3.786,4.88
"YLR099W-A",4.485,5.049,4.56,3.965,4.031,4.046
"YLR100W",6.221,5.431,6.477,6.985,7.147,7.188
"YLR101C",4.642,5.005,5.844,6.239,5.595,5.789
"YLR102C",4.429,4.959,4.924,5.051,5.152,4.942
"YLR103C",5.103,4.812,5.027,3.49,2.887,3.8
"YLR104W",6.519,7.472,6.103,4.918,4.801,4.676
"YLR105C",4.37,4.705,3.327,5.286,5.84,5.448
"YLR106C",8.094,8.524,8.135,8.964,9.172,9.111
"YLR107W",5.734,5.326,5.9,5.929,6.157,6.198
"YLR108C",6.136,5.911,6.86,6.447,6.351,6.595
"YLR109W",6.996,7.641,7.251,8.167,8.135,8.177
"YLR110C",12.563,12.476,13.383,12.591,12.43,12.288
"YLR112W",0,1.588,1.704,1.3,0,1.197
"YLR113W",6.623,6.431,7.069,6.541,6.417,6.614
"YLR114C",6.007,5.887,5.954,6.77,6.844,7.068
"YLR115W",5.173,6.005,5.38,5.745,5.705,5.979
"YLR116W",3.38,4.004,3.863,4.692,4.733,4.676
"YLR117C",5.71,6.027,4.56,5.929,6.438,6.296
"YLR118C",6.007,5.559,6.323,5.929,6.105,5.887
"YLR119W",4.87,6.027,4.071,5.622,4.733,5.166
"YLR120C",7.484,6.935,8.702,7.439,7.342,7.011
"YLR120W-A",1.835,3.326,2.959,1.972,1.831,2.287
"YLR121C",5.508,5.705,7.069,6.211,5.774,5.405
"YLR122C",1.835,1.002,3.327,0,1.189,1.197
"YLR123C",1.439,0,0,1.972,1.831,1.842
"YLR124W",1.439,2.003,2.464,3.666,2.613,1.842
"YLR125W",3.257,2.589,3.327,3.055,3.316,3.504
"YLR126C",5.173,5.464,4.414,4.608,5.252,4.439
"YLR127C",4.783,4.326,5.124,5.286,5.39,5.267
"YLR128W",3.959,4.862,4.56,4.213,4.031,4.601
"YLR129W",5.662,5.982,6.055,5.929,5.595,5.531
"YLR130C",4.912,5.134,5.3,5.784,5.39,5.789
"YLR131C",3.877,4.528,3.863,3.823,4.508,4.35
"YLR132C",3.494,3.464,4.253,3.055,3.786,4.154
"YLR133W",6.519,6.194,7.354,7.066,6.844,6.742
"YLR134W",8.043,7.567,8.899,9.538,9.532,9.52
"YLR135W",5.03,5.59,4.253,5.231,5.74,5.531
"YLR136C",4.991,4.959,5.38,4.692,3.646,4.046
"YLR137W",4.109,4.464,4.692,3.666,4.587,3.928
"YLR138W",6.8,7.512,6.363,7.911,7.813,7.991
"YLR139C",3.877,4.004,3.62,4.094,4.801,4.522
"YLR140W",1.835,1.002,1.704,1.972,2.613,0
"YLR141W",2.805,3.326,3.863,2.775,2.887,3.329
"YLR142W",10.543,10.76,10.972,11.828,11.909,11.982
"YLR143W",4.642,4.705,4.56,5.173,5.346,4.747
"YLR144C",5.587,5.431,6.195,6.398,6.373,5.72
"YLR145W",3.698,4.397,4.071,4.322,4.241,3.8
"YLR146C",4.87,4.174,5.787,4.918,5.152,4.88
"YLR146W-A",4.737,5.528,4.253,3.055,3.49,3.66
"YLR147C",5.207,5.559,4.924,4.608,4.801,4.676
"YLR148W",6.188,6.29,5.529,6.182,6.395,6.67
"YLR149C",7.044,6.899,7.575,7.867,7.931,7.976
"YLR149C-A",2.805,2.326,3.863,1.3,2.274,2.287
"YLR150W",8.441,7.893,8.501,7.902,7.648,7.568
"YLR151C",3.698,4.528,4.692,4.213,3.646,3.8
"YLR152C",6.064,6.397,6.888,8.045,8.237,7.861
"YLR153C",8.812,7.869,9.411,9.237,9.2,9.101
"YLR154C",4.429,4.812,4.56,3.823,2.613,4.256
"YLR163C",6.957,6.773,7.45,7.389,7.364,7.434
"YLR163W-A",2.805,2.589,4.071,3.288,4.031,3.8
"YLR164W",3.38,3.174,5.027,6.711,6.891,6.576
"YLR165C",4.952,4.464,4.071,4.322,4.987,4.256
"YLR166C",6.27,5.528,5.787,6.471,6.907,6.536
"YLR167W",9.634,9.288,10.259,8.628,8.866,8.985
"YLR168C",8.551,8.993,8.437,6.969,6.952,7.379
"YLR169W",5.686,6.071,5.844,5.286,5.476,5.166
"YLR170C",6.393,6.574,6.323,6.123,6.417,6.793
"YLR171W",5.535,5.837,5.844,5.487,5.669,5.979
"YLR172C",6.118,5.759,6.239,5.286,5.299,5.684
"YLR173W",3.877,4.397,5.215,5.821,5.705,6.092
"YLR174W",8.292,7.793,9.12,6.093,5.934,5.267
"YLR175W",6.171,7.448,5.787,5.664,5.84,5.979
"YLR176C",4.429,5.049,5.456,5.173,5.476,5.267
"YLR177W",6.045,6.677,6.915,7.642,7.693,7.357
"YLR178C",6.348,7.448,7.314,9.101,9.086,8.924
"YLR179C",7.369,7.344,7.896,6.9,6.907,7.026
"YLR180W",5.304,5.252,5.787,4.771,5.203,5.058
"YLR181C",5.453,5.326,4.56,5.622,5.669,5.789
"YLR182W",6.171,6.362,5.663,6.061,6.131,6.119
"YLR183C",4.737,4.004,4.253,0,2.274,2.287
"YLR185W",7.951,8.044,7.658,7.216,7.053,7.109
"YLR186W",5.304,4.759,5.3,5.051,5.152,5.314
"YLR187W",5.173,5.959,4.924,5.997,6.077,6.32
"YLR188W",5.802,5.786,6.681,5.997,5.993,6.146
"YLR189C",7.292,7.504,7.374,8.665,8.898,8.758
"YLR190W",5.969,5.732,6.005,5.622,5.774,5.217
"YLR191W",5.24,5.559,5.124,5.664,5.346,5.448
"YLR192C",6.317,6.705,6.513,5.997,6.131,6.092
"YLR193C",5.395,6.496,5.3,4.986,5.346,5.058
"YLR194C",5.662,5.863,7.069,4.519,5.152,4.676
"YLR195C",6.996,6.59,7.334,6.321,6.637,6.614
"YLR196W",6.118,6.194,5.663,5.533,5.705,5.491
"YLR197W",6.519,7.271,5.787,5.664,5.346,6.146
"YLR198C",4.991,6.113,4.071,4.213,2.274,4.154
"YLR199C",5.845,5.464,5.3,5.439,5.556,5.314
"YLR200W",5.24,5.59,3.327,3.288,3.316,4.046
"YLR201C",5.887,6.253,6.323,6.541,6.05,5.949
"YLR202C",2.4,3.705,2.959,3.823,3.316,3.504
"YLR203C",7.126,7.154,7.721,7.143,6.996,6.922
"YLR204W",6.436,7.214,6.888,6.267,6.709,6.536
"YLR205C",4.737,4.705,4.56,5.051,5.203,5.113
"YLR206W",6.822,7.243,7.019,7.663,7.611,7.845
"YLR207W",5.908,5.397,6.402,6.423,6.691,6.248
"YLR208W",6.61,6.863,6.681,6.67,6.637,6.742
"YLR209C",5.535,5.619,6.477,5.114,5.476,5.058
"YLR210W",3.6,3.589,4.414,3.823,3.914,3.131
"YLR211C",4.539,5.362,3.327,4.322,4.865,5.058
"YLR212C",4.991,4.589,5.787,4.094,3.49,3.329
"YLR213C",3.257,3.174,3.62,3.49,3.914,4.601
"YLR214W",4.991,4.759,5.598,6.471,6.541,6.432
"YLR215C",4.827,5.326,5.9,6.061,6.022,5.571
"YLR216C",7.804,8.476,7.69,5.578,6.157,5.648
"YLR217W",5.481,5.528,6.103,3.823,3.316,3.928
"YLR218C",5.424,6.134,5.3,4.424,5.152,5.166
"YLR219W",5.908,6.431,6.915,6.585,6.561,6.952
"YLR220W",6.833,6.559,7.314,7.621,7.63,7.275
"YLR221C",5.587,6.071,4.692,4.213,5.299,5.491
"YLR222C",5.139,4.397,5.38,4.692,4.865,4.154
"YLR222C-A",1.439,1.002,0,1.3,1.189,1.197
"YLR223C",7.025,8.271,6.323,7.911,8.033,7.885
"YLR224W",6.045,6.092,6.323,6.563,6.395,6.536
"YLR225C",6.708,6.691,6.743,6.628,6.982,6.67
"YLR226W",5.453,5.705,5.215,5.533,5.203,5.789
"YLR227C",5.734,5.982,5.456,5.39,5.903,5.979
"YLR228C",4.246,4.004,5.124,5.487,5.556,6.008
"YLR229C",6.672,5.982,7.207,7.23,7.211,6.906
"YLR230W",5.662,4.812,6.616,6.267,5.993,6.343
"YLR231C",3.959,3.911,5.124,6.731,6.637,6.576
"YLR232W",2.145,1.002,1.704,4.213,3.786,4.046
"YLR233C",4.539,4.004,5.787,5.487,5.299,5.314
"YLR234W",3.38,1.588,3.863,3.666,4.424,3.329
"YLR235C",0,0,1.704,1.3,2.274,0
"YLR236C",1.835,2.326,0,2.429,2.274,1.197
"YLR237W",5.561,5.705,6.103,7.885,7.533,7.498
"YLR238W",4.642,5.786,4.812,4.608,4.801,4.88
"YLR239C",4.429,4.174,4.071,4.424,4.865,4.676
"YLR240W",5.802,5.677,6.477,6.846,6.541,6.536
"YLR241W",6.967,6.512,7.706,7.589,7.408,7.122
"YLR242C",3.959,3.705,3.327,4.608,4.865,4.256
"YLR243W",4.591,4.862,3.863,4.692,4.14,4.522
"YLR244C",6.755,7.06,7.272,7.589,7.33,7.263
"YLR245C",3.494,2.811,4.56,3.823,3.786,3.66
"YLR246W",5.686,5.863,6.195,6.79,6.599,6.875
"YLR247C",7.498,7.887,7.69,8.54,8.699,8.714
"YLR248W",8.231,8.313,8.474,8.934,8.902,8.973
"YLR249W",10.774,9.878,11.571,11.432,11.294,11.102
"YLR250W",6.977,6.85,7.314,6.447,6.328,6.453
"YLR251W",4.485,4.397,5.215,5.339,5.808,5.058
"YLR252W",3.38,4.705,3.327,4.771,4.987,4.815
"YLR253W",6.238,6.271,6.239,6.882,6.438,6.556
"YLR254C",5.481,6.154,4.414,6.061,6.257,6.652
"YLR255C",2.145,1.002,1.704,3.288,2.887,2.626
"YLR256W",7.3,7.06,7.782,8.993,8.984,8.673
"YLR257W",7.804,8.054,8.34,9.793,10.086,10.005
"YLR258W",7.277,7.726,8.123,8.314,8.349,8.24
"YLR259C",8.877,9.147,9.689,8.366,8.089,8.041
"YLR260W",5.949,5.812,5.954,6.267,5.74,5.887
"YLR262C",4.37,4.004,3.863,3.288,3.646,4.815
"YLR262C-A",7.316,6.935,6.803,5.858,6.183,6.724
"YLR263W",3.257,4.004,4.071,4.986,4.662,4.815
"YLR264C-A",6.393,6.935,6.323,5.533,5.346,5.058
"YLR264W",6.506,5.863,6.195,4.692,4.987,4.046
"YLR265C",1.439,2.003,1.704,1.3,1.189,0
"YLR266C",4.912,5.005,6.005,5.39,5.595,5.571
"YLR267W",2.972,3.174,2.959,4.213,3.914,4.256
"YLR268W",5.845,5.619,6.195,5.821,6.022,6.32
"YLR269C",4.642,5.677,5.598,5.963,5.346,5.823
"YLR270W",6.886,7.253,7.044,7.988,8.068,7.861
"YLR271W",3.791,5.431,3.327,4.608,4.801,5.448
"YLR272C",5.561,5.496,5.787,4.692,4.508,4.815
"YLR273C",5.139,4.648,4.414,5.114,5.434,4.747
"YLR274W",5.613,5.732,6.103,6.093,5.705,5.979
"YLR275W",4.783,4.528,4.253,4.094,4.241,3.928
"YLR276C",6.153,6.233,4.924,5.286,5.517,5.36
"YLR277C",5.103,5.326,5.124,4.847,4.927,5.448
"YLR278C",6.875,6.993,6.994,8.211,8.102,8.288
"YLR279W",2.145,2.811,4.253,3.965,3.316,3.504
"YLR281C",1.439,0,2.959,2.429,1.189,1.197
"YLR282C",3.6,3.174,3.327,3.055,3.316,3.928
"YLR283W",5.535,5.362,6.055,5.533,5.669,5.887
"YLR284C",4.642,4.911,5.027,5.051,5.964,5.61
"YLR285C-A",3.959,4.464,3.327,4.322,3.914,4.522
"YLR285W",6.118,5.887,5.844,5.533,5.299,5.789
"YLR286C",9.179,8.924,9.392,8.535,8.224,8.056
"YLR286W-A",5.535,5.677,5.529,4.847,4.424,4.522
"YLR287C",5.335,4.812,5.726,4.322,4.14,5.001
"YLR287C-A",8.473,8.623,8.001,6.917,7.523,7.752
"YLR288C",4.69,4.648,5.027,4.986,5.556,5.113
"YLR289W",4.991,5.362,4.924,6.029,5.705,5.979
"YLR290C",5.929,5.959,5.663,6.423,6.305,6.41
"YLR291C",5.207,5.134,5.215,4.608,4.801,5.113
"YLR292C",6.572,6.464,6.803,5.894,5.808,5.887
"YLR293C",6.598,6.677,6.649,5.784,5.84,6.172
"YLR294C",7.456,8.605,6.915,6.239,6.58,6.556
"YLR295C",9.002,9.342,8.408,7.158,7.441,7.803
"YLR296W",1.439,2.003,3.62,0,1.189,0
"YLR297W",7.511,8.033,7.558,7.285,7.493,7.334
"YLR298C",5.561,6.733,5.3,5.784,6.459,6.065
"YLR299C-A",4.109,3.174,4.253,3.965,4.031,4.256
"YLR299W",7.558,6.838,8.278,8.005,8.187,8.17
"YLR300W",8.142,7.552,8.906,9.785,9.615,9.471
"YLR301W",7.463,7.559,7.609,6.846,6.305,6.937
"YLR302C",3.257,1.588,4.253,1.972,2.274,2.9
"YLR303W",9.564,9.45,10.457,7.963,7.754,7.213
"YLR304C",10.968,10.312,11.768,10.16,10.091,9.95
"YLR305C",7.126,6.812,8.051,8.1,8.109,7.853
"YLR306W",3.698,4.174,3.863,4.322,4.424,4.522
"YLR307C-A",2.145,3.174,2.959,0,1.189,1.197
"YLR307W",1.835,1.588,2.464,0,1.189,1.842
"YLR309C",7.308,8.634,6.239,7.143,7.198,7.761
"YLR310C",7.921,7.627,7.975,8.877,8.984,9.067
"YLR311C",3.121,4.326,4.071,5.578,5.044,4.815
"YLR312C",6.854,6.48,6.681,8.138,8.218,8.111
"YLR312W-A",6.064,6.691,6.005,5.339,5.39,5.531
"YLR313C",4.309,4.252,4.812,3.49,3.49,3.329
"YLR314C",6.464,6.863,5.787,5.929,5.556,5.61
"YLR315W",2.972,2.811,2.959,3.055,3.49,3.504
"YLR316C",4.952,5.134,5.215,5.051,5.556,5.267
"YLR317W",3.791,3.911,3.863,4.424,4.14,4.256
"YLR318W",3.38,3.812,3.62,3.288,4.662,4.815
"YLR319C",4.991,5.174,4.56,5.173,5.476,5.267
"YLR320W",5.71,5.619,6.055,7.298,7.307,7.162
"YLR321C",5.103,5.705,5.124,4.608,4.587,4.747
"YLR322W",3.121,3.004,1.704,2.775,2.274,2.287
"YLR323C",4.69,4.959,4.812,4.986,4.801,5.001
"YLR324W",4.642,6.092,4.414,4.986,5.434,5.531
"YLR325C",8.9,9.049,8.087,7.389,7.829,7.877
"YLR326W",5.395,5.362,6.005,5.173,5.556,5.001
"YLR327C",8.361,9.86,7.752,4.771,5.099,5.217
"YLR328W",4.69,4.862,5.124,4.322,4.424,3.928
"YLR329W",3.121,3.326,2.464,2.775,3.117,3.66
"YLR330W",7.006,7.262,7.044,7.187,7.121,7.04
"YLR331C",4.37,4.092,4.692,2.775,3.914,4.35
"YLR332W",5.929,5.496,6.402,5.533,5.705,5.058
"YLR333C",7.044,7.113,7.541,6.711,7.08,7.263
"YLR334C",0.892,2.589,2.959,1.972,0,1.842
"YLR335W",6.492,6.773,6.363,7.128,7.107,6.906
"YLR336C",6.559,6.825,6.583,6.77,6.655,6.536
"YLR337C",3.959,5.005,4.924,4.771,4.733,5.166
"YLR338W",1.835,0,3.327,1.3,2.613,1.842
"YLR339C",5.887,4.812,6.803,5.963,5.774,6.119
"YLR340W",7.399,7.818,8.278,7.533,7.451,7.588
"YLR341W",4.109,4.004,4.924,4.608,4.424,4.747
"YLR342W",9.977,9.197,11.112,10.834,10.698,10.714
"YLR342W-A",3.38,3.004,2.464,4.213,4.031,3.928
"YLR343W",3.6,4.004,4.414,5.173,5.203,5.267
"YLR344W",7.053,7.144,6.888,6.607,6.637,6.516
"YLR345W",6.708,6.947,7.019,7.451,7.482,7.39
"YLR346C",5.845,6.005,5.787,3.288,3.786,4.154
"YLR347C",7.641,7.092,8.92,8.092,8.187,7.869
"YLR347W-A",3.877,3.174,4.812,3.49,4.14,3.928
"YLR348C",6.136,6.544,6.681,6.061,5.934,5.887
"YLR349W",4.827,4.648,5.529,4.608,4.241,4.676
"YLR350W",7.707,8.199,8.483,7.439,7.419,7.04
"YLR351C",6.302,6.448,7.293,6.607,7.211,6.982
"YLR352W",5.823,5.648,6.402,6.882,6.501,6.706
"YLR353W",4.591,4.911,5.787,6.029,5.669,5.058
"YLR354C",7.406,7.414,8.099,8.138,7.931,7.597
"YLR355C",9.185,8.698,9.517,8.287,8.273,8.358
"YLR356W",5.481,5.863,6.323,6.628,6.541,6.248
"YLR357W",6.66,6.544,6.649,6.563,6.501,6.843
"YLR358C",4.737,5.619,5.027,4.692,4.987,4.815
"YLR359W",8.231,7.185,8.437,7.704,7.62,7.645
"YLR360W",5.453,5.732,5.215,5.963,5.993,6.172
"YLR361C",5.207,4.528,5.215,6.182,6.105,6.119
"YLR361C-A",4.485,4.812,4.414,3.288,4.733,4.747
"YLR362W",5.866,5.29,5.38,5.929,6.561,5.823
"YLR363C",4.642,4.092,4.414,4.771,4.733,4.439
"YLR363W-A",5.173,5.214,4.071,4.213,4.031,4.154
"YLR364C-A",0,1.002,0,0,1.831,1.842
"YLR364W",5.103,4.464,5.3,1.972,1.831,2.287
"YLR365W",1.439,3.004,2.464,1.3,1.831,2.626
"YLR366W",1.835,1.002,3.863,1.972,1.189,2.287
"YLR367W",7.015,7.574,7.811,6.827,6.876,7.04
"YLR368W",5.613,5.134,5.844,5.894,5.993,5.267
"YLR369W",5.173,5.049,5.38,5.578,5.903,6.146
"YLR370C",6.422,6.982,6.888,6.471,6.618,6.859
"YLR371W",7.034,6.574,7.019,7.849,8.026,8.083
"YLR372W",6.436,6.113,6.743,4.847,4.733,4.942
"YLR373C",6.007,6.214,6.477,6.347,6.952,6.724
"YLR374C",4.429,4.326,5.215,4.519,4.733,4.256
"YLR375W",7.277,7.691,8.299,8.13,8.082,7.836
"YLR376C",2.617,3.464,3.327,3.823,3.49,3.928
"YLR377C",9.264,9.002,10.095,4.847,5.099,5.113
"YLR378C",7.236,6.899,7.752,6.153,5.705,5.755
"YLR379W",5.139,5.092,6.055,5.051,4.865,4.88
"YLR380W",5.24,4.959,5.787,4.692,4.241,5.058
"YLR381W",4.539,2.811,4.56,4.847,4.241,4.676
"YLR382C",6.118,6.29,5.726,6.607,6.795,6.81
"YLR383W",6.464,6.76,5.954,6.321,6.281,5.823
"YLR384C",7.331,7.233,8.051,8.13,8.142,8.049
"YLR385C",1.439,0,3.62,3.055,2.274,1.197
"YLR386W",5.802,5.005,5.954,6.65,6.811,6.706
"YLR387C",7.006,7.214,7.393,6.809,6.937,7.068
"YLR388W",6.506,6.875,6.363,5.339,5.934,5.887
"YLR389C",7.616,7.027,8.267,8.021,7.991,7.892
"YLR390W",5.481,6.308,5.844,4.608,4.587,5.113
"YLR390W-A",8.005,7.812,8.771,8.751,8.593,8.627
"YLR392C",5.779,6.005,5.954,6.093,6.257,5.755
"YLR393W",4.485,3.705,4.812,3.666,3.646,3.504
"YLR394W",5.424,5.786,4.924,5.533,5.705,5.918
"YLR395C",9.51,9.758,9.265,8.16,8.365,8.687
"YLR396C",6.082,6.071,7.093,6.373,6.233,6.296
"YLR397C",4.952,4.705,6.005,5.784,5.434,5.448
"YLR398C",6.708,6.496,6.994,7.128,7.43,7.188
"YLR399C",7.025,7.818,6.968,7.389,7.408,7.645
"YLR399W-A",2.145,2.326,3.62,2.429,2.613,1.842
"YLR400W",2.617,3.174,3.327,1.972,1.831,2.626
"YLR401C",3.877,4.397,4.812,3.666,4.14,3.66
"YLR402W",2.805,1.002,2.959,4.213,4.336,3.131
"YLR403W",6.221,5.959,6.773,8.372,8.377,8.215
"YLR404W",3.791,3.812,3.62,3.49,4.336,3.8
"YLR405W",5.139,5.214,6.005,4.771,5.099,5.755
"YLR406C",6.393,6.619,6.323,5.705,6.373,6.432
"YLR407W",5.424,5.759,5.215,6.294,6.438,6.595
"YLR408C",4.036,4.326,3.327,3.288,3.316,4.046
"YLR409C",6.393,5.863,6.803,5.339,5.152,5.531
"YLR410W",6.333,6.496,7.575,7.773,7.954,7.946
"YLR411W",7.89,8.016,8.224,8.864,8.999,8.829
"YLR412W",5.207,5.837,5.456,5.664,5.633,5.949
"YLR413W",4.246,3.705,4.414,5.051,4.241,5.314
"YLR414C",5.929,5.959,6.195,5.821,5.705,5.217
"YLR415C",0,1.002,2.464,0,2.274,1.842
"YLR417W",5.24,5.362,5.726,5.963,5.84,6.172
"YLR418C",4.952,4.759,5.9,5.784,5.517,5.491
"YLR419W",6.546,6.362,5.726,6.751,6.811,6.67
"YLR420W",5.453,5.397,5.726,5.339,5.934,5.648
"YLR421C",7.504,7.371,7.334,6.864,7.223,7.04
"YLR422W",7.072,7.092,7.854,8.404,8.534,8.549
"YLR423C",5.173,5.134,2.959,5.286,5.346,5.823
"YLR424W",4.642,4.812,4.56,4.771,4.508,4.942
"YLR425W",5.823,5.959,5.954,6.864,6.778,6.742
"YLR426W",3.257,3.464,3.62,3.055,4.031,4.256
"YLR427W",5.908,5.911,6.195,6.628,6.373,6.495
"YLR428C",3.38,3.004,4.414,2.775,2.887,3.8
"YLR429W",6.623,6.496,7.469,6.294,6.208,6.432
"YLR430W",7.161,7.29,7.721,8.029,8.193,8.24
"YLR431C",4.37,4.092,3.327,4.608,4.733,4.676
"YLR432W",5.587,4.648,5.726,5.286,4.508,4.35
"YLR433C",5.424,5.29,5.529,5.622,5.934,5.949
"YLR434C",2.805,2.326,2.464,0,2.274,1.197
"YLR435W",5.662,5.214,5.124,3.965,3.914,4.154
"YLR436C",6.896,6.691,6.888,8.416,8.279,8.408
"YLR437C",4.737,4.326,4.692,4.692,5.299,4.522
"YLR437C-A",3.257,3.911,5.027,2.775,2.613,2.626
"YLR438C-A",5.103,6.544,2.959,4.847,4.733,4.88
"YLR438W",6.064,6.464,6.942,5.664,5.476,5.448
"YLR439W",4.642,4.911,5.124,4.692,3.914,4.88
"YLR440C",4.737,4.326,5.124,4.847,5.099,5.001
"YLR441C",9.474,9.18,9.565,8.607,8.738,8.74
"YLR442C",5.845,5.935,5.598,5.784,6.05,6.172
"YLR443W",5.173,4.464,5.787,5.114,4.865,5.001
"YLR444C",3.494,4.004,4.414,3.288,3.117,2.9
"YLR445W",2.145,0,1.704,4.213,3.914,4.35
"YLR446W",3.6,4.326,5.3,7.187,7.121,6.937
"YLR447C",8.236,7.856,8.58,9.226,9.326,9.336
"YLR448W",7.531,6.912,7.609,6.347,6.281,6.536
"YLR449W",5.273,6.308,4.56,4.847,4.733,4.815
"YLR450W",6.708,5.464,7.469,7.812,7.493,7.597
"YLR451W",5.866,6.634,5.9,6.153,6.521,6.32
"YLR452C",4.737,4.464,4.812,4.771,5.203,5.267
"YLR453C",4.37,3.589,3.327,4.918,4.987,4.942
"YLR454W",8.567,8.304,8.202,9.383,9.479,9.565
"YLR455W",5.823,6.912,5.38,5.286,5.556,5.684
"YLR456W",4.642,5.092,3.863,3.288,3.914,2.626
"YLR457C",4.952,4.862,4.812,4.771,4.927,5.001
"YLR458W",2.4,2.811,2.464,3.823,1.189,3.928
"YLR459W",5.304,4.648,5.663,5.439,6.157,5.887
"YML001W",7.161,6.464,7.45,6.952,6.922,7.334
"YML002W",5.03,5.049,5.9,6.398,6.761,7.026
"YML003W",4.036,3.589,4.071,4.322,4.801,4.522
"YML004C",7.759,7.786,8.202,8.108,8.218,8.124
"YML005W",5.535,5.935,5.9,5.745,5.476,5.405
"YML006C",4.827,4.464,5.456,5.821,5.84,6.248
"YML007C-A",3.791,3.705,4.692,3.965,3.646,4.046
"YML007W",7.776,7.559,7.767,7.839,8.102,8.076
"YML008C",5.686,5.837,6.15,5.929,5.934,6.119
"YML009C",6.766,7.612,6.994,5.858,5.705,5.823
"YML009C-A",3.257,4.528,3.327,4.322,3.914,4.747
"YML009W-B",0.892,2.003,0,1.972,2.274,2.287
"YML010W",5.779,6.027,7.116,6.827,7.134,6.859
"YML011C",4.69,4.759,5.027,4.424,5.099,4.439
"YML012C-A",3.6,3.705,3.327,3.823,4.241,3.66
"YML012W",8.116,8.065,8.309,6.691,6.922,6.875
"YML013W",5.335,5.431,6.103,6.123,5.84,6.198
"YML014W",4.309,4.759,5.027,4.608,4.733,4.046
"YML015C",4.591,5.049,4.414,4.519,4.424,4.154
"YML016C",6.72,6.414,6.548,7.325,7.493,7.466
"YML017W",5.845,5.935,6.713,7.066,7.211,7.287
"YML018C",6.221,6.194,6.773,5.858,6.328,5.684
"YML019W",4.591,3.911,5.38,4.918,4.508,4.747
"YML020W",5.779,5.935,5.529,6.239,6.86,6.366
"YML021C",5.139,5.496,5.9,5.173,5.872,5.267
"YML022W",6.559,5.935,7.752,5.705,5.299,5.72
"YML023C",4.912,4.959,5.215,5.929,5.434,5.448
"YML024W",8.181,7.806,8.483,7.034,7.094,7.04
"YML025C",6.708,6.912,6.548,6.79,6.691,6.67
"YML026C",7.3,6.899,6.942,6.321,5.934,6.119
"YML027W",4.036,4.174,5.663,3.49,4.14,2.626
"YML028W",10.488,10.589,11.172,9.729,9.913,9.842
"YML029W",5.335,5.397,6.513,6.029,5.556,6.119
"YML030W",6.407,6.959,5.456,6.731,6.996,7.122
"YML031C-A",3.38,2.589,4.414,1.972,1.189,2.287
"YML031W",6.422,5.911,6.832,6.541,6.501,6.119
"YML032C",5.845,5.252,6.239,5.821,5.556,5.491
"YML034C-A",2.972,3.464,4.253,2.775,3.786,3.66
"YML034W",6.708,6.993,6.713,7.05,7.121,6.997
"YML035C",6.27,6.308,6.402,7.389,7.342,7.445
"YML036W",4.246,4.959,4.692,4.847,3.786,4.747
"YML037C",4.109,4.252,4.253,3.965,4.14,3.504
"YML038C",5.535,5.619,6.103,4.918,4.865,5.405
"YML041C",5.453,5.677,5.215,5.39,5.964,5.491
"YML042W",7.463,7.918,8.039,8.808,8.917,8.627
"YML043C",4.783,5.134,2.959,4.094,4.031,3.8
"YML046W",4.69,4.705,3.62,5.439,5.299,5.684
"YML047C",0,1.002,1.704,1.972,2.274,2.287
"YML047W-A",0,1.002,0,1.3,2.274,1.197
"YML048W",8.19,7.552,8.63,8.045,8.012,7.803
"YML049C",6.546,6.786,6.915,6.882,6.828,6.724
"YML050W",3.698,4.252,3.863,4.692,4.424,4.747
"YML051W",6.204,5.786,6.713,7.389,7.248,7.226
"YML052W",5.424,5.214,6.103,5.664,5.434,5.267
"YML053C",3.877,4.528,0,4.519,4.801,5.001
"YML054C",8.005,8.456,7.936,9.338,9.413,9.522
"YML055W",5.866,6.29,6.005,4.692,5.476,5.058
"YML056C",5.103,4.911,5.456,4.918,5.152,5.113
"YML057C-A",3.6,3.174,4.812,3.965,4.336,3.8
"YML057W",6.363,6.923,6.803,6.67,6.876,6.759
"YML058W",7.261,7.165,8.278,8.239,8.161,7.892
"YML058W-A",1.439,2.811,2.464,0,1.189,2.626
"YML059C",7.195,6.982,8.278,8.453,8.349,8.288
"YML060W",3.257,4.174,1.704,3.49,3.646,3.504
"YML061C",6.153,5.59,6.15,5.664,5.808,5.823
"YML062C",5.929,6.719,5.027,4.608,5.299,5.571
"YML063W",9.392,8.875,9.743,8.061,8.033,7.969
"YML064C",3.959,3.705,4.253,1.972,2.887,2.9
"YML065W",6.171,6.29,5.663,6.751,7.053,7.082
"YML066C",4.429,4.589,5.124,5.533,5.203,5.61
"YML067C",6.238,5.786,6.681,6.585,6.131,6.146
"YML068W",5.365,5.648,6.363,5.858,6.305,6.223
"YML069W",6.464,6.528,6.281,6.061,6.521,6.296
"YML070W",7.369,6.719,8.123,9.208,9.062,9.121
"YML071C",4.952,6.605,5.027,4.986,5.595,5.491
"YML072C",8.68,9.052,8.741,9.386,9.309,9.234
"YML073C",7.946,7.965,8.278,7.475,7.408,7.508
"YML074C",6.8,8.19,6.44,7.143,7.307,7.345
"YML075C",6.118,5.732,7.044,8.422,8.337,8.446
"YML076C",6.286,6.154,6.915,6.691,7.173,7.082
"YML077W",4.036,4.959,4.414,3.288,3.646,4.256
"YML078W",7.869,7.684,8.763,7.018,6.501,6.706
"YML079W",4.991,5.431,4.924,4.986,4.662,4.747
"YML080W",4.591,4.648,4.924,4.213,4.424,4.046
"YML081C-A",9.237,9.861,9.392,8.246,8.388,8.436
"YML081W",7.211,7.362,7.825,8.115,8.148,7.976
"YML082W",4.591,4.759,4.692,5.051,5.476,5.166
"YML083C",2.805,3.589,3.327,4.692,4.336,3.66
"YML084W",0,0,0,1.3,2.274,1.197
"YML085C",6.559,5.982,6.968,6.153,6.05,5.855
"YML086C",6.045,6.214,7.293,5.578,4.987,5.887
"YML087C",7.713,8.118,8.213,6.294,6.438,5.887
"YML088W",6.822,6.528,7.469,6.153,6.351,6.343
"YML089C",4.737,5.005,4.071,3.49,3.117,2.287
"YML090W",6.363,8.092,5.529,5.39,5.299,4.88
"YML091C",10.021,10.161,9.449,8.28,8.519,8.519
"YML092C",7.285,7.049,7.314,6.935,6.599,6.595
"YML093W",6.598,7.185,5.529,5.533,6.077,5.887
"YML094C-A",4.036,4.004,4.414,2.775,3.49,3.329
"YML094W",5.365,5.29,4.692,5.114,5.346,4.942
"YML095C",4.485,4.092,4.692,4.322,4.336,4.439
"YML096W",5.887,5.049,5.215,5.439,4.587,5.166
"YML097C",5.779,6.027,5.787,4.519,4.587,5.166
"YML098W",5.638,5.174,5.3,5.705,5.934,6.037
"YML099C",5.929,5.837,6.323,7.216,7.025,6.859
"YML099W-A",4.246,5.252,4.812,5.114,5.517,5.531
"YML100W",7.463,7.739,8.455,8.93,9.113,8.87
"YML101C",4.737,4.911,5.529,4.608,5.152,4.676
"YML101C-A",2.972,2.811,4.071,3.055,3.914,2.626
"YML102W",4.591,4.464,5.529,4.847,5.556,4.88
"YML103C",7.099,6.605,7.374,7.312,7.33,7.357
"YML104C",5.24,5.431,5.787,6.731,6.86,6.759
"YML105C",4.87,5.464,4.924,3.49,4.801,4.35
"YML106W",6.854,6.414,7.523,6.541,6.105,6.092
"YML107C",4.737,4.959,5.844,4.322,4.587,4.747
"YML108W",4.737,5.092,5.124,4.692,5.39,5.217
"YML109W",5.71,5.559,5.844,5.339,5.595,5.571
"YML110C",7.609,7.544,8.001,7.172,7.235,7.226
"YML111W",5.866,6.327,6.15,6.423,6.541,6.759
"YML112W",4.429,4.464,5.3,5.439,4.587,4.88
"YML113W",3.959,3.911,4.692,4.519,3.316,4.439
"YML114C",5.103,5.528,4.071,5.578,5.152,5.755
"YML115C",5.949,6.271,6.968,6.182,6.501,6.388
"YML116W",6.743,6.38,7.374,6.267,6.233,6.008
"YML116W-A",3.698,4.004,3.327,4.424,4.241,3.66
"YML117W",7.399,7.194,7.592,8.077,8.267,8.09
"YML118W",5.481,5.648,5.787,5.664,5.39,5.823
"YML119W",5.273,5.619,5.598,4.322,5.203,4.439
"YML120C",9.047,8.996,9.53,8.818,8.716,8.687
"YML121W",5.779,6.134,5.787,6.447,6.811,7.122
"YML122C",1.439,3.464,1.704,3.055,3.646,3.8
"YML123C",4.179,3.911,4.253,5.745,5.705,5.855
"YML124C",6.204,5.812,6.583,5.745,5.993,5.448
"YML125C",6.986,6.574,7.354,6.153,5.872,5.648
"YML126C",8.043,7.406,8.35,8.005,7.916,8.3
"YML127W",6.027,5.677,6.44,5.705,6.022,5.684
"YML128C",7.143,7.29,7.272,9.486,9.397,9.327
"YML129C",6.708,7.406,6.055,5.894,5.595,5.979
"YML130C",9.136,9.276,9.367,8.546,8.489,8.457
"YML131W",9.521,8.944,10.266,9.105,9.149,8.981
"YMR001C",5.535,5.677,5.844,4.213,4.031,4.439
"YMR001C-A",0,2.003,0,1.3,1.189,0
"YMR002W",8.82,8.899,8.614,6.846,7.094,7.054
"YMR003W",3.6,3.004,3.863,3.055,3.646,3.329
"YMR004W",6.378,6.464,6.103,6.123,6.395,6.32
"YMR005W",5.71,6.431,5.844,6.65,6.744,6.343
"YMR006C",5.845,6.049,7.069,6.607,6.05,5.648
"YMR007W",2.972,3.911,4.56,4.424,4.241,4.522
"YMR008C",7.285,6.746,7.988,7.61,7.462,7.368
"YMR009W",5.508,5.705,4.692,6.731,7.025,7.095
"YMR010W",5.779,5.092,6.103,5.487,5.84,5.448
"YMR011W",4.37,4.528,4.56,4.608,4.031,3.928
"YMR012W",9.42,9.105,9.708,8.175,8.285,8.584
"YMR013C",4.952,4.911,5.844,5.784,5.39,5.217
"YMR014W",5.638,6.528,4.414,5.578,4.987,5.491
"YMR015C",8.398,7.766,8.998,9.939,9.89,9.932
"YMR016C",5.845,6.005,5.215,5.487,5.633,5.405
"YMR017W",2.145,3.812,3.62,3.288,3.316,3.329
"YMR018W",2.4,3.464,2.959,2.775,3.316,3.329
"YMR019W",6.153,6.005,6.743,6.882,6.618,6.742
"YMR020W",6.755,7.224,7.674,7.544,7.441,7.357
"YMR021C",5.887,5.812,6.363,6.731,6.778,6.474
"YMR022W",6.363,6.719,7.019,6.65,6.257,6.32
"YMR023C",4.87,4.705,5.787,5.114,5.044,4.942
"YMR024W",6.696,6.113,6.86,6.347,6.077,6.092
"YMR025W",2.972,4.326,2.959,3.823,3.646,4.439
"YMR026C",5.273,4.911,5.663,6.061,6.328,6.119
"YMR027W",7.584,7.388,8.051,8.385,8.218,8.183
"YMR028W",5.734,5.863,5.844,5.339,5.84,5.979
"YMR029C",6.407,6.308,6.363,6.809,7.08,7.026
"YMR030W",4.827,5.935,4.253,5.578,5.434,5.36
"YMR031C",7.659,7.825,7.487,7.578,7.693,7.691
"YMR031W-A",2.617,0,0,2.429,1.831,1.842
"YMR032W",3.257,2.326,3.62,2.429,0,1.197
"YMR033W",6.082,6.746,6.402,5.664,5.84,5.684
"YMR034C",5.067,5.174,5.787,5.439,5.633,5.166
"YMR035W",5.535,5.134,6.323,5.439,5.556,4.815
"YMR036C",5.453,5.464,5.787,5.664,5.808,5.755
"YMR037C",6.635,6.48,6.195,7.684,7.657,7.263
"YMR038C",5.662,5.431,5.663,6.061,5.964,6.248
"YMR039C",6.478,7.786,5.787,5.339,5.84,5.789
"YMR040W",6.684,8.044,6.281,3.965,4.587,5.058
"YMR041C",5.638,5.528,6.15,5.622,5.705,5.217
"YMR042W",2.617,2.589,3.863,3.49,3.316,3.504
"YMR043W",6.221,6.431,5.38,6.9,7.08,7.162
"YMR044W",6.238,6.875,6.477,6.423,7.08,6.536
"YMR047C",5.988,6.431,6.239,6.518,6.891,7.026
"YMR048W",4.539,4.092,5.529,4.608,4.987,4.154
"YMR049C",5.866,5.326,6.055,5.231,5.556,5.72
"YMR052C-A",2.617,4.397,3.62,4.094,3.316,3.131
"YMR052W",3.877,5.214,1.704,3.965,4.424,4.256
"YMR053C",4.952,5.134,5.598,6.711,6.501,6.248
"YMR054W",7.384,6.887,8.224,7.929,7.472,7.487
"YMR055C",3.6,3.464,4.414,4.692,4.733,4.676
"YMR056C",5.173,5.887,5.529,5.39,5.774,5.648
"YMR057C",1.835,1.588,1.704,2.429,2.887,2.287
"YMR058W",6.732,6.214,7.314,5.439,5.517,5.405
"YMR059W",3.698,3.812,3.327,3.055,3.646,3.504
"YMR060C",5.823,5.863,5.38,5.114,5.434,4.815
"YMR061W",6.27,6.512,6.15,5.858,5.934,5.949
"YMR062C",6.422,6.414,7.293,5.929,6.022,6.248
"YMR063W",3.791,1.588,4.253,4.213,4.662,4.522
"YMR064W",6.585,6.719,6.239,6.809,6.521,6.922
"YMR065W",4.485,4.464,3.863,4.213,4.031,3.504
"YMR066W",5.71,5.528,5.598,6.182,5.903,6.223
"YMR067C",5.508,5.252,5.529,4.322,4.801,4.942
"YMR068W",3.877,4.464,5.38,4.986,5.39,5.113
"YMR069W",1.439,2.811,2.464,2.775,2.887,0
"YMR070W",4.991,6.175,4.253,6.518,7.08,6.652
"YMR071C",5.508,5.677,6.239,6.123,5.84,5.755
"YMR072W",7.609,7.812,7.069,7.113,7.543,7.691
"YMR073C",4.827,5.134,5.456,4.918,5.099,5.448
"YMR074C",5.887,5.887,5.598,6.123,5.934,5.949
"YMR075C-A",4.429,5.397,2.464,3.288,3.786,4.256
"YMR075W",5.866,6.85,4.692,6.347,6.828,6.614
"YMR076C",5.845,5.705,5.598,5.39,5.39,5.72
"YMR077C",5.304,6.134,4.071,5.051,5.39,5.491
"YMR078C",4.591,4.397,5.124,3.965,2.887,3.329
"YMR079W",6.204,5.431,6.942,5.664,5.669,5.789
"YMR080C",6.957,6.397,7.811,7.544,7.107,7.149
"YMR081C",6.854,7.634,7.019,7.533,7.582,7.607
"YMR082C",0,0,0,1.3,1.189,1.197
"YMR083W",8.557,8.555,9.317,8.696,8.781,8.753
"YMR084W",3.121,2.589,4.071,3.823,2.613,1.842
"YMR085W",3.494,4.174,4.56,4.094,4.14,4.154
"YMR086C-A",3.877,5.005,2.464,5.745,5.203,5.001
"YMR086W",6.72,6.887,6.239,7.902,7.838,8.02
"YMR087W",4.109,4.705,4.253,5.997,6.077,5.531
"YMR088C",7.577,6.993,8.663,9.858,9.775,9.577
"YMR089C",7.946,8.806,7.962,7.971,8.047,7.969
"YMR090W",9.589,9.788,10.119,9.785,9.936,9.635
"YMR091C",6.559,6.559,6.055,6.585,6.438,6.516
"YMR092C",6.684,6.308,7.609,6.985,7.26,7.082
"YMR093W",4.991,4.648,4.812,3.823,3.786,4.046
"YMR094W",3.877,3.589,1.704,3.288,4.031,4.439
"YMR095C",2.617,3.004,2.959,3.49,3.49,2.9
"YMR096W",5.638,5.326,6.583,5.173,4.662,5.491
"YMR097C",4.991,4.648,5.3,5.051,5.203,5.531
"YMR098C",6.378,6.214,6.402,5.784,6.599,6.092
"YMR099C",6.8,6.982,6.968,6.731,6.967,6.706
"YMR100W",7.152,6.993,6.616,7.128,6.952,6.922
"YMR101C",2.4,2.003,2.464,0,1.831,1.842
"YMR102C",6.811,7.081,7.413,7.642,7.675,7.931
"YMR103C",4.37,5.464,5.456,6.347,6.131,5.61
"YMR104C",5.969,5.528,7.229,6.79,6.691,6.859
"YMR105C",6.027,6.825,6.803,7.487,7.307,7.287
"YMR105W-A",3.257,2.589,1.704,2.775,3.117,3.131
"YMR106C",4.179,4.589,4.924,5.051,5.434,5.448
"YMR107W",2.972,3.911,3.863,3.666,4.336,4.942
"YMR108W",8.423,8.165,8.694,8.574,8.712,8.386
"YMR109W",5.71,5.812,6.616,6.77,6.795,6.891
"YMR110C",7.435,6.838,8.123,8.314,8.279,8.233
"YMR111C",4.69,5.092,5.027,4.847,5.152,5.314
"YMR112C",5.395,5.619,4.071,3.666,3.49,4.35
"YMR113W",4.87,4.589,4.414,4.847,4.927,4.815
"YMR114C",5.395,6.214,5.456,6.182,6.157,6.037
"YMR115W",5.71,6.362,5.844,5.858,6.077,5.949
"YMR116C",9.366,8.749,10.104,8.864,8.882,8.692
"YMR117C",3.257,2.589,3.62,3.055,3.646,3.329
"YMR118C",4.912,4.959,5.38,7.674,7.916,7.548
"YMR119W",6.317,5.174,6.681,6.628,6.395,6.495
"YMR119W-A",2.972,3.705,3.327,3.49,2.274,1.197
"YMR120C",7.976,7.253,8.563,7.487,7.43,7.251
"YMR121C",4.179,5.092,4.56,4.771,4.508,3.928
"YMR122C",1.835,1.588,2.464,1.972,1.189,1.842
"YMR122W-A",8.452,8.17,9.302,6.495,5.903,5.72
"YMR123W",5.173,5.092,5.529,3.965,4.241,4.35
"YMR124W",6.422,6.677,6.323,6.952,6.828,6.906
"YMR125W",7.748,7.005,7.505,6.969,7.16,7.251
"YMR126C",4.87,4.705,4.253,4.847,4.987,4.35
"YMR127C",4.737,5.431,4.812,5.286,5.434,5.36
"YMR128W",6.333,6.899,5.726,6.211,5.903,5.918
"YMR129W",6.986,6.464,7.825,7.555,7.553,7.578
"YMR130W",5.139,5.049,5.215,4.771,4.865,5.166
"YMR131C",6.732,6.253,6.44,5.745,6.438,6.388
"YMR132C",3.6,4.092,2.959,1.972,1.831,2.626
"YMR133W",4.591,5.134,5.844,3.965,4.508,4.747
"YMR134W",5.03,5.362,5.726,4.519,4.241,4.676
"YMR135C",6.153,6.362,6.44,6.67,6.541,6.793
"YMR135W-A",2.4,3.464,4.253,2.775,1.831,3.131
"YMR136W",5.481,6.113,5.3,5.173,5.434,5.72
"YMR137C",5.103,4.759,4.56,5.173,5.476,5.648
"YMR138W",3.959,4.004,3.863,3.288,3.49,3.8
"YMR139W",5.929,6.362,6.616,6.182,6.233,6.343
"YMR140W",5.969,5.812,6.005,6.585,6.637,6.495
"YMR141C",3.877,4.759,3.62,5.051,4.031,4.154
"YMR141W-A",1.439,2.003,1.704,2.775,1.189,1.197
"YMR142C",8.231,8.17,8.446,7.6,7.63,7.558
"YMR143W",8.125,8.016,8.58,7.216,7.353,7.466
"YMR144W",3.494,4.174,3.62,0,2.274,2.626
"YMR145C",8.528,8.571,8.913,6.398,6.233,5.918
"YMR146C",7.511,7.194,7.505,6.864,7.107,6.922
"YMR147W",3.494,3.589,3.62,4.213,3.914,4.815
"YMR148W",5.481,5.174,5.456,5.784,5.476,5.571
"YMR149W",6.696,6.253,7.505,6.882,6.727,6.343
"YMR150C",4.309,4.862,5.844,4.213,5.152,4.522
"YMR151W",1.835,2.589,0,1.972,2.274,3.329
"YMR152W",6.732,6.574,7.163,7.244,7.441,7.213
"YMR153C-A",3.791,4.911,3.327,4.213,4.801,4.439
"YMR153W",4.952,5.496,5.9,6.267,5.476,5.684
"YMR154C",3.494,4.397,4.812,5.173,5.556,5.531
"YMR155W",5.802,5.528,6.803,7.439,7.675,7.299
"YMR156C",4.036,4.589,4.56,4.692,4.587,4.154
"YMR157C",6.917,6.786,7.393,6.373,6.521,6.272
"YMR158C-A",1.835,2.326,0,1.3,0,3.329
"YMR158W",6.317,6.38,5.3,3.965,4.587,4.88
"YMR158W-B",2.972,4.004,1.704,2.429,3.646,3.66
"YMR159C",4.109,4.589,2.464,4.094,3.316,4.046
"YMR160W",6.007,5.786,5.9,6.607,6.501,6.742
"YMR161W",5.71,5.252,5.726,4.986,5.669,5.058
"YMR162C",6.333,6.48,6.86,7.867,7.601,7.77
"YMR163C",4.246,4.464,5.124,4.986,4.801,4.815
"YMR164C",5.395,5.464,5.456,5.929,6.157,6.432
"YMR165C",4.309,5.619,4.812,5.821,5.669,6.092
"YMR166C",3.38,3.174,5.38,4.094,4.424,3.66
"YMR167W",5.335,5.214,6.281,5.997,6.157,6.065
"YMR168C",5.273,4.812,6.44,5.578,5.517,5.684
"YMR169C",3.38,3.589,4.56,5.051,4.801,5.571
"YMR170C",4.246,4.174,5.456,6.846,6.727,6.366
"YMR171C",6.348,6.113,6.239,7.002,6.811,6.495
"YMR172C-A",3.791,5.362,3.62,3.823,4.508,4.35
"YMR172W",5.139,5.496,5.844,5.705,6.022,6.248
"YMR173W",6.732,5.559,6.583,7.98,8.285,8.457
"YMR173W-A",3.791,5.049,2.464,6.67,6.828,6.706
"YMR174C",5.304,6.233,3.863,7.285,7.397,7.368
"YMR175W",7.976,9.079,6.994,9.302,9.562,10.102
"YMR175W-A",4.179,5.677,4.253,6.952,6.709,6.906
"YMR176W",6.317,6.214,6.583,7.621,7.702,7.795
"YMR177W",4.912,5.092,4.56,4.847,4.927,4.88
"YMR178W",6.743,6.875,7.14,7.377,7.846,7.7
"YMR179W",5.561,5.496,5.027,5.051,5.934,6.092
"YMR180C",5.139,5.648,5.529,6.029,6.233,6.198
"YMR181C",7.677,8.049,8.087,8.334,8.473,8.202
"YMR182C",4.485,4.759,4.414,5.705,5.346,5.36
"YMR182W-A",2.145,3.004,2.464,3.288,3.786,3.928
"YMR183C",5.561,5.326,5.215,4.918,4.587,4.815
"YMR184W",6.118,6.825,6.477,4.986,4.424,5.058
"YMR185W",6.533,6.448,6.513,7.034,7.353,7.434
"YMR186W",9.956,10.518,10.185,9.261,9.424,9.359
"YMR187C",3.877,3.326,4.071,4.847,4.508,3.329
"YMR188C",7.034,7.362,6.363,6.239,6.501,6.614
"YMR189W",6.363,6.271,6.942,7.113,7.272,6.982
"YMR190C",6.333,6.29,6.323,7.23,6.844,7.122
"YMR191W",7.511,7.281,8.492,7.034,7.16,6.906
"YMR192W",4.539,5.464,4.071,5.487,5.252,5.918
"YMR193C-A",3.959,4.004,1.704,3.288,4.031,3.66
"YMR193W",6.732,7.504,5.954,6.182,6.183,6.065
"YMR194C-A",0.892,1.588,3.863,1.972,1.831,2.287
"YMR194C-B",4.783,4.812,5.3,4.692,5.044,4.154
"YMR194W",6.811,6.935,6.803,5.339,5.903,5.918
"YMR195W",6.896,8.214,6.773,7.463,7.284,7.357
"YMR196W",7.143,7.092,7.962,8.108,8.102,8.104
"YMR197C",5.908,6.327,5.529,5.114,5.74,5.61
"YMR198W",4.309,4.174,4.414,4.692,5.346,4.35
"YMR199W",5.424,5.134,5.456,4.322,3.49,2.9
"YMR200W",6.789,6.431,6.681,6.471,6.48,6.388
"YMR201C",5.335,6.071,4.56,5.821,6.281,6.065
"YMR202W",6.598,6.431,7.272,7.216,6.996,6.843
"YMR203W",7.498,7.336,8.246,6.691,6.673,6.776
"YMR204C",3.494,3.911,2.959,4.918,4.987,4.601
"YMR205C",8.173,7.684,9.005,9.58,9.358,9.37
"YMR206W",2.972,3.004,4.692,4.519,4.031,3.8
"YMR207C",6.492,7.016,6.477,8.145,8.102,8.196
"YMR208W",5.686,5.619,5.9,5.894,5.964,5.918
"YMR209C",4.591,5.005,4.812,5.051,5.476,5.217
"YMR210W",5.734,6.194,6.363,7.364,7.223,6.859
"YMR211W",4.429,4.648,4.253,4.094,4.508,3.504
"YMR212C",6.045,5.837,5.663,5.858,5.964,6.146
"YMR213W",5.03,5.786,4.071,5.821,5.476,4.88
"YMR214W",5.395,5.732,6.055,5.439,5.346,4.942
"YMR215W",6.333,6.29,7.45,5.339,5.099,5.166
"YMR216C",6.789,6.733,7.469,7.734,7.684,7.635
"YMR217W",7.006,6.214,7.293,6.864,6.778,6.633
"YMR218C",5.887,5.732,6.548,5.745,6.305,6.037
"YMR219W",6.648,7.76,6.513,7.911,8.116,8.276
"YMR220W",5.103,5.252,6.402,6.398,6.257,6.32
"YMR221C",6.585,5.619,6.968,7.911,7.472,7.616
"YMR222C",4.109,5.214,5.124,3.823,3.786,4.35
"YMR223W",4.591,4.464,4.692,4.918,5.044,4.942
"YMR224C",4.246,3.812,4.692,5.114,5.152,5.314
"YMR225C",5.969,6.38,5.529,5.487,5.152,5.314
"YMR226C",8.207,7.918,8.808,8.904,8.85,8.821
"YMR227C",5.395,6.271,5.456,5.578,6.077,5.789
"YMR228W",5.304,5.049,4.924,5.051,5.299,5.448
"YMR229C",7.799,7.344,8.36,6.952,7.223,7.607
"YMR230W",7.765,7.766,6.994,6.711,6.811,6.826
"YMR230W-A",0.892,1.002,0,1.3,1.189,1.842
"YMR231W",5.71,5.174,5.787,6.65,6.58,6.556
"YMR232W",1.835,2.003,0,3.666,2.613,3.131
"YMR233W",3.877,4.589,3.863,3.055,3.646,4.439
"YMR234W",4.539,4.759,4.071,4.986,4.865,4.676
"YMR235C",5.988,6.308,6.239,5.39,5.993,6.146
"YMR236W",5.613,5.759,6.103,4.918,4.987,4.439
"YMR237W",6.317,5.732,6.616,6.373,6.077,6.366
"YMR238W",6.238,5.759,7.609,6.373,6.05,6.272
"YMR239C",5.304,5.214,3.863,4.692,5.476,4.256
"YMR240C",5.779,5.648,5.124,4.986,5.044,4.815
"YMR241W",8.094,7.684,8.663,6.864,6.618,6.688
"YMR242C",7.571,7.027,7.936,6.541,6.673,6.967
"YMR243C",7.518,7.113,8.63,7.61,7.342,7.31
"YMR244C-A",5.802,6.194,5.3,5.339,5.872,6.008
"YMR244W",3.6,3.004,3.863,4.424,4.14,3.504
"YMR245W",5.587,6.071,5.456,5.487,5.299,5.267
"YMR246W",7.665,7.124,7.896,7.963,7.983,7.787
"YMR247C",7.42,6.993,7.811,7.849,7.821,7.812
"YMR247W-A",0,0,0,1.3,2.274,1.842
"YMR250W",5.535,6.027,5.954,7.946,7.961,7.845
"YMR251W",3.257,2.811,4.924,4.424,3.786,3.329
"YMR251W-A",11.617,12.636,11.914,11.441,11.466,11.488
"YMR252C",4.109,5.397,4.56,5.929,5.903,5.979
"YMR253C",5.802,5.887,5.663,6.882,6.501,6.706
"YMR254C",1.439,1.002,2.464,1.972,0,3.131
"YMR255W",6.045,6.85,5.529,6.471,6.351,6.008
"YMR256C",9.766,10.419,9.312,8.623,8.846,9.046
"YMR257C",6.546,6.544,6.773,7.158,6.922,6.652
"YMR258C",5.173,5.005,4.812,4.918,4.662,5.166
"YMR259C",6.422,6.049,6.803,6.471,6.501,6.67
"YMR260C",7.971,7.838,7.432,6.518,6.811,7.175
"YMR261C",6.896,6.528,7.949,7.802,7.821,7.908
"YMR262W",4.036,3.911,4.253,4.692,5.044,4.439
"YMR263W",4.991,4.812,4.692,3.823,3.49,4.35
"YMR264W",6.1,6.027,6.195,5.997,6.305,5.491
"YMR265C",4.642,5.214,5.215,5.39,5.74,5.405
"YMR266W",7.331,7.344,7.658,7.158,7.134,7.251
"YMR267W",4.783,4.648,5.124,3.965,4.14,4.522
"YMR268C",4.485,4.589,3.327,3.288,4.336,3.928
"YMR269W",3.698,5.528,3.62,3.666,3.914,4.256
"YMR270C",5.424,5.362,4.692,4.986,4.733,5.001
"YMR271C",4.827,5.397,5.954,7.773,7.702,7.466
"YMR272C",7.498,7.574,7.923,9.261,9.093,9.056
"YMR272W-A",3.38,4.092,5.844,5.051,5.903,5.918
"YMR272W-B",0.892,1.002,1.704,2.429,1.831,1.842
"YMR273C",5.067,5.982,5.787,6.563,6.691,6.891
"YMR274C",3.959,4.004,3.863,3.288,3.49,3.8
"YMR275C",5.638,5.732,6.323,6.447,6.157,6.474
"YMR276W",4.642,4.959,6.005,4.519,4.865,4.439
"YMR277W",5.24,6.027,5.726,5.784,6.157,5.887
"YMR278W",6.672,6.38,6.888,8.053,8.026,8.07
"YMR279C",4.69,4.528,5.38,6.153,6.208,6.172
"YMR280C",7.195,7.59,7.721,6.827,6.922,7.149
"YMR281W",5.24,5.911,5.663,5.439,5.517,5.979
"YMR282C",7.015,6.899,6.832,6.321,6.022,6.037
"YMR283C",5.24,4.528,5.663,5.231,5.252,5.648
"YMR284W",4.912,4.959,4.692,4.424,5.044,5.648
"YMR285C",6.238,6.512,6.942,6.029,6.105,6.432
"YMR286W",7.161,7.691,6.681,6.398,6.077,6.742
"YMR287C",6.546,6.194,6.548,6.585,6.599,6.516
"YMR288W",6.393,5.677,6.994,6.239,6.48,6.495
"YMR289W",4.591,4.705,5.529,4.847,4.927,5.058
"YMR290C",5.887,5.134,5.215,4.918,5.346,5.491
"YMR290W-A",2.4,2.326,2.464,1.3,1.189,1.842
"YMR291W",6.1,6.528,6.994,6.9,6.709,6.922
"YMR292W",5.561,5.837,6.713,6.029,5.517,5.789
"YMR293C",5.139,5.29,5.215,5.997,5.774,5.531
"YMR294W",5.395,5.528,3.863,5.231,5.434,5.405
"YMR294W-A",7.731,7.705,8.309,7.911,7.877,7.787
"YMR295C",8.497,8.484,8.94,8.459,8.578,8.594
"YMR296C",5.587,6.005,6.195,5.578,5.556,5.314
"YMR297W",8.782,8.571,9.799,10.154,10.095,9.931
"YMR298W",6.843,7.06,6.888,7.216,7.039,7.299
"YMR299C",5.207,4.959,5.215,5.286,5.044,5.571
"YMR300C",5.173,5.887,6.513,5.173,4.987,5.531
"YMR301C",5.424,6.233,6.323,5.339,5.203,5.648
"YMR302C",8.361,8.504,8.257,7.821,8.026,7.961
"YMR303C",3.6,3.326,4.924,4.213,3.316,2.626
"YMR304C-A",4.87,5.362,5.456,5.051,5.099,5.267
"YMR304W",7.609,7.634,7.923,9.066,9.083,8.977
"YMR305C",8.733,7.619,9.792,5.487,5.434,4.815
"YMR306C-A",2.4,2.003,0,4.094,3.49,4.522
"YMR306W",5.365,5.397,6.513,6.423,6.183,6.198
"YMR307C-A",6.153,4.092,6.994,5.39,5.203,5.001
"YMR307W",9.227,8.393,9.867,8.482,8.206,8.202
"YMR308C",7.143,6.38,7.84,7.172,7.235,6.952
"YMR309C",7.377,6.512,7.541,6.751,6.86,6.967
"YMR310C",4.642,4.648,5.529,5.051,4.662,4.88
"YMR311C",7.641,8.979,7.354,7.773,7.983,8.164
"YMR312W",4.912,4.589,4.924,5.533,5.252,5.491
"YMR313C",5.949,6.214,6.616,6.79,6.86,6.793
"YMR314W",7.391,7.388,7.936,7.002,6.709,6.843
"YMR315W",6.986,7.154,7.354,8.78,8.654,8.584
"YMR315W-A",0,1.588,1.704,1.972,0,1.842
"YMR316C-A",3.121,3.812,3.863,4.692,4.241,4.601
"YMR316C-B",2.617,3.911,4.253,5.578,5.346,5.001
"YMR316W",4.429,4.528,5.027,5.858,5.74,5.491
"YMR317W",5.207,5.431,5.787,7.097,6.967,6.937
"YMR318C",6.348,5.705,7.314,6.864,6.922,6.67
"YMR319C",4.642,5.049,5.529,8.3,8.644,8.221
"YMR320W",2.972,3.004,2.959,5.439,5.099,5.001
"YMR321C",0.892,1.002,2.464,0,1.189,1.197
"YNL001W",5.823,5.496,4.56,5.173,5.252,5.166
"YNL002C",6.977,7.103,6.44,5.963,6.208,6.366
"YNL003C",4.429,4.326,5.215,5.231,5.044,4.601
"YNL004W",6.585,6.719,7.044,6.846,6.876,6.891
"YNL005C",7.815,7.838,7.84,7.143,7.441,7.39
"YNL006W",6.585,6.619,7.019,5.664,5.705,5.531
"YNL007C",8.338,9.55,8.169,8.294,8.499,8.467
"YNL008C",5.686,5.759,6.103,6.267,6.501,6.065
"YNL009W",5.139,4.648,4.414,5.929,6.077,5.61
"YNL010W",7.244,6.786,7.767,6.607,7.198,6.952
"YNL011C",5.273,5.619,5.844,6.239,6.521,6.366
"YNL012W",3.698,3.589,3.863,4.424,4.587,4.35
"YNL013C",2.805,2.811,2.959,3.666,3.646,3.504
"YNL014W",5.173,5.397,6.055,6.029,6.05,6.32
"YNL015W",9.243,9.886,8.837,8.701,8.789,8.988
"YNL016W",7.449,7.712,7.505,7.426,7.419,7.654
"YNL017C",0,0,0,1.3,1.189,1.197
"YNL020C",5.71,5.648,6.942,6.373,6.395,6.065
"YNL021W",5.757,5.528,6.477,6.211,6.305,6.296
"YNL022C",6.064,6.027,7.069,5.578,6.131,5.887
"YNL023C",6.007,5.887,6.713,7.158,6.828,7.434
"YNL024C",2.4,3.174,2.959,3.49,4.031,3.329
"YNL024C-A",5.734,4.812,7.069,5.821,5.774,5.61
"YNL025C",4.246,4.252,5.124,4.519,4.508,4.676
"YNL026W",5.969,5.619,6.055,5.487,4.987,5.001
"YNL027W",6.007,6.071,6.055,6.211,6.395,6.688
"YNL028W",0.892,2.589,2.464,1.3,2.274,1.842
"YNL029C",6.007,6.233,6.402,6.518,6.655,6.633
"YNL030W",7.152,7.113,7.314,4.847,5.152,5.314
"YNL031C",9.785,9.845,10.157,9.034,9.062,9.225
"YNL032W",5.365,5.049,5.3,5.114,5.934,5.855
"YNL035C",4.036,3.812,3.327,3.288,3.914,3.504
"YNL036W",9.361,9.391,9.132,5.622,6.131,6.119
"YNL037C",9.621,9.503,10.256,8.523,8.658,8.414
"YNL038W",5.395,5.252,5.529,4.986,5.39,4.522
"YNL039W",6.302,7.081,5.787,6.585,7.107,6.891
"YNL040W",3.877,4.004,3.327,4.424,4.987,5.001
"YNL041C",6.118,6.092,6.195,6.294,6.673,6.595
"YNL042W",3.877,4.528,4.692,5.439,5.39,5.789
"YNL042W-B",0,0,0,2.429,1.831,1.197
"YNL043C",5.757,5.252,6.713,5.578,5.39,5.113
"YNL044W",6.348,6.175,7.674,5.858,5.872,6.146
"YNL045W",5.71,5.935,6.055,6.182,6.281,6.037
"YNL046W",4.109,3.812,4.812,3.288,4.336,3.8
"YNL047C",5.273,4.812,5.027,4.692,5.39,5.36
"YNL048W",6.045,6.027,5.954,6.093,6.328,6.343
"YNL049C",5.304,5.174,6.44,6.518,6.599,6.32
"YNL050C",5.103,5.982,2.464,5.173,4.662,5.217
"YNL051W",5.273,5.496,4.253,4.322,4.587,4.942
"YNL052W",10.743,10.802,11.551,9.697,9.679,9.699
"YNL053W",5.335,5.431,6.743,5.745,5.669,5.61
"YNL054W",6.45,6.362,6.402,7.097,7.375,7.528
"YNL055C",10.211,10.165,10.823,9.704,9.728,9.455
"YNL056W",5.273,5.464,4.812,5.339,4.865,5.36
"YNL057W",2.972,3.326,2.959,4.094,2.274,2.9
"YNL058C",3.494,3.464,3.327,3.823,4.587,3.66
"YNL059C",6.221,7.353,5.529,6.321,6.022,6.614
"YNL061W",5.453,6.528,6.005,5.894,6.305,6.092
"YNL062C",4.109,4.252,5.38,3.965,4.14,3.8
"YNL063W",4.952,5.431,4.924,5.114,5.476,5.166
"YNL064C",8.701,8.601,8.872,8.391,8.519,8.364
"YNL065W",5.638,4.812,5.954,6.985,6.937,7.082
"YNL066W",6.171,6.308,6.803,5.745,4.801,5.405
"YNL067W",8.138,7.271,8.733,6.827,6.637,6.706
"YNL067W-B",0,0,0,1.3,1.189,1.197
"YNL068C",6.171,6.233,6.281,6.321,6.48,6.633
"YNL069C",8.628,7.941,9.172,7.51,7.513,7.466
"YNL070W",6.732,7.224,7.251,5.821,5.903,6.146
"YNL071W",7.564,7.48,8.111,7.426,7.094,6.875
"YNL072W",3.257,3.589,3.62,3.288,3.49,3.329
"YNL073W",6.407,6.719,7.469,7.201,7.053,6.652
"YNL074C",6.153,6.512,6.713,8.16,8.193,7.991
"YNL075W",5.103,4.528,5.3,4.847,5.152,5.166
"YNL076W",5.453,5.887,5.726,6.294,5.774,6.092
"YNL077W",7.044,7.887,7.84,7.05,7.134,7.082
"YNL078W",4.036,4.464,5.027,4.986,4.987,4.046
"YNL079C",8.782,9.288,8.278,7.521,7.961,8.215
"YNL080C",4.991,5.887,5.787,6.267,5.517,5.918
"YNL081C",6.789,7.185,6.402,5.929,5.993,6.008
"YNL082W",5.453,5.528,5.124,5.339,5.705,5.855
"YNL083W",5.365,5.005,5.663,6.211,6.105,5.789
"YNL084C",6.843,6.773,5.456,6.398,6.599,6.922
"YNL085W",6.977,6.719,7.185,7.244,7.364,7.508
"YNL086W",3.698,3.464,2.959,3.666,3.316,3.504
"YNL087W",6.464,6.362,6.773,7.377,7.419,7.82
"YNL088W",7.428,7.739,7.044,7.555,7.503,7.635
"YNL089C",4.991,4.705,5.38,4.608,4.336,4.676
"YNL090W",5.24,5.214,5.3,4.094,5.152,4.942
"YNL091W",6.967,8.439,7.019,7.839,8.019,8.24
"YNL092W",4.37,4.252,5.027,5.487,5.556,5.918
"YNL093W",4.485,5.049,4.071,4.918,5.203,4.942
"YNL094W",5.395,5.362,6.005,6.347,6.373,6.119
"YNL095C",4.539,4.648,5.844,5.339,4.865,5.405
"YNL096C",7.665,7.59,8.001,6.691,6.459,6.906
"YNL097C",5.887,6.194,6.195,5.821,5.84,5.684
"YNL097C-B",1.439,1.588,2.959,1.972,0,2.9
"YNL097W-A",3.959,4.464,3.863,4.213,4.14,4.046
"YNL098C",7.099,7.719,7.14,6.809,6.996,6.843
"YNL099C",5.686,6.214,5.598,5.578,5.74,5.979
"YNL100W",7.384,7.559,7.251,7.143,7.248,7.201
"YNL101W",7.628,7.233,8.369,9.233,9.184,9.07
"YNL102W",6.348,6.863,6.649,6.518,6.618,6.724
"YNL103W",6.153,7.336,5.9,6.691,6.541,6.776
"YNL103W-A",4.591,3.911,5.726,4.519,3.117,3.131
"YNL104C",9.254,9.177,10.077,9.183,8.842,8.554
"YNL105W",1.835,1.588,2.959,2.429,2.613,2.626
"YNL106C",3.494,3.911,4.414,5.622,5.903,5.113
"YNL107W",5.335,5.959,4.692,5.39,4.987,5.61
"YNL108C",4.37,5.29,5.124,5.487,5.099,5.36
"YNL109W",4.179,5.049,4.812,5.114,5.346,5.001
"YNL110C",5.662,6.746,5.124,5.664,5.346,5.755
"YNL111C",6.082,5.496,5.663,6.495,6.691,6.952
"YNL112W",6.064,4.528,6.44,7.258,6.891,6.952
"YNL113W",6.286,6.327,6.44,4.918,4.801,5.217
"YNL114C",5.395,5.59,5.38,3.965,4.241,4.522
"YNL115C",6.996,7.113,7.314,8.196,8.326,8.202
"YNL116W",5.067,4.862,5.844,6.061,5.774,5.72
"YNL117W",8.839,8.586,9.342,7.929,7.869,7.931
"YNL118C",7.09,7.344,6.513,7.244,7.601,7.923
"YNL119W",5.823,5.559,4.56,5.339,5.39,5.448
"YNL120C",2.972,3.004,2.464,3.965,3.316,3.504
"YNL121C",8.831,8.906,8.36,8.28,8.331,8.457
"YNL122C",4.827,5.464,4.924,4.519,4.14,4.942
"YNL123W",6.708,6.786,7.811,7.451,7.451,7.149
"YNL124W",5.173,5.29,4.692,5.821,5.808,5.887
"YNL125C",7.285,7.567,8.111,8.077,7.924,7.923
"YNL126W",5.335,5.214,5.456,5.286,5.476,5.72
"YNL127W",4.783,4.812,5.726,6.398,6.257,6.296
"YNL128W",3.257,3.174,3.863,4.213,5.099,4.046
"YNL129W",4.591,4.528,3.62,6.423,6.844,6.922
"YNL130C",6.684,6.634,7.487,7.312,7.121,7.054
"YNL130C-A",1.835,2.589,1.704,3.055,3.49,3.928
"YNL131W",7.511,7.299,6.968,6.211,6.438,6.453
"YNL132W",6.118,6.48,5.726,5.664,5.934,5.755
"YNL133C",5.453,6.812,5.3,4.986,5.872,5.823
"YNL134C",9.359,9.814,10.059,8.546,8.473,8.483
"YNL135C",7.564,7.582,7.796,7.244,7.011,7.226
"YNL136W",5.395,7.924,5.456,5.339,5.934,6.172
"YNL137C",7.531,7.48,7.923,7.544,7.601,7.456
"YNL138W",6.045,6.773,6.548,7.05,6.86,6.997
"YNL138W-A",4.109,4.397,2.959,3.666,4.241,4.046
"YNL139C",6.684,6.071,7.251,7.642,7.805,7.812
"YNL141W",5.139,5.252,5.529,8.985,8.854,8.594
"YNL142W",9.61,9.17,10.719,11.365,11.323,11.149
"YNL143C",3.121,2.589,1.704,3.965,4.587,3.504
"YNL144C",6.171,6.648,6.402,7.674,7.838,7.752
"YNL144W-A",3.38,3.174,2.464,4.322,3.646,4.35
"YNL145W",3.791,4.174,4.071,3.288,2.274,2.9
"YNL146C-A",3.121,3.812,0,1.3,3.117,3.504
"YNL146W",3.38,3.004,1.704,3.823,3.117,1.842
"YNL147W",5.845,7.224,5.529,4.918,5.633,6.008
"YNL148C",3.877,3.705,3.863,3.288,3.914,3.329
"YNL149C",6.854,6.786,7.069,6.153,6.373,6.432
"YNL150W",6.789,6.887,7.093,5.929,6.48,6.388
"YNL151C",5.103,5.982,4.812,5.051,4.987,5.058
"YNL152W",4.991,4.959,5.456,4.986,5.152,5.36
"YNL153C",5.424,4.959,5.787,4.608,5.203,4.601
"YNL154C",6.708,6.786,6.743,6.67,6.828,6.652
"YNL155W",6.333,6.786,6.281,6.495,6.459,6.495
"YNL156C",6.986,6.512,7.185,7.802,7.573,7.836
"YNL157W",6.896,7.582,6.994,6.846,7.284,7.263
"YNL158W",4.952,4.464,5.3,3.666,3.786,3.928
"YNL159C",5.424,5.214,5.954,6.029,6.257,6.119
"YNL160W",11.469,11.781,11.7,12.621,12.464,12.262
"YNL161W",6.027,5.887,6.055,6.123,6.459,6.366
"YNL162W",5.481,5.863,5.787,5.231,5.252,4.676
"YNL162W-A",3.6,2.811,1.704,2.429,2.887,1.842
"YNL163C",6.188,5.911,6.942,6.827,6.828,6.742
"YNL164C",4.37,4.589,4.692,4.608,5.346,5.113
"YNL165W",5.139,4.705,5.215,5.533,5.74,5.823
"YNL166C",5.453,5.528,5.598,4.608,4.508,5.571
"YNL167C",6.064,6.935,6.103,7.128,7.039,6.793
"YNL168C",6.333,6.113,7.069,6.347,6.655,6.81
"YNL169C",6.064,6.544,6.915,7.018,6.691,6.576
"YNL170W",4.485,4.812,4.56,5.578,5.705,5.217
"YNL171C",3.959,4.252,2.464,3.666,4.031,4.35
"YNL172W",6.422,5.732,6.832,7.143,6.922,6.875
"YNL173C",5.395,5.863,5.38,6.563,6.599,6.576
"YNL174W",5.304,5.863,5.027,3.49,4.241,4.439
"YNL175C",6.393,6.825,5.598,5.286,5.476,5.684
"YNL176C",7.316,7.071,7.45,8.061,8.026,8.202
"YNL177C",6.865,6.923,6.583,5.929,6.599,6.172
"YNL178W",9.604,9.033,9.799,8.314,8.478,8.504
"YNL179C",3.877,4.174,2.959,4.424,4.987,4.439
"YNL180C",6.492,8.431,6.055,7.23,7.462,7.466
"YNL181W",6.672,6.559,6.915,6.373,6.48,6.495
"YNL182C",5.304,4.397,5.726,4.608,4.662,4.439
"YNL183C",7.853,7.318,7.854,8.189,8.181,8.425
"YNL184C",2.617,1.002,2.464,2.429,1.189,1.197
"YNL185C",5.304,5.759,5.598,5.39,5.152,5.448
"YNL186W",7.117,7.76,7.163,7.98,8.012,7.991
"YNL187W",3.38,3.464,3.863,4.322,4.14,3.504
"YNL188W",5.24,5.496,3.327,4.322,4.508,4.747
"YNL189W",6.986,6.648,7.413,6.969,6.876,7.082
"YNL190W",6.519,6.397,7.523,7.521,7.386,7.201
"YNL191W",6.064,6.092,6.323,5.784,5.434,5.36
"YNL192W",7.354,7.165,8.319,7.439,7.419,7.287
"YNL193W",5.969,6.362,6.195,6.471,6.05,5.979
"YNL194C",5.103,5.863,4.924,6.711,6.86,6.495
"YNL195C",5.395,6.071,5.3,7.783,7.737,7.892
"YNL196C",2.805,3.911,3.327,2.775,4.241,1.842
"YNL197C",6.492,6.049,7.163,6.751,6.637,6.826
"YNL198C",1.439,1.002,0,2.429,2.613,2.9
"YNL199C",5.481,6.134,5.3,6.447,6.05,6.248
"YNL200C",6.886,6.993,7.413,8.32,8.249,8.157
"YNL201C",6.171,5.935,5.663,6.917,6.952,6.967
"YNL202W",3.494,2.589,4.812,4.847,4.241,4.439
"YNL203C",1.439,1.588,3.327,3.49,3.316,4.256
"YNL204C",1.835,2.003,0,4.094,3.914,2.626
"YNL205C",0.892,1.588,1.704,1.972,2.274,1.842
"YNL206C",5.71,5.677,5.215,5.894,5.872,5.789
"YNL207W",5.365,4.589,5.726,5.578,5.203,5.058
"YNL208W",9.28,9.292,10.287,8.751,8.768,8.753
"YNL209W",7.858,7.271,8.726,7.704,7.684,7.368
"YNL210W",0.892,1.002,2.464,0,0,2.287
"YNL211C",3.6,4.252,2.464,0,2.887,1.197
"YNL212W",7.731,7.512,8.224,7.51,7.675,7.588
"YNL213C",6.407,7.371,5.844,6.061,6.459,6.198
"YNL214W",4.246,5.092,4.924,5.114,5.434,5.684
"YNL215W",5.24,6.214,5.027,6.398,5.705,6.516
"YNL216W",5.173,5.464,5.726,5.784,5.872,5.491
"YNL217W",8.319,8.796,8.146,7.258,6.967,7.188
"YNL218W",5.561,4.862,5.787,5.664,5.964,5.755
"YNL219C",6.45,6.308,7.354,6.969,6.761,6.793
"YNL220W",8.219,8.199,8.793,7.83,8.061,7.691
"YNL221C",5.845,6.092,6.773,6.471,6.233,6.32
"YNL222W",3.38,4.648,4.924,4.322,3.316,4.154
"YNL223W",5.823,5.496,6.281,6.182,6.131,5.789
"YNL224C",5.71,5.759,6.103,5.339,6.208,6.198
"YNL225C",5.779,6.605,4.924,5.231,5.346,5.113
"YNL226W",1.835,3.326,2.464,2.429,1.831,2.626
"YNL227C",5.273,6.092,5.3,5.894,5.633,5.166
"YNL228W",3.791,5.648,3.62,4.847,4.662,5.001
"YNL229C",6.064,6.786,6.195,5.286,5.595,5.61
"YNL230C",4.109,4.705,4.692,5.231,5.517,4.676
"YNL231C",8.307,8.896,8.408,8.182,8.273,8.076
"YNL232W",5.734,5.59,6.281,6.294,6.328,6.146
"YNL233W",6.254,6.512,6.005,6.153,6.438,6.388
"YNL234W",6.464,6.59,6.713,7.812,7.983,7.954
"YNL235C",3.698,3.705,4.692,3.288,3.786,3.66
"YNL236W",6.007,5.528,5.844,5.858,6.351,6.172
"YNL237W",5.845,6.134,6.968,6.447,6.351,6.41
"YNL238W",6.064,6.344,7.093,6.751,6.952,7.026
"YNL239W",7.906,7.448,8.528,8.366,8.32,8.202
"YNL240C",5.613,5.362,6.005,5.339,5.476,5.571
"YNL241C",7.369,7.786,8.671,6.77,6.328,6.516
"YNL242W",6.082,5.705,7.019,7.694,7.72,7.588
"YNL243W",7.062,7.448,7.896,7.002,7.16,6.937
"YNL244C",7.995,8.097,8.299,7.724,7.771,8.09
"YNL245C",4.912,5.362,5.215,4.692,4.865,4.942
"YNL246W",5.481,4.959,5.9,5.339,4.927,5.113
"YNL247W",6.478,6.327,6.005,5.114,6.208,5.855
"YNL248C",5.734,5.005,6.055,4.847,4.987,5.166
"YNL249C",5.273,5.326,5.38,5.231,4.733,4.815
"YNL250W",6.118,6.574,5.954,5.894,6.105,6.576
"YNL251C",7.025,7.103,7.505,7.097,7.295,7.287
"YNL252C",5.929,5.677,5.787,5.231,5.299,5.648
"YNL253W",4.642,4.528,5.215,5.051,5.044,5.058
"YNL254C",5.103,4.959,5.38,6.153,6.328,6.474
"YNL255C",7.771,8.097,8.039,7.338,7.482,7.528
"YNL256W",6.254,5.786,6.548,5.997,6.131,5.72
"YNL257C",6.348,6.29,6.583,6.373,6.844,6.859
"YNL258C",6.221,6.59,6.055,6.563,6.727,6.296
"YNL259C",5.067,5.397,4.692,4.322,4.508,4.747
"YNL260C",4.109,4.397,3.863,3.965,3.914,3.131
"YNL261W",5.395,4.862,5.663,5.173,5.203,4.676
"YNL262W",6.755,6.947,7.093,7.312,6.982,7.213
"YNL263C",5.734,5.397,6.773,5.784,5.346,5.448
"YNL264C",4.179,4.326,4.924,6.294,6.328,6.065
"YNL265C",6.045,6.397,5.954,5.997,5.964,5.61
"YNL266W",4.827,5.677,4.924,4.608,5.39,5.058
"YNL267W",6.27,6.663,6.548,6.917,7.198,7.026
"YNL268W",7.477,7.48,7.988,7.684,7.737,7.778
"YNL269W",2.145,2.003,2.464,4.918,4.424,3.66
"YNL270C",3.698,3.464,3.62,4.847,5.099,5.001
"YNL271C",7.634,8.443,7.752,9.257,9.277,9.339
"YNL272C",5.887,5.732,5.663,5.858,5.964,6.119
"YNL273W",6.533,6.544,6.968,6.398,6.395,6.223
"YNL274C",8.147,8.087,8.71,8.416,8.583,8.473
"YNL275W",5.638,5.362,6.513,6.211,6.208,6.248
"YNL276C",5.481,6.464,6.832,5.339,5.517,4.256
"YNL277W",7.244,7.605,8.111,6.952,6.561,6.388
"YNL277W-A",2.617,3.174,0,2.775,1.831,2.9
"YNL278W",4.952,4.862,5.9,5.784,6.131,5.887
"YNL279W",4.036,3.812,4.692,2.775,4.14,3.329
"YNL280C",6.045,5.677,7.069,6.711,6.438,6.32
"YNL281W",7.006,7.439,7.163,6.211,6.131,6.248
"YNL282W",2.805,3.464,2.959,3.288,3.914,3.66
"YNL283C",4.737,4.464,5.726,4.986,5.556,5.217
"YNL284C",6.755,7.016,6.994,6.182,6.438,6.343
"YNL286W",4.37,5.677,4.692,4.771,5.934,5.887
"YNL287W",7.3,6.663,7.658,7.402,7.272,7.122
"YNL288W",5.71,5.431,6.195,6.294,6.077,6.172
"YNL289W",5.103,5.326,5.027,3.055,2.274,2.287
"YNL290W",5.139,4.862,5.124,4.847,4.801,4.35
"YNL291C",5.03,4.648,5.3,5.439,5.203,5.684
"YNL292W",5.067,4.759,4.692,5.173,5.252,4.88
"YNL293W",4.827,5.252,5.124,5.286,5.669,5.789
"YNL294C",5.887,5.863,6.402,5.439,6.157,6.092
"YNL295W",5.304,5.431,4.924,5.997,5.964,5.72
"YNL296W",2.4,0,2.959,2.775,2.613,3.131
"YNL297C",6.917,6.786,7.541,7.724,7.611,7.477
"YNL298W",5.03,5.29,5.124,5.664,5.346,5.61
"YNL299W",5.535,5.887,5.598,5.578,5.774,6.146
"YNL300W",2.972,2.811,1.704,2.775,2.887,2.287
"YNL301C",5.335,5.732,5.027,5.286,5.595,5.448
"YNL302C",7.564,7.103,7.868,6.607,6.157,6.223
"YNL303W",2.4,4.174,3.863,3.288,3.49,2.626
"YNL304W",4.485,4.648,4.414,4.771,4.424,5.113
"YNL305C",7.308,7.552,8.158,7.325,7.375,7.368
"YNL306W",7.261,7.52,7.625,7.338,7.493,7.213
"YNL307C",6.546,5.496,7.354,7.23,6.996,6.967
"YNL308C",6.61,7.929,5.844,5.745,6.561,6.366
"YNL309W",3.877,4.397,4.924,3.055,3.914,4.154
"YNL310C",5.424,6.005,6.323,5.39,5.434,5.531
"YNL311C",6.064,5.677,6.281,6.373,6.795,6.826
"YNL312W",5.424,5.092,5.598,5.173,4.927,5.058
"YNL313C",5.845,5.863,6.477,5.894,6.257,5.949
"YNL314W",4.991,5.005,4.812,5.533,5.517,5.314
"YNL315C",6.436,6.746,6.773,7.066,7.472,7.011
"YNL316C",4.69,4.464,4.253,4.094,4.14,3.8
"YNL317W",4.69,4.397,4.924,5.114,4.927,4.601
"YNL318C",0.892,3.174,1.704,1.3,1.189,1.842
"YNL319W",0,2.003,1.704,1.972,0,2.287
"YNL320W",4.783,4.528,5.3,4.918,5.152,4.88
"YNL321W",5.395,5.528,6.323,6.882,6.761,6.706
"YNL322C",5.908,7.134,6.773,7.258,6.727,6.891
"YNL323W",6.238,6.271,6.773,6.691,6.795,6.906
"YNL324W",1.835,2.326,2.464,1.972,2.887,1.842
"YNL325C",4.912,5.005,5.529,4.847,5.476,5.36
"YNL326C",4.539,4.174,4.812,4.771,3.316,4.046
"YNL327W",6.286,6.29,7.207,4.986,5.434,5.61
"YNL328C",2.4,2.326,3.863,3.288,2.887,2.287
"YNL329C",6.492,6.271,6.773,7.23,7.121,6.982
"YNL330C",6.27,6.496,6.994,6.731,6.637,6.536
"YNL331C",4.179,4.092,3.863,4.213,4.031,3.504
"YNR001C",10.706,10.631,11.334,9.402,9.369,9.42
"YNR002C",3.38,4.862,4.56,6.123,5.808,5.855
"YNR003C",4.37,4.397,4.414,4.986,4.987,5.217
"YNR003W-A",1.835,3.004,0,2.429,1.831,1.842
"YNR004W",3.791,3.326,4.071,3.823,4.508,4.676
"YNR005C",3.121,2.811,3.62,2.775,3.316,3.8
"YNR006W",6.378,6.271,6.323,6.093,6.438,6.296
"YNR007C",4.991,5.464,5.598,5.858,6.077,6.248
"YNR008W",4.87,5.049,5.954,5.39,5.044,5.887
"YNR009W",4.539,4.911,4.56,5.439,4.508,3.66
"YNR010W",4.642,5.005,4.414,3.49,3.316,4.439
"YNR011C",5.273,4.911,4.812,5.784,5.74,5.855
"YNR012W",5.823,5.134,5.9,6.827,6.561,6.633
"YNR013C",5.424,5.837,6.005,6.423,6.744,6.67
"YNR014W",4.109,4.174,3.62,5.286,5.299,5.61
"YNR015W",3.959,4.464,5.027,3.823,4.031,3.504
"YNR016C",9.872,9.526,10.755,10.149,10.13,10.067
"YNR017W",5.481,5.911,5.844,6.211,5.476,5.531
"YNR018W",7.837,8.159,8.278,7.773,7.493,7.691
"YNR019W",4.87,5.705,5.663,7.23,7.173,6.875
"YNR020C",5.561,6.194,5.663,5.114,5.74,5.571
"YNR021W",6.348,6.344,6.583,5.487,4.987,5.405
"YNR022C",6.684,7.185,6.195,4.692,5.152,5.684
"YNR023W",5.535,5.464,5.215,5.745,5.434,5.267
"YNR024W",5.139,6.308,3.62,4.519,4.865,5.36
"YNR025C",4.87,5.863,4.692,4.322,4.801,4.35
"YNR026C",5.969,5.397,6.616,5.114,5.252,5.314
"YNR027W",3.698,4.004,5.124,3.49,3.646,3.329
"YNR028W",6.153,5.982,5.598,5.051,5.476,5.314
"YNR029C",5.535,4.911,4.924,5.533,5.044,5.648
"YNR030W",6.045,5.863,6.363,6.267,6.257,5.491
"YNR031C",6.886,6.733,7.469,7.793,7.916,7.795
"YNR032C-A",4.991,5.362,5.844,5.622,5.434,5.36
"YNR032W",4.737,5.252,5.844,5.339,5.39,5.448
"YNR033W",5.613,5.092,6.402,5.963,6.208,6.008
"YNR034W",4.642,4.759,5.215,5.705,5.993,5.789
"YNR034W-A",11.545,12.762,11.121,7.113,7.342,7.402
"YNR035C",6.348,6.799,6.103,6.607,6.561,6.859
"YNR036C",7.577,7.472,8.379,7.621,7.563,7.379
"YNR037C",4.539,5.559,4.812,4.213,4.662,4.747
"YNR038W",5.173,4.959,5.38,5.745,5.808,5.684
"YNR039C",5.24,5.362,5.124,5.231,5.044,5.405
"YNR040W",4.37,4.589,4.56,4.094,4.241,3.329
"YNR041C",5.535,5.619,6.743,5.821,5.299,5.755
"YNR042W",3.6,2.811,4.692,4.424,2.274,4.154
"YNR043W",6.506,6.574,7.413,7.285,6.982,6.937
"YNR044W",4.783,4.759,4.414,4.918,4.662,4.815
"YNR045W",6.378,6.512,6.548,6.628,6.876,6.595
"YNR046W",4.485,5.134,4.812,4.918,4.662,3.8
"YNR047W",6.546,6.528,7.116,7.83,7.657,7.744
"YNR048W",4.539,3.326,4.56,5.339,4.801,5.001
"YNR049C",5.03,5.214,3.327,4.608,3.646,4.046
"YNR050C",6.843,6.648,7.251,6.061,5.964,6.065
"YNR051C",6.967,8.229,6.281,6.969,6.922,7.334
"YNR052C",5.067,5.005,5.9,6.347,6.395,6.223
"YNR053C",6.027,5.134,6.616,6.347,6.305,6.296
"YNR054C",4.642,5.619,2.959,4.519,4.241,4.35
"YNR055C",6.422,6.308,7.116,7.589,7.533,7.201
"YNR056C",3.791,4.397,4.253,4.771,4.424,5.166
"YNR057C",2.617,3.326,4.56,2.775,1.831,2.9
"YNR058W",2.4,3.174,4.253,3.288,3.117,4.046
"YNR059W",4.642,4.528,5.529,5.114,5.633,4.522
"YNR060W",2.972,3.326,1.704,1.3,3.914,2.626
"YNR061C",5.535,5.252,6.681,5.439,5.39,5.448
"YNR062C",4.179,3.004,3.327,3.823,3.786,3.131
"YNR063W",3.959,4.092,5.38,5.39,5.099,5.217
"YNR064C",4.539,4.004,5.844,4.213,3.49,3.8
"YNR065C",6.1,5.677,6.583,5.173,5.346,5.113
"YNR066C",5.304,3.812,6.239,5.173,3.646,4.35
"YNR067C",7.477,7.512,8.146,5.784,5.74,5.823
"YNR068C",6.572,7.243,6.239,5.745,6.208,6.388
"YNR069C",7.169,6.271,7.505,6.347,6.709,6.296
"YNR070W",4.539,4.589,5.124,5.39,5.595,5.217
"YNR071C",7.628,8.52,7.909,3.288,1.189,2.9
"YNR072W",6.221,7.081,6.477,2.775,0,2.287
"YNR073C",5.424,7.29,5.027,1.3,0,0
"YOL001W",5.335,5.397,5.663,5.578,5.39,5.571
"YOL002C",6.27,6.362,7.069,8.517,8.559,8.499
"YOL003C",5.03,5.005,5.529,6.029,5.152,5.979
"YOL004W",7.169,7.027,7.413,7.674,7.711,7.607
"YOL005C",5.481,5.705,5.529,5.622,5.556,5.267
"YOL006C",7.126,7.976,5.954,7.05,7.16,7.334
"YOL007C",4.309,3.004,4.414,3.055,2.613,3.131
"YOL008W",3.6,4.092,4.56,2.429,3.117,3.66
"YOL009C",4.912,4.648,4.812,4.213,4.424,4.747
"YOL010W",5.335,5.431,5.456,4.847,4.587,4.35
"YOL011W",7.053,7.144,7.721,7.312,7.523,7.122
"YOL012C",5.988,5.982,6.743,5.578,5.595,5.166
"YOL013C",6.204,6.544,6.832,6.471,6.459,6.474
"YOL014W",2.617,1.002,2.464,3.666,3.49,2.287
"YOL015W",3.959,4.174,3.62,5.578,5.669,5.217
"YOL016C",7.169,7.224,7.658,6.67,7.211,7.238
"YOL017W",5.24,4.759,4.253,3.965,4.336,4.35
"YOL018C",6.082,5.559,6.103,5.231,5.346,5.949
"YOL019W",5.335,4.959,5.027,5.963,6.233,6.296
"YOL020W",2.972,3.326,3.863,2.429,3.316,3.131
"YOL021C",5.908,5.812,6.548,6.423,6.395,6.272
"YOL022C",5.969,4.812,6.15,5.821,6.05,5.72
"YOL023W",5.949,6.648,5.9,6.061,6.395,6.037
"YOL024W",2.145,2.589,2.464,2.775,3.646,2.9
"YOL025W",5.395,5.049,5.663,6.123,5.872,5.789
"YOL026C",5.638,5.982,5.726,5.821,5.774,6.366
"YOL027C",7.354,8.118,7.272,7.113,6.996,7.275
"YOL028C",4.246,4.004,3.327,3.055,2.887,3.131
"YOL029C",4.539,5.431,4.071,4.771,4.336,4.522
"YOL030W",8.057,7.719,9.073,9.215,9.1,9.042
"YOL031C",6.1,6.214,5.663,4.771,5.517,5.166
"YOL032W",6.118,6.663,6.281,5.997,6.257,6.146
"YOL033W",4.37,4.959,5.456,4.322,5.434,4.35
"YOL034W",6.333,6.512,6.281,6.398,6.438,6.556
"YOL035C",5.103,6.327,6.055,5.533,6.541,6.172
"YOL036W",7.701,7.976,8.571,8.353,8.261,8.221
"YOL037C",4.87,5.786,5.456,6.321,6.373,5.789
"YOL038C-A",0.892,2.811,1.704,0,1.831,1.842
"YOL038W",7.449,8.113,7.796,6.846,7.375,7.357
"YOL039W",7.285,6.512,7.923,5.963,6.233,6.272
"YOL040C",8.742,8.492,9.481,8.13,8.033,7.885
"YOL041C",5.949,6.092,4.071,5.533,5.39,5.887
"YOL042W",5.24,5.092,5.726,5.784,5.872,5.448
"YOL043C",4.539,4.397,4.692,4.847,4.733,5.058
"YOL044W",5.365,5.362,5.787,5.533,5.84,5.918
"YOL045W",5.845,5.59,5.215,6.79,6.761,6.776
"YOL046C",2.145,2.589,3.62,3.49,2.274,3.66
"YOL047C",1.439,1.588,1.704,1.3,2.613,1.842
"YOL048C",4.539,5.092,5.215,5.231,5.099,5.755
"YOL049W",6.833,6.362,7.642,5.858,5.872,6.198
"YOL050C",4.246,5.174,5.3,5.705,5.964,5.789
"YOL051W",7.178,7.464,7.044,8.253,8.36,8.27
"YOL052C",5.662,5.134,5.9,4.847,5.595,4.747
"YOL052C-A",8.264,9.209,8.257,10.277,10.215,9.978
"YOL053W",5.139,5.29,5.726,4.213,3.914,4.815
"YOL054W",5.779,6.092,5.844,5.784,5.808,6.037
"YOL055C",4.737,4.705,5.844,7.325,7.451,7.345
"YOL056W",4.036,4.174,4.071,5.173,4.801,5.001
"YOL057W",6.393,5.982,6.649,6.447,6.618,6.198
"YOL058W",8.995,8.766,9.628,7.734,7.482,7.708
"YOL059W",5.908,5.528,6.15,7.653,7.523,7.423
"YOL060C",7.006,7.06,6.803,7.097,7.441,7.456
"YOL061W",6.45,5.732,7.163,7.216,6.891,6.759
"YOL062C",6.204,5.837,6.743,6.809,6.599,6.595
"YOL063C",5.273,5.496,6.477,6.347,6.022,6.198
"YOL064C",7.277,7.06,8.169,6.935,7.121,6.843
"YOL065C",5.535,5.174,4.56,5.439,5.872,5.823
"YOL066C",5.561,5.677,6.323,5.39,5.84,5.571
"YOL067C",3.959,3.326,5.215,4.692,4.424,5.001
"YOL068C",6.027,6.733,5.663,6.471,6.395,6.119
"YOL069W",4.179,5.705,4.56,5.533,5.517,5.314
"YOL070C",5.207,5.397,5.027,4.918,5.203,5.217
"YOL071W",6.238,6.027,6.583,6.65,6.077,5.823
"YOL072W",4.952,4.528,5.787,5.339,5.556,5.113
"YOL073C",4.69,5.092,5.215,4.771,4.927,4.601
"YOL075C",5.638,5.431,6.323,7.201,7.272,7.334
"YOL076W",5.535,5.214,5.663,5.286,5.595,5.648
"YOL077C",6.171,5.252,6.005,4.519,5.517,5.001
"YOL077W-A",8.887,9.623,8.437,7.351,7.693,7.991
"YOL078W",6.333,6.154,6.513,7.018,6.922,7.04
"YOL079W",3.121,2.589,3.327,2.775,2.274,3.131
"YOL080C",4.485,4.648,4.414,3.823,3.786,3.8
"YOL081W",9.026,9.1,9.894,9.828,9.869,9.669
"YOL082W",7.126,6.825,7.374,7.867,8.061,8.151
"YOL083C-A",3.121,2.811,3.327,3.49,3.49,3.329
"YOL083W",5.304,5.559,5.456,6.182,6.655,6.146
"YOL084W",4.827,5.326,6.281,6.321,6.157,6.272
"YOL085C",2.145,1.588,2.464,4.094,3.786,3.66
"YOL085W-A",1.439,0,2.959,3.288,4.031,2.626
"YOL086C",8.567,9.041,9.126,10.922,10.73,10.674
"YOL086W-A",5.71,5.528,6.649,5.622,5.346,5.531
"YOL087C",6.789,7.308,6.942,7.783,7.924,7.976
"YOL088C",5.273,5.732,5.38,5.745,5.808,6.008
"YOL089C",6.45,6.071,6.44,6.77,6.922,6.453
"YOL090W",5.638,5.174,5.954,4.094,4.927,5.113
"YOL091W",3.121,3.812,1.704,1.972,1.831,3.329
"YOL092W",6.221,5.812,7.069,6.935,6.561,6.67
"YOL093W",5.273,5.005,4.924,3.055,4.14,3.329
"YOL094C",4.783,4.528,4.924,4.094,3.49,4.747
"YOL095C",4.429,3.705,4.56,4.692,4.662,4.88
"YOL096C",5.734,5.496,6.323,6.447,6.373,6.41
"YOL097C",6.188,5.648,6.803,6.182,5.934,6.119
"YOL098C",6.648,5.464,6.583,6.607,6.891,6.474
"YOL099C",5.067,6.431,4.692,5.439,5.434,5.61
"YOL100W",7.169,7.648,6.281,7.621,7.813,7.939
"YOL101C",1.835,2.811,1.704,3.288,4.241,3.131
"YOL102C",4.642,4.648,4.56,4.918,4.801,4.815
"YOL103W",6.082,6.414,6.548,6.373,6.157,6.248
"YOL104C",2.617,2.589,2.464,3.055,1.189,2.9
"YOL105C",4.912,4.759,6.005,5.745,5.774,5.571
"YOL106W",0,2.003,0,2.429,2.613,2.626
"YOL107W",4.485,3.589,5.456,4.692,4.14,4.35
"YOL108C",5.949,6.175,5.456,5.745,5.993,6.008
"YOL109W",9.5,10.308,8.694,7.876,7.991,8.436
"YOL110W",3.494,3.004,4.812,1.3,3.646,1.842
"YOL111C",5.802,5.732,6.281,5.39,5.299,5.448
"YOL112W",6.302,6.414,6.548,6.061,6.459,5.855
"YOL113W",5.929,5.863,6.281,6.882,6.952,7.175
"YOL114C",2.617,3.705,2.464,3.823,3.914,3.329
"YOL115W",5.757,6.362,5.954,6.373,6.233,6.32
"YOL116W",5.71,5.812,5.9,5.997,5.872,5.823
"YOL117W",5.481,4.911,6.103,5.858,6.022,5.855
"YOL118C",3.38,3.326,3.863,3.49,3.316,3.8
"YOL119C",7.099,6.799,7.84,7.414,7.462,7.054
"YOL120C",7.504,7.194,7.962,6.65,6.438,6.595
"YOL121C",6.822,6.544,7.45,5.745,6.022,5.918
"YOL122C",6.153,6.154,6.803,6.607,6.795,6.706
"YOL123W",7.793,7.844,6.942,7.389,7.563,7.635
"YOL124C",4.591,4.174,4.414,3.055,4.031,3.504
"YOL125W",4.737,5.496,5.598,5.114,5.476,5.789
"YOL126C",6.333,6.271,7.272,8.612,8.842,8.664
"YOL127W",9.596,9.345,9.751,8.726,8.854,8.977
"YOL128C",5.273,5.528,6.323,8.998,8.789,8.714
"YOL129W",6.811,6.544,7.896,7.663,7.211,6.922
"YOL130W",5.929,5.29,6.477,7.258,7.173,7.136
"YOL131W",2.972,2.811,2.959,4.213,4.14,4.439
"YOL132W",3.791,3.464,4.692,6.123,5.74,5.789
"YOL133W",6.136,6.049,6.915,5.439,5.434,5.448
"YOL134C",5.139,4.589,5.456,4.322,4.662,4.676
"YOL135C",4.109,4.589,4.071,4.608,4.031,3.8
"YOL136C",6.684,5.935,7.354,8.13,8.109,7.916
"YOL137W",5.988,5.59,6.005,6.182,6.373,6.495
"YOL138C",6.286,6.677,6.44,8.084,8.218,8.208
"YOL139C",7.597,7.327,7.811,6.882,7.053,7.31
"YOL140W",6.407,6.414,6.942,6.267,5.774,5.918
"YOL141W",4.179,2.589,5.844,5.231,4.508,4.747
"YOL142W",5.71,6.194,6.005,5.533,5.595,5.72
"YOL143C",6.478,6.271,7.019,6.809,6.655,6.366
"YOL144W",4.642,5.252,3.62,4.986,4.587,4.815
"YOL145C",6.957,7.544,6.055,6.731,6.727,7.162
"YOL146W",3.698,4.397,4.56,4.213,4.424,4.522
"YOL147C",6.393,6.214,7.393,7.312,6.952,6.843
"YOL148C",5.866,5.982,5.663,5.705,5.705,5.979
"YOL149W",5.508,5.959,5.38,3.965,4.865,5.887
"YOL150C",7.015,7.103,8.039,7.187,7.563,7.213
"YOL151W",8.59,8.027,9.574,8.76,8.85,8.758
"YOL152W",4.827,4.528,5.456,6.563,6.673,6.614
"YOL154W",2.4,3.812,3.62,4.608,4.14,4.046
"YOL155C",7.81,7.993,8.94,8.273,8.068,8.246
"YOR001W",5.613,5.252,6.548,6.211,6.233,6.008
"YOR002W",6.822,6.362,7.487,7.642,7.441,7.466
"YOR003W",6.045,5.837,6.616,8.005,7.729,7.803
"YOR004W",4.37,5.326,4.692,4.608,4.587,5.166
"YOR005C",5.395,5.528,6.103,6.917,7.186,6.706
"YOR006C",5.535,5.648,6.005,7.002,6.996,6.614
"YOR007C",9.1,9.089,9.517,8.67,8.712,8.709
"YOR008C",7.236,7.071,7.642,7.018,7.62,7.402
"YOR008C-A",2.145,2.326,1.704,1.972,1.831,2.287
"YOR008W-B",1.835,1.588,2.464,1.3,1.189,2.287
"YOR009W",1.439,2.589,1.704,4.608,4.336,5.058
"YOR010C",3.698,2.811,2.959,5.858,5.346,5.217
"YOR011W",4.87,4.812,5.954,6.211,6.183,5.918
"YOR011W-A",0,0,0,1.3,1.831,1.842
"YOR012W",0,1.588,0,2.429,2.274,1.842
"YOR013W",0.892,1.588,0,2.775,3.316,2.626
"YOR014W",7.261,7.739,7.811,8.123,8.155,7.9
"YOR015W",5.207,5.959,4.924,5.622,5.934,5.887
"YOR016C",6.082,5.786,6.44,6.093,5.84,6.092
"YOR017W",5.481,5.732,5.663,5.705,5.595,6.037
"YOR018W",5.139,5.092,5.787,6.153,6.077,6.296
"YOR019W",3.791,4.464,4.071,5.929,5.669,5.61
"YOR020C",8.762,9.035,9.12,7.244,7.441,7.498
"YOR020W-A",6.696,6.812,6.832,7.143,7.43,7.588
"YOR021C",6.393,5.935,6.323,6.398,6.131,6.146
"YOR022C",5.424,5.464,5.726,5.533,5.346,5.571
"YOR023C",5.845,6.271,5.663,6.471,6.599,6.859
"YOR025W",3.121,3.589,4.924,3.055,3.786,3.131
"YOR026W",4.737,4.528,5.3,4.918,4.587,4.35
"YOR027W",7.991,8.456,8.169,7.714,7.969,8.144
"YOR028C",5.395,5.863,5.456,5.487,5.517,5.823
"YOR030W",6.348,5.759,6.281,7.451,7.493,7.528
"YOR032C",6.171,6.691,5.726,7.642,7.563,7.445
"YOR032W-A",3.121,3.812,3.863,4.847,4.927,4.601
"YOR033C",5.988,6.194,6.239,6.882,6.618,6.495
"YOR034C",5.71,5.935,6.713,6.969,7.16,6.793
"YOR034C-A",3.121,3.326,2.959,3.965,4.662,3.928
"YOR035C",6.436,5.935,7.272,7.113,7.295,7.162
"YOR036W",6.755,7.214,7.251,7.498,7.419,7.477
"YOR037W",5.067,4.959,4.692,5.439,5.044,4.942
"YOR038C",5.207,5.496,5.9,5.439,5.203,5.36
"YOR039W",6.755,6.97,7.069,6.9,7.053,6.826
"YOR040W",5.587,5.887,6.281,6.607,6.438,6.388
"YOR041C",3.257,3.705,4.924,4.771,3.786,4.601
"YOR042W",5.638,6.308,5.9,5.664,6.328,6.453
"YOR043W",6.286,6.719,6.513,6.846,6.811,6.937
"YOR044W",5.949,6.719,6.548,7.463,7.342,7.487
"YOR045W",7.339,7.947,7.825,6.541,6.744,6.982
"YOR046C",6.153,6.154,6.055,5.894,5.934,6.065
"YOR047C",4.485,4.759,4.692,7.451,7.419,7.528
"YOR048C",7.099,7.224,7.069,7.839,7.729,7.735
"YOR049C",5.481,5.705,6.616,6.77,6.459,6.32
"YOR050C",2.145,1.002,1.704,1.3,1.831,0
"YOR051C",7.09,6.85,7.163,7.663,7.854,7.998
"YOR052C",8.564,9.038,8.748,8.726,8.958,8.885
"YOR053W",4.37,5.431,4.692,5.286,5.934,6.008
"YOR054C",6.393,6.85,5.844,7.578,7.746,7.681
"YOR055W",2.972,3.464,3.62,4.519,4.801,4.942
"YOR056C",5.686,5.911,5.529,6.373,6.501,6.453
"YOR057W",6.007,6.214,5.787,6.751,6.618,6.432
"YOR058C",7.641,7.831,7.523,6.628,6.438,6.536
"YOR059C",6.348,6.431,6.681,7.066,7.33,7.04
"YOR060C",4.539,2.811,4.56,3.965,4.662,3.8
"YOR061W",6.672,6.746,6.363,6.153,6.305,6.516
"YOR062C",4.37,4.397,4.692,6.347,6.05,5.918
"YOR063W",7.931,7.947,8.545,8.045,7.924,7.877
"YOR064C",6.27,6.993,5.787,5.929,6.183,5.887
"YOR065W",7.936,9.362,8.075,7.544,7.693,7.787
"YOR066W",5.734,5.887,5.529,6.711,6.257,6.248
"YOR067C",6.506,5.759,7.185,6.9,6.937,6.776
"YOR068C",2.145,2.003,2.464,3.055,2.613,2.9
"YOR069W",5.304,5.887,5.726,5.286,5.346,5.61
"YOR070C",5.561,5.732,6.44,6.321,6.438,6.223
"YOR071C",4.109,3.174,4.253,5.39,4.865,5.058
"YOR072W",0.892,0,0,2.429,1.189,1.842
"YOR073W",4.309,4.862,4.071,3.965,4.241,3.928
"YOR073W-A",2.805,2.589,1.704,3.288,1.189,2.9
"YOR074C",4.642,4.528,4.812,3.666,3.786,4.256
"YOR075W",6.286,6.38,5.124,4.692,5.774,6.008
"YOR076C",5.734,5.174,4.692,6.153,5.808,5.823
"YOR077W",3.257,3.326,2.959,2.429,4.031,3.8
"YOR078W",5.365,6.38,4.253,4.213,4.587,4.815
"YOR079C",4.591,4.174,5.787,4.322,4.031,4.439
"YOR080W",4.87,5.174,5.124,4.986,5.044,6.037
"YOR081C",4.246,5.005,5.456,6.541,6.077,5.979
"YOR082C",0.892,3.174,0,2.429,2.887,3.8
"YOR083W",3.494,3.589,2.464,3.823,3.786,4.439
"YOR084W",3.959,4.252,5.215,4.322,4.801,4.046
"YOR085W",7.339,7.027,8.075,7.578,7.462,7.413
"YOR086C",8.612,8.634,8.92,9.254,9.197,9.237
"YOR087W",5.866,5.29,5.954,5.578,5.74,5.755
"YOR089C",7.603,8.165,7.14,7.621,7.991,7.916
"YOR090C",5.866,5.397,6.323,6.751,6.183,6.595
"YOR091W",4.539,5.397,5.3,5.705,5.774,5.72
"YOR092W",6.436,6.214,6.888,9.09,8.874,8.584
"YOR093C",6.118,5.559,6.583,6.691,7.039,6.997
"YOR094W",5.103,4.959,4.253,4.847,4.336,4.522
"YOR095C",5.395,4.812,5.38,4.094,3.786,4.046
"YOR096W",8.223,7.536,8.571,6.846,7.319,7.226
"YOR097C",5.335,5.496,5.124,5.705,5.346,5.755
"YOR098C",6.363,6.431,6.915,7.298,7.272,7.011
"YOR099W",8.231,7.698,9.085,8.218,8.193,8.215
"YOR100C",4.109,4.326,5.3,6.239,5.964,5.61
"YOR101W",4.246,4.528,4.414,3.288,4.031,3.928
"YOR102W",6.153,6.448,6.649,5.784,5.872,5.684
"YOR103C",6.171,6.464,6.548,6.061,6.417,6.32
"YOR104W",4.109,5.049,4.414,2.775,3.786,3.928
"YOR106W",5.067,5.29,4.414,5.114,5.705,5.72
"YOR107W",5.207,5.29,5.3,6.9,6.828,6.32
"YOR108C-A",3.257,3.004,2.464,3.055,2.613,2.626
"YOR108W",4.539,4.004,5.3,4.094,4.508,4.601
"YOR109W",5.887,5.29,6.616,6.969,7.26,7.04
"YOR110W",5.067,5.786,5.124,5.051,5.556,4.942
"YOR111W",5.508,4.959,5.598,4.771,5.203,5.001
"YOR112W",4.991,4.326,4.812,5.622,5.346,5.531
"YOR113W",5.561,6.528,5.844,7.258,7.272,7.299
"YOR114W",3.877,4.092,4.071,4.424,4.241,3.131
"YOR115C",6.171,5.812,5.38,5.439,5.152,5.918
"YOR116C",6.986,6.691,8.146,8.021,7.813,8.09
"YOR117W",7.584,7.29,8.288,7.663,7.533,7.445
"YOR118W",6.153,6.134,6.743,6.711,6.599,6.826
"YOR119C",5.424,6.464,5.124,6.029,6.022,5.979
"YOR120W",7.504,7.899,7.782,8.535,8.602,8.419
"YOR121C",6.363,6.496,6.363,6.882,7.397,6.922
"YOR122C",7.951,8.19,8.588,8.334,8.478,8.441
"YOR123C",6.635,7.634,6.195,6.691,7.173,7.109
"YOR124C",7.42,7.574,7.229,8.182,8.267,8.24
"YOR125C",5.988,6.113,6.44,6.267,6.709,6.724
"YOR126C",3.791,4.092,4.692,4.608,4.587,4.439
"YOR127W",5.561,5.528,5.9,6.711,6.86,7.175
"YOR128C",7.228,6.719,7.374,6.239,5.705,6.008
"YOR129C",3.959,3.812,5.38,5.664,5.705,5.72
"YOR130C",5.24,5.705,6.15,5.051,4.987,5.001
"YOR131C",4.912,5.648,4.56,4.322,4.662,4.942
"YOR132W",5.535,5.619,5.598,6.347,6.077,6.065
"YOR133W",5.335,4.326,6.15,5.622,5.252,4.815
"YOR134W",4.309,3.911,4.812,3.055,4.14,3.66
"YOR135C",7.584,6.935,7.949,6.607,6.86,6.688
"YOR136W",9.669,9.636,10.154,8.832,8.834,8.854
"YOR137C",5.929,5.677,6.994,6.809,6.937,6.793
"YOR138C",6.118,6.113,7.069,6.65,6.618,6.272
"YOR139C",1.439,3.326,3.863,3.666,4.241,3.131
"YOR140W",4.827,4.959,6.005,6.628,6.208,6.556
"YOR141C",6.957,6.875,6.86,6.827,6.937,6.997
"YOR142W",8.466,8.038,9.155,8.108,7.901,7.717
"YOR143C",5.949,5.464,5.529,4.692,4.865,5.001
"YOR144C",5.335,4.862,4.924,4.322,4.865,5.001
"YOR145C",6.464,6.327,6.363,6.563,6.744,6.759
"YOR146W",4.952,4.705,4.812,5.051,5.299,5.058
"YOR147W",7.42,7.456,7.432,6.751,7.121,7.136
"YOR148C",5.686,6.746,5.954,7.402,7.472,7.402
"YOR149C",4.783,4.252,5.787,5.622,5.517,6.008
"YOR150W",6.45,6.071,6.915,6.447,6.58,6.41
"YOR151C",7.9,7.59,8.545,7.793,7.877,7.778
"YOR152C",4.952,5.528,6.005,6.029,6.022,5.217
"YOR153W",9.372,8.649,10.086,8.67,8.377,8.499
"YOR154W",5.949,5.887,6.681,6.471,6.744,6.997
"YOR155C",5.587,5.559,6.583,5.858,6.305,5.855
"YOR156C",4.69,3.911,4.253,4.986,5.517,5.058
"YOR157C",7.186,7.224,7.523,6.518,6.982,6.759
"YOR158W",6.221,6.875,5.9,5.929,6.208,6.223
"YOR159C",4.783,5.214,4.56,4.692,3.914,4.88
"YOR160W",5.453,5.464,5.663,6.563,6.501,6.432
"YOR161C",4.952,4.589,5.844,7.849,7.908,7.498
"YOR161W-A",0,2.589,2.959,4.424,3.646,3.329
"YOR161W-B",2.805,1.588,2.464,4.847,5.299,4.439
"YOR162C",5.866,5.528,6.239,5.784,5.705,5.918
"YOR163W",5.969,5.786,6.402,5.705,5.903,6.432
"YOR164C",5.969,5.134,7.069,5.622,5.774,5.823
"YOR165W",6.865,6.29,7.334,6.864,7.08,7.04
"YOR166C",4.485,4.004,4.692,4.608,4.927,5.217
"YOR167C",7.88,7.48,8.246,7.066,7.025,7.357
"YOR168W",5.949,5.431,6.323,6.79,6.541,6.706
"YOR169C",4.036,3.911,4.692,5.286,4.662,5.058
"YOR170W",4.642,4.589,5.124,5.533,5.152,4.676
"YOR171C",6.947,6.528,7.272,7.544,7.533,7.213
"YOR172W",6.317,6.154,6.86,6.373,6.501,6.474
"YOR173W",6.519,7.144,7.14,8.225,8.473,8.364
"YOR174W",4.429,4.959,4.56,4.519,4.031,4.747
"YOR175C",6.72,6.574,7.044,7.389,7.284,7.635
"YOR176W",5.823,5.732,6.323,7.201,6.795,6.891
"YOR177C",2.617,4.174,2.464,3.055,3.117,3.928
"YOR178C",8.713,8.926,9.138,9.469,9.512,9.356
"YOR179C",5.173,5.134,5.38,5.231,4.987,5.491
"YOR180C",2.617,2.326,2.959,2.775,3.117,3.504
"YOR181W",3.791,3.326,2.959,4.692,4.662,4.154
"YOR182C",8.164,8.597,7.767,7.402,7.272,7.691
"YOR183W",0,1.002,1.704,0,0,1.197
"YOR184W",7.228,6.812,7.558,6.495,6.937,7.122
"YOR185C",6.254,6.194,6.681,6.691,6.967,7.04
"YOR186C-A",3.959,3.911,4.812,4.692,4.927,4.815
"YOR186W",4.952,5.005,6.195,5.997,5.774,5.855
"YOR187W",9.541,9.224,10.306,8.639,8.426,8.408
"YOR188W",5.304,5.863,5.456,6.239,6.305,6.248
"YOR189W",4.591,4.648,2.959,4.213,4.241,4.154
"YOR190W",4.952,5.049,5.726,4.847,5.099,5.267
"YOR191W",7.261,7.52,7.293,8.353,8.303,8.294
"YOR192C",3.959,3.004,2.959,4.213,3.49,3.504
"YOR193W",5.734,5.648,4.924,5.997,6.157,5.979
"YOR194C",6.559,7.582,6.239,6.67,6.655,6.652
"YOR195W",6.777,8.401,5.3,5.173,5.556,5.823
"YOR196C",7.413,7.214,8.087,7.05,7.235,7.109
"YOR197W",6.635,6.875,7.469,6.347,6.05,5.789
"YOR198C",7.628,8.01,7.251,6.447,6.131,6.875
"YOR199W",1.835,1.588,0,2.429,0,2.626
"YOR200W",3.38,3.705,3.327,3.823,3.316,3.66
"YOR201C",6.153,6.496,6.681,5.286,5.633,5.918
"YOR202W",5.866,5.59,6.86,5.894,5.934,5.72
"YOR203W",1.835,1.588,1.704,0,1.189,1.197
"YOR204W",7.665,7.318,8.756,8.546,8.415,8.137
"YOR205C",4.952,5.464,4.692,5.339,6.077,5.448
"YOR206W",6.766,7.092,6.583,6.182,6.131,6.32
"YOR207C",6.684,5.887,7.674,6.969,6.828,6.432
"YOR208W",5.587,5.648,5.787,6.541,6.373,6.198
"YOR209C",7.072,6.574,7.044,6.495,6.328,6.576
"YOR210W",6.492,6.38,6.239,4.847,5.669,5.531
"YOR211C",6.363,6.431,6.681,6.585,6.48,6.343
"YOR212W",5.139,5.092,5.9,5.114,4.865,4.942
"YOR213C",5.587,5.362,6.239,5.784,5.152,5.405
"YOR214C",2.617,2.003,1.704,3.288,2.887,1.842
"YOR215C",7.804,8.439,7.272,7.426,7.737,8.07
"YOR216C",5.802,6.071,3.62,4.322,5.203,4.815
"YOR217W",5.779,5.431,6.15,5.929,6.373,5.949
"YOR218C",3.257,3.705,4.071,3.823,3.49,3.8
"YOR219C",6.478,6.705,6.915,7.377,7.08,7.068
"YOR220W",6.45,7.081,6.994,6.65,7.094,6.922
"YOR221C",5.424,5.705,5.38,5.622,6.305,6.172
"YOR222W",6.506,6.29,7.093,5.664,5.669,5.314
"YOR223W",3.698,4.589,5.529,6.239,5.774,5.571
"YOR224C",6.153,5.911,6.402,5.578,5.633,5.72
"YOR225W",5.173,5.59,5.663,4.692,4.031,4.154
"YOR226C",6.363,6.134,6.477,5.231,5.252,5.684
"YOR227W",7.236,7.06,7.84,8.512,8.261,8.358
"YOR228C",4.642,4.589,5.787,5.286,4.733,4.256
"YOR229W",5.481,5.464,5.38,6.123,6.105,5.855
"YOR230W",6.572,6.005,7.505,8.397,8.135,8.177
"YOR231C-A",1.835,2.003,2.959,2.429,2.887,3.329
"YOR231W",4.827,5.619,5.456,5.705,5.346,6.008
"YOR232W",7.788,7.806,7.868,7.002,6.891,7.026
"YOR233W",5.757,6.113,6.15,6.607,6.811,6.759
"YOR234C",7.152,7.29,6.773,6.321,6.561,6.776
"YOR235W",1.439,2.811,3.863,3.288,2.613,3.329
"YOR236W",5.969,5.677,6.055,5.929,5.808,5.755
"YOR237W",3.121,3.004,2.464,3.666,3.646,4.046
"YOR238W",4.591,4.648,3.327,4.322,4.336,4.815
"YOR239W",6.635,7.185,6.195,6.471,6.305,6.119
"YOR241W",6.302,5.464,6.323,5.784,5.74,6.248
"YOR242C",3.38,4.004,3.327,3.666,3.786,4.522
"YOR243C",6.492,6.113,6.513,5.929,6.281,5.648
"YOR244W",6.407,6.464,5.598,5.578,6.131,6.065
"YOR245C",6.947,7.027,7.069,7.911,7.908,7.976
"YOR246C",4.69,5.174,5.456,5.929,5.633,5.36
"YOR247W",6.238,5.982,6.195,2.775,3.646,4.256
"YOR249C",4.737,5.397,5.027,4.608,5.203,5.448
"YOR250C",4.737,4.397,5.38,4.608,3.786,4.35
"YOR251C",5.067,4.004,5.456,5.487,5.346,5.36
"YOR252W",5.686,6.049,3.62,5.114,5.252,5.823
"YOR253W",4.991,5.005,5.38,4.519,5.299,5.789
"YOR254C",7.339,6.923,7.413,6.239,6.417,6.32
"YOR256C",6.777,6.605,7.592,7.034,7.211,6.891
"YOR257W",6.348,7.336,6.005,5.286,5.39,5.267
"YOR258W",4.642,4.589,2.959,4.322,4.801,4.942
"YOR259C",7.832,7.869,7.962,7.389,7.553,7.672
"YOR260W",6.333,6.29,6.548,5.997,6.351,6.633
"YOR261C",7.815,8.799,8.051,7.98,7.954,8.3
"YOR262W",6.238,6.719,6.713,6.827,6.891,6.793
"YOR263C",2.972,3.004,2.959,1.972,2.274,2.626
"YOR264W",4.539,4.464,4.924,4.424,4.587,4.601
"YOR265W",5.24,5.005,5.124,4.771,5.299,5.491
"YOR266W",5.365,4.812,4.414,4.322,4.865,5.491
"YOR267C",7.015,8.476,7.116,8.895,8.991,8.909
"YOR268C",0,2.003,0,1.3,1.831,1.197
"YOR269W",4.37,3.705,5.124,5.173,5.099,5.058
"YOR270C",9.07,8.248,9.849,9.637,9.581,9.481
"YOR271C",5.365,6.214,5.954,5.894,5.044,5.36
"YOR272W",5.823,4.705,5.3,4.692,3.49,4.747
"YOR273C",6.572,6.397,7.093,9.963,9.919,9.917
"YOR274W",5.365,5.759,5.9,7.589,7.805,7.795
"YOR275C",5.969,6.049,5.954,6.917,6.937,7.068
"YOR276W",6.854,6.496,7.393,6.398,6.157,6.595
"YOR277C",6.72,6.092,6.15,5.997,6.281,5.755
"YOR278W",4.737,5.049,5.3,4.847,4.927,4.601
"YOR279C",4.309,4.648,4.253,4.322,4.987,5.166
"YOR280C",5.802,5.134,5.9,4.692,5.099,5.491
"YOR281C",5.969,6.092,6.055,5.439,5.808,5.61
"YOR282W",2.972,3.589,2.464,2.775,2.887,3.329
"YOR283W",6.171,5.677,6.803,6.882,6.744,6.742
"YOR284W",4.036,4.092,3.863,3.288,4.424,4.439
"YOR285W",7.491,7.838,8.369,7.937,8.047,7.645
"YOR286W",6.854,6.912,7.229,6.398,6.541,6.633
"YOR287C",4.485,4.759,2.464,3.823,3.49,5.113
"YOR288C",5.866,6.308,6.402,4.094,4.927,4.815
"YOR289W",6.136,6.327,6.15,7.128,7.121,7.175
"YOR290C",6.378,7.281,7.14,7.858,7.829,7.845
"YOR291W",6.45,6.29,7.069,7.439,7.33,7.322
"YOR292C",4.69,4.705,5.726,5.894,6.257,6.008
"YOR293C-A",2.145,0,0,1.3,1.189,1.197
"YOR293W",8.445,7.887,7.811,6.607,7.147,7.068
"YOR294W",5.866,6.214,6.239,5.664,5.774,5.267
"YOR295W",4.109,4.464,3.327,4.424,4.336,4.154
"YOR296W",5.662,5.528,5.954,6.061,6.281,6.272
"YOR297C",4.246,4.252,5.456,4.094,4.424,4.256
"YOR298C-A",9.524,10.218,10.229,9.492,9.612,9.635
"YOR298W",4.912,5.397,5.3,4.771,5.964,5.058
"YOR299W",5.638,5.464,6.583,6.211,6.281,6.296
"YOR301W",2.805,2.003,4.414,3.49,2.887,3.131
"YOR302W",6.204,6.308,6.548,6.846,6.761,7.054
"YOR303W",10.21,10.802,10.185,10.051,10.066,9.932
"YOR304C-A",4.591,4.397,4.253,3.49,3.914,3.66
"YOR304W",6.506,6.875,5.663,7.325,7.319,7.122
"YOR305W",4.539,5.528,4.253,4.692,4.508,4.522
"YOR306C",5.969,6.049,6.616,7.876,7.482,7.607
"YOR307C",5.866,6.113,6.15,6.751,6.811,6.967
"YOR308C",5.561,6.812,5.027,5.622,6.077,6.32
"YOR310C",5.908,5.464,6.15,4.322,4.336,5.001
"YOR311C",6.66,6.134,7.334,6.985,7.107,6.875
"YOR312C",8.319,7.918,7.975,7.097,7.284,7.456
"YOR313C",2.972,3.464,2.959,1.972,1.831,1.197
"YOR314W",2.4,3.004,1.704,0,0,1.842
"YOR315W",3.257,3.911,2.464,2.429,2.887,3.131
"YOR316C",4.179,4.959,5.456,5.821,5.669,5.755
"YOR316C-A",1.439,1.002,1.704,0,0,1.197
"YOR317W",7.324,7.779,8.213,9.373,9.515,9.455
"YOR318C",1.439,2.003,3.327,1.972,2.613,1.197
"YOR319W",5.988,6.194,6.055,6.029,5.872,5.887
"YOR320C",6.875,6.76,7.14,6.952,6.811,7.082
"YOR321W",5.613,5.863,6.681,6.471,6.637,6.453
"YOR322C",5.866,6.214,6.477,6.471,6.778,6.595
"YOR323C",6.684,6.214,7.251,6.628,5.903,6.495
"YOR324C",5.207,5.619,5.9,6.123,6.373,5.979
"YOR325W",3.494,4.004,3.327,4.771,3.646,4.601
"YOR326W",8.071,8.313,8.235,8.1,8.337,8.282
"YOR327C",7.025,7.941,6.86,5.664,5.595,5.887
"YOR328W",5.71,6.071,7.272,6.294,6.618,6.595
"YOR329C",5.481,5.619,5.954,5.858,5.993,6.172
"YOR329W-A",0,1.588,1.704,1.972,1.831,1.842
"YOR330C",6.875,7.431,7.251,7.876,7.954,8.041
"YOR331C",6.967,6.959,7.45,7.663,7.729,7.845
"YOR332W",7.926,8.401,8.246,8.639,8.781,8.881
"YOR333C",2.4,1.588,1.704,2.775,3.117,3.66
"YOR334W",5.24,5.092,5.215,5.339,5.152,4.676
"YOR335C",7.966,7.574,8.563,8.167,8.181,8.157
"YOR335W-A",4.109,4.589,3.863,4.692,4.927,4.815
"YOR336W",7.072,6.899,7.737,7.802,7.582,7.487
"YOR337W",5.988,6.071,6.681,8.021,7.503,7.518
"YOR338W",6.27,6.512,6.86,7.066,7.272,6.952
"YOR339C",2.145,3.004,0,3.288,2.613,2.287
"YOR340C",4.69,4.397,2.959,3.666,3.316,3.8
"YOR341W",7.895,7.016,8.437,7.653,7.771,7.939
"YOR342C",4.69,5.648,4.253,4.322,4.662,4.256
"YOR343C",2.4,1.002,1.704,0,2.613,0
"YOR344C",7.659,8.414,7.229,9.093,9.407,9.384
"YOR345C",0.892,1.002,1.704,0,1.189,1.842
"YOR346W",4.485,4.589,2.959,5.821,5.346,5.058
"YOR347C",3.494,3.705,5.456,5.784,5.633,5.571
"YOR348C",7.531,7.993,8.622,10.707,10.567,10.217
"YOR349W",5.587,5.887,5.726,7.23,7.26,6.967
"YOR350C",7.143,7.512,7.487,7.018,6.952,7.011
"YOR351C",3.6,4.397,4.692,3.666,3.316,1.197
"YOR352W",5.173,5.29,5.529,5.173,5.556,5.571
"YOR353C",6.153,5.326,5.787,6.029,5.808,6.037
"YOR354C",7.339,7.005,7.393,7.201,7.307,7.026
"YOR355W",6.927,7.336,6.832,7.642,7.223,7.477
"YOR356W",6.61,6.663,7.354,5.487,5.84,5.648
"YOR357C",5.24,5.619,5.598,4.771,5.252,4.747
"YOR358W",3.494,3.464,4.56,4.322,4.241,4.154
"YOR359W",4.179,4.092,4.253,3.666,4.508,3.928
"YOR360C",6.118,6.214,6.477,7.439,7.451,7.322
"YOR361C",6.585,6.528,6.86,6.123,6.599,6.223
"YOR362C",7.653,7.536,7.975,7.402,7.472,7.597
"YOR363C",4.912,5.174,5.124,6.691,6.459,6.432
"YOR364W",2.972,2.589,2.959,3.49,2.613,3.329
"YOR365C",4.179,4.528,4.071,5.051,4.987,5.113
"YOR366W",1.835,2.003,0,1.972,2.887,3.66
"YOR367W",4.246,4.397,3.863,4.608,4.662,4.439
"YOR368W",4.69,5.134,4.56,4.424,4.987,5.001
"YOR369C",9.347,9.202,10.168,8.741,8.658,8.488
"YOR370C",6.957,6.982,6.994,7.201,7.16,6.937
"YOR371C",5.395,5.812,6.103,6.518,6.281,6.41
"YOR372C",5.139,5.837,5.3,4.986,5.434,5.166
"YOR373W",4.309,4.464,5.38,5.664,5.556,5.405
"YOR374W",8.164,8.01,9.27,8.045,7.702,7.735
"YOR375C",9.787,9.788,10.346,8.465,8.559,8.329
"YOR376W",1.835,1.002,0,1.3,1.831,1.197
"YOR376W-A",2.4,3.004,4.071,2.775,3.49,3.329
"YOR377W",5.845,6.154,6.281,6.882,6.86,6.576
"YOR378W",3.877,3.464,4.253,4.692,4.801,4.522
"YOR379C",1.439,3.174,2.464,2.429,0,2.626
"YOR380W",4.642,4.528,4.692,5.894,5.774,5.755
"YOR381W",3.959,3.326,5.027,5.963,6.599,6.223
"YOR382W",0,0,1.704,3.288,3.117,3.131
"YOR383C",0,1.002,0,4.094,4.031,3.8
"YOR384W",1.439,1.002,1.704,6.153,6.022,6.092
"YOR385W",2.805,3.174,2.959,5.745,5.774,5.314
"YOR386W",1.439,2.589,2.464,6.211,6.744,7.011
"YOR387C",0.892,0,0,3.055,4.336,4.522
"YOR389W",2.617,2.326,1.704,3.666,3.117,2.626
"YOR390W",2.972,2.589,2.959,4.094,3.646,4.154
"YOR392W",0,1.002,1.704,0,0,1.197
"YPL001W",4.37,4.252,4.071,4.608,4.587,5.217
"YPL002C",5.587,4.759,6.15,6.935,7.147,7.162
"YPL003W",5.173,5.982,5.9,6.447,6.417,6.724
"YPL004C",8.038,8.01,8.408,8.917,9.013,8.932
"YPL005W",5.395,5.431,5.726,6.321,6.48,6.146
"YPL006W",6.875,6.559,7.825,8.751,8.699,8.589
"YPL007C",5.453,5.049,5.027,3.666,3.914,4.676
"YPL008W",5.561,5.759,5.456,5.578,5.595,5.61
"YPL009C",7.006,8.129,6.239,6.952,7.107,7.175
"YPL010W",6.72,6.719,7.229,5.894,5.595,6.146
"YPL011C",5.845,5.677,5.9,5.114,5.434,5.448
"YPL012W",6.672,6.175,6.942,6.751,6.673,7.095
"YPL013C",6.684,7.746,6.681,5.997,6.257,5.855
"YPL014W",5.662,6.397,5.954,6.239,5.74,5.979
"YPL015C",5.395,5.812,6.477,5.894,6.05,5.61
"YPL016W",7.354,7.982,7.019,7.498,7.813,7.597
"YPL017C",4.642,4.528,5.787,6.182,6.131,5.789
"YPL018W",4.539,5.049,5.3,6.447,6.157,6.223
"YPL019C",6.286,5.812,6.743,7.082,7.08,7.109
"YPL020C",6.238,7.194,5.3,5.664,6.131,6.366
"YPL021W",1.439,1.002,0,2.775,1.831,2.626
"YPL022W",6.45,6.397,7.044,7.258,7.295,7.136
"YPL023C",5.103,5.134,6.103,6.093,5.964,5.979
"YPL024W",5.734,6.362,5.456,6.471,6.328,5.855
"YPL025C",1.835,1.588,0,2.429,2.613,2.626
"YPL026C",7.848,7.856,7.84,8.873,8.898,9.021
"YPL027W",2.145,2.589,3.863,3.055,1.189,2.626
"YPL028W",6.947,6.397,7.767,8.123,7.961,7.892
"YPL029W",5.845,5.559,6.195,6.267,6.438,6.495
"YPL030W",4.485,3.326,5.3,4.918,5.152,4.747
"YPL031C",6.286,6.29,6.86,7.187,7.198,7.136
"YPL032C",7.707,7.318,7.505,7.783,7.869,7.77
"YPL033C",0,2.003,0,0,1.831,1.197
"YPL034W",4.309,4.705,2.959,4.213,4.927,4.35
"YPL035C",3.38,4.092,2.959,3.288,4.031,3.329
"YPL036W",3.6,2.589,4.692,4.608,4.987,4.88
"YPL037C",7.628,7.719,8.087,6.471,6.811,6.759
"YPL038W",4.109,4.705,4.414,2.429,4.424,3.8
"YPL038W-A",1.439,2.811,0,1.3,2.274,0
"YPL039W",5.24,4.911,4.924,5.114,5.774,5.648
"YPL040C",5.587,5.528,6.055,6.563,6.952,6.453
"YPL041C",4.109,3.589,5.027,4.847,5.203,4.601
"YPL042C",6.333,5.959,7.019,6.347,6.417,6.474
"YPL043W",6.317,6.982,6.055,6.153,6.373,6.41
"YPL044C",4.591,4.092,4.253,4.322,2.613,4.154
"YPL045W",6.348,5.732,6.323,6.423,6.281,6.296
"YPL046C",4.485,4.812,3.62,4.322,4.587,4.601
"YPL047W",4.37,3.812,4.692,5.533,4.865,5.058
"YPL048W",5.613,6.29,6.681,7.034,7.16,6.891
"YPL049C",4.69,4.862,5.456,5.173,5.044,5.267
"YPL050C",6.896,6.48,6.888,6.347,6.131,6.388
"YPL051W",4.37,4.862,3.327,4.322,4.031,5.166
"YPL052W",6.082,6.253,6.195,5.894,6.58,6.119
"YPL053C",7.044,6.838,7.185,6.691,6.967,7.082
"YPL054W",4.783,4.959,4.924,6.607,6.58,6.967
"YPL055C",4.991,6.113,5.124,4.918,5.556,5.267
"YPL056C",3.38,4.705,4.414,3.823,4.508,3.66
"YPL057C",7.558,7.875,7.642,7.954,7.946,7.853
"YPL058C",10.198,9.915,11.155,10.851,10.689,10.725
"YPL059W",6.672,6.344,7.45,6.182,6.438,5.979
"YPL060W",4.539,4.528,3.62,4.608,4.927,4.88
"YPL061W",8.9,9.046,9.526,7.734,7.877,7.869
"YPL062W",0.892,2.326,2.959,0,2.613,1.197
"YPL063W",6.082,6.899,5.726,6.447,6.438,6.688
"YPL064C",5.103,5.837,4.924,5.821,5.346,5.61
"YPL065W",5.03,5.252,4.692,4.519,4.662,5.491
"YPL066W",5.335,5.397,4.071,5.929,5.808,5.61
"YPL067C",2.145,3.464,4.692,3.288,2.274,3.131
"YPL068C",2.972,4.174,3.863,3.666,3.646,3.504
"YPL069C",4.827,4.397,4.071,4.918,4.241,4.439
"YPL070W",6.171,5.648,5.787,5.858,6.795,6.556
"YPL071C",5.335,6.154,4.56,5.705,5.346,5.755
"YPL072W",4.591,5.464,3.863,5.114,4.987,4.747
"YPL073C",2.617,2.003,2.464,3.288,2.887,3.131
"YPL074W",5.908,5.911,6.103,6.751,6.922,6.952
"YPL075W",5.929,6.705,5.844,7.954,7.991,8.041
"YPL076W",4.036,3.911,4.924,5.39,4.987,5.491
"YPL077C",4.246,3.464,4.56,3.288,4.733,4.154
"YPL078C",10.169,10.506,10.213,9.205,9.497,9.497
"YPL079W",7.244,6.528,7.84,5.997,6.561,6.146
"YPL080C",3.257,4.174,4.071,3.49,3.316,3.504
"YPL081W",6.886,6.648,6.773,6.347,6.637,6.576
"YPL082C",7.695,7.48,8.111,8.314,8.431,8.441
"YPL083C",4.827,4.326,5.3,4.847,4.987,5.217
"YPL084W",5.613,5.431,6.15,6.65,6.637,6.967
"YPL085W",7.006,7.993,7.523,8.145,8.2,7.787
"YPL086C",6.238,5.528,6.86,6.029,5.774,5.648
"YPL087W",7.971,8.129,8.399,8.904,8.862,8.845
"YPL088W",6.286,6.175,7.093,7.216,7.364,7.068
"YPL089C",4.827,6.005,5.38,5.784,5.808,5.823
"YPL090C",4.69,3.705,5.027,3.49,3.117,3.66
"YPL091W",9.014,8.726,9.708,8.951,8.943,8.866
"YPL092W",7.671,7.528,8.519,7.172,7.342,6.843
"YPL093W",6.906,6.48,7.706,6.628,6.922,6.556
"YPL094C",6.957,7.812,6.832,6.846,7.147,7.287
"YPL095C",6.171,5.705,6.323,9.864,9.946,9.878
"YPL096C-A",4.69,4.004,4.56,4.608,4.031,4.522
"YPL096W",5.481,5.935,6.005,6.373,6.521,6.248
"YPL097W",5.508,5.496,5.954,5.533,5.517,5.001
"YPL098C",4.591,5.005,5.124,4.094,2.887,3.928
"YPL099C",4.737,4.759,5.215,4.519,4.508,4.256
"YPL100W",5.71,5.677,6.363,6.182,5.774,6.172
"YPL101W",4.952,4.812,5.456,5.858,5.774,5.72
"YPL102C",1.439,1.588,0,1.972,1.189,0
"YPL103C",4.69,4.464,5.215,5.051,4.241,5.267
"YPL104W",5.908,5.732,5.598,5.533,5.099,5.72
"YPL105C",6.348,7.544,6.005,6.628,6.844,6.891
"YPL106C",9.546,10.187,10.089,8.218,8.181,8.189
"YPL107W",6.238,5.496,6.195,6.239,6.305,6.366
"YPL108W",3.38,4.004,3.863,2.775,2.613,3.329
"YPL109C",6.007,5.559,6.477,6.518,6.131,6.516
"YPL110C",6.171,6.308,6.773,7.216,7.039,6.875
"YPL111W",7.143,6.863,7.625,5.173,4.927,5.113
"YPL112C",6.007,5.812,6.103,5.963,6.022,5.855
"YPL113C",4.37,4.464,4.812,4.847,4.587,4.256
"YPL114W",2.972,3.326,4.071,3.055,2.887,3.329
"YPL115C",6.672,6.59,7.019,7.414,7.198,7.445
"YPL116W",5.561,5.464,5.9,6.093,6.257,5.918
"YPL117C",7.413,7.103,7.251,7.187,7.533,7.578
"YPL118W",6.732,7.134,6.994,6.211,6.561,6.296
"YPL119C",4.485,4.397,5.215,6.029,5.964,6.065
"YPL119C-A",2.617,3.705,1.704,4.519,4.662,4.522
"YPL120W",4.591,4.759,3.327,5.051,4.587,5.267
"YPL122C",5.453,5.049,5.663,5.821,5.434,5.36
"YPL123C",6.333,5.528,6.548,7.734,7.675,7.558
"YPL124W",3.6,3.174,2.464,2.775,1.189,2.287
"YPL125W",6.254,5.911,6.649,6.67,6.828,6.495
"YPL126W",6.8,6.113,6.994,6.917,6.844,6.843
"YPL127C",6.064,6.113,6.86,6.123,5.84,5.855
"YPL128C",5.481,5.431,5.954,6.093,5.964,5.571
"YPL129W",6.171,6.327,6.239,5.39,5.808,5.648
"YPL130W",0.892,2.003,2.464,0,1.831,1.197
"YPL131W",9.136,8.799,9.539,8.818,8.694,8.457
"YPL132W",6.007,6.027,5.663,5.339,5.346,5.571
"YPL133C",4.827,5.397,6.195,5.821,5.808,5.684
"YPL134C",7.117,6.97,7.782,7.201,7.147,7.188
"YPL135C-A",6.937,7.038,7.658,6.267,6.077,6.223
"YPL135W",9.155,9.285,9.49,8.029,7.846,7.752
"YPL136W",4.246,3.911,5.456,5.173,4.662,4.88
"YPL137C",8.057,8.044,9.172,8.904,8.854,8.821
"YPL138C",5.779,6.194,5.726,5.784,5.74,5.491
"YPL139C",5.686,5.935,6.055,6.447,6.373,5.855
"YPL140C",5.929,5.911,5.726,6.585,6.521,6.248
"YPL141C",5.734,4.911,4.924,4.918,5.044,4.439
"YPL142C",8.541,8.384,8.865,8.077,7.946,7.861
"YPL143W",8.368,8.336,8.655,7.802,7.582,7.946
"YPL144W",3.494,3.004,4.414,4.213,3.117,4.35
"YPL145C",7.186,6.648,7.334,7.426,7.729,7.528
"YPL146C",5.969,7.185,3.62,5.114,5.299,5.918
"YPL147W",5.365,5.252,5.38,6.211,6.395,6.366
"YPL148C",3.959,4.092,4.924,2.775,3.914,3.131
"YPL149W",5.395,5.786,6.103,6.061,5.705,5.755
"YPL150W",6.559,6.092,6.44,6.935,7.248,7.201
"YPL151C",5.067,5.648,5.844,6.123,5.993,6.037
"YPL152W",6.506,6.448,6.583,6.917,7.134,7.345
"YPL153C",5.139,4.911,4.812,5.114,5.476,5.058
"YPL154C",9.28,9.18,9.911,9.9,9.743,9.672
"YPL155C",5.067,4.464,5.954,5.705,5.252,5.448
"YPL156C",4.642,5.252,5.3,6.373,6.105,6.092
"YPL157W",4.309,4.004,4.924,4.519,4.336,4.747
"YPL158C",5.802,6.344,5.663,4.608,4.801,5.36
"YPL159C",6.348,6.786,6.583,7.475,7.523,7.39
"YPL160W",7.986,7.641,8.733,8.084,8.005,8.264
"YPL161C",5.139,4.911,4.924,4.519,4.865,4.256
"YPL162C",4.309,3.705,4.56,4.847,4.927,4.256
"YPL163C",4.246,5.214,5.3,3.965,3.316,4.35
"YPL164C",4.827,4.174,4.692,5.622,5.633,5.755
"YPL165C",5.481,5.326,5.663,6.751,6.709,6.652
"YPL166W",4.591,4.092,4.812,5.821,6.05,5.887
"YPL167C",5.662,6.027,5.663,6.952,6.844,7.109
"YPL168W",5.365,5.759,4.812,6.029,5.993,6.32
"YPL169C",6.66,6.746,7.019,5.929,6.157,6.223
"YPL170W",5.424,5.812,5.598,5.487,5.84,5.823
"YPL171C",9.241,9.157,10.308,7.325,7.375,7.109
"YPL172C",5.335,5.29,6.055,5.487,5.39,5.855
"YPL173W",6.238,6.154,5.598,5.664,5.434,5.789
"YPL174C",5.988,6.29,5.124,5.533,6.541,6.453
"YPL175W",5.638,5.214,6.103,5.286,5.152,5.448
"YPL176C",5.779,5.837,6.477,6.711,6.599,6.41
"YPL177C",5.887,6.431,5.844,5.487,5.099,5.113
"YPL178W",5.734,5.959,6.548,5.533,6.05,6.092
"YPL179W",8.268,7.918,9.12,9.054,9.055,9.035
"YPL180W",5.067,5.496,5.124,6.239,6.157,5.887
"YPL181W",5.613,6.414,5.38,6.846,7.272,6.536
"YPL182C",3.121,3.004,3.863,4.771,4.14,3.8
"YPL183C",5.561,5.005,6.477,6.711,6.58,6.633
"YPL183W-A",6.153,6.071,6.681,6.029,5.556,5.823
"YPL184C",6.254,6.663,6.86,6.952,6.744,6.759
"YPL185W",5.908,6.214,5.844,4.692,5.556,5.405
"YPL186C",7.683,8.452,6.681,8.045,8.212,8.392
"YPL187W",4.87,5.214,5.124,2.775,2.274,2.287
"YPL188W",5.779,5.464,6.055,5.578,5.152,5.217
"YPL189C-A",7.09,7.844,7.393,6.321,6.459,6.453
"YPL189W",4.591,4.174,5.456,4.424,4.587,4.676
"YPL190C",6.204,7.38,6.363,7.113,7.248,6.742
"YPL191C",4.309,3.911,3.62,4.519,4.508,4.601
"YPL192C",3.38,4.092,2.959,4.608,3.914,4.35
"YPL193W",4.87,5.464,3.327,4.519,5.774,5.61
"YPL194W",3.257,4.174,3.327,4.094,4.336,4.815
"YPL195W",6.917,6.993,6.803,6.585,6.982,7.068
"YPL196W",5.686,5.837,6.005,5.963,6.305,6.32
"YPL197C",4.309,4.705,5.215,4.322,3.914,4.747
"YPL198W",5.173,5.005,5.38,3.823,4.587,5.001
"YPL199C",5.587,5.705,5.787,4.918,5.346,5.113
"YPL200W",2.145,2.589,1.704,2.429,0,0
"YPL201C",5.508,6.253,6.195,1.972,2.887,2.287
"YPL202C",6.333,6.134,6.055,5.39,5.74,5.949
"YPL203W",6.363,5.911,7.251,7.271,7.353,7.054
"YPL204W",6.811,6.982,6.513,6.917,7.295,7.357
"YPL205C",4.37,5.464,4.414,5.231,4.987,4.88
"YPL206C",6.886,6.899,7.882,8.41,8.626,8.436
"YPL207W",7.538,7.48,8.099,7.839,7.908,7.803
"YPL208W",5.613,4.759,6.513,5.533,5.346,4.88
"YPL209C",2.972,4.174,2.464,1.972,3.117,3.8
"YPL210C",6.464,7.016,6.402,6.294,6.208,6.223
"YPL211W",5.561,4.862,5.598,4.847,4.801,3.928
"YPL212C",6.27,6.233,6.363,6.029,5.934,6.41
"YPL213W",5.779,5.863,5.215,6.061,6.077,6.172
"YPL214C",5.535,5.705,6.005,6.495,6.828,6.614
"YPL215W",5.949,6.48,6.86,6.423,5.993,5.789
"YPL216W",5.757,5.252,5.598,6.373,6.844,6.688
"YPL217C",7.449,7.677,7.044,7.704,7.805,7.892
"YPL218W",8.236,8.108,8.771,7.773,7.693,7.795
"YPL219W",5.686,5.214,6.281,6.917,6.417,6.296
"YPL220W",3.877,3.326,2.464,3.49,3.117,3.131
"YPL221W",8.296,7.875,9.217,8.977,8.73,8.646
"YPL222C-A",3.698,4.252,5.027,5.745,5.705,5.166
"YPL222W",6.064,6.38,7.163,8.167,8.155,7.726
"YPL223C",5.395,6.448,5.3,8.391,8.36,8.478
"YPL224C",5.969,6.005,6.548,5.963,5.84,5.855
"YPL225W",7.966,8.103,7.767,7.187,7.408,8.013
"YPL226W",7.926,7.214,8.563,8.506,8.431,8.282
"YPL227C",4.309,4.464,4.924,2.429,3.646,2.9
"YPL228W",4.783,5.29,5.124,4.847,5.633,6.008
"YPL229W",5.508,5.732,5.3,6.79,6.876,6.891
"YPL230W",4.642,5.214,4.56,6.882,6.709,6.937
"YPL231W",9.546,9.154,10.744,10.499,10.311,10.248
"YPL232W",6.546,6.863,7.207,6.827,6.828,6.906
"YPL233W",4.179,4.092,3.863,4.519,4.336,4.601
"YPL234C",7.456,7.464,8.001,8.092,7.78,7.828
"YPL235W",5.453,5.464,6.055,5.929,5.808,5.648
"YPL236C",5.365,5.397,5.456,6.093,5.872,6.065
"YPL237W",8.276,8.597,8.702,8.084,8.109,7.82
"YPL238C",7.108,8.027,7.825,7.097,7.419,7.368
"YPL239W",6.317,6.799,6.281,4.847,5.669,5.979
"YPL240C",9.198,10.46,9.352,8.601,9.069,9.021
"YPL241C",4.109,4.004,3.863,3.49,4.336,3.66
"YPL242C",6.546,6.308,6.968,5.821,6.131,6.343
"YPL243W",6.743,6.175,6.513,5.858,6.105,6.008
"YPL244C",5.24,5.092,6.195,4.213,4.927,4.35
"YPL245W",6.378,5.812,7.334,4.918,5.705,5.001
"YPL246C",5.481,5.619,6.513,4.986,5.299,5.217
"YPL247C",4.485,4.959,5.598,5.533,5.203,5.217
"YPL248C",4.783,5.214,6.103,6.123,6.131,5.684
"YPL249C",6.1,6.431,6.239,6.495,7.067,6.906
"YPL249C-A",7.961,8.124,8.001,7.216,6.996,7.162
"YPL250C",6.72,7.431,7.14,5.051,4.662,4.522
"YPL250W-A",7.754,7.719,8.075,6.935,6.744,7.095
"YPL251W",3.257,4.004,3.863,1.972,1.831,2.287
"YPL252C",4.991,4.759,5.215,4.519,3.117,3.131
"YPL253C",4.37,4.648,4.56,4.608,4.508,4.942
"YPL254W",4.991,5.29,4.924,5.051,5.517,5.36
"YPL255W",3.494,4.326,3.327,3.055,2.274,2.9
"YPL256C",4.912,5.005,5.787,3.288,4.241,3.504
"YPL257W",2.617,2.003,1.704,0,0,0
"YPL258C",3.877,3.705,4.56,4.213,5.252,4.256
"YPL259C",5.139,5.326,5.726,5.231,5.556,5.267
"YPL260W",7.869,8.219,7.737,8.053,8.174,8.09
"YPL261C",3.877,3.174,2.959,3.49,4.031,3.66
"YPL262W",9.254,8.982,9.925,7.158,7.121,6.997
"YPL263C",6.378,6.634,6.195,5.894,6.281,6.092
"YPL264C",5.335,5.174,5.663,5.487,5.633,5.217
"YPL265W",9.122,8.52,9.653,7.744,7.198,7.708
"YPL266W",6.61,6.092,6.649,6.347,6.395,6.343
"YPL267W",4.591,4.528,3.863,4.424,4.587,4.601
"YPL268W",6.118,6.214,5.954,6.77,6.795,6.633
"YPL269W",5.24,4.862,4.253,5.39,4.801,5.058
"YPL270W",6.937,6.59,7.116,7.172,7.039,6.81
"YPL271W",10.304,10.853,10.509,8.891,8.94,8.959
"YPL272C",4.783,5.214,5.38,6.123,6.183,5.166
"YPL273W",5.823,5.326,6.803,4.986,5.044,4.942
"YPL274W",5.908,6.362,7.413,7.793,7.684,7.635
"YPL277C",2.972,3.326,4.812,5.745,4.733,4.88
"YPR001W",5.802,5.326,6.713,3.49,3.914,3.131
"YPR002W",6.996,6.993,7.796,2.775,3.49,3.66
"YPR003C",5.587,5.431,5.456,6.373,6.208,6.248
"YPR004C",6.927,6.48,7.575,7.244,6.891,6.843
"YPR005C",5.508,5.29,5.215,5.114,4.987,5.405
"YPR006C",6.635,6.362,7.432,5.051,4.865,4.815
"YPR007C",2.145,3.812,2.959,3.288,2.274,1.842
"YPR008W",7.81,8.281,7.811,7.963,8.237,8.282
"YPR009W",4.827,4.759,4.253,4.322,2.887,3.504
"YPR010C",7.531,6.397,8.288,7.426,7.26,7.122
"YPR010C-A",10.148,10.99,9.661,9.254,9.374,9.57
"YPR011C",4.952,4.174,5.726,4.918,5.39,4.747
"YPR012W",2.4,3.174,3.62,3.666,4.14,3.928
"YPR013C",5.03,5.677,4.692,5.821,6.257,6.248
"YPR014C",0,1.588,1.704,3.823,2.887,2.9
"YPR015C",4.109,3.812,3.62,4.424,3.49,4.676
"YPR016C",6.977,6.38,7.706,7.034,7.307,7.04
"YPR016W-A",3.698,3.464,4.692,4.608,4.424,3.928
"YPR017C",4.69,4.252,5.124,4.213,4.865,4.747
"YPR018W",5.757,6.935,4.812,5.286,6.022,6.065
"YPR019W",6.393,6.154,7.093,6.423,6.459,6.516
"YPR020W",8.887,9.172,8.278,7.533,7.846,7.812
"YPR021C",6.947,6.448,6.942,6.628,6.655,6.614
"YPR022C",6.937,7.103,7.14,7.51,7.441,7.011
"YPR023C",6.833,6.899,7.413,7.034,7.284,6.952
"YPR024W",7.178,6.993,7.909,7.589,7.675,7.663
"YPR025C",6.204,6.993,5.844,5.705,6.105,6.343
"YPR026W",5.845,6.134,6.005,7.704,7.63,7.691
"YPR027C",2.4,2.811,1.704,2.429,1.189,2.287
"YPR028W",7.864,7.912,8.288,7.849,7.503,7.597
"YPR029C",6.896,6.253,6.616,6.882,6.618,6.967
"YPR030W",6.519,6.947,7.523,7.002,6.618,6.536
"YPR031W",5.535,5.252,5.787,5.745,5.556,6.037
"YPR032W",6.1,5.252,6.942,6.182,6.351,6.388
"YPR033C",7.253,6.512,8.146,6.731,7.053,6.997
"YPR034W",5.207,5.397,5.844,5.439,5.903,5.166
"YPR035W",8.963,8.555,8.8,10.57,10.597,10.653
"YPR036W",7.991,7.574,8.953,8.204,8.314,8.227
"YPR036W-A",10.568,11.541,10.829,7.389,7.053,7.136
"YPR037C",4.783,4.911,5.38,5.705,5.633,5.571
"YPR038W",2.805,3.326,3.863,3.288,4.424,4.154
"YPR040W",5.067,5.677,4.812,5.622,5.633,5.491
"YPR041W",6.378,6.092,6.773,5.286,5.299,5.405
"YPR042C",6.464,6.397,6.477,7.783,7.829,7.812
"YPR043W",8.521,8.362,8.474,7.533,7.513,7.597
"YPR044C",8.431,8.371,8.71,7.544,7.611,7.413
"YPR045C",5.779,6.719,6.055,6.373,6.541,7.011
"YPR046W",4.036,4.464,3.327,2.775,2.274,3.66
"YPR047W",6.204,6.134,5.844,5.622,5.964,5.855
"YPR048W",6.204,5.559,5.954,4.918,5.252,5.405
"YPR049C",6.957,6.619,6.888,7.642,7.147,7.275
"YPR050C",4.737,5.005,3.863,3.666,4.587,4.747
"YPR051W",5.335,5.464,5.38,4.771,5.203,5.113
"YPR052C",5.424,4.589,6.055,5.173,5.044,4.601
"YPR053C",2.145,2.326,1.704,1.972,2.613,2.9
"YPR054W",2.805,1.588,3.62,3.49,3.786,2.626
"YPR055W",6.136,5.786,5.529,6.211,5.964,6.81
"YPR056W",5.335,5.619,5.456,5.39,5.044,5.571
"YPR057W",5.481,5.759,5.3,5.622,5.705,5.949
"YPR058W",6.333,5.786,7.14,6.585,6.105,6.037
"YPR059C",5.304,5.214,5.598,5.286,5.203,4.676
"YPR060C",5.949,5.863,5.3,5.051,5.152,5.217
"YPR061C",6.492,6.935,6.513,7.034,7.147,7.054
"YPR062W",7.391,7.712,7.923,7.839,8.075,7.969
"YPR063C",6.27,6.214,6.86,6.029,6.105,5.789
"YPR064W",1.439,1.002,0,1.3,1.189,2.626
"YPR065W",7.788,8.097,7.69,8.628,8.504,8.709
"YPR066W",3.38,3.174,4.812,3.823,3.49,3.131
"YPR067W",6.188,6.528,6.513,5.745,5.434,6.065
"YPR068C",3.494,4.464,4.812,4.094,4.987,5.001
"YPR069C",7.518,7.224,7.988,7.172,7.186,7.162
"YPR070W",5.508,5.005,5.215,5.39,5.299,5.531
"YPR071W",3.791,3.174,2.464,3.288,4.14,3.504
"YPR072W",6.843,6.663,6.323,6.211,6.709,6.826
"YPR073C",5.929,5.732,5.027,5.231,5.934,6.065
"YPR074C",8.01,7.397,8.465,7.23,6.891,6.937
"YPR075C",6.777,6.544,7.558,7.066,7.121,6.688
"YPR076W",4.246,3.464,5.124,4.771,4.662,4.522
"YPR078C",1.439,2.003,0,0,0,1.197
"YPR079W",5.424,5.362,6.363,4.986,4.865,5.571
"YPR080W",6.407,6.512,6.803,6.917,6.58,6.198
"YPR081C",5.173,5.431,5.529,5.997,5.74,6.146
"YPR082C",6.027,6.29,6.323,5.487,5.434,5.405
"YPR083W",6.72,6.619,6.968,6.239,6.459,6.516
"YPR084W",5.139,5.326,4.414,5.173,5.872,5.979
"YPR085C",5.304,4.464,4.56,5.39,5.705,5.823
"YPR086W",7.134,7.027,7.592,7.351,7.533,7.626
"YPR087W",5.067,5.496,4.414,5.784,5.252,5.405
"YPR088C",6.777,6.448,6.713,7.325,7.08,7.136
"YPR089W",6.333,6.271,5.598,6.711,6.761,6.843
"YPR091C",6.363,6.448,6.281,6.77,6.599,6.633
"YPR092W",3.494,3.464,2.464,2.775,3.316,3.504
"YPR093C",3.877,4.648,4.692,4.771,4.14,5.001
"YPR094W",4.429,5.362,4.692,4.094,3.786,4.154
"YPR095C",5.908,6.29,6.616,7.201,7.147,7.213
"YPR096C",2.145,2.003,2.464,1.972,2.274,1.197
"YPR097W",6.348,6.027,6.681,6.751,6.967,6.826
"YPR098C",7.261,7.472,7.721,7.971,7.924,7.828
"YPR099C",7.072,7.308,6.968,6.541,6.655,7.026
"YPR100W",7.731,8.108,7.45,6.969,7.513,7.588
"YPR101W",5.103,6.663,5.456,4.918,4.927,5.405
"YPR102C",6.118,5.092,6.195,5.051,4.865,5.001
"YPR103W",7.413,7.906,7.811,7.414,7.284,7.334
"YPR104C",6.27,6.38,6.055,6.711,6.618,6.793
"YPR105C",5.949,5.863,6.005,5.487,5.669,5.648
"YPR106W",5.561,5.464,5.726,5.664,5.252,5.648
"YPR107C",5.395,5.648,4.812,4.986,4.865,5.217
"YPR108W",7.776,7.582,8.026,7.377,7.198,7.334
"YPR109W",6.238,6.705,6.888,6.153,6.157,6.065
"YPR110C",6.917,6.194,6.888,5.439,5.84,5.684
"YPR111W",6.204,6.134,5.456,5.622,5.152,5.267
"YPR112C",6.436,6.825,5.844,6.029,6.417,6.32
"YPR113W",6.732,6.677,7.575,7.694,7.601,7.379
"YPR114W",5.03,5.214,5.529,5.784,5.74,5.448
"YPR115W",7.099,7.071,7.69,8.67,8.504,8.488
"YPR116W",3.698,3.812,5.124,4.692,5.346,4.522
"YPR117W",7.936,8.097,8.58,8.494,8.663,8.696
"YPR118W",6.153,5.619,6.968,5.439,5.39,4.942
"YPR119W",3.38,3.589,3.327,1.972,2.274,1.842
"YPR120C",4.737,5.005,3.863,4.094,4.241,4.046
"YPR121W",1.835,3.174,3.62,5.286,5.099,5.113
"YPR122W",5.535,4.759,5.844,6.751,6.501,6.388
"YPR123C",4.591,4.326,4.692,6.563,6.395,6.343
"YPR124W",6.153,6.071,5.787,7.858,8.095,7.998
"YPR125W",6.333,6.194,6.363,6.093,5.934,5.72
"YPR126C",5.173,5.619,4.071,4.213,5.099,4.942
"YPR127W",6.221,6.134,6.281,6.935,7.173,6.937
"YPR128C",5.561,5.397,6.323,6.751,6.157,6.119
"YPR129W",5.845,6.496,5.663,5.858,5.872,5.823
"YPR130C",5.067,6.005,5.124,4.986,5.346,5.267
"YPR131C",4.87,4.862,5.027,4.519,4.424,4.35
"YPR132W",8.223,7.856,8.563,6.985,7.107,7.466
"YPR133C",6.436,6.154,6.103,6.061,6.48,6.248
"YPR133W-A",6.378,6.362,6.363,5.784,5.808,5.684
"YPR134W",4.952,5.214,4.924,4.986,5.299,5.648
"YPR135W",5.638,5.326,6.005,6.347,6.521,6.296
"YPR136C",3.494,3.326,3.62,1.972,2.613,3.504
"YPR137W",5.929,5.528,5.954,5.114,5.556,5.405
"YPR138C",6.927,6.923,8.309,7.793,7.353,7.251
"YPR139C",5.273,5.887,6.005,5.858,5.595,6.32
"YPR140W",5.481,6.092,5.954,5.821,5.476,5.755
"YPR141C",5.662,6.327,5.124,5.745,5.476,5.448
"YPR142C",4.642,5.887,2.959,4.692,4.424,4.88
"YPR143W",5.866,6.959,4.56,5.439,6.05,5.648
"YPR144C",5.481,4.862,5.954,5.578,5.934,5.789
"YPR145C-A",3.121,2.589,0,0,2.274,3.504
"YPR145W",7.936,8.087,8.638,7.414,7.763,7.402
"YPR146C",3.121,2.811,3.327,3.055,4.733,4.439
"YPR147C",4.827,5.005,6.195,5.745,5.993,5.72
"YPR148C",7.609,7.993,6.86,7.113,7.094,7.299
"YPR149W",8.812,9.466,8.622,9.64,9.645,9.616
"YPR150W",5.067,6.448,5.456,5.997,6.541,6.32
"YPR151C",5.734,6.912,5.3,6.373,6.637,6.495
"YPR152C",4.179,4.648,5.663,4.692,5.299,4.88
"YPR153W",3.6,2.811,4.253,3.49,3.786,3.504
"YPR154W",6.635,6.76,6.803,6.731,6.459,6.742
"YPR155C",6.045,5.648,6.86,5.821,6.05,5.405
"YPR156C",5.949,6.414,7.019,7.402,7.419,7.434
"YPR157W",5.173,5.812,6.005,5.487,5.556,5.918
"YPR158W",7.538,8.038,7.413,7.216,7.693,7.466
"YPR159W",8.066,7.185,9.091,7.555,7.451,7.508
"YPR160C-A",5.802,5.252,6.681,6.864,7.134,6.982
"YPR160W",9.227,9.454,9.839,10.447,10.475,10.387
"YPR161C",5.335,5.732,5.3,5.705,5.595,6.172
"YPR162C",5.103,5.174,5.787,5.821,5.669,5.979
"YPR163C",6.947,6.993,7.625,7.312,7.592,7.423
"YPR164W",5.969,5.092,6.402,6.731,6.761,6.742
"YPR165W",8.839,8.973,9.249,8.422,8.602,8.682
"YPR166C",6.766,6.773,5.844,5.963,6.131,5.979
"YPR167C",6.533,7.52,7.163,4.847,5.252,5.314
"YPR168W",3.791,4.252,4.253,3.288,3.49,4.046
"YPR169W",6.27,6.838,6.323,5.997,6.561,6.248
"YPR170C",5.335,4.862,5.38,5.286,4.987,5.314
"YPR170W-B",4.737,4.252,4.56,3.965,4.733,4.676
"YPR171W",4.912,5.174,4.414,4.771,5.434,5.314
"YPR172W",4.783,5.29,4.56,5.487,5.595,5.314
"YPR173C",6.755,7.06,7.14,6.864,7.067,6.776
"YPR174C",4.952,5.326,4.414,3.055,4.336,3.8
"YPR175W",4.429,4.589,5.38,3.965,4.508,4.154
"YPR176C",4.952,4.862,5.598,6.029,5.808,5.755
"YPR177C",1.835,2.589,0,3.055,2.887,3.504
"YPR178W",4.737,5.252,4.253,4.519,5.044,4.439
"YPR179C",4.429,5.812,3.863,4.918,5.099,5.217
"YPR180W",4.783,5.935,4.253,5.487,5.74,5.36
"YPR181C",7.545,7.233,8.748,7.858,7.869,7.548
"YPR182W",5.03,5.648,5.954,5.339,5.517,5.113
"YPR183W",6.045,6.175,6.195,5.784,5.705,5.823
"YPR184W",6.865,6.982,8.014,8.751,8.89,8.775
"YPR185W",5.535,5.935,6.195,6.347,6.48,6.81
"YPR186C",4.69,4.759,3.62,3.965,4.14,5.166
"YPR187W",6.533,6.175,6.513,5.705,5.74,6.146
"YPR188C",5.481,5.397,5.9,4.519,5.044,5.001
"YPR189W",6.66,6.362,7.229,6.711,7.011,7.162
"YPR190C",5.734,5.732,5.529,5.622,5.808,5.491
"YPR191W",9.562,10.192,10.122,9.169,8.806,8.909
"YPR192W",1.439,2.326,1.704,1.972,1.831,2.287
"YPR193C",4.642,5.29,5.027,4.918,5.705,5.823
"YPR194C",11.116,10.362,12.163,12.325,12.207,12.171
"YPR195C",1.439,1.002,0,2.775,2.274,1.197
"YPR196W",4.309,4.812,5.598,4.771,5.044,4.35
"YPR197C",3.121,2.003,4.924,3.49,2.613,3.504
"YPR198W",5.686,4.705,6.195,5.533,5.872,5.448
"YPR199C",5.103,5.005,5.3,6.373,6.183,6.366
"YPR200C",4.642,4.464,4.924,3.823,3.646,3.66
"YPR201W",4.783,3.705,5.3,4.094,4.14,4.35
