"","SRR10551660","SRR10551661","SRR10551662","SRR10551663","SRR10551664","SRR10551665"
"ETS1-1",0,0,0,0,0,0
"ETS1-2",0,0,0,0,0,0
"ETS2-1",0,0,0,0,0,0
"ETS2-2",0,0,0,0,0,0
"HRA1",7,3,4,6,9,4
"ICR1",40,40,22,39,31,32
"IRT1",42,40,17,15,16,18
"ITS1-1",0,0,0,0,0,0
"ITS1-2",0,0,0,0,0,0
"ITS2-1",0,0,0,0,0,0
"ITS2-2",0,0,0,0,0,0
"LSR1",5073,6294,7857,6377,6868,8839
"NME1",519,655,1066,371,354,507
"PWR1",19,25,15,8,9,9
"Q0010",2,0,1,0,0,0
"Q0017",0,0,0,0,0,1
"Q0020",165998,96700,13234,43220,49977,53618
"Q0032",0,1,0,0,0,0
"Q0045",4322,1815,1369,1745,1979,1821
"Q0050",0,0,0,0,0,0
"Q0055",0,0,0,0,0,0
"Q0060",234,168,26,74,79,61
"Q0065",0,0,0,0,0,0
"Q0070",0,0,0,0,0,0
"Q0075",80,50,12,38,41,30
"Q0080",5,1,1,5,8,2
"Q0085",609,445,63,548,564,446
"Q0092",0,0,0,0,0,0
"Q0105",2204,896,683,1048,1286,1278
"Q0110",218,147,11,52,51,66
"Q0115",13,3,0,2,3,4
"Q0120",208,133,16,55,70,73
"Q0130",5765,6111,942,3252,3856,3968
"Q0140",18,28,1,8,15,3
"Q0142",2,3,0,0,0,0
"Q0143",0,0,0,0,0,0
"Q0144",0,0,0,0,0,0
"Q0158",222714,170686,14761,54952,63667,73114
"Q0160",0,0,0,0,0,0
"Q0182",8,3,0,3,2,8
"Q0250",4546,1659,1913,2396,2689,2387
"Q0255",153,39,8,2,0,3
"Q0275",2710,1522,330,1190,1386,1355
"Q0285",10,6,1,9,8,8
"Q0297",0,0,0,0,0,0
"RDN18-1",0,0,0,0,0,0
"RDN18-2",0,0,0,0,0,0
"RDN25-1",0,0,0,0,0,0
"RDN25-2",0,0,0,0,0,0
"RDN37-1",0,0,0,0,0,0
"RDN37-2",0,0,0,0,0,0
"RDN5-1",2,13,3,0,1,10
"RDN5-2",0,0,0,0,0,0
"RDN5-3",0,0,0,0,0,0
"RDN5-4",0,0,0,0,0,0
"RDN5-5",0,0,0,0,0,0
"RDN5-6",0,0,0,0,0,0
"RDN58-1",0,0,0,0,0,0
"RDN58-2",0,0,0,0,0,0
"RME2",36,26,28,29,37,29
"RME3",15,15,7,17,18,18
"RNA170",4,6,5,5,9,6
"RPR1",160,270,346,212,211,187
"RUF20",22,30,15,23,21,14
"RUF21",4,11,1,6,7,0
"RUF22",0,1,0,0,0,0
"RUF23",0,2,1,5,2,4
"RUF5-1",0,0,0,0,0,0
"RUF5-2",0,0,0,0,0,0
"SCR1",3790,3982,5048,559,603,590
"snR10",2,1,0,3,2,1
"snR11",426,387,819,556,494,589
"snR128",179,157,273,156,144,132
"snR13",87,109,105,45,31,29
"snR14",139,119,218,70,62,90
"snR161",115,77,138,107,113,67
"snR17a",1193,1361,3191,890,899,944
"snR17b",184,195,389,172,168,162
"snR18",16,12,17,19,22,18
"snR189",209,174,377,501,395,515
"snR19",2217,2345,4066,1501,1761,2053
"snR190",62,79,77,75,65,75
"snR191",44,56,63,38,28,28
"snR24",25,12,18,8,13,17
"snR3",227,304,381,224,199,219
"snR30",346,327,520,280,308,290
"snR31",195,182,242,243,251,228
"snR32",269,317,410,218,231,285
"snR33",109,106,189,114,99,82
"snR34",474,462,799,445,415,625
"snR35",437,409,687,555,497,481
"snR36",85,55,133,78,57,77
"snR37",1706,1541,3182,1383,1233,1750
"snR38",6,6,5,1,3,1
"snR39",6,10,11,5,4,7
"snR39B",17,42,26,14,8,19
"snR4",220,271,252,235,248,303
"snR40",166,180,261,225,164,264
"snR41",42,32,67,29,23,25
"snR42",122,112,152,125,112,125
"snR43",71,91,84,46,48,53
"snR44",190,194,206,45,44,44
"snR45",308,319,552,1107,1059,1107
"snR46",418,493,744,486,420,427
"snR47",20,11,25,74,86,87
"snR48",7,2,7,3,11,7
"snR49",25,29,30,122,74,96
"snR5",223,148,440,414,313,414
"snR50",3,9,7,8,8,5
"snR51",16,14,28,18,27,14
"snR52",2,1,2,4,0,3
"snR53",3,4,0,0,0,0
"snR54",1,1,1,0,0,1
"snR55",13,11,16,4,3,1
"snR56",5,13,4,4,2,3
"snR57",5,1,4,1,9,7
"snR58",0,1,2,0,3,0
"snR59",0,2,1,0,2,1
"snR6",67,52,194,33,36,28
"snR60",3,1,3,2,2,0
"snR61",6,1,3,1,3,2
"snR62",6,9,4,3,3,4
"snR63",140,147,210,90,93,85
"snR64",10,9,9,11,8,7
"snR65",0,2,0,1,1,1
"snR66",18,19,11,15,18,14
"snR67",4,1,1,14,15,19
"snR68",19,18,44,51,58,57
"snR69",53,79,75,52,37,48
"snR7-L",0,0,0,0,0,0
"snR7-S",0,0,0,0,0,0
"snR70",73,59,100,56,56,43
"snR71",1,1,2,1,1,0
"snR72",1,5,0,7,19,9
"snR73",0,0,0,0,0,0
"snR74",1,1,1,3,4,2
"snR75",0,0,0,5,1,4
"snR76",0,2,1,11,8,9
"snR77",12,9,20,23,15,21
"snR78",0,1,2,2,0,1
"snR79",2,3,3,2,3,2
"snR8",190,158,335,321,274,222
"snR80",91,71,186,146,109,106
"snR81",84,93,129,89,73,111
"snR82",549,580,922,714,708,970
"snR83",183,215,366,561,560,691
"snR84",76,51,136,164,147,160
"snR85",82,54,104,80,68,87
"snR86",395,426,652,1413,1372,1516
"snR87",4,4,2,2,1,3
"snR9",658,465,1041,1326,1100,1406
"SRG1",96,87,45,78,87,110
"tA(AGC)D",0,0,0,0,0,0
"tA(AGC)F",0,0,0,0,0,1
"tA(AGC)G",0,0,0,0,0,0
"tA(AGC)H",0,0,0,0,0,0
"tA(AGC)J",0,1,0,0,0,0
"tA(AGC)K1",0,0,0,0,0,0
"tA(AGC)K2",0,0,0,0,0,0
"tA(AGC)L",0,0,0,0,0,0
"tA(AGC)M1",0,0,0,0,0,0
"tA(AGC)M2",0,0,0,0,0,0
"tA(AGC)P",0,0,0,0,0,0
"tA(UGC)A",0,0,0,0,0,0
"tA(UGC)E",0,0,0,0,0,0
"tA(UGC)G",0,0,1,0,0,0
"tA(UGC)L",0,0,0,0,1,1
"tA(UGC)O",2,7,0,4,3,5
"tA(UGC)Q",2,0,0,0,0,0
"tC(GCA)B",0,0,0,0,0,0
"tC(GCA)G",0,0,0,0,0,0
"tC(GCA)P1",2,0,0,0,1,0
"tC(GCA)P2",0,0,0,0,0,0
"tC(GCA)Q",4,0,1,0,1,1
"tD(GUC)B",0,0,0,0,0,0
"tD(GUC)D",0,1,0,0,1,0
"tD(GUC)G1",0,0,0,0,0,0
"tD(GUC)G2",2,1,0,0,0,0
"tD(GUC)I1",1,1,0,0,0,0
"tD(GUC)I2",0,0,0,0,0,0
"tD(GUC)J1",1,0,0,0,0,0
"tD(GUC)J2",0,0,0,0,0,0
"tD(GUC)J3",0,0,0,0,0,0
"tD(GUC)J4",0,0,0,0,0,0
"tD(GUC)K",0,0,0,0,0,0
"tD(GUC)L1",0,0,0,0,0,0
"tD(GUC)L2",0,0,0,0,0,0
"tD(GUC)M",0,0,0,0,0,0
"tD(GUC)N",0,0,0,0,0,0
"tD(GUC)O",0,0,0,0,0,0
"tD(GUC)Q",0,0,3,3,1,1
"tE(CUC)D",0,0,0,0,0,0
"tE(CUC)I",0,1,0,0,0,0
"tE(UUC)B",0,0,0,0,0,0
"tE(UUC)C",0,0,0,0,0,0
"tE(UUC)E1",0,0,0,0,0,0
"tE(UUC)E2",0,0,0,0,0,0
"tE(UUC)E3",0,0,0,0,0,0
"tE(UUC)G1",0,1,0,2,2,3
"tE(UUC)G2",0,0,0,0,0,0
"tE(UUC)G3",0,0,0,0,0,0
"tE(UUC)I",0,0,0,0,0,0
"tE(UUC)J",0,0,0,0,0,0
"tE(UUC)K",0,0,0,0,0,0
"tE(UUC)L",1,0,0,0,0,0
"tE(UUC)M",0,0,0,0,0,0
"tE(UUC)P",0,0,0,0,0,0
"tE(UUC)Q",1,2,4,1,0,0
"tF(GAA)B",0,0,0,0,0,0
"tF(GAA)D",0,0,0,0,0,0
"tF(GAA)F",0,0,0,0,0,0
"tF(GAA)G",0,0,0,0,0,0
"tF(GAA)H1",0,0,2,1,1,0
"tF(GAA)H2",0,1,0,0,0,0
"tF(GAA)M",0,1,0,0,0,0
"tF(GAA)N",0,0,0,0,0,0
"tF(GAA)P1",2,1,2,0,1,1
"tF(GAA)P2",0,0,0,0,0,0
"tF(GAA)Q",1,1,0,0,0,0
"tG(CCC)D",0,0,0,1,2,1
"tG(CCC)O",22,21,16,14,14,16
"tG(GCC)B",0,0,0,0,0,0
"tG(GCC)C",0,0,0,0,0,0
"tG(GCC)D1",0,0,0,0,0,0
"tG(GCC)D2",0,0,0,0,0,0
"tG(GCC)E",0,0,0,0,0,0
"tG(GCC)F1",0,0,0,0,0,0
"tG(GCC)F2",0,0,0,0,0,0
"tG(GCC)G1",1,1,0,0,0,0
"tG(GCC)G2",0,0,0,0,0,0
"tG(GCC)J1",0,1,0,0,0,0
"tG(GCC)J2",0,0,0,0,0,0
"tG(GCC)M",0,0,0,0,0,0
"tG(GCC)O1",1,0,0,0,3,0
"tG(GCC)O2",0,0,1,1,0,0
"tG(GCC)P1",1,0,0,0,0,0
"tG(GCC)P2",1,0,0,0,0,0
"tG(UCC)G",0,0,0,0,0,0
"tG(UCC)N",0,0,0,0,0,0
"tG(UCC)O",0,0,0,0,0,0
"tG(UCC)Q",0,1,0,0,0,2
"tH(GUG)E1",1,4,3,2,5,4
"tH(GUG)E2",3,0,0,0,0,0
"tH(GUG)G1",4,5,3,0,0,1
"tH(GUG)G2",0,0,0,0,0,0
"tH(GUG)H",0,0,0,0,0,0
"tH(GUG)K",0,0,0,0,0,0
"tH(GUG)M",0,0,1,0,0,1
"tH(GUG)Q",2,0,0,0,0,0
"tI(AAU)B",0,0,0,0,0,0
"tI(AAU)D",0,0,0,1,0,0
"tI(AAU)E1",0,0,0,0,0,0
"tI(AAU)E2",0,0,0,0,0,0
"tI(AAU)G",0,0,0,0,0,1
"tI(AAU)I1",0,0,0,0,0,0
"tI(AAU)I2",0,0,0,0,0,0
"tI(AAU)L1",0,0,0,0,0,1
"tI(AAU)L2",0,0,0,0,0,0
"tI(AAU)N1",1,0,0,0,0,0
"tI(AAU)N2",0,0,0,0,0,0
"tI(AAU)P1",0,0,0,0,0,0
"tI(AAU)P2",0,1,0,0,0,0
"tI(GAU)Q",2,0,1,0,0,0
"tI(UAU)D",0,0,0,0,0,0
"tI(UAU)L",0,0,0,0,0,0
"tK(CUU)C",1,0,0,0,0,0
"tK(CUU)D1",0,0,0,0,0,0
"tK(CUU)D2",0,0,0,0,0,0
"tK(CUU)E1",0,0,0,0,0,0
"tK(CUU)E2",0,0,0,0,0,0
"tK(CUU)F",0,0,0,0,0,0
"tK(CUU)G1",0,0,0,0,0,0
"tK(CUU)G2",0,0,0,0,0,0
"tK(CUU)G3",0,0,0,0,0,0
"tK(CUU)I",0,0,0,0,0,0
"tK(CUU)J",0,0,0,0,0,0
"tK(CUU)K",0,0,0,0,0,0
"tK(CUU)M",0,0,0,0,0,0
"tK(CUU)P",1,0,0,1,0,0
"tK(UUU)D",2,2,7,1,1,3
"tK(UUU)G1",0,0,0,0,0,0
"tK(UUU)G2",1,0,0,0,0,0
"tK(UUU)K",0,1,0,7,2,1
"tK(UUU)L",0,0,0,0,0,0
"tK(UUU)O",0,3,0,1,1,0
"tK(UUU)P",0,0,1,0,0,0
"tK(UUU)Q",5,0,1,1,0,2
"tL(CAA)A",1,0,0,0,0,0
"tL(CAA)C",0,0,0,0,0,0
"tL(CAA)D",0,0,1,0,0,0
"tL(CAA)G1",0,0,0,0,0,0
"tL(CAA)G2",0,0,0,0,0,0
"tL(CAA)G3",0,0,0,0,0,0
"tL(CAA)K",0,0,0,0,0,0
"tL(CAA)L",0,0,0,0,0,0
"tL(CAA)M",0,1,0,0,0,0
"tL(CAA)N",0,0,1,0,0,0
"tL(GAG)G",1,2,0,0,1,0
"tL(UAA)B1",0,0,0,0,0,0
"tL(UAA)B2",0,0,3,0,0,1
"tL(UAA)D",0,0,0,0,0,1
"tL(UAA)J",0,0,0,0,0,0
"tL(UAA)K",0,0,0,0,0,0
"tL(UAA)L",0,0,0,0,0,0
"tL(UAA)N",0,0,0,0,0,0
"tL(UAA)Q",0,0,0,0,0,0
"tL(UAG)J",0,0,0,0,0,0
"tL(UAG)L1",0,0,0,0,0,0
"tL(UAG)L2",0,0,0,0,0,0
"tM(CAU)C",0,1,0,0,0,0
"tM(CAU)D",0,0,0,0,1,0
"tM(CAU)E",1,0,0,0,0,1
"tM(CAU)J1",0,0,0,0,0,0
"tM(CAU)J2",0,0,1,0,0,0
"tM(CAU)J3",0,0,0,0,0,0
"tM(CAU)M",0,0,0,0,0,0
"tM(CAU)O1",0,0,0,0,0,0
"tM(CAU)O2",1,0,0,1,0,1
"tM(CAU)P",0,0,1,0,0,1
"tM(CAU)Q1",2,0,0,1,0,2
"tM(CAU)Q2",0,0,0,0,0,0
"tN(GUU)C",0,0,0,0,0,0
"tN(GUU)F",0,0,0,0,0,0
"tN(GUU)G",1,0,0,0,0,0
"tN(GUU)K",0,0,0,0,0,0
"tN(GUU)L",0,0,0,0,0,0
"tN(GUU)N1",0,0,0,0,0,0
"tN(GUU)N2",0,0,0,0,0,0
"tN(GUU)O1",0,0,0,0,0,0
"tN(GUU)O2",0,0,0,0,0,0
"tN(GUU)P",0,0,0,0,0,0
"tN(GUU)Q",0,0,0,0,1,1
"tP(AGG)C",0,2,0,0,1,0
"tP(AGG)N",0,0,1,0,0,1
"tP(UGG)A",0,0,0,0,0,0
"tP(UGG)F",0,0,0,0,0,0
"tP(UGG)H",0,0,0,0,0,0
"tP(UGG)L",0,0,0,0,0,0
"tP(UGG)M",0,0,0,0,0,0
"tP(UGG)N1",0,0,0,0,0,0
"tP(UGG)N2",0,0,0,0,0,0
"tP(UGG)O1",0,0,0,0,0,0
"tP(UGG)O2",0,0,0,0,0,0
"tP(UGG)O3",0,0,1,0,0,0
"tP(UGG)Q",0,1,0,0,1,1
"tQ(CUG)M",1,0,2,2,2,2
"tQ(UUG)B",1,0,0,0,0,0
"tQ(UUG)C",0,0,0,0,0,0
"tQ(UUG)D1",0,0,0,0,3,0
"tQ(UUG)D2",0,0,0,0,0,0
"tQ(UUG)D3",0,1,0,1,0,1
"tQ(UUG)E1",0,1,0,0,0,0
"tQ(UUG)E2",0,0,0,0,0,1
"tQ(UUG)H",0,1,0,0,0,1
"tQ(UUG)L",0,0,0,1,0,0
"tQ(UUG)Q",0,0,0,0,0,0
"tR(ACG)D",2,2,1,1,3,2
"tR(ACG)E",0,2,0,0,2,0
"tR(ACG)J",0,1,0,0,1,0
"tR(ACG)K",1,1,5,0,0,1
"tR(ACG)L",0,0,1,0,1,0
"tR(ACG)O",0,0,0,0,0,0
"tR(ACG)Q2",0,0,0,0,0,0
"tR(CCG)L",1,0,0,0,0,0
"tR(CCU)J",1,1,0,0,0,0
"tR(UCU)B",0,0,0,0,0,0
"tR(UCU)D",0,0,0,0,0,0
"tR(UCU)E",0,0,1,0,0,2
"tR(UCU)G1",0,0,0,0,0,0
"tR(UCU)G2",2,0,0,0,0,0
"tR(UCU)G3",0,1,2,0,1,2
"tR(UCU)J1",0,0,0,0,0,0
"tR(UCU)J2",0,0,0,0,0,0
"tR(UCU)K",1,1,1,1,0,0
"tR(UCU)M1",1,0,0,1,2,0
"tR(UCU)M2",0,0,0,0,0,0
"tR(UCU)Q1",0,2,0,0,0,0
"tS(AGA)A",0,0,0,0,0,0
"tS(AGA)B",0,0,1,0,0,0
"tS(AGA)D1",0,0,0,0,0,0
"tS(AGA)D2",0,0,0,1,0,1
"tS(AGA)D3",0,1,0,0,0,0
"tS(AGA)E",0,0,0,0,0,0
"tS(AGA)G",0,0,0,0,0,0
"tS(AGA)H",0,0,0,0,0,0
"tS(AGA)J",2,0,0,0,0,0
"tS(AGA)L",0,0,0,0,0,0
"tS(AGA)M",0,0,2,0,0,0
"tS(CGA)C",0,1,0,0,0,1
"tS(GCU)F",0,0,0,0,0,0
"tS(GCU)O",0,2,0,0,0,1
"tS(GCU)Q1",4,0,4,0,0,1
"tS(UGA)E",0,1,1,1,1,1
"tS(UGA)I",0,0,0,0,0,0
"tS(UGA)P",0,0,1,0,0,1
"tS(UGA)Q2",3,4,8,0,1,2
"tT(AGU)B",1,0,0,0,0,0
"tT(AGU)C",0,0,0,0,0,0
"tT(AGU)D",0,0,0,0,0,0
"tT(AGU)H",0,1,0,0,0,0
"tT(AGU)I1",0,0,0,0,0,0
"tT(AGU)I2",0,0,1,0,0,0
"tT(AGU)J",0,0,0,0,0,0
"tT(AGU)N1",0,0,0,0,0,0
"tT(AGU)N2",0,0,0,0,0,0
"tT(AGU)O1",0,0,0,0,0,0
"tT(AGU)O2",0,0,0,0,0,0
"tT(CGU)K",1,1,0,1,0,0
"tT(UAG)Q2",2,0,0,1,1,1
"tT(UGU)G1",0,0,0,0,0,0
"tT(UGU)G2",0,0,1,0,0,0
"tT(UGU)H",0,0,0,0,0,0
"tT(UGU)P",0,0,0,0,0,0
"tT(UGU)Q1",0,1,0,0,0,0
"tV(AAC)E1",0,0,0,0,0,0
"tV(AAC)E2",1,0,0,1,0,1
"tV(AAC)G1",0,0,1,1,1,1
"tV(AAC)G2",0,0,0,0,0,0
"tV(AAC)G3",0,0,0,0,0,0
"tV(AAC)H",0,0,0,0,0,0
"tV(AAC)J",0,0,0,0,0,0
"tV(AAC)K1",0,0,0,0,0,0
"tV(AAC)K2",0,0,0,0,1,0
"tV(AAC)L",0,0,0,0,0,0
"tV(AAC)M1",0,0,0,0,0,0
"tV(AAC)M2",0,1,0,1,0,0
"tV(AAC)M3",0,0,0,0,0,0
"tV(AAC)O",0,1,0,0,0,0
"tV(CAC)D",0,0,0,0,0,0
"tV(CAC)H",0,1,0,0,0,0
"tV(UAC)B",0,0,1,0,0,0
"tV(UAC)D",1,0,2,0,0,0
"tV(UAC)Q",4,2,0,0,0,2
"tW(CCA)G1",0,0,0,0,0,0
"tW(CCA)G2",0,0,0,0,0,0
"tW(CCA)J",0,0,1,0,2,0
"tW(CCA)K",0,0,0,0,0,0
"tW(CCA)M",0,1,0,0,0,0
"tW(CCA)P",0,0,0,0,1,0
"tW(UCA)Q",0,4,0,0,2,0
"tX(XXX)D",0,0,0,0,0,0
"tX(XXX)L",0,0,0,0,0,0
"tY(GUA)D",0,0,0,0,0,0
"tY(GUA)F1",0,0,0,0,0,0
"tY(GUA)F2",0,0,0,0,0,0
"tY(GUA)J1",0,0,0,0,0,0
"tY(GUA)J2",0,0,0,0,0,0
"tY(GUA)M1",1,0,0,0,0,0
"tY(GUA)M2",0,0,0,0,0,0
"tY(GUA)O",0,0,0,0,0,0
"tY(GUA)Q",1,1,1,0,1,3
"YAL001C",109,110,53,109,133,132
"YAL002W",41,41,20,69,75,76
"YAL003W",423,376,154,202,263,232
"YAL004W",98,82,51,70,86,75
"YAL005C",745,972,434,542,675,615
"YAL007C",86,80,52,22,17,21
"YAL008W",78,44,38,71,71,78
"YAL009W",26,23,18,37,21,37
"YAL010C",32,29,7,13,15,10
"YAL011W",22,46,7,21,34,38
"YAL012W",98,104,82,19,11,13
"YAL013W",26,42,23,16,21,23
"YAL014C",14,19,14,18,9,12
"YAL015C",12,27,12,14,8,9
"YAL016C-A",22,13,12,26,24,27
"YAL016C-B",15,27,7,26,25,15
"YAL016W",254,169,147,180,231,192
"YAL017W",248,193,161,329,354,370
"YAL018C",1,1,1,0,0,0
"YAL019W",115,118,33,77,74,81
"YAL019W-A",5,3,7,7,7,3
"YAL020C",14,12,21,14,16,18
"YAL021C",79,46,70,103,78,81
"YAL022C",21,25,27,34,31,30
"YAL023C",162,160,105,80,90,72
"YAL024C",51,41,14,26,34,24
"YAL025C",69,55,16,11,20,14
"YAL026C",87,65,29,64,82,73
"YAL026C-A",4,5,4,6,6,2
"YAL027W",23,23,7,18,18,21
"YAL028W",5,10,2,16,12,14
"YAL029C",212,150,82,122,166,152
"YAL030W",79,83,36,70,79,68
"YAL031C",59,49,38,87,85,76
"YAL031W-A",12,17,11,33,26,27
"YAL032C",42,30,17,20,30,28
"YAL033W",27,16,9,22,12,17
"YAL034C",87,117,31,106,141,128
"YAL034C-B",3,6,2,2,3,5
"YAL034W-A",12,15,5,6,6,18
"YAL035W",246,484,113,156,185,171
"YAL036C",30,40,32,20,23,21
"YAL037C-A",7,14,1,8,17,15
"YAL037C-B",856,964,427,1707,1714,1483
"YAL037W",4,3,4,13,20,18
"YAL038W",1228,1391,696,2696,2795,2371
"YAL039C",58,76,42,47,62,48
"YAL040C",41,43,25,51,57,43
"YAL041W",57,43,22,54,45,59
"YAL042C-A",10,5,1,15,6,5
"YAL042W",51,55,36,56,70,55
"YAL043C",32,24,27,29,27,21
"YAL044C",95,119,55,58,80,59
"YAL044W-A",46,39,18,23,47,35
"YAL045C",34,32,12,7,36,21
"YAL046C",41,23,26,13,14,9
"YAL047C",25,27,1,10,11,18
"YAL047W-A",1,2,0,3,0,5
"YAL048C",33,19,18,29,35,26
"YAL049C",242,193,130,122,174,166
"YAL051W",70,62,40,96,100,83
"YAL053W",157,102,106,146,151,146
"YAL054C",85,81,80,83,74,78
"YAL055W",29,72,12,22,25,34
"YAL056C-A",2,7,5,7,7,5
"YAL056W",182,106,104,191,242,264
"YAL058W",14,14,16,24,17,19
"YAL059C-A",13,6,8,8,8,12
"YAL059W",33,24,21,23,26,23
"YAL060W",56,86,33,314,374,338
"YAL061W",77,86,47,169,229,196
"YAL062W",60,104,46,30,43,32
"YAL063C",6,3,3,8,8,10
"YAL063C-A",0,0,0,0,0,0
"YAL064C-A",0,0,0,0,0,0
"YAL064W",0,0,0,0,0,0
"YAL064W-B",0,0,0,0,0,0
"YAL065C",9,5,5,2,2,2
"YAL066W",5,7,0,2,0,1
"YAL067C",90,87,47,27,27,20
"YAL067W-A",0,0,0,0,0,0
"YAL068C",0,0,0,0,0,0
"YAL068W-A",0,0,0,0,0,0
"YAL069W",0,0,0,0,0,0
"YAR002C-A",122,131,95,42,38,49
"YAR002W",63,44,23,50,40,39
"YAR003W",57,42,23,36,43,39
"YAR007C",114,74,68,49,59,81
"YAR008W",42,28,15,18,32,15
"YAR009C",0,0,0,0,0,0
"YAR010C",0,0,0,0,0,0
"YAR014C",88,69,36,52,64,59
"YAR015W",194,154,104,75,80,79
"YAR018C",26,26,12,10,7,4
"YAR019C",26,27,9,29,42,34
"YAR019W-A",0,3,1,3,0,2
"YAR020C",0,1,0,0,0,0
"YAR023C",6,6,6,7,12,9
"YAR027W",42,30,26,2,0,0
"YAR028W",7,3,1,0,0,0
"YAR029W",6,5,0,0,0,0
"YAR030C",4,6,0,0,0,0
"YAR031W",1,0,0,0,0,0
"YAR033W",0,0,0,0,0,0
"YAR035C-A",0,2,0,0,0,0
"YAR035W",12,14,15,1,0,2
"YAR042W",73,83,33,98,116,109
"YAR047C",0,0,0,0,0,0
"YAR050W",6,4,4,10,5,2
"YAR053W",0,0,0,0,0,0
"YAR060C",0,0,0,0,0,0
"YAR061W",0,0,0,0,0,0
"YAR064W",0,0,0,0,0,0
"YAR066W",0,0,0,0,0,0
"YAR068W",0,0,0,0,0,0
"YAR069C",0,0,0,0,0,0
"YAR070C",0,0,0,0,0,0
"YAR071W",0,0,0,0,0,0
"YAR073W",0,0,0,0,0,0
"YAR075W",0,0,0,0,0,0
"YBL001C",161,152,57,77,80,101
"YBL002W",439,303,272,204,217,224
"YBL003C",254,195,97,96,151,143
"YBL004W",248,163,134,179,225,245
"YBL005W",55,34,31,32,45,45
"YBL005W-A",0,0,0,0,0,0
"YBL005W-B",0,0,0,0,0,0
"YBL006C",102,84,40,41,65,62
"YBL006W-A",31,23,23,15,13,13
"YBL007C",120,155,78,191,211,220
"YBL008W",45,39,33,41,44,35
"YBL008W-A",0,1,0,2,0,1
"YBL009W",15,11,11,11,10,3
"YBL010C",23,17,11,21,14,21
"YBL011W",43,80,27,65,85,65
"YBL012C",5,6,6,7,7,5
"YBL013W",2,4,0,1,4,3
"YBL014C",55,31,27,58,53,51
"YBL015W",270,359,144,110,100,68
"YBL016W",23,17,15,22,16,17
"YBL017C",372,236,227,284,330,312
"YBL018C",51,41,20,16,34,25
"YBL019W",49,29,14,48,60,62
"YBL020W",125,114,70,92,76,69
"YBL021C",56,61,28,15,21,22
"YBL022C",202,208,102,209,224,244
"YBL023C",51,28,35,19,29,29
"YBL024W",104,65,45,41,47,56
"YBL025W",22,12,12,17,18,16
"YBL026W",58,56,11,15,31,39
"YBL027W",634,402,248,219,253,250
"YBL028C",77,96,19,15,17,36
"YBL029C-A",61,104,28,74,94,105
"YBL029W",212,312,48,261,365,414
"YBL030C",520,586,317,196,186,214
"YBL031W",13,6,2,1,2,2
"YBL032W",33,36,12,27,26,26
"YBL033C",150,226,80,87,100,95
"YBL034C",84,63,34,54,63,62
"YBL035C",28,23,22,11,30,14
"YBL036C",115,108,55,62,81,94
"YBL037W",30,19,16,34,28,26
"YBL038W",176,173,47,54,70,80
"YBL039C",53,23,24,30,23,33
"YBL039C-A",0,0,0,0,0,0
"YBL039W-B",27,30,9,9,11,26
"YBL040C",101,110,52,36,49,41
"YBL041W",347,282,159,153,196,193
"YBL042C",76,43,34,74,79,72
"YBL043W",132,156,57,48,48,30
"YBL044W",0,0,0,0,0,1
"YBL045C",808,763,372,434,486,526
"YBL046W",24,24,13,47,44,34
"YBL047C",201,249,117,228,313,324
"YBL048W",27,56,28,245,266,254
"YBL049W",89,76,62,442,528,470
"YBL050W",178,178,80,156,194,177
"YBL051C",167,181,51,191,221,199
"YBL052C",50,70,7,34,30,51
"YBL053W",17,36,2,8,10,17
"YBL054W",29,19,12,32,24,37
"YBL055C",43,28,18,28,48,41
"YBL056W",172,102,85,142,189,145
"YBL057C",41,40,39,28,26,30
"YBL058W",150,141,60,97,116,111
"YBL059C-A",181,210,60,50,58,65
"YBL059W",48,56,17,7,20,12
"YBL060W",51,41,21,39,44,56
"YBL061C",46,56,32,36,37,49
"YBL062W",15,16,8,9,16,15
"YBL063W",56,61,14,35,46,51
"YBL064C",974,872,449,494,602,551
"YBL065W",8,7,12,4,10,5
"YBL066C",112,122,73,99,119,141
"YBL067C",121,133,51,123,134,138
"YBL068W",54,35,27,24,24,16
"YBL068W-A",0,0,0,0,0,0
"YBL069W",10,5,6,6,4,2
"YBL070C",1,0,1,0,4,0
"YBL071C",18,24,5,8,18,9
"YBL071C-B",8,5,4,2,3,4
"YBL071W-A",21,20,10,17,6,7
"YBL072C",191,99,89,53,87,67
"YBL073W",9,6,2,4,3,5
"YBL074C",16,11,15,10,25,19
"YBL075C",114,137,61,155,214,201
"YBL076C",392,212,259,179,240,211
"YBL077W",75,68,30,42,39,47
"YBL078C",111,181,40,86,97,124
"YBL079W",123,94,76,143,157,178
"YBL080C",30,23,17,22,32,19
"YBL081W",41,23,12,21,22,23
"YBL082C",22,11,18,29,21,15
"YBL083C",0,0,0,0,1,1
"YBL084C",68,67,21,74,78,98
"YBL085W",95,96,46,60,77,88
"YBL086C",63,75,22,57,80,83
"YBL087C",87,55,60,54,51,50
"YBL088C",129,111,62,140,192,177
"YBL089W",44,29,25,42,35,48
"YBL090W",114,100,50,47,45,67
"YBL091C",298,325,144,145,184,179
"YBL091C-A",21,28,11,28,34,26
"YBL092W",796,606,287,236,342,327
"YBL093C",63,63,28,52,61,42
"YBL094C",40,38,25,52,60,47
"YBL095W",58,46,49,108,114,98
"YBL096C",18,17,13,20,24,18
"YBL097W",30,29,15,18,28,28
"YBL098W",58,60,39,29,44,34
"YBL099W",2221,2715,1046,978,969,947
"YBL100C",613,776,305,318,301,306
"YBL100W-A",0,0,0,0,0,0
"YBL100W-B",0,0,0,0,0,1
"YBL100W-C",0,1,1,1,2,0
"YBL101C",147,98,77,159,182,165
"YBL102W",43,36,24,29,36,32
"YBL103C",75,55,24,34,31,35
"YBL104C",51,59,19,65,89,63
"YBL105C",105,77,54,148,168,168
"YBL106C",34,28,28,53,65,46
"YBL107C",72,76,18,40,41,42
"YBL107W-A",0,0,0,0,0,0
"YBL108C-A",0,0,0,0,0,0
"YBL108W",1,0,0,0,0,0
"YBL109W",0,0,0,0,0,0
"YBL111C",0,0,0,0,0,0
"YBL112C",0,0,0,0,0,0
"YBL113C",0,0,1,2,1,2
"YBL113W-A",0,0,0,0,0,0
"YBR001C",107,91,94,117,133,127
"YBR002C",55,61,51,31,46,34
"YBR003W",116,70,54,76,85,79
"YBR004C",45,34,24,43,46,39
"YBR005W",23,26,10,22,21,17
"YBR006W",199,114,118,220,253,206
"YBR007C",57,80,16,95,96,100
"YBR008C",98,83,92,57,55,62
"YBR009C",187,141,68,42,47,45
"YBR010W",649,498,225,209,252,304
"YBR011C",642,485,486,299,351,326
"YBR012C",20,24,5,32,23,18
"YBR012W-A",0,0,0,0,0,0
"YBR012W-B",0,0,0,0,0,0
"YBR013C",24,17,8,12,14,14
"YBR014C",73,69,26,31,30,41
"YBR015C",126,92,73,93,105,121
"YBR016W",25,47,26,35,36,27
"YBR017C",61,47,63,64,56,56
"YBR018C",3,3,1,4,12,6
"YBR019C",5,9,5,11,16,16
"YBR020W",6,4,5,7,9,4
"YBR021W",42,35,27,43,57,37
"YBR022W",64,46,24,22,42,28
"YBR023C",127,60,102,73,89,80
"YBR024W",108,125,50,55,74,96
"YBR025C",679,401,338,254,271,246
"YBR026C",142,91,58,78,123,105
"YBR027C",3,9,2,2,7,0
"YBR028C",75,59,40,37,47,39
"YBR029C",79,58,45,65,67,53
"YBR030W",25,31,18,38,31,17
"YBR031W",27,22,12,11,13,6
"YBR032W",2,3,0,1,4,4
"YBR033W",84,78,47,33,28,29
"YBR034C",93,53,37,23,33,44
"YBR035C",180,146,94,107,149,123
"YBR036C",191,152,139,129,147,133
"YBR037C",46,31,25,22,28,22
"YBR038W",16,13,16,4,9,7
"YBR039W",1075,891,437,424,464,523
"YBR040W",3,6,0,0,1,3
"YBR041W",79,64,46,51,70,68
"YBR042C",43,24,21,24,31,31
"YBR043C",41,45,27,79,100,97
"YBR044C",115,107,45,57,70,82
"YBR045C",20,25,5,17,23,29
"YBR046C",134,98,56,86,97,98
"YBR047W",180,188,53,70,83,82
"YBR048W",137,63,68,34,39,30
"YBR049C",122,90,40,66,96,82
"YBR050C",30,49,10,18,32,20
"YBR051W",12,19,0,9,6,7
"YBR052C",243,237,119,65,86,107
"YBR053C",137,105,80,122,142,139
"YBR054W",3124,2541,1114,2886,3459,3280
"YBR055C",57,92,38,64,80,75
"YBR056C-B",35,27,22,5,4,8
"YBR056W",187,163,106,124,160,183
"YBR056W-A",41,24,38,10,15,14
"YBR057C",44,45,9,26,35,35
"YBR058C",68,59,40,75,87,68
"YBR058C-A",88,69,19,33,44,57
"YBR059C",132,143,59,187,179,235
"YBR060C",55,50,17,21,28,38
"YBR061C",36,23,10,18,20,22
"YBR062C",37,43,15,26,36,27
"YBR063C",53,50,13,58,76,62
"YBR064W",16,5,6,14,22,19
"YBR065C",67,36,24,67,66,86
"YBR066C",17,30,7,8,15,18
"YBR067C",238,187,90,59,69,60
"YBR068C",242,193,169,46,50,54
"YBR069C",41,37,29,9,12,9
"YBR070C",28,22,22,26,23,24
"YBR071W",57,46,48,14,22,19
"YBR072C-A",2,1,1,1,2,3
"YBR072W",2291,3933,992,121,195,132
"YBR073W",81,71,63,31,64,43
"YBR074W",132,62,61,85,124,108
"YBR076C-A",18,18,4,20,16,21
"YBR076W",10,8,10,13,16,17
"YBR077C",50,44,33,22,40,39
"YBR078W",578,294,314,349,362,367
"YBR079C",136,91,54,71,78,95
"YBR080C",128,62,77,123,129,120
"YBR081C",121,193,30,88,105,119
"YBR082C",465,638,122,128,165,171
"YBR083W",16,27,12,8,16,19
"YBR084C-A",437,327,191,164,201,213
"YBR084W",142,111,87,39,52,42
"YBR085C-A",235,269,101,241,313,332
"YBR085W",2,1,0,5,2,2
"YBR086C",195,115,108,176,164,175
"YBR087W",61,34,25,18,19,26
"YBR088C",82,48,36,19,29,23
"YBR089C-A",66,85,39,40,53,60
"YBR089W",48,40,34,15,15,17
"YBR090C",6,6,4,3,2,4
"YBR091C",46,44,26,10,11,13
"YBR092C",3,4,3,6,7,5
"YBR093C",8,12,7,17,23,12
"YBR094W",72,44,32,42,45,34
"YBR095C",67,86,24,27,42,33
"YBR096W",55,38,29,28,30,37
"YBR097W",109,72,49,87,123,100
"YBR098W",86,145,36,77,92,56
"YBR099C",32,53,21,37,41,30
"YBR101C",243,472,100,117,120,106
"YBR102C",54,42,27,30,43,40
"YBR103C-A",2,1,0,0,2,2
"YBR103W",63,52,37,38,53,47
"YBR104W",57,29,27,19,28,19
"YBR105C",98,100,64,107,141,132
"YBR106W",499,396,271,204,244,236
"YBR107C",29,28,20,24,34,24
"YBR108W",32,58,14,41,47,47
"YBR109C",203,188,102,91,121,117
"YBR109W-A",1,2,3,0,0,2
"YBR110W",80,43,35,20,42,27
"YBR111C",177,177,72,193,249,268
"YBR111W-A",36,39,6,20,34,35
"YBR112C",62,116,25,47,52,51
"YBR113W",16,21,4,12,11,15
"YBR114W",91,94,40,56,70,58
"YBR115C",235,141,175,193,212,163
"YBR116C",2,1,0,5,4,3
"YBR117C",10,16,4,31,37,27
"YBR118W",94,113,38,69,81,62
"YBR119W",36,50,3,45,33,34
"YBR120C",52,91,12,20,27,42
"YBR121C",279,220,115,141,195,158
"YBR121C-A",0,0,0,0,0,0
"YBR122C",157,161,69,66,64,91
"YBR123C",44,33,19,27,37,35
"YBR124W",3,2,2,3,1,2
"YBR125C",57,43,35,26,26,23
"YBR126C",223,234,130,373,401,324
"YBR126W-A",14,16,1,13,21,10
"YBR126W-B",2,1,1,2,3,2
"YBR127C",630,343,466,591,624,631
"YBR128C",23,27,12,21,40,39
"YBR129C",59,54,27,31,53,46
"YBR130C",54,52,6,19,24,25
"YBR131C-A",2,0,1,0,0,1
"YBR131W",28,24,9,19,35,43
"YBR132C",56,52,37,59,67,76
"YBR133C",68,62,41,63,67,61
"YBR134W",3,5,3,3,1,5
"YBR135W",27,48,14,10,18,8
"YBR136W",112,56,41,115,111,141
"YBR137W",39,33,23,52,67,71
"YBR138C",26,26,12,48,43,33
"YBR139W",229,160,163,308,355,373
"YBR140C",447,276,226,729,739,795
"YBR141C",13,11,10,10,6,9
"YBR141W-A",3,2,0,1,1,2
"YBR142W",63,78,29,38,38,38
"YBR143C",228,147,107,98,125,125
"YBR144C",2,1,0,0,1,2
"YBR145W",65,87,44,87,108,75
"YBR146W",200,152,61,80,71,83
"YBR147W",111,116,60,81,127,95
"YBR148W",39,57,7,33,44,61
"YBR149W",330,245,215,266,297,302
"YBR150C",51,46,37,68,74,79
"YBR151W",168,140,87,160,164,130
"YBR152W",9,19,5,6,8,15
"YBR153W",24,23,11,16,27,16
"YBR154C",60,43,19,15,18,31
"YBR155W",45,72,20,24,25,32
"YBR156C",23,30,10,12,17,20
"YBR157C",7,14,3,3,7,13
"YBR158W",46,57,22,12,7,4
"YBR159W",192,134,98,92,93,107
"YBR160W",28,31,12,15,12,22
"YBR161W",71,48,32,37,50,52
"YBR162C",370,217,291,63,43,46
"YBR162W-A",99,135,24,27,29,47
"YBR163W",64,46,28,51,68,63
"YBR164C",56,62,25,23,23,26
"YBR165W",61,42,21,19,19,29
"YBR166C",62,52,34,35,53,34
"YBR167C",22,26,2,9,25,21
"YBR168W",21,21,13,32,32,32
"YBR169C",266,329,139,340,371,361
"YBR170C",97,53,47,57,75,72
"YBR171W",25,32,18,9,22,22
"YBR172C",109,153,27,46,59,51
"YBR173C",214,199,101,79,71,70
"YBR174C",7,7,4,4,4,2
"YBR175W",32,32,14,17,18,14
"YBR176W",52,46,28,21,31,34
"YBR177C",102,128,78,134,140,132
"YBR178W",9,6,5,9,11,10
"YBR179C",136,140,35,128,138,134
"YBR180W",3,8,4,4,7,4
"YBR181C",29,24,12,13,8,6
"YBR182C",89,51,67,54,67,47
"YBR182C-A",2,3,1,4,5,3
"YBR183W",71,78,42,146,179,173
"YBR184W",9,7,1,0,0,2
"YBR185C",126,99,57,39,35,54
"YBR186W",21,48,14,27,36,35
"YBR187W",55,37,25,29,47,36
"YBR188C",31,35,4,12,23,20
"YBR189W",342,275,145,74,105,90
"YBR190W",7,2,3,3,1,2
"YBR191W",155,111,96,38,55,51
"YBR191W-A",6,8,1,4,4,3
"YBR192W",58,38,30,26,45,41
"YBR193C",27,41,19,16,29,33
"YBR194W",11,17,8,7,8,5
"YBR195C",26,22,13,24,35,31
"YBR196C",561,457,389,1201,1351,1205
"YBR196C-A",2,3,0,3,2,6
"YBR196C-B",0,2,1,3,4,2
"YBR197C",8,5,7,7,10,12
"YBR198C",62,80,33,60,64,63
"YBR199W",232,182,114,163,159,154
"YBR200W",92,81,35,54,33,65
"YBR200W-A",6,1,4,5,7,3
"YBR201C-A",75,109,47,97,109,122
"YBR201W",38,65,8,14,28,25
"YBR202W",62,50,28,55,50,40
"YBR203W",164,142,113,228,331,342
"YBR204C",46,26,15,33,48,35
"YBR205W",76,29,38,35,36,30
"YBR206W",3,7,1,1,1,6
"YBR207W",78,69,41,68,49,45
"YBR208C",419,235,354,916,913,908
"YBR209W",3,1,0,1,0,0
"YBR210W",59,48,23,25,17,26
"YBR211C",30,28,15,12,10,20
"YBR212W",40,28,26,64,73,67
"YBR213W",4,13,7,2,7,2
"YBR214W",63,94,40,103,108,101
"YBR215W",61,94,13,59,67,69
"YBR216C",79,43,61,44,66,68
"YBR217W",14,11,3,9,10,12
"YBR218C",135,170,76,108,97,105
"YBR219C",0,2,0,1,0,0
"YBR220C",28,21,13,23,22,18
"YBR221C",422,286,254,185,215,213
"YBR221W-A",19,27,11,26,23,29
"YBR222C",242,194,162,227,270,223
"YBR223C",12,9,10,12,16,17
"YBR223W-A",2,0,0,1,2,0
"YBR224W",7,2,0,3,8,4
"YBR225W",56,35,28,54,62,73
"YBR226C",17,9,9,16,18,25
"YBR227C",92,64,17,53,67,42
"YBR228W",24,21,10,25,33,32
"YBR229C",119,87,58,74,84,101
"YBR230C",377,407,158,219,270,294
"YBR230W-A",94,129,36,18,36,41
"YBR231C",15,11,9,22,22,25
"YBR232C",6,7,6,8,3,3
"YBR233W",21,27,5,17,25,14
"YBR233W-A",21,11,5,2,2,5
"YBR234C",124,107,77,115,104,108
"YBR235W",166,107,120,293,292,292
"YBR236C",44,34,22,22,38,31
"YBR237W",69,81,30,65,69,87
"YBR238C",50,19,19,76,71,81
"YBR239C",45,51,28,76,85,96
"YBR240C",11,10,8,28,47,35
"YBR241C",46,41,33,95,87,78
"YBR242W",44,51,15,47,57,56
"YBR243C",27,18,16,15,14,18
"YBR244W",5,10,5,4,10,15
"YBR245C",109,136,45,77,69,67
"YBR246W",32,23,13,19,22,14
"YBR247C",22,29,20,10,13,21
"YBR248C",69,55,45,31,31,32
"YBR249C",174,90,98,54,68,66
"YBR250W",4,7,3,3,2,4
"YBR251W",71,69,21,34,33,41
"YBR252W",18,23,9,8,4,8
"YBR253W",44,62,13,21,29,35
"YBR254C",43,29,27,20,24,24
"YBR255C-A",81,93,32,46,45,64
"YBR255W",80,87,29,89,149,122
"YBR256C",213,231,74,59,76,90
"YBR257W",31,50,9,24,31,29
"YBR258C",13,23,3,8,10,14
"YBR259W",25,25,6,23,35,28
"YBR260C",49,47,24,41,51,52
"YBR261C",30,26,15,16,20,23
"YBR262C",127,137,56,49,36,52
"YBR263W",226,165,140,112,127,133
"YBR264C",36,43,17,32,34,27
"YBR265W",45,22,22,49,50,29
"YBR266C",18,32,12,12,9,15
"YBR267W",44,53,29,33,21,28
"YBR268W",81,93,41,36,34,32
"YBR269C",58,62,44,45,50,39
"YBR270C",25,28,17,30,30,23
"YBR271W",36,32,19,17,21,16
"YBR272C",48,37,21,40,49,37
"YBR273C",80,77,45,61,82,73
"YBR274W",41,32,20,43,34,31
"YBR275C",57,71,28,48,73,79
"YBR276C",134,106,78,81,87,86
"YBR277C",17,19,10,16,12,20
"YBR278W",58,76,21,35,35,49
"YBR279W",91,175,29,24,38,47
"YBR280C",35,30,24,56,46,38
"YBR281C",92,61,46,36,43,52
"YBR282W",59,82,17,28,36,28
"YBR283C",165,156,104,119,108,98
"YBR284W",33,37,20,32,37,39
"YBR285W",27,31,13,20,21,24
"YBR286W",424,366,239,413,494,482
"YBR287W",302,221,247,332,302,287
"YBR288C",55,58,31,22,38,29
"YBR289W",46,60,32,29,64,45
"YBR290W",146,178,39,86,117,117
"YBR291C",21,22,20,23,28,21
"YBR292C",2,5,0,4,6,11
"YBR293W",30,20,20,27,16,18
"YBR294W",225,199,165,30,40,59
"YBR295W",98,65,87,119,99,106
"YBR296C",3,1,4,0,2,1
"YBR296C-A",0,2,0,0,0,0
"YBR297W",73,80,55,40,32,35
"YBR298C",120,178,70,83,88,73
"YBR298C-A",0,0,0,0,0,0
"YBR299W",2,0,1,0,0,0
"YBR300C",0,0,0,0,1,0
"YBR301W",0,0,0,0,0,0
"YBR302C",0,0,0,0,0,0
"YCL001W",68,61,25,50,54,34
"YCL001W-A",3,2,1,0,1,4
"YCL001W-B",1,0,0,0,4,2
"YCL002C",41,54,28,60,69,64
"YCL004W",25,26,9,34,35,36
"YCL005W",18,18,16,26,18,18
"YCL005W-A",43,62,26,37,61,46
"YCL007C",31,35,10,27,28,34
"YCL008C",14,12,7,17,15,13
"YCL009C",32,40,50,33,32,27
"YCL010C",13,17,11,14,21,23
"YCL011C",78,81,47,71,84,100
"YCL012C",16,25,18,44,62,51
"YCL014W",57,52,30,79,85,92
"YCL016C",22,14,12,18,25,14
"YCL017C",195,138,161,224,217,206
"YCL018W",123,91,114,384,424,346
"YCL019W",0,0,0,0,0,0
"YCL020W",0,0,0,0,0,0
"YCL021W-A",5,2,6,4,4,5
"YCL022C",21,17,6,8,9,9
"YCL023C",2,2,0,1,2,3
"YCL024W",67,89,21,39,49,62
"YCL025C",1315,810,1044,119,92,100
"YCL026C-A",23,7,11,0,1,0
"YCL026C-B",67,52,30,14,17,14
"YCL027W",6,13,3,8,5,6
"YCL028W",84,46,34,59,59,33
"YCL029C",28,16,5,20,13,22
"YCL030C",121,154,80,126,131,106
"YCL031C",37,50,5,17,25,38
"YCL032W",29,29,16,30,47,50
"YCL033C",34,26,22,52,81,54
"YCL034W",60,60,40,103,114,119
"YCL035C",277,354,129,129,189,208
"YCL036W",19,16,9,28,34,29
"YCL037C",32,23,9,21,19,24
"YCL038C",96,60,78,173,150,152
"YCL039W",34,28,13,36,49,46
"YCL040W",255,240,176,419,436,350
"YCL041C",3,5,0,0,1,1
"YCL042W",1,2,2,0,1,0
"YCL043C",409,380,260,149,185,175
"YCL044C",26,28,12,8,14,12
"YCL045C",118,96,80,104,115,124
"YCL046W",5,5,8,9,10,13
"YCL047C",13,12,5,22,16,23
"YCL048W",4,0,0,3,6,6
"YCL048W-A",2,4,1,33,32,29
"YCL049C",44,28,15,60,90,73
"YCL050C",128,160,51,87,113,114
"YCL051W",44,62,14,52,59,58
"YCL052C",95,77,60,128,136,124
"YCL054W",63,72,16,25,27,46
"YCL054W-A",0,0,0,0,0,0
"YCL055W",18,19,8,10,6,13
"YCL056C",25,41,11,25,43,33
"YCL057C-A",349,517,153,173,194,188
"YCL057W",106,85,55,87,90,94
"YCL058C",56,102,18,44,68,69
"YCL058W-A",39,101,16,41,63,47
"YCL059C",62,91,19,47,64,74
"YCL061C",47,82,9,27,39,48
"YCL063W",15,8,4,4,6,5
"YCL064C",52,36,39,119,129,124
"YCL065W",0,0,0,0,0,0
"YCL066W",0,0,0,0,0,0
"YCL067C",0,0,0,0,0,0
"YCL068C",0,0,0,0,0,0
"YCL069W",0,0,0,0,0,0
"YCL073C",0,0,0,0,0,0
"YCL074W",8,5,3,23,29,28
"YCL075W",0,2,1,8,7,14
"YCL076W",5,6,2,9,20,18
"YCR001W",2,1,0,2,2,0
"YCR002C",62,43,37,53,54,43
"YCR003W",54,91,13,31,30,40
"YCR004C",97,80,53,56,58,58
"YCR005C",155,152,125,132,145,137
"YCR006C",3,2,2,15,5,4
"YCR007C",13,12,3,13,10,12
"YCR008W",115,108,58,155,183,176
"YCR009C",173,129,45,90,119,134
"YCR010C",3,1,1,3,5,3
"YCR011C",180,143,87,360,382,383
"YCR012W",2191,2118,1491,8967,9122,7242
"YCR013C",1193,1225,827,5081,4909,4010
"YCR014C",47,87,11,46,50,63
"YCR015C",23,22,11,18,16,21
"YCR016W",66,118,16,25,21,27
"YCR017C",111,71,93,212,212,181
"YCR018C",8,11,5,14,13,11
"YCR018C-A",0,0,0,0,0,1
"YCR019W",20,12,15,20,40,28
"YCR020C",59,53,19,28,29,31
"YCR020C-A",33,35,15,18,21,32
"YCR020W-B",28,30,4,6,10,11
"YCR021C",1525,2288,785,2502,3249,3153
"YCR022C",0,2,1,2,2,0
"YCR023C",67,47,56,74,91,94
"YCR024C",23,24,12,23,23,27
"YCR024C-A",253,188,239,404,401,399
"YCR024C-B",418,432,287,803,819,741
"YCR025C",3,3,1,7,8,10
"YCR026C",67,31,29,72,103,96
"YCR027C",19,12,14,13,24,16
"YCR028C",39,16,15,26,34,33
"YCR028C-A",159,131,56,65,83,83
"YCR030C",62,54,22,53,78,79
"YCR031C",374,284,227,198,224,230
"YCR032W",75,64,34,178,176,211
"YCR033W",156,247,57,202,243,227
"YCR034W",58,24,36,14,10,12
"YCR035C",58,43,24,54,50,65
"YCR036W",76,66,42,59,73,67
"YCR037C",45,35,32,76,100,96
"YCR038C",8,11,2,24,22,23
"YCR038W-A",0,0,0,0,0,0
"YCR039C",0,0,0,0,0,0
"YCR040W",0,0,0,0,0,0
"YCR041W",6,4,2,3,3,5
"YCR042C",100,97,40,94,138,130
"YCR043C",39,18,22,22,34,23
"YCR044C",50,29,37,45,35,39
"YCR045C",6,4,3,9,24,18
"YCR045W-A",0,1,0,0,3,1
"YCR046C",39,32,23,33,35,22
"YCR047C",25,33,14,44,44,50
"YCR047W-A",12,9,6,4,7,11
"YCR048W",6,9,12,18,23,11
"YCR049C",0,0,0,1,0,1
"YCR050C",1,1,2,11,10,5
"YCR051W",22,12,7,16,15,11
"YCR052W",10,13,3,11,8,13
"YCR053W",88,54,31,58,70,62
"YCR054C",30,19,18,31,28,33
"YCR057C",43,28,21,36,42,31
"YCR059C",11,7,4,11,11,9
"YCR060W",9,11,4,13,4,6
"YCR061W",5,11,13,42,36,51
"YCR063W",11,6,1,3,6,3
"YCR064C",3,2,2,3,3,3
"YCR065W",40,19,18,46,38,37
"YCR066W",22,11,7,20,17,14
"YCR067C",47,33,25,47,46,54
"YCR068W",12,8,14,38,31,32
"YCR069W",64,74,31,100,113,104
"YCR071C",24,47,11,12,18,22
"YCR072C",19,19,8,11,10,11
"YCR073C",33,28,31,49,74,87
"YCR073W-A",10,15,11,16,26,18
"YCR075C",18,11,6,19,20,19
"YCR075W-A",27,22,6,15,21,27
"YCR076C",20,18,14,36,34,40
"YCR077C",44,65,33,83,90,79
"YCR079W",35,28,33,136,139,140
"YCR081C-A",4,4,1,3,9,8
"YCR081W",48,23,15,48,52,42
"YCR082W",124,140,77,63,58,65
"YCR083W",86,52,37,69,64,104
"YCR084C",33,35,31,43,46,61
"YCR085W",2,5,0,2,0,0
"YCR086W",15,21,5,6,10,6
"YCR087C-A",19,14,10,3,8,8
"YCR087W",10,22,6,7,5,5
"YCR088W",50,68,27,57,63,65
"YCR089W",11,14,7,22,38,38
"YCR090C",26,29,17,10,8,15
"YCR091W",23,27,4,44,59,57
"YCR092C",36,29,10,35,48,51
"YCR093W",224,186,124,296,315,340
"YCR094W",12,8,9,27,23,23
"YCR095C",46,47,11,30,49,32
"YCR095W-A",1,4,0,2,6,0
"YCR096C",0,0,0,0,0,0
"YCR097W",87,129,20,41,38,54
"YCR097W-A",0,0,0,0,0,0
"YCR098C",243,230,138,63,54,49
"YCR099C",6,6,1,3,9,2
"YCR100C",11,3,4,5,3,9
"YCR101C",13,5,5,5,6,8
"YCR102C",71,78,32,16,22,12
"YCR102W-A",1,3,2,3,3,0
"YCR104W",1,0,2,0,0,0
"YCR105W",1514,1122,808,11,5,5
"YCR106W",92,65,61,18,33,38
"YCR107W",49,37,45,14,18,13
"YCR108C",0,0,0,0,0,0
"YDL001W",46,27,19,20,34,48
"YDL002C",61,68,23,41,51,55
"YDL003W",66,41,15,5,11,5
"YDL004W",941,813,505,279,364,363
"YDL005C",90,242,25,58,52,71
"YDL006W",44,42,32,30,33,33
"YDL007C-A",1,0,0,0,0,0
"YDL007W",435,420,145,201,257,239
"YDL008W",35,41,12,21,19,23
"YDL009C",76,124,21,57,56,52
"YDL010W",173,197,51,78,117,109
"YDL011C",47,30,16,27,24,33
"YDL012C",28,27,10,19,20,10
"YDL013W",50,44,27,55,48,58
"YDL014W",36,39,33,24,28,22
"YDL015C",220,127,97,127,140,141
"YDL016C",4,11,6,9,5,8
"YDL017W",9,7,12,10,8,7
"YDL018C",50,32,23,13,12,28
"YDL019C",199,261,98,262,282,264
"YDL020C",828,822,330,232,277,302
"YDL021W",155,186,57,238,324,281
"YDL022C-A",2,4,2,5,3,4
"YDL022W",156,169,71,314,303,296
"YDL023C",25,20,23,69,72,75
"YDL024C",30,26,22,48,49,50
"YDL025C",100,141,39,82,94,105
"YDL025W-A",9,20,7,13,13,18
"YDL026W",37,21,22,15,22,16
"YDL027C",202,193,72,72,127,130
"YDL028C",53,58,33,62,70,79
"YDL029W",164,132,99,44,68,62
"YDL030W",84,53,31,36,44,47
"YDL031W",170,234,56,76,100,115
"YDL032W",3,2,0,3,5,3
"YDL033C",17,17,15,12,22,19
"YDL034W",6,8,6,6,10,10
"YDL035C",154,158,43,164,215,194
"YDL036C",54,68,30,18,25,14
"YDL037C",42,18,32,1,3,2
"YDL039C",179,134,80,4,9,8
"YDL040C",132,121,62,69,103,87
"YDL041W",5,3,2,4,2,4
"YDL042C",21,18,16,15,28,18
"YDL043C",18,12,5,5,15,10
"YDL044C",49,53,10,14,22,35
"YDL045C",57,53,31,34,50,45
"YDL045W-A",67,102,13,16,15,28
"YDL046W",61,35,41,83,95,71
"YDL047W",65,61,25,50,51,52
"YDL048C",261,385,149,409,432,424
"YDL049C",18,15,6,21,38,53
"YDL050C",26,37,15,16,29,18
"YDL051W",48,34,22,26,30,36
"YDL052C",49,67,27,28,37,36
"YDL053C",46,92,18,27,36,38
"YDL054C",60,59,48,78,70,64
"YDL055C",511,522,272,136,122,130
"YDL056W",64,83,17,70,86,101
"YDL057W",18,16,7,23,20,21
"YDL058W",224,533,45,129,136,163
"YDL059C",49,74,18,17,19,19
"YDL060W",80,62,41,65,53,51
"YDL061C",335,251,166,129,165,131
"YDL062W",6,0,4,5,2,1
"YDL063C",59,25,35,28,33,28
"YDL064W",26,33,10,9,12,11
"YDL065C",87,157,22,68,89,124
"YDL066W",425,344,248,268,275,231
"YDL067C",838,886,399,258,303,315
"YDL068W",12,16,9,4,8,13
"YDL069C",23,24,6,16,14,23
"YDL070W",273,552,97,215,262,281
"YDL071C",1,9,2,4,2,2
"YDL072C",149,118,92,103,107,109
"YDL073W",73,46,21,49,49,49
"YDL074C",219,171,38,103,121,121
"YDL075W",325,307,111,85,108,100
"YDL076C",65,51,18,35,49,54
"YDL077C",56,62,31,50,71,60
"YDL078C",222,201,139,201,270,250
"YDL079C",74,110,28,49,45,53
"YDL080C",87,54,37,49,60,41
"YDL081C",329,291,174,105,137,101
"YDL082W",143,81,38,41,45,54
"YDL083C",146,107,70,53,48,53
"YDL084W",267,187,102,151,185,156
"YDL085C-A",7,4,2,13,21,14
"YDL085W",22,12,19,49,55,36
"YDL086C-A",33,29,22,42,52,46
"YDL086W",60,54,28,93,102,88
"YDL087C",10,11,5,20,17,22
"YDL088C",97,93,25,76,101,99
"YDL089W",39,24,11,38,36,28
"YDL090C",32,20,17,35,45,48
"YDL091C",64,71,21,56,80,76
"YDL092W",76,82,21,25,32,38
"YDL093W",39,24,28,33,29,41
"YDL094C",7,22,3,5,2,5
"YDL095W",203,179,117,124,134,120
"YDL096C",9,10,10,3,11,17
"YDL097C",241,193,111,146,191,163
"YDL098C",13,17,5,8,10,15
"YDL099W",73,203,14,44,57,56
"YDL100C",289,262,122,74,103,96
"YDL101C",57,30,23,10,12,14
"YDL102W",91,41,37,49,61,68
"YDL103C",56,35,25,21,34,28
"YDL104C",29,43,19,12,19,15
"YDL105W",47,37,17,22,31,32
"YDL106C",63,60,22,29,48,49
"YDL107W",36,35,11,15,15,17
"YDL108W",38,21,11,25,21,23
"YDL109C",3,5,6,14,25,19
"YDL110C",248,315,93,350,443,432
"YDL111C",18,10,7,6,11,12
"YDL112W",89,49,48,55,54,72
"YDL113C",76,59,23,57,60,65
"YDL114W",7,5,1,4,4,6
"YDL114W-A",8,14,5,6,5,9
"YDL115C",98,151,46,85,127,106
"YDL116W",84,45,31,38,30,46
"YDL117W",58,39,21,26,46,37
"YDL118W",9,3,8,5,4,3
"YDL119C",15,21,3,19,26,18
"YDL120W",111,78,42,35,42,32
"YDL121C",47,42,15,11,18,9
"YDL122W",135,176,31,104,114,113
"YDL123W",19,19,16,14,16,22
"YDL124W",214,198,106,278,304,309
"YDL125C",198,216,150,187,149,159
"YDL126C",972,792,741,728,801,670
"YDL127W",18,19,14,12,13,11
"YDL128W",128,105,70,145,142,168
"YDL129W",14,9,12,12,16,13
"YDL130W",325,272,166,99,123,104
"YDL130W-A",344,608,74,92,96,128
"YDL131W",108,89,62,33,46,54
"YDL132W",150,121,74,81,104,89
"YDL133C-A",539,359,179,167,218,226
"YDL133W",48,52,31,39,52,49
"YDL134C",122,102,74,100,128,122
"YDL135C",91,52,28,32,33,42
"YDL136W",23,17,7,8,6,15
"YDL137W",278,256,169,195,217,227
"YDL138W",32,33,29,72,85,88
"YDL139C",22,31,5,24,32,33
"YDL140C",426,279,324,447,505,439
"YDL141W",8,15,9,8,16,10
"YDL142C",32,22,24,39,25,38
"YDL143W",219,133,113,97,138,127
"YDL144C",41,46,39,13,23,17
"YDL145C",254,172,132,146,198,200
"YDL146W",18,21,10,13,15,20
"YDL147W",523,431,162,240,306,357
"YDL148C",100,100,8,23,29,49
"YDL149W",72,46,35,81,104,115
"YDL150W",33,26,10,14,18,30
"YDL151C",11,4,1,3,12,3
"YDL152W",13,10,2,2,8,5
"YDL153C",121,136,31,45,53,67
"YDL154W",19,31,13,19,13,25
"YDL155W",45,42,17,37,35,50
"YDL156W",18,28,15,14,20,10
"YDL157C",50,50,32,15,25,29
"YDL158C",14,39,10,27,20,29
"YDL159C-B",5,11,4,9,6,9
"YDL159W",72,81,28,43,64,45
"YDL159W-A",0,0,0,0,0,0
"YDL160C",192,123,92,131,136,134
"YDL160C-A",18,13,7,7,7,11
"YDL161W",189,219,34,26,56,51
"YDL162C",2,0,1,0,0,0
"YDL163W",3,0,2,2,3,0
"YDL164C",38,37,17,14,20,25
"YDL165W",52,54,14,26,47,39
"YDL166C",53,45,23,8,7,15
"YDL167C",44,28,19,12,20,15
"YDL168W",724,765,351,222,262,251
"YDL169C",37,27,14,45,37,38
"YDL170W",88,98,45,107,133,120
"YDL171C",1150,771,941,984,1058,947
"YDL172C",26,69,13,25,25,32
"YDL173W",53,101,21,30,40,42
"YDL174C",176,154,108,207,207,172
"YDL175C",39,50,16,36,28,32
"YDL176W",35,37,13,37,41,44
"YDL177C",16,29,8,12,4,7
"YDL178W",139,89,68,78,101,100
"YDL179W",19,31,12,9,10,13
"YDL180W",116,110,78,51,48,40
"YDL181W",462,526,193,152,158,186
"YDL182W",62,64,58,45,57,38
"YDL183C",35,33,14,32,28,51
"YDL184C",242,137,118,50,86,72
"YDL185C-A",52,90,23,66,91,88
"YDL185W",650,512,423,770,843,730
"YDL186W",5,2,3,5,3,6
"YDL187C",0,0,0,0,2,2
"YDL188C",69,50,50,104,109,83
"YDL189W",8,20,6,9,16,19
"YDL190C",118,71,65,99,121,112
"YDL191W",21,29,10,6,11,9
"YDL192W",335,271,127,88,111,128
"YDL193W",26,28,14,17,15,29
"YDL194W",60,54,35,78,92,65
"YDL195W",129,143,109,164,185,172
"YDL196W",1,2,1,6,3,0
"YDL197C",23,27,22,28,30,31
"YDL198C",177,126,105,97,117,88
"YDL199C",33,32,19,55,64,58
"YDL200C",33,34,19,11,18,21
"YDL201W",36,39,22,30,30,20
"YDL202W",32,50,7,14,19,15
"YDL203C",39,21,16,27,31,38
"YDL204W",222,261,74,190,237,249
"YDL205C",175,189,53,70,84,92
"YDL206W",110,74,52,126,132,112
"YDL207W",79,95,41,102,111,87
"YDL208W",105,102,38,44,32,37
"YDL209C",27,8,8,11,15,18
"YDL210W",18,20,18,168,204,197
"YDL211C",9,11,16,5,7,3
"YDL212W",136,109,68,80,75,82
"YDL213C",69,144,17,34,48,51
"YDL214C",66,62,37,50,60,70
"YDL215C",303,188,160,291,397,347
"YDL216C",24,22,12,18,22,25
"YDL217C",25,14,6,11,13,8
"YDL218W",3,8,7,9,9,15
"YDL219W",25,25,4,7,8,8
"YDL220C",15,6,18,22,22,21
"YDL221W",7,6,9,5,8,12
"YDL222C",12,21,18,17,33,35
"YDL223C",291,318,103,723,882,986
"YDL224C",19,16,21,38,36,36
"YDL225W",57,106,30,34,46,55
"YDL226C",48,31,39,20,15,28
"YDL227C",5,7,1,6,8,7
"YDL228C",39,39,26,20,32,19
"YDL229W",102,48,57,51,48,54
"YDL230W",49,41,23,43,48,36
"YDL231C",195,136,134,265,309,318
"YDL232W",52,47,11,22,15,16
"YDL233W",24,33,12,22,25,33
"YDL234C",123,123,73,91,111,96
"YDL235C",49,28,13,28,39,45
"YDL236W",128,75,68,121,131,108
"YDL237W",168,118,131,120,126,101
"YDL238C",39,17,14,71,82,83
"YDL239C",79,158,25,291,362,376
"YDL240C-A",0,0,0,1,0,0
"YDL240W",98,40,29,51,65,60
"YDL241W",1,3,1,3,3,3
"YDL242W",7,2,5,2,4,5
"YDL243C",408,355,314,22,24,20
"YDL244W",1,0,0,0,1,0
"YDL245C",0,0,0,0,0,0
"YDL246C",0,0,0,0,0,0
"YDL247W",0,0,0,0,0,0
"YDL247W-A",0,0,0,0,0,0
"YDL248W",20,22,12,9,12,18
"YDR001C",268,300,179,463,513,486
"YDR002W",400,402,143,157,201,247
"YDR003W",76,64,71,42,41,41
"YDR003W-A",31,34,30,23,25,31
"YDR004W",41,35,20,29,38,35
"YDR005C",95,65,28,87,115,107
"YDR006C",148,132,73,195,225,225
"YDR007W",57,54,28,32,50,39
"YDR008C",21,18,17,17,18,22
"YDR009W",22,16,13,14,14,8
"YDR010C",1,2,2,3,4,5
"YDR011W",641,431,433,247,297,257
"YDR012W",44,24,17,34,24,23
"YDR013W",28,22,7,10,10,12
"YDR014W",35,55,6,14,27,31
"YDR014W-A",0,2,1,1,1,1
"YDR015C",1,1,0,1,0,0
"YDR016C",17,10,10,8,4,5
"YDR017C",112,87,37,110,129,141
"YDR018C",11,11,7,15,23,19
"YDR019C",67,41,38,49,37,46
"YDR020C",16,11,10,9,14,5
"YDR021W",17,13,9,22,16,20
"YDR022C",22,27,13,33,32,24
"YDR023W",314,176,121,101,138,163
"YDR024W",0,0,2,0,0,1
"YDR025W",141,138,63,51,47,42
"YDR026C",98,125,26,62,74,77
"YDR027C",99,92,52,100,118,135
"YDR028C",280,244,61,237,277,283
"YDR029W",24,35,7,18,14,31
"YDR030C",87,106,26,82,108,99
"YDR031W",105,108,42,33,41,64
"YDR032C",443,352,228,98,106,122
"YDR033W",2068,1126,1216,670,684,668
"YDR034C",272,351,124,144,167,151
"YDR034C-A",0,0,0,0,0,0
"YDR034C-C",0,0,0,0,0,0
"YDR034C-D",0,0,0,0,0,0
"YDR034W-B",10,12,11,3,4,2
"YDR035W",253,204,123,150,172,143
"YDR036C",130,123,81,51,89,82
"YDR037W",325,219,146,182,224,201
"YDR038C",8,14,3,5,6,4
"YDR039C",0,0,0,0,0,0
"YDR040C",4,3,0,2,7,2
"YDR041W",102,100,46,44,32,35
"YDR042C",20,14,5,13,23,25
"YDR043C",397,492,159,170,202,216
"YDR044W",81,87,46,33,47,47
"YDR045C",31,27,10,12,10,14
"YDR046C",37,30,25,7,5,9
"YDR047W",73,87,49,49,60,48
"YDR048C",2,3,2,0,4,2
"YDR049W",42,74,15,32,37,51
"YDR050C",1607,1360,894,2537,2778,2696
"YDR051C",93,79,37,61,61,72
"YDR052C",93,117,17,83,76,94
"YDR053W",10,9,4,25,19,16
"YDR054C",158,187,43,73,98,83
"YDR055W",234,210,201,152,123,123
"YDR056C",81,90,43,54,73,74
"YDR057W",70,60,20,34,48,36
"YDR058C",46,44,13,38,46,58
"YDR059C",162,117,116,79,107,91
"YDR060W",213,233,63,64,72,79
"YDR061W",106,70,47,86,66,74
"YDR062W",123,111,62,80,72,90
"YDR063W",66,60,20,25,38,36
"YDR064W",582,388,300,182,212,188
"YDR065W",24,13,6,14,8,18
"YDR066C",11,12,8,6,9,8
"YDR067C",64,45,19,30,32,27
"YDR068W",50,116,14,25,43,55
"YDR069C",188,130,81,101,136,137
"YDR070C",98,163,29,544,639,622
"YDR071C",129,121,39,38,57,65
"YDR072C",51,44,36,89,74,72
"YDR073W",31,41,10,23,24,14
"YDR074W",289,254,182,590,681,730
"YDR075W",38,29,17,16,14,17
"YDR076W",31,38,12,27,26,33
"YDR077W",943,834,644,1920,1883,1996
"YDR078C",35,32,9,19,20,24
"YDR079C-A",23,23,16,12,20,22
"YDR079W",114,173,48,58,78,77
"YDR080W",51,53,25,50,56,53
"YDR081C",81,63,28,90,65,95
"YDR082W",40,37,16,35,32,25
"YDR083W",52,77,16,22,37,35
"YDR084C",39,34,29,44,29,29
"YDR085C",41,50,20,51,63,56
"YDR086C",182,186,58,53,88,104
"YDR087C",41,31,18,20,27,16
"YDR088C",51,106,8,31,40,28
"YDR089W",37,38,18,172,177,168
"YDR090C",58,33,31,80,90,101
"YDR091C",124,46,77,92,85,72
"YDR092W",68,63,40,60,58,60
"YDR093W",70,65,58,79,70,64
"YDR094W",1,0,0,0,0,0
"YDR095C",4,4,4,2,4,4
"YDR096W",223,221,92,165,156,170
"YDR097C",79,45,41,44,46,55
"YDR098C",66,66,29,23,24,28
"YDR098C-A",0,0,0,0,0,0
"YDR098C-B",0,0,0,0,0,0
"YDR099W",556,647,166,380,549,521
"YDR100W",50,26,30,21,26,43
"YDR101C",85,44,26,24,32,48
"YDR102C",2,2,0,1,2,3
"YDR103W",31,46,18,23,30,30
"YDR104C",84,59,52,58,58,77
"YDR105C",109,79,89,121,118,103
"YDR106W",5,5,2,4,5,3
"YDR107C",41,19,23,29,35,43
"YDR108W",56,36,26,40,44,30
"YDR109C",40,40,20,43,33,50
"YDR110W",56,62,14,33,61,56
"YDR111C",17,19,10,22,26,23
"YDR112W",3,1,4,6,4,7
"YDR113C",39,29,8,13,10,13
"YDR114C",12,12,2,7,9,9
"YDR115W",72,90,33,41,37,32
"YDR116C",109,121,55,49,61,56
"YDR117C",49,40,14,23,39,31
"YDR118W",21,16,18,19,33,42
"YDR118W-A",1,2,0,1,2,1
"YDR119W",76,44,43,85,117,106
"YDR119W-A",886,1238,443,1063,1284,1273
"YDR120C",104,89,34,39,45,69
"YDR121W",28,32,14,12,34,21
"YDR122W",100,110,54,154,198,191
"YDR123C",29,20,22,29,40,24
"YDR124W",21,23,11,14,30,16
"YDR125C",36,20,18,21,20,22
"YDR126W",32,41,18,11,10,13
"YDR127W",230,199,196,134,147,138
"YDR128W",77,66,42,73,100,96
"YDR129C",264,172,169,216,263,240
"YDR130C",22,28,8,27,28,26
"YDR131C",39,20,2,32,33,43
"YDR132C",53,42,29,30,34,31
"YDR133C",278,275,172,131,158,110
"YDR135C",874,424,559,254,259,296
"YDR136C",10,3,4,0,4,2
"YDR137W",78,44,30,41,50,54
"YDR138W",57,38,20,38,46,54
"YDR139C",70,80,19,37,49,52
"YDR140W",50,46,26,36,35,44
"YDR141C",120,73,63,119,131,126
"YDR142C",28,23,15,17,20,15
"YDR143C",42,34,14,42,56,50
"YDR144C",41,21,14,3,8,7
"YDR145W",91,79,26,28,36,52
"YDR146C",24,12,7,0,1,1
"YDR147W",24,21,10,43,37,27
"YDR148C",505,413,280,301,256,284
"YDR149C",72,167,18,48,63,67
"YDR150W",616,705,165,450,531,585
"YDR151C",72,89,33,64,57,60
"YDR152W",77,92,29,36,45,37
"YDR153C",63,83,22,43,52,63
"YDR154C",20,41,11,14,22,20
"YDR155C",319,250,178,244,291,240
"YDR156W",8,10,9,1,8,5
"YDR157W",2,7,2,3,4,6
"YDR158W",242,168,175,139,161,145
"YDR159W",124,161,31,79,114,105
"YDR160W",80,59,28,36,39,41
"YDR161W",53,29,25,35,28,35
"YDR162C",71,44,16,18,24,33
"YDR163W",32,58,5,22,24,32
"YDR164C",70,35,25,39,55,34
"YDR165W",47,34,15,20,27,30
"YDR166C",89,96,25,102,84,118
"YDR167W",97,62,37,29,34,40
"YDR168W",175,141,39,104,124,131
"YDR169C",42,65,14,76,84,80
"YDR169C-A",1,2,1,1,1,1
"YDR170C",383,292,171,264,362,390
"YDR170W-A",0,0,0,0,0,0
"YDR171W",684,1412,273,315,425,421
"YDR172W",140,111,51,67,96,102
"YDR173C",58,85,18,75,86,86
"YDR174W",154,200,62,61,75,70
"YDR175C",58,54,38,25,25,36
"YDR176W",84,93,19,34,59,67
"YDR177W",184,227,76,87,88,103
"YDR178W",752,595,591,378,383,333
"YDR179C",23,24,9,7,13,17
"YDR179W-A",31,20,17,23,18,20
"YDR180W",75,45,36,43,42,50
"YDR181C",65,56,13,25,34,23
"YDR182W",119,89,73,90,97,89
"YDR182W-A",6,2,0,14,11,4
"YDR183C-A",2,4,1,1,1,1
"YDR183W",16,25,9,10,12,13
"YDR184C",44,35,8,17,21,17
"YDR185C",34,33,18,25,23,26
"YDR186C",245,241,84,228,268,290
"YDR187C",29,9,26,21,18,27
"YDR188W",182,131,99,106,143,90
"YDR189W",80,79,35,50,46,56
"YDR190C",119,87,51,63,65,90
"YDR191W",13,10,7,7,8,12
"YDR192C",20,15,10,13,19,18
"YDR193W",2,0,3,3,8,3
"YDR194C",380,320,95,136,153,167
"YDR194W-A",0,0,0,0,0,0
"YDR195W",68,81,21,47,71,65
"YDR196C",86,86,25,52,71,92
"YDR197W",51,50,23,35,56,35
"YDR198C",27,18,10,13,20,26
"YDR199W",22,60,4,17,22,33
"YDR200C",58,112,15,41,45,59
"YDR201W",31,25,10,2,7,6
"YDR202C",64,52,18,32,55,56
"YDR203W",15,9,1,18,8,16
"YDR204W",65,66,47,64,67,65
"YDR205W",50,44,49,57,75,52
"YDR206W",67,42,24,59,99,63
"YDR207C",36,63,5,43,45,56
"YDR208W",156,133,58,164,192,159
"YDR209C",52,37,11,16,22,27
"YDR210C-C",0,0,0,0,0,0
"YDR210C-D",0,0,0,0,0,0
"YDR210W",37,41,20,11,18,14
"YDR210W-A",0,0,0,0,0,0
"YDR210W-B",0,0,0,0,0,0
"YDR211W",202,118,68,93,92,106
"YDR212W",119,107,95,75,96,88
"YDR213W",43,20,16,41,57,51
"YDR214W",143,113,73,93,106,84
"YDR215C",2,2,6,8,11,4
"YDR216W",228,200,155,180,189,132
"YDR217C",111,99,28,74,93,87
"YDR218C",9,11,4,1,2,2
"YDR219C",64,86,22,36,61,60
"YDR220C",5,5,2,1,2,3
"YDR221W",45,27,35,59,36,54
"YDR222W",19,22,10,33,43,37
"YDR223W",29,35,22,109,145,120
"YDR224C",432,352,138,191,199,274
"YDR225W",242,151,166,64,99,74
"YDR226W",516,337,258,149,189,160
"YDR227W",114,174,39,100,157,145
"YDR228C",57,41,15,32,46,48
"YDR229W",52,47,10,26,37,48
"YDR230W",122,154,52,49,75,58
"YDR231C",169,281,92,97,120,116
"YDR232W",233,262,150,155,180,141
"YDR233C",278,261,128,153,212,171
"YDR234W",128,65,92,50,46,48
"YDR235W",48,33,6,27,27,28
"YDR236C",27,16,22,31,27,26
"YDR237W",93,89,46,43,42,40
"YDR238C",303,169,137,191,221,227
"YDR239C",38,31,19,31,45,51
"YDR240C",35,14,17,19,29,19
"YDR241W",13,7,1,2,4,4
"YDR242W",53,55,31,127,163,169
"YDR243C",39,22,15,53,62,72
"YDR244W",108,81,38,90,93,107
"YDR245W",130,72,72,74,95,93
"YDR246W",41,42,13,46,67,64
"YDR246W-A",1,3,0,1,3,2
"YDR247W",96,164,74,198,224,220
"YDR248C",85,79,28,50,67,62
"YDR249C",41,32,34,37,36,42
"YDR250C",0,0,0,2,1,1
"YDR251W",139,126,64,107,120,109
"YDR252W",6,4,2,3,7,2
"YDR253C",29,69,1,9,9,13
"YDR254W",64,74,27,61,79,88
"YDR255C",90,74,35,77,98,86
"YDR256C",35,36,32,49,47,43
"YDR257C",42,27,16,13,8,16
"YDR258C",1124,1753,418,382,555,544
"YDR259C",52,111,17,16,14,20
"YDR260C",41,33,20,26,23,12
"YDR261C",102,84,82,61,43,52
"YDR261C-C",0,0,0,0,0,0
"YDR261C-D",0,0,0,0,0,0
"YDR261W-A",0,0,0,0,0,0
"YDR261W-B",0,0,0,0,0,0
"YDR262W",100,94,68,187,197,188
"YDR263C",19,24,10,31,28,24
"YDR264C",80,36,54,73,75,68
"YDR265W",34,35,17,31,27,44
"YDR266C",79,66,24,59,61,78
"YDR267C",46,33,22,23,15,25
"YDR268W",30,26,14,6,22,12
"YDR269C",9,4,5,7,7,7
"YDR270W",75,48,60,90,111,110
"YDR271C",25,29,10,29,26,20
"YDR272W",115,142,41,134,159,186
"YDR273W",12,35,8,48,68,47
"YDR274C",1,7,2,7,9,6
"YDR275W",79,77,22,97,99,115
"YDR276C",669,656,361,561,593,547
"YDR277C",63,54,36,95,94,87
"YDR278C",0,0,0,0,2,2
"YDR279W",30,25,12,24,21,24
"YDR280W",61,44,29,26,26,28
"YDR281C",5,7,3,21,21,19
"YDR282C",23,20,10,18,22,25
"YDR283C",196,149,100,173,195,208
"YDR284C",161,116,72,129,156,142
"YDR285W",20,44,2,15,21,29
"YDR286C",30,25,13,19,14,21
"YDR287W",25,11,5,25,24,17
"YDR288W",36,30,11,28,43,42
"YDR289C",59,73,13,27,38,36
"YDR290W",3,4,1,0,2,7
"YDR291W",88,51,42,57,82,69
"YDR292C",69,48,23,27,54,45
"YDR293C",490,389,325,997,1014,949
"YDR294C",144,99,93,65,65,77
"YDR295C",84,101,18,31,43,61
"YDR296W",112,147,34,28,54,51
"YDR297W",284,246,135,176,169,186
"YDR298C",574,509,338,229,224,224
"YDR299W",105,118,19,16,29,26
"YDR300C",61,32,21,41,36,39
"YDR301W",88,76,48,57,83,80
"YDR302W",58,50,21,21,26,27
"YDR303C",72,55,16,42,32,50
"YDR304C",212,189,140,139,159,152
"YDR305C",37,42,19,27,38,44
"YDR306C",102,128,40,90,115,138
"YDR307W",63,40,28,56,63,78
"YDR308C",27,24,5,6,8,14
"YDR309C",60,67,23,39,58,49
"YDR310C",128,107,48,107,137,144
"YDR311W",74,71,25,47,59,52
"YDR312W",39,36,14,18,21,15
"YDR313C",124,111,66,144,150,140
"YDR314C",47,24,21,53,67,56
"YDR315C",33,25,10,21,37,35
"YDR316W",167,263,30,56,76,73
"YDR316W-A",0,0,0,0,0,0
"YDR316W-B",0,0,0,0,0,0
"YDR317W",15,16,14,29,24,33
"YDR318W",52,59,22,28,30,32
"YDR319C",23,25,15,43,37,34
"YDR320C",50,77,16,33,24,23
"YDR320C-A",94,81,34,15,20,50
"YDR320W-B",0,3,1,0,0,0
"YDR321W",27,18,17,13,20,11
"YDR322C-A",564,520,232,117,167,160
"YDR322W",120,106,58,65,58,65
"YDR323C",21,29,9,20,19,26
"YDR324C",65,47,27,14,17,26
"YDR325W",44,48,27,24,29,24
"YDR326C",152,118,49,156,158,163
"YDR327W",50,57,23,33,31,49
"YDR328C",112,105,57,60,80,109
"YDR329C",111,97,48,84,74,78
"YDR330W",54,50,16,51,54,52
"YDR331W",58,44,33,40,32,40
"YDR332W",28,26,8,30,44,31
"YDR333C",62,51,29,44,50,59
"YDR334W",83,94,42,97,140,129
"YDR335W",251,248,150,160,209,214
"YDR336W",31,31,12,15,16,25
"YDR337W",122,128,37,24,50,53
"YDR338C",57,34,45,87,98,116
"YDR339C",54,62,20,32,33,41
"YDR340W",0,0,0,0,0,0
"YDR341C",261,157,123,124,133,126
"YDR342C",5,11,2,4,6,8
"YDR343C",0,0,0,2,0,0
"YDR344C",2,0,0,4,6,7
"YDR345C",455,488,298,2014,2295,2133
"YDR346C",259,197,119,115,159,157
"YDR347W",118,78,51,52,67,61
"YDR348C",63,74,31,47,60,55
"YDR349C",74,67,50,70,92,88
"YDR350C",62,48,35,44,57,50
"YDR351W",84,57,36,65,74,83
"YDR352W",62,45,36,43,43,54
"YDR353W",159,115,76,82,91,90
"YDR354C-A",11,3,12,4,2,4
"YDR354W",58,50,34,14,13,19
"YDR355C",12,9,4,1,0,1
"YDR356W",149,284,24,53,61,56
"YDR357C",53,61,11,17,31,29
"YDR358W",81,79,35,70,122,102
"YDR359C",63,86,20,70,88,72
"YDR360W",6,4,6,5,6,5
"YDR361C",79,84,40,53,64,87
"YDR362C",46,41,30,40,47,35
"YDR363W",35,58,13,37,37,47
"YDR363W-A",145,204,35,28,36,45
"YDR364C",40,33,27,24,33,56
"YDR365C",53,130,18,53,62,56
"YDR365W-A",0,0,0,0,0,0
"YDR365W-B",0,0,0,0,0,0
"YDR366C",4,2,3,5,2,3
"YDR367W",72,49,43,36,50,47
"YDR368W",239,204,102,141,171,155
"YDR369C",50,28,11,30,45,30
"YDR370C",48,38,15,31,33,34
"YDR371C-A",0,3,0,3,5,4
"YDR371W",28,22,9,14,35,43
"YDR372C",230,183,84,75,93,84
"YDR373W",92,71,47,40,51,48
"YDR374C",6,6,2,1,1,4
"YDR374W-A",18,18,7,18,32,17
"YDR375C",92,80,40,71,78,75
"YDR376W",87,58,50,45,83,59
"YDR377W",665,502,275,238,269,271
"YDR378C",94,66,43,44,59,51
"YDR379C-A",124,154,36,49,42,57
"YDR379W",89,111,20,120,122,156
"YDR380W",116,47,35,13,18,13
"YDR381C-A",88,140,36,33,56,69
"YDR381W",257,245,145,134,187,189
"YDR382W",320,193,108,123,159,140
"YDR383C",24,31,11,11,10,12
"YDR384C",10,9,3,16,14,6
"YDR385W",51,37,34,52,53,40
"YDR386W",39,38,15,35,30,26
"YDR387C",50,28,43,49,26,34
"YDR388W",95,158,54,68,94,92
"YDR389W",101,85,51,72,76,81
"YDR390C",69,67,27,43,61,57
"YDR391C",20,13,9,47,57,46
"YDR392W",47,55,27,35,38,46
"YDR393W",76,68,19,35,39,40
"YDR394W",269,234,145,106,159,140
"YDR395W",117,61,79,67,67,93
"YDR396W",28,35,21,20,25,26
"YDR397C",34,37,12,19,34,36
"YDR398W",97,88,51,50,55,63
"YDR399W",273,195,99,107,156,148
"YDR400W",90,93,44,27,36,26
"YDR401W",4,2,0,1,3,4
"YDR402C",12,11,6,3,7,11
"YDR403W",19,11,11,12,17,14
"YDR404C",38,44,35,25,37,29
"YDR405W",59,109,28,36,23,30
"YDR406W",114,148,92,680,844,802
"YDR406W-A",2,8,1,11,20,12
"YDR407C",98,56,26,62,63,74
"YDR408C",88,83,51,47,39,44
"YDR409W",23,38,4,36,43,42
"YDR410C",30,18,23,19,24,21
"YDR411C",83,88,52,38,38,34
"YDR412W",63,98,16,19,36,31
"YDR413C",42,63,6,18,27,23
"YDR414C",36,36,28,13,27,25
"YDR415C",44,32,22,20,23,24
"YDR416W",53,44,28,40,39,46
"YDR417C",291,179,121,115,118,116
"YDR418W",458,322,232,160,188,201
"YDR419W",40,29,17,60,72,59
"YDR420W",134,192,83,176,191,206
"YDR421W",130,102,49,63,64,69
"YDR422C",79,59,40,92,84,109
"YDR423C",29,39,15,24,31,32
"YDR424C",60,58,21,30,48,47
"YDR425W",56,56,14,62,70,61
"YDR426C",15,35,2,7,17,21
"YDR427W",205,181,86,78,101,109
"YDR428C",15,14,6,4,11,5
"YDR429C",199,197,62,73,69,91
"YDR430C",62,44,29,75,73,77
"YDR431W",2,1,1,2,2,4
"YDR432W",37,31,18,16,22,24
"YDR433W",3,3,0,3,2,1
"YDR434W",73,60,41,46,51,53
"YDR435C",55,35,40,50,66,49
"YDR436W",47,35,27,73,63,60
"YDR437W",2,2,2,6,6,3
"YDR438W",23,22,19,47,73,51
"YDR439W",11,18,5,17,21,15
"YDR440W",28,39,12,14,23,22
"YDR441C",62,38,58,30,29,54
"YDR442W",14,8,7,4,11,11
"YDR443C",98,58,42,78,105,88
"YDR444W",68,68,34,74,99,91
"YDR445C",8,18,4,4,14,7
"YDR446W",0,4,0,1,0,1
"YDR447C",173,173,60,46,56,67
"YDR448W",22,29,14,22,21,18
"YDR449C",23,18,3,12,15,9
"YDR450W",204,157,67,66,84,88
"YDR451C",56,29,27,12,15,14
"YDR452W",199,281,108,161,211,175
"YDR453C",12,19,11,10,18,9
"YDR454C",88,82,59,52,69,73
"YDR455C",25,7,18,17,24,15
"YDR456W",280,179,200,292,302,242
"YDR457W",496,345,293,627,641,671
"YDR458C",96,155,27,93,112,135
"YDR459C",25,17,13,27,43,29
"YDR460W",45,60,12,30,36,33
"YDR461C-A",18,33,7,15,17,17
"YDR461W",35,30,13,9,14,21
"YDR462W",47,56,20,16,36,17
"YDR463W",100,114,23,91,102,121
"YDR464C-A",2,5,2,6,11,9
"YDR464W",111,246,26,117,137,156
"YDR465C",34,29,20,21,22,25
"YDR466W",79,82,34,101,115,121
"YDR467C",28,37,6,24,25,40
"YDR468C",44,36,15,32,26,41
"YDR469W",20,30,7,13,17,25
"YDR470C",60,54,31,48,49,50
"YDR471W",242,195,95,77,97,104
"YDR472W",127,117,97,40,44,44
"YDR473C",72,142,16,51,68,76
"YDR475C",74,56,41,126,128,130
"YDR476C",42,29,42,39,39,27
"YDR477W",43,36,22,50,37,47
"YDR478W",15,16,8,13,19,15
"YDR479C",43,58,31,54,67,57
"YDR480W",18,15,11,17,22,9
"YDR481C",124,95,62,143,143,174
"YDR482C",15,22,11,13,20,21
"YDR483W",326,213,216,318,328,277
"YDR484W",31,43,12,29,36,38
"YDR485C",130,239,26,72,135,103
"YDR486C",82,64,19,35,44,55
"YDR487C",445,365,235,146,183,156
"YDR488C",6,7,8,4,0,1
"YDR489W",15,10,5,4,11,8
"YDR490C",43,69,37,62,76,74
"YDR491C",47,52,22,80,87,75
"YDR492W",191,214,107,287,260,245
"YDR493W",37,52,22,13,14,27
"YDR494W",129,127,34,57,77,98
"YDR495C",115,125,21,56,67,79
"YDR496C",105,108,32,39,58,58
"YDR497C",554,521,321,240,274,259
"YDR498C",54,33,20,21,25,34
"YDR499W",61,70,16,44,54,65
"YDR500C",290,257,124,76,117,95
"YDR501W",17,7,10,3,4,3
"YDR502C",85,66,69,60,82,47
"YDR503C",26,22,10,13,16,8
"YDR504C",38,54,13,49,40,44
"YDR505C",288,204,119,236,266,291
"YDR506C",25,15,21,29,38,40
"YDR507C",124,166,53,28,39,46
"YDR508C",29,35,18,8,7,5
"YDR509W",5,6,3,1,1,1
"YDR510C-A",48,56,19,18,24,29
"YDR510W",205,200,90,90,127,120
"YDR511W",74,84,30,18,32,27
"YDR512C",80,102,38,30,39,35
"YDR513W",541,507,330,220,277,302
"YDR514C",40,37,21,24,26,27
"YDR515W",91,121,13,28,30,33
"YDR516C",285,337,167,301,378,309
"YDR517W",74,62,45,76,77,52
"YDR518W",59,41,23,31,47,43
"YDR519W",87,99,51,33,31,36
"YDR520C",54,47,30,41,54,46
"YDR521W",4,13,4,3,9,4
"YDR522C",4,8,9,2,12,5
"YDR523C",16,17,8,14,26,22
"YDR524C",77,51,37,74,78,96
"YDR524C-A",0,3,0,0,0,2
"YDR524C-B",3092,2583,1296,691,829,752
"YDR524W-C",866,839,281,287,270,249
"YDR525W",0,0,0,0,0,0
"YDR525W-A",61,59,55,31,27,30
"YDR526C",21,28,11,23,24,23
"YDR527W",93,108,30,62,77,83
"YDR528W",72,107,22,32,37,45
"YDR529C",1503,2159,574,405,521,553
"YDR530C",114,115,71,99,138,126
"YDR531W",74,42,34,22,35,26
"YDR532C",54,92,5,18,25,31
"YDR533C",1183,893,705,780,934,949
"YDR534C",5,6,6,5,9,9
"YDR535C",13,2,7,3,9,2
"YDR536W",366,280,234,39,36,32
"YDR537C",18,12,7,12,10,12
"YDR538W",28,12,9,14,15,12
"YDR539W",87,60,67,61,98,108
"YDR540C",10,15,0,10,14,15
"YDR541C",29,19,20,39,61,54
"YDR542W",0,0,0,0,0,0
"YDR543C",0,0,0,0,0,0
"YDR544C",0,0,0,0,0,0
"YDR545C-A",0,0,0,0,0,0
"YDR545W",0,0,0,0,0,0
"YEL001C",53,48,33,43,49,42
"YEL002C",232,136,113,139,145,166
"YEL003W",31,93,5,14,21,43
"YEL004W",30,23,11,20,33,19
"YEL005C",36,49,8,39,33,39
"YEL006W",56,34,29,64,91,80
"YEL007W",84,156,34,62,56,63
"YEL008C-A",0,1,1,1,1,1
"YEL008W",4,0,3,3,0,0
"YEL009C",2849,2495,992,1336,1718,1552
"YEL009C-A",2,3,1,1,2,4
"YEL010W",3,1,3,5,4,0
"YEL011W",195,292,131,331,382,366
"YEL012W",247,335,88,111,134,144
"YEL013W",121,62,79,107,116,109
"YEL014C",6,10,5,2,5,5
"YEL015W",60,42,24,33,34,42
"YEL016C",24,23,22,21,32,15
"YEL017C-A",537,504,276,375,350,313
"YEL017W",22,18,15,17,7,15
"YEL018C-A",13,27,5,5,9,10
"YEL018W",33,44,11,20,16,29
"YEL019C",27,28,11,23,32,30
"YEL020C",99,83,40,114,127,136
"YEL020C-B",83,69,29,12,21,28
"YEL020W-A",147,173,41,49,48,59
"YEL021W",65,53,28,42,51,41
"YEL022W",98,58,40,58,92,71
"YEL023C",21,37,10,23,44,34
"YEL024W",1182,698,535,405,516,475
"YEL025C",121,105,79,94,92,113
"YEL026W",111,73,55,55,50,38
"YEL027W",740,452,405,484,540,449
"YEL028W",16,13,2,7,16,13
"YEL029C",54,39,27,31,35,41
"YEL030C-A",0,0,1,2,3,1
"YEL030W",13,15,4,10,18,16
"YEL031W",534,337,417,279,271,230
"YEL032C-A",3,4,4,6,8,14
"YEL032W",67,49,36,85,92,69
"YEL033W",192,206,105,170,178,154
"YEL034C-A",652,570,412,562,610,589
"YEL034W",666,512,338,499,585,547
"YEL035C",3,3,1,5,5,5
"YEL036C",50,54,22,41,37,36
"YEL037C",68,78,54,44,53,71
"YEL038W",30,24,27,50,29,37
"YEL039C",258,459,64,218,286,374
"YEL040W",15,12,5,9,11,7
"YEL041W",92,39,44,62,92,72
"YEL042W",113,65,57,41,51,35
"YEL043W",59,62,26,81,72,70
"YEL044W",17,21,19,26,30,20
"YEL045C",10,11,4,21,10,16
"YEL046C",79,39,53,63,75,62
"YEL047C",54,22,39,50,33,37
"YEL048C",19,4,12,2,4,2
"YEL049W",0,0,0,3,2,0
"YEL050C",139,147,70,75,82,82
"YEL050W-A",41,71,25,35,39,31
"YEL051W",277,235,80,133,141,164
"YEL052W",161,88,90,79,100,71
"YEL053C",71,56,26,29,32,36
"YEL053W-A",133,39,79,22,36,34
"YEL054C",225,107,131,51,65,59
"YEL055C",130,81,56,92,120,115
"YEL056W",39,27,29,26,27,22
"YEL057C",3,6,2,3,3,3
"YEL058W",105,73,77,113,134,125
"YEL059C-A",15,29,7,14,15,16
"YEL059W",10,8,4,5,8,8
"YEL060C",443,585,491,1398,1517,1548
"YEL061C",80,102,16,35,37,63
"YEL062W",55,30,20,71,74,69
"YEL063C",455,353,314,777,797,739
"YEL064C",43,29,47,47,49,42
"YEL065W",41,36,31,58,65,74
"YEL066W",158,117,112,55,74,75
"YEL067C",27,16,6,8,11,13
"YEL068C",22,24,24,14,20,29
"YEL069C",146,301,83,0,0,0
"YEL070W",0,3,2,0,0,0
"YEL071W",534,374,304,86,93,94
"YEL072W",72,62,36,26,50,28
"YEL073C",13,9,7,11,15,15
"YEL074W",3,6,0,1,6,1
"YEL075C",0,0,0,0,0,0
"YEL075W-A",0,0,0,0,0,0
"YEL076C",0,0,0,0,0,0
"YEL076C-A",0,0,0,0,0,0
"YEL077C",0,0,0,0,0,0
"YEL077W-A",0,0,0,0,0,0
"YER001W",215,147,92,224,251,255
"YER002W",174,323,16,51,60,79
"YER003C",148,106,90,51,55,57
"YER004W",137,86,107,73,97,77
"YER005W",45,21,29,56,54,68
"YER006C-A",3,1,1,8,3,5
"YER006W",128,94,68,55,66,69
"YER007C-A",47,51,12,27,26,23
"YER007W",14,11,4,26,25,16
"YER008C",149,254,41,165,184,186
"YER009W",199,173,114,94,88,88
"YER010C",44,42,18,80,86,92
"YER011W",0,2,0,6,12,8
"YER012W",271,213,78,69,118,113
"YER013W",82,105,49,107,114,106
"YER014C-A",23,24,9,27,21,20
"YER014W",65,45,33,49,55,45
"YER015W",18,12,15,27,39,31
"YER016W",52,52,16,18,23,26
"YER017C",144,169,97,121,130,134
"YER018C",21,21,26,15,17,19
"YER019C-A",161,151,64,103,98,111
"YER019W",25,33,22,26,25,32
"YER020W",74,70,33,61,84,55
"YER021W",348,277,150,157,227,177
"YER022W",70,46,21,32,46,45
"YER023C-A",11,6,8,15,14,9
"YER023W",49,79,41,61,59,53
"YER024W",126,103,90,57,62,53
"YER025W",207,157,124,152,158,168
"YER026C",203,187,114,140,167,148
"YER027C",71,51,43,56,50,37
"YER028C",16,23,5,33,51,46
"YER029C",38,76,15,31,35,29
"YER030W",109,253,11,28,41,51
"YER031C",101,64,47,54,75,79
"YER032W",44,39,10,12,27,34
"YER033C",41,60,21,80,81,107
"YER034W",19,44,6,22,33,28
"YER035W",114,148,52,186,191,193
"YER036C",286,185,190,304,351,339
"YER037W",111,100,39,172,214,259
"YER038C",19,30,9,29,44,65
"YER038W-A",32,25,21,53,51,40
"YER039C",46,36,39,57,60,54
"YER039C-A",15,10,10,18,20,19
"YER040W",61,50,24,70,71,82
"YER041W",29,33,14,31,37,53
"YER042W",47,54,24,41,46,60
"YER043C",476,253,256,342,294,334
"YER044C",248,209,126,211,290,309
"YER044C-A",18,8,4,9,9,8
"YER045C",278,285,112,165,202,214
"YER046W",43,47,12,16,22,19
"YER046W-A",27,21,6,15,14,16
"YER047C",98,95,38,68,96,66
"YER048C",128,88,33,65,86,90
"YER048W-A",86,93,44,22,32,21
"YER049W",128,67,65,65,76,80
"YER050C",147,186,24,26,46,56
"YER051W",52,43,30,47,64,56
"YER052C",259,232,177,73,88,65
"YER053C",2072,2698,1089,802,891,786
"YER053C-A",342,396,191,389,455,407
"YER054C",78,131,22,84,101,93
"YER055C",130,104,89,41,48,36
"YER056C",556,293,283,584,648,555
"YER056C-A",162,191,49,30,53,60
"YER057C",230,193,151,141,155,169
"YER058W",38,49,10,18,23,27
"YER059W",44,54,17,46,62,67
"YER060W",39,35,25,56,88,52
"YER060W-A",23,11,4,18,9,8
"YER061C",39,33,20,55,56,60
"YER062C",101,85,55,186,223,190
"YER063W",141,148,66,70,103,75
"YER064C",10,6,7,2,10,5
"YER065C",213,158,99,49,69,68
"YER066C-A",133,214,68,56,73,79
"YER066W",12,12,9,25,23,27
"YER067C-A",305,528,124,137,151,136
"YER067W",467,829,186,166,208,244
"YER068C-A",18,4,10,6,14,12
"YER068W",100,96,40,77,82,108
"YER069W",140,103,75,100,124,127
"YER070W",149,67,94,57,52,61
"YER071C",33,34,9,27,25,37
"YER072W",141,109,74,55,60,63
"YER073W",29,38,15,29,34,25
"YER074W",195,141,71,50,50,41
"YER074W-A",63,64,25,36,34,34
"YER075C",59,37,16,87,108,102
"YER076C",15,8,2,5,14,2
"YER076W-A",3,0,2,1,2,3
"YER077C",43,35,11,29,23,31
"YER078C",113,82,48,59,61,68
"YER078W-A",1,2,1,2,1,1
"YER079C-A",15,13,14,10,17,9
"YER079W",57,115,22,78,75,100
"YER080W",99,126,33,106,138,128
"YER081W",133,134,58,100,122,99
"YER082C",53,50,10,34,33,52
"YER083C",40,57,31,37,34,34
"YER084W",6,7,3,3,2,4
"YER084W-A",2,2,4,5,4,6
"YER085C",4,9,2,2,5,6
"YER086W",140,65,66,67,63,56
"YER087C-A",15,16,10,8,13,17
"YER087C-B",139,112,68,67,80,106
"YER087W",31,24,15,35,36,38
"YER088C",157,292,82,248,239,252
"YER088C-A",3,4,6,5,4,3
"YER088W-B",5,4,3,5,1,1
"YER089C",32,27,27,24,18,18
"YER090C-A",15,3,7,4,7,9
"YER090W",139,93,106,69,67,76
"YER091C",651,365,494,497,549,481
"YER091C-A",1,3,1,0,0,2
"YER092W",60,72,29,19,24,35
"YER093C",91,71,34,103,120,118
"YER093C-A",31,20,7,15,21,16
"YER094C",198,171,102,110,122,141
"YER095W",100,57,78,62,63,57
"YER096W",28,24,34,35,31,32
"YER097W",2,4,2,2,9,3
"YER098W",80,68,22,48,65,69
"YER099C",61,51,46,104,103,94
"YER100W",112,101,43,50,70,82
"YER101C",23,20,21,71,67,58
"YER102W",98,52,25,24,26,20
"YER103W",473,814,205,68,107,82
"YER104W",29,25,13,17,17,27
"YER105C",180,122,104,195,173,202
"YER106W",7,14,2,7,9,8
"YER107C",56,35,30,34,31,38
"YER107W-A",19,4,8,9,13,7
"YER110C",171,93,118,173,162,158
"YER111C",102,125,15,61,77,73
"YER112W",71,93,7,27,13,34
"YER113C",34,28,34,27,49,41
"YER114C",77,66,44,90,118,116
"YER115C",13,22,3,10,12,12
"YER116C",50,35,21,40,54,57
"YER117W",337,214,159,70,105,100
"YER118C",49,44,21,12,26,24
"YER119C",4,12,5,35,28,19
"YER119C-A",24,4,10,17,7,16
"YER120W",127,96,96,85,95,85
"YER121W",10,16,1,4,12,10
"YER122C",137,137,51,63,79,104
"YER123W",91,55,24,48,56,74
"YER124C",155,132,57,53,50,48
"YER125W",233,180,207,312,334,330
"YER126C",57,40,18,15,19,29
"YER127W",51,45,10,15,32,20
"YER128W",4,21,5,16,10,13
"YER129W",129,103,35,121,150,162
"YER130C",67,51,24,32,36,46
"YER131W",212,190,69,40,54,67
"YER132C",103,89,46,190,212,231
"YER133W",383,469,121,260,344,360
"YER133W-A",17,10,2,14,16,17
"YER134C",17,19,10,30,31,21
"YER135C",6,3,2,1,2,1
"YER136W",245,144,121,239,268,271
"YER137C",9,13,1,1,5,11
"YER137C-A",0,0,0,0,0,0
"YER137W-A",1,6,2,1,3,1
"YER138C",0,0,0,0,0,0
"YER138W-A",0,0,0,0,0,0
"YER139C",30,18,7,20,23,20
"YER140W",58,45,25,55,63,57
"YER141W",522,357,398,1019,1059,1083
"YER142C",104,100,32,68,106,104
"YER143W",109,55,47,49,57,77
"YER144C",39,39,33,29,22,26
"YER145C",94,80,76,32,30,26
"YER145C-A",32,46,14,17,14,21
"YER146W",30,49,15,26,23,26
"YER147C",24,18,12,37,44,32
"YER147C-A",130,91,45,24,52,41
"YER148W",183,195,68,60,77,81
"YER148W-A",14,19,3,9,9,13
"YER149C",24,23,15,15,25,12
"YER150W",1055,1731,481,627,677,601
"YER151C",113,137,44,123,126,154
"YER152C",21,23,21,28,23,28
"YER152W-A",4,3,6,3,3,4
"YER153C",1,2,0,5,1,0
"YER154W",26,42,16,19,18,36
"YER155C",399,232,130,398,382,397
"YER156C",29,21,13,23,23,24
"YER157W",51,28,20,42,38,42
"YER158C",189,145,97,303,336,304
"YER158W-A",36,48,7,12,13,17
"YER159C",33,82,11,26,27,32
"YER159C-A",0,0,0,0,0,0
"YER160C",0,0,0,0,0,0
"YER161C",71,122,24,90,90,86
"YER162C",69,66,27,61,90,92
"YER163C",48,31,28,32,45,36
"YER164W",124,159,43,158,196,195
"YER165C-A",18,10,9,18,16,16
"YER165W",405,365,172,359,362,309
"YER166W",236,165,136,254,281,252
"YER167W",85,77,35,99,95,108
"YER168C",43,39,24,19,58,33
"YER169W",82,75,48,195,224,210
"YER170W",24,17,10,10,5,6
"YER171W",56,41,33,37,53,45
"YER172C",144,88,77,175,206,223
"YER172C-A",2,1,2,1,5,4
"YER173W",30,34,13,25,50,40
"YER174C",79,51,50,55,69,68
"YER175C",31,23,18,40,37,30
"YER175W-A",4,0,3,2,5,4
"YER176W",91,206,46,107,139,111
"YER177W",682,673,411,521,609,566
"YER178W",452,318,292,273,308,301
"YER179W",0,6,0,2,11,6
"YER180C",16,26,8,13,13,7
"YER180C-A",15,8,3,7,4,9
"YER181C",1,1,0,5,4,1
"YER182W",165,214,48,99,114,115
"YER183C",30,27,12,20,30,21
"YER184C",32,17,27,36,36,39
"YER185W",13,7,8,7,12,1
"YER186C",74,71,42,70,103,81
"YER187W",6,12,3,7,15,10
"YER188C-A",0,0,0,0,0,0
"YER188W",0,0,0,0,0,0
"YER189W",0,0,0,0,0,0
"YER190C-A",0,0,0,0,0,0
"YER190C-B",0,0,0,0,0,0
"YER190W",0,0,0,0,0,0
"YFL001W",22,24,7,9,17,17
"YFL002C",52,71,19,14,28,27
"YFL002W-A",0,0,0,0,0,0
"YFL002W-B",0,0,0,0,0,0
"YFL003C",14,15,1,10,13,17
"YFL004W",241,174,134,254,276,262
"YFL005W",158,133,136,132,116,144
"YFL007W",306,200,251,380,416,434
"YFL008W",138,198,38,56,71,80
"YFL009W",49,50,30,54,53,52
"YFL010C",46,47,37,21,29,18
"YFL010W-A",24,44,16,15,25,17
"YFL011W",1,2,3,0,2,1
"YFL012W",1,1,1,0,1,0
"YFL012W-A",3,0,0,3,6,6
"YFL013C",52,56,22,46,68,65
"YFL013W-A",24,41,7,22,42,32
"YFL014W",757,1496,265,443,655,803
"YFL015C",2,2,0,0,2,2
"YFL015W-A",0,0,0,2,0,0
"YFL016C",145,364,72,119,154,158
"YFL017C",17,24,10,4,10,11
"YFL017W-A",45,54,25,25,18,13
"YFL018C",560,510,307,201,255,209
"YFL019C",2,6,1,8,9,7
"YFL020C",2,0,0,1,1,1
"YFL021C-A",22,24,17,64,58,61
"YFL021W",70,98,41,218,219,202
"YFL022C",86,56,45,47,55,61
"YFL023W",101,146,17,70,77,69
"YFL024C",47,61,25,52,74,73
"YFL025C",62,36,38,41,44,39
"YFL026W",13,13,5,13,24,9
"YFL027C",47,26,29,27,33,25
"YFL028C",94,90,42,41,64,48
"YFL029C",18,31,10,26,29,35
"YFL030W",228,209,138,328,388,323
"YFL031C-A",18,17,23,19,13,9
"YFL031W",291,388,283,194,207,192
"YFL032W",28,29,40,15,12,14
"YFL033C",192,171,90,316,345,331
"YFL034C-A",64,56,15,24,24,23
"YFL034C-B",24,28,6,7,6,7
"YFL034W",72,99,28,65,115,104
"YFL036W",336,216,152,186,240,175
"YFL037W",124,83,60,55,45,52
"YFL038C",285,315,130,183,216,214
"YFL039C",1679,1253,1186,956,1013,910
"YFL040W",8,11,3,3,1,6
"YFL041W",98,90,74,86,73,86
"YFL041W-A",4,7,0,14,11,10
"YFL042C",52,55,39,87,98,87
"YFL044C",60,25,50,40,53,39
"YFL045C",195,143,111,89,84,64
"YFL046W",38,41,9,16,22,29
"YFL047W",26,31,11,19,15,25
"YFL048C",106,92,62,48,57,57
"YFL049W",63,65,23,39,58,68
"YFL050C",103,76,49,88,117,88
"YFL051C",4,10,5,0,5,3
"YFL052W",44,35,34,20,8,8
"YFL053W",17,11,7,2,3,0
"YFL054C",19,19,15,6,23,13
"YFL055W",7,3,5,7,5,9
"YFL056C",44,10,35,2,2,2
"YFL058W",0,0,0,0,0,0
"YFL059W",0,0,0,0,0,0
"YFL060C",0,0,0,0,0,0
"YFL061W",0,0,0,0,0,0
"YFL062W",0,0,0,1,0,0
"YFL063W",0,0,0,0,0,0
"YFL064C",0,0,0,0,0,0
"YFL065C",0,0,0,0,0,0
"YFL066C",0,0,0,0,0,0
"YFL067W",0,0,0,0,0,0
"YFL068W",0,0,0,0,0,0
"YFR001W",45,85,10,16,17,35
"YFR002W",152,103,60,71,82,85
"YFR003C",73,120,34,54,56,71
"YFR004W",195,219,78,76,106,103
"YFR005C",36,17,15,26,40,32
"YFR006W",253,166,145,207,253,220
"YFR007W",46,52,24,24,32,37
"YFR008W",9,17,6,9,11,13
"YFR009W",114,61,63,66,96,69
"YFR009W-A",0,0,0,0,0,0
"YFR010W",304,281,87,125,188,158
"YFR010W-A",112,127,29,18,19,36
"YFR011C",254,240,69,34,48,59
"YFR012W",1,5,0,0,3,3
"YFR012W-A",1,0,1,1,1,0
"YFR013W",45,52,17,52,65,51
"YFR014C",106,101,40,82,88,80
"YFR015C",118,183,74,22,18,19
"YFR016C",206,442,47,177,257,262
"YFR017C",84,148,64,211,206,144
"YFR018C",7,11,7,9,7,6
"YFR019W",103,95,64,103,114,115
"YFR020W",36,37,17,45,43,32
"YFR021W",40,28,19,48,43,41
"YFR022W",14,25,14,55,64,50
"YFR023W",7,4,1,5,11,3
"YFR024C-A",109,77,63,85,73,73
"YFR025C",63,54,29,54,54,46
"YFR026C",2,2,3,0,3,1
"YFR027W",15,19,5,4,7,9
"YFR028C",37,39,32,27,28,25
"YFR029W",53,45,25,46,68,64
"YFR030W",215,187,142,131,116,108
"YFR031C",100,126,19,67,93,85
"YFR031C-A",140,160,74,84,80,91
"YFR032C",1,1,1,1,0,1
"YFR032C-A",380,362,126,62,89,108
"YFR032C-B",20,22,12,9,4,13
"YFR033C",1409,3039,353,704,982,1055
"YFR034C",30,22,13,20,21,30
"YFR034W-A",12,9,4,10,5,5
"YFR035C",20,10,9,7,16,14
"YFR036W",31,30,7,11,28,18
"YFR036W-A",59,77,24,26,35,38
"YFR037C",99,139,52,49,62,54
"YFR038W",59,72,26,53,63,67
"YFR039C",76,53,40,32,44,30
"YFR040W",280,309,100,289,352,338
"YFR041C",96,126,15,17,27,25
"YFR042W",42,36,35,8,8,12
"YFR043C",17,29,4,13,13,11
"YFR044C",280,178,212,236,224,237
"YFR045W",54,38,29,45,48,42
"YFR046C",28,26,4,18,23,22
"YFR047C",75,54,49,67,87,85
"YFR048W",40,34,25,50,51,43
"YFR049W",266,314,116,82,93,103
"YFR050C",184,161,82,123,151,132
"YFR051C",44,89,29,51,44,54
"YFR052C-A",16,43,8,43,31,40
"YFR052W",209,163,70,61,90,96
"YFR053C",701,813,423,985,1180,1140
"YFR054C",0,1,2,0,1,2
"YFR055W",55,21,39,98,105,96
"YFR056C",7,4,2,17,13,13
"YFR057W",0,1,0,0,1,1
"YGL001C",107,63,84,233,210,212
"YGL002W",22,28,21,53,50,31
"YGL003C",43,34,30,51,42,34
"YGL004C",37,22,21,31,31,34
"YGL005C",70,56,13,35,28,47
"YGL006W",227,275,99,239,290,268
"YGL006W-A",5,7,1,2,6,1
"YGL007C-A",2,2,2,5,4,1
"YGL007W",2,5,7,17,13,18
"YGL008C",3445,1908,1835,5177,5670,4520
"YGL009C",295,146,204,438,489,472
"YGL010W",31,35,23,31,23,32
"YGL011C",370,320,151,132,198,219
"YGL012W",121,49,73,236,201,200
"YGL013C",88,90,42,102,131,134
"YGL014C-A",3,1,1,1,1,3
"YGL014W",47,70,28,50,51,42
"YGL015C",3,2,7,3,4,1
"YGL016W",93,37,57,65,79,66
"YGL017W",19,20,8,25,27,24
"YGL018C",23,37,11,5,11,20
"YGL019W",119,76,75,87,66,76
"YGL020C",45,48,26,32,39,28
"YGL021W",25,15,10,17,16,12
"YGL022W",117,125,80,60,91,73
"YGL023C",47,47,23,47,50,47
"YGL024W",8,2,4,3,5,5
"YGL025C",23,20,12,22,15,18
"YGL026C",217,149,134,106,115,94
"YGL027C",123,61,68,71,63,65
"YGL028C",83,49,30,27,24,29
"YGL029W",36,98,6,11,15,23
"YGL030W",512,349,260,246,277,200
"YGL031C",361,247,105,82,114,117
"YGL032C",2,4,6,1,2,0
"YGL033W",9,9,3,1,2,0
"YGL034C",1,1,0,1,2,2
"YGL035C",51,70,27,56,77,74
"YGL036W",80,80,27,82,92,104
"YGL037C",330,475,160,303,366,360
"YGL038C",144,83,70,66,110,102
"YGL039W",30,18,8,18,21,21
"YGL040C",168,144,92,99,97,66
"YGL041C",29,39,10,7,9,13
"YGL041C-B",7,4,4,1,2,5
"YGL041W-A",77,76,25,17,33,32
"YGL042C",28,45,9,14,17,15
"YGL043W",65,43,23,21,41,39
"YGL044C",54,55,19,50,51,49
"YGL045W",102,123,53,60,71,73
"YGL047W",24,20,14,7,15,5
"YGL048C",275,227,116,113,144,159
"YGL049C",101,98,27,67,81,68
"YGL050W",49,46,14,24,44,33
"YGL051W",0,0,0,0,0,0
"YGL052W",0,0,0,0,0,0
"YGL053W",1,1,0,0,0,0
"YGL054C",211,211,102,159,144,178
"YGL055W",1101,847,615,3332,3595,3635
"YGL056C",68,69,39,35,48,32
"YGL057C",31,24,13,23,35,25
"YGL058W",118,102,41,36,27,46
"YGL059W",83,90,37,56,77,92
"YGL060W",36,18,27,15,22,26
"YGL061C",43,29,8,9,18,15
"YGL062W",619,662,393,181,209,219
"YGL063C-A",0,1,0,0,1,0
"YGL063W",5,2,6,5,0,1
"YGL064C",33,29,8,10,30,18
"YGL065C",66,40,24,27,40,51
"YGL066W",45,98,19,62,76,72
"YGL067W",63,43,44,40,58,39
"YGL068W",224,158,111,68,87,73
"YGL069C",150,106,98,31,52,45
"YGL070C",49,49,16,13,25,15
"YGL071W",56,77,18,90,118,117
"YGL072C",38,45,8,11,27,27
"YGL073W",193,240,48,138,182,188
"YGL074C",15,29,11,18,18,25
"YGL075C",43,30,18,19,25,28
"YGL076C",111,81,55,37,46,44
"YGL077C",266,186,194,244,282,236
"YGL078C",144,184,53,49,55,52
"YGL079W",16,23,5,11,15,23
"YGL080W",83,96,23,29,27,42
"YGL081W",9,15,2,5,5,5
"YGL082W",68,72,30,48,47,52
"YGL083W",46,31,27,49,63,58
"YGL084C",80,73,66,67,75,78
"YGL085W",18,24,7,11,25,20
"YGL086W",63,172,8,25,34,43
"YGL087C",49,78,30,44,49,55
"YGL088W",0,0,0,0,0,0
"YGL089C",3,7,0,3,3,5
"YGL090W",25,26,9,24,20,22
"YGL091C",54,48,38,25,32,32
"YGL092W",73,64,39,59,74,53
"YGL093W",68,46,30,43,49,59
"YGL094C",141,104,46,116,107,139
"YGL095C",78,91,34,51,68,71
"YGL096W",91,142,44,168,181,155
"YGL097W",70,63,42,55,46,53
"YGL098W",29,21,10,29,20,26
"YGL099W",52,58,24,23,24,35
"YGL100W",70,40,28,43,55,41
"YGL101W",49,48,30,43,37,44
"YGL102C",977,579,529,274,356,325
"YGL103W",1030,681,587,347,413,373
"YGL104C",26,13,14,26,26,33
"YGL105W",187,126,91,109,122,102
"YGL106W",80,109,26,49,45,47
"YGL107C",132,76,60,65,78,89
"YGL108C",43,71,12,14,25,15
"YGL109W",29,50,9,13,16,21
"YGL110C",55,84,15,34,37,42
"YGL111W",36,41,18,23,31,19
"YGL112C",57,36,33,40,51,49
"YGL113W",36,34,13,30,35,29
"YGL114W",231,151,203,86,110,98
"YGL115W",101,80,65,59,66,69
"YGL116W",67,82,31,24,21,20
"YGL117W",360,471,107,17,13,10
"YGL118C",3,3,5,0,0,1
"YGL119W",83,50,57,46,55,41
"YGL120C",76,61,18,24,39,46
"YGL121C",273,235,151,110,136,125
"YGL122C",100,74,57,86,94,87
"YGL123C-A",257,108,122,92,100,116
"YGL123W",669,408,363,246,256,234
"YGL124C",30,22,15,33,39,44
"YGL125W",49,57,38,68,90,78
"YGL126W",43,52,37,15,18,13
"YGL127C",32,46,18,21,27,16
"YGL128C",21,21,4,9,23,15
"YGL129C",118,104,48,46,54,56
"YGL130W",65,56,39,49,65,65
"YGL131C",91,71,49,134,163,151
"YGL132W",11,5,5,11,17,14
"YGL133W",146,172,62,156,200,187
"YGL134W",46,44,32,69,73,68
"YGL135W",121,61,65,77,78,52
"YGL136C",43,50,15,49,65,52
"YGL137W",198,157,135,120,119,130
"YGL138C",1,0,1,0,4,0
"YGL139W",84,59,47,76,100,99
"YGL140C",220,153,146,311,362,321
"YGL141W",77,70,53,83,112,117
"YGL142C",60,45,37,64,67,64
"YGL143C",66,59,25,49,65,70
"YGL144C",55,32,30,45,67,64
"YGL145W",40,29,8,36,37,34
"YGL146C",15,6,10,7,8,6
"YGL147C",50,30,24,11,13,9
"YGL148W",171,171,113,64,69,57
"YGL149W",14,34,6,16,32,17
"YGL150C",173,219,63,202,226,240
"YGL151W",110,88,23,64,67,79
"YGL152C",33,33,12,23,42,36
"YGL153W",49,50,23,53,47,56
"YGL154C",17,23,15,24,26,28
"YGL155W",21,15,6,24,21,19
"YGL156W",378,434,256,573,716,644
"YGL157W",219,144,74,63,91,85
"YGL158W",5,5,3,6,7,8
"YGL159W",22,18,15,31,28,29
"YGL160W",66,50,38,76,66,58
"YGL161C",88,64,51,57,54,72
"YGL162W",2,4,0,2,0,2
"YGL163C",94,129,59,113,97,124
"YGL164C",41,61,13,20,36,38
"YGL165C",39,39,15,31,42,32
"YGL166W",38,49,22,33,35,32
"YGL167C",257,207,203,166,165,160
"YGL168W",52,80,22,32,32,30
"YGL169W",36,35,17,24,37,29
"YGL170C",5,8,2,8,3,6
"YGL171W",45,47,16,20,25,40
"YGL172W",45,48,20,37,54,48
"YGL173C",340,340,183,308,349,342
"YGL174W",45,41,2,14,13,23
"YGL175C",9,9,9,10,9,4
"YGL176C",30,31,23,23,43,32
"YGL177W",16,5,7,13,26,16
"YGL178W",164,129,55,205,196,211
"YGL179C",44,67,28,55,54,50
"YGL180W",83,96,44,186,188,165
"YGL181W",38,40,23,41,38,41
"YGL182C",11,6,1,3,1,3
"YGL183C",13,33,5,9,7,9
"YGL184C",72,100,45,45,36,39
"YGL185C",24,28,17,36,40,41
"YGL186C",220,207,145,157,181,149
"YGL187C",1198,1046,612,414,516,477
"YGL188C",149,243,61,81,69,61
"YGL188C-A",2,11,1,10,7,5
"YGL189C",444,422,154,165,189,221
"YGL190C",122,80,35,93,100,107
"YGL191W",1272,1752,423,575,719,812
"YGL192W",40,31,32,20,39,30
"YGL193C",0,0,0,0,0,0
"YGL194C",30,30,16,27,38,24
"YGL194C-A",25,13,8,6,7,8
"YGL195W",271,153,229,254,252,272
"YGL196W",164,155,110,198,238,207
"YGL197W",77,85,45,110,122,130
"YGL198W",60,37,48,39,35,36
"YGL199C",37,25,21,25,16,6
"YGL200C",280,199,166,72,89,87
"YGL201C",59,62,26,43,62,56
"YGL202W",170,114,115,79,81,69
"YGL203C",84,143,23,85,105,106
"YGL204C",3,5,1,1,7,1
"YGL205W",26,24,19,88,78,102
"YGL206C",613,267,390,496,583,652
"YGL207W",208,169,98,93,115,145
"YGL208W",35,37,24,26,34,26
"YGL209W",37,49,8,68,65,47
"YGL210W",74,93,32,38,67,53
"YGL211W",52,49,43,63,67,62
"YGL212W",36,19,11,23,24,27
"YGL213C",82,44,34,44,41,39
"YGL214W",26,31,19,25,26,18
"YGL215W",37,63,25,125,124,121
"YGL216W",46,27,23,49,64,44
"YGL217C",6,4,6,4,8,6
"YGL218W",77,57,37,19,35,37
"YGL219C",237,269,93,106,148,192
"YGL220W",65,40,49,38,38,29
"YGL221C",96,46,30,29,48,41
"YGL222C",60,72,21,54,60,55
"YGL223C",50,31,25,37,38,33
"YGL224C",75,62,25,37,58,68
"YGL225W",215,117,154,119,115,105
"YGL226C-A",101,98,50,38,53,64
"YGL226W",67,60,27,25,38,33
"YGL227W",123,91,35,119,139,145
"YGL228W",163,162,82,152,172,192
"YGL229C",21,29,6,41,52,40
"YGL230C",4,7,1,1,0,1
"YGL231C",70,62,27,25,41,46
"YGL232W",21,25,5,9,14,17
"YGL233W",70,78,39,47,55,61
"YGL234W",113,64,82,33,42,45
"YGL235W",8,2,4,3,0,5
"YGL236C",25,40,23,26,21,26
"YGL237C",12,10,3,7,3,7
"YGL238W",168,92,71,98,114,115
"YGL239C",10,5,8,9,10,3
"YGL240W",5,5,8,12,11,13
"YGL241W",57,29,27,31,49,41
"YGL242C",30,24,3,22,18,18
"YGL243W",21,18,10,16,17,16
"YGL244W",109,128,26,43,54,58
"YGL245W",209,163,125,202,219,233
"YGL246C",83,49,31,27,37,32
"YGL247W",25,36,12,16,22,21
"YGL248W",85,87,35,68,92,71
"YGL249W",15,15,8,13,14,22
"YGL250W",27,23,28,15,24,28
"YGL251C",27,17,15,51,60,51
"YGL252C",182,146,97,121,166,163
"YGL253W",184,134,127,242,309,261
"YGL254W",40,18,16,25,33,38
"YGL255W",26,27,17,41,33,35
"YGL256W",27,27,14,39,27,31
"YGL257C",42,33,29,46,59,48
"YGL258W",0,0,0,0,0,0
"YGL258W-A",12,6,4,10,5,5
"YGL259W",11,2,4,8,7,13
"YGL260W",0,0,0,0,0,0
"YGL261C",0,0,0,0,0,0
"YGL262W",7,10,8,9,14,4
"YGL263W",5,1,6,13,27,27
"YGR001C",38,52,17,36,51,37
"YGR002C",47,40,17,32,55,52
"YGR003W",71,30,43,79,73,72
"YGR004W",24,17,13,18,17,18
"YGR005C",89,109,27,53,68,73
"YGR006W",22,13,6,6,8,10
"YGR007W",55,48,27,68,54,50
"YGR008C",304,541,97,69,83,124
"YGR009C",133,227,34,105,128,160
"YGR010W",26,14,9,18,23,30
"YGR011W",5,2,5,6,5,7
"YGR012W",29,25,14,20,22,18
"YGR013W",62,107,37,58,61,69
"YGR014W",81,83,55,58,74,61
"YGR015C",20,17,10,9,6,4
"YGR016W",7,10,6,7,6,12
"YGR017W",91,100,29,38,65,49
"YGR018C",34,35,8,10,24,21
"YGR019W",32,37,17,95,118,108
"YGR020C",121,120,67,79,75,73
"YGR021W",70,73,27,22,55,33
"YGR022C",11,7,8,15,13,15
"YGR023W",21,27,22,58,76,72
"YGR024C",63,54,30,50,70,73
"YGR025W",27,33,7,28,37,40
"YGR026W",188,166,70,176,199,226
"YGR027C",546,426,358,203,284,270
"YGR027W-A",0,0,0,0,0,0
"YGR027W-B",0,0,0,0,0,0
"YGR028W",182,173,87,77,93,77
"YGR029W",70,70,24,31,37,36
"YGR030C",20,37,6,21,32,38
"YGR031C-A",10,5,5,2,5,3
"YGR031W",24,15,11,12,19,16
"YGR032W",1577,1218,1410,2177,2288,1921
"YGR033C",59,56,24,31,49,36
"YGR034W",236,154,96,86,114,102
"YGR035C",11,25,2,62,75,81
"YGR035W-A",7,17,5,18,26,27
"YGR036C",16,12,9,23,15,23
"YGR037C",206,168,100,105,136,110
"YGR038C-A",0,0,0,0,0,0
"YGR038C-B",0,0,0,0,0,0
"YGR038W",20,20,12,28,33,35
"YGR039W",5,6,4,2,2,2
"YGR040W",25,12,18,11,12,13
"YGR041W",53,38,28,30,35,33
"YGR042W",57,78,18,30,29,37
"YGR043C",74,89,29,130,146,163
"YGR044C",22,25,24,34,41,41
"YGR045C",4,4,2,6,5,3
"YGR046W",49,46,24,30,58,40
"YGR047C",105,80,30,69,97,102
"YGR048W",72,83,37,40,45,46
"YGR049W",29,20,8,61,75,83
"YGR050C",13,5,5,12,20,11
"YGR051C",2,4,2,9,5,6
"YGR052W",14,10,1,48,87,73
"YGR053C",27,33,10,15,19,34
"YGR054W",54,36,22,29,32,35
"YGR055W",21,23,10,2,6,2
"YGR056W",26,39,25,29,54,43
"YGR057C",43,38,7,20,22,14
"YGR058W",60,55,41,40,57,44
"YGR059W",4,9,1,1,3,2
"YGR060W",430,345,196,604,639,669
"YGR061C",340,182,238,165,197,175
"YGR062C",43,34,24,16,22,21
"YGR063C",59,33,45,27,22,29
"YGR064W",30,22,18,18,13,13
"YGR065C",75,39,42,34,39,26
"YGR066C",15,19,4,22,26,17
"YGR067C",107,91,69,12,11,12
"YGR068C",13,11,12,9,18,16
"YGR068W-A",2,0,0,1,1,0
"YGR069W",3,2,4,0,0,1
"YGR070W",124,141,54,103,127,104
"YGR071C",56,33,21,36,46,55
"YGR072W",72,162,15,74,100,110
"YGR073C",19,11,17,7,16,11
"YGR074W",47,28,18,24,25,23
"YGR075C",24,22,25,18,21,21
"YGR076C",40,59,13,16,16,29
"YGR077C",45,38,20,30,40,38
"YGR078C",14,14,3,8,7,10
"YGR079W",72,46,40,151,138,123
"YGR080W",82,72,35,60,57,83
"YGR081C",30,25,13,9,5,10
"YGR082W",90,121,86,66,64,58
"YGR083C",98,178,35,48,70,66
"YGR084C",64,79,27,21,41,40
"YGR085C",158,123,61,36,46,53
"YGR086C",347,470,180,265,352,344
"YGR087C",40,30,20,818,949,955
"YGR088W",42,70,28,1210,1365,1346
"YGR089W",186,187,44,88,109,145
"YGR090W",133,69,68,64,78,83
"YGR091W",10,15,5,16,19,13
"YGR092W",25,22,22,15,15,18
"YGR093W",73,70,25,48,42,67
"YGR094W",328,273,225,220,258,231
"YGR095C",60,62,20,16,36,36
"YGR096W",9,7,5,11,11,7
"YGR097W",74,55,66,107,106,128
"YGR098C",100,52,38,77,77,75
"YGR099W",52,39,42,43,53,39
"YGR100W",102,87,68,91,105,97
"YGR101W",65,47,45,41,22,32
"YGR102C",38,68,7,47,55,58
"YGR103W",121,176,36,60,56,73
"YGR104C",34,25,12,9,12,14
"YGR105W",53,64,11,24,23,32
"YGR106C",278,195,188,182,200,218
"YGR107W",0,1,2,1,0,0
"YGR108W",25,9,7,2,4,5
"YGR109C",8,3,1,1,2,0
"YGR109W-A",0,0,0,0,0,0
"YGR109W-B",0,0,0,0,0,0
"YGR110W",78,51,35,47,35,45
"YGR111W",54,51,24,43,53,46
"YGR112W",67,43,34,45,51,35
"YGR113W",17,23,7,37,37,41
"YGR114C",0,0,0,0,0,0
"YGR115C",39,87,13,33,25,40
"YGR116W",312,334,103,201,215,226
"YGR117C",54,44,27,33,49,41
"YGR118W",257,135,129,109,117,120
"YGR119C",52,54,14,22,15,24
"YGR120C",31,16,12,13,27,23
"YGR121C",19,19,17,50,47,35
"YGR121W-A",0,6,2,1,1,1
"YGR122C-A",0,0,1,0,0,0
"YGR122W",19,11,6,25,30,26
"YGR123C",29,15,13,17,25,19
"YGR124W",191,153,112,50,44,53
"YGR125W",577,478,277,1093,1296,1218
"YGR126W",11,9,1,10,10,13
"YGR127W",30,28,11,35,49,50
"YGR128C",77,43,15,15,13,22
"YGR129W",23,25,4,12,10,27
"YGR130C",254,440,58,190,227,254
"YGR131W",6,3,4,12,10,11
"YGR132C",408,308,183,154,200,204
"YGR133W",24,18,15,23,22,24
"YGR134W",66,38,47,66,67,74
"YGR135W",232,230,100,97,118,127
"YGR136W",62,38,31,27,35,36
"YGR137W",11,23,6,5,8,9
"YGR138C",54,76,35,78,109,89
"YGR139W",7,7,3,4,4,13
"YGR140W",50,39,20,31,23,30
"YGR141W",48,38,26,53,68,55
"YGR142W",870,2243,284,43,66,68
"YGR143W",172,123,105,270,285,274
"YGR144W",11,9,11,51,57,58
"YGR145W",82,79,25,64,56,55
"YGR146C",17,10,11,11,20,21
"YGR146C-A",0,1,3,5,5,2
"YGR147C",95,62,58,70,69,83
"YGR148C",232,237,92,71,67,92
"YGR149W",50,40,36,59,70,79
"YGR150C",135,116,32,53,76,79
"YGR151C",0,0,0,0,0,0
"YGR152C",14,7,6,4,7,9
"YGR153W",19,19,19,27,31,28
"YGR154C",47,33,24,60,71,46
"YGR155W",266,212,130,145,165,169
"YGR156W",26,26,10,28,22,28
"YGR157W",418,197,261,328,376,340
"YGR158C",43,19,16,13,12,24
"YGR159C",106,40,48,47,59,51
"YGR160W",32,10,13,24,32,24
"YGR161C",134,163,73,197,192,206
"YGR161C-C",0,0,0,0,0,0
"YGR161C-D",0,0,0,0,0,0
"YGR161W-A",0,0,0,0,0,0
"YGR161W-B",0,0,0,0,0,0
"YGR161W-C",64,64,38,20,15,19
"YGR162W",201,130,83,123,149,127
"YGR163W",70,90,34,48,64,45
"YGR164W",7,2,3,2,1,1
"YGR165W",107,74,53,59,61,53
"YGR166W",36,19,13,25,24,15
"YGR167W",193,190,60,104,112,127
"YGR168C",24,29,7,26,19,30
"YGR169C",6,8,2,6,15,8
"YGR169C-A",64,159,12,30,48,53
"YGR170W",80,57,30,48,74,79
"YGR171C",30,22,14,29,25,18
"YGR172C",12,13,11,9,14,12
"YGR173W",38,16,17,12,17,15
"YGR174C",97,103,57,92,112,108
"YGR174W-A",8,15,2,7,11,16
"YGR175C",317,160,234,776,830,770
"YGR176W",1,2,1,2,0,2
"YGR177C",7,4,4,9,11,6
"YGR178C",192,90,102,137,166,143
"YGR179C",33,22,7,13,16,13
"YGR180C",480,362,329,231,254,258
"YGR181W",65,57,29,16,15,22
"YGR182C",259,361,67,127,169,156
"YGR183C",942,849,315,312,412,406
"YGR184C",426,262,259,398,437,444
"YGR185C",80,70,39,28,29,32
"YGR186W",185,276,83,254,379,362
"YGR187C",44,40,17,18,18,18
"YGR188C",43,32,16,19,38,37
"YGR189C",157,114,122,32,27,31
"YGR190C",10,15,7,31,40,30
"YGR191W",71,64,31,89,133,130
"YGR192C",957,890,633,1162,1208,1068
"YGR193C",59,57,26,42,39,37
"YGR194C",80,63,49,46,65,57
"YGR195W",56,48,17,8,23,20
"YGR196C",84,102,33,72,104,101
"YGR197C",29,34,14,23,24,24
"YGR198W",83,73,37,36,64,51
"YGR199W",112,83,78,106,76,86
"YGR200C",71,55,28,40,43,49
"YGR201C",19,27,13,274,288,261
"YGR202C",84,130,44,75,122,93
"YGR203W",15,7,11,4,10,9
"YGR204C-A",0,2,0,1,2,3
"YGR204W",157,154,102,121,102,120
"YGR205W",53,51,18,42,54,53
"YGR206W",28,30,10,17,14,18
"YGR207C",138,95,49,41,49,69
"YGR208W",38,24,23,11,14,7
"YGR209C",619,583,283,358,438,496
"YGR210C",86,78,37,42,53,56
"YGR211W",185,185,130,41,61,59
"YGR212W",26,15,15,11,17,11
"YGR213C",19,23,6,10,22,16
"YGR214W",405,277,199,164,181,206
"YGR215W",53,91,17,34,44,48
"YGR216C",48,34,31,32,42,29
"YGR217W",101,58,62,109,120,123
"YGR218W",413,269,194,390,392,394
"YGR219W",53,75,17,21,26,22
"YGR220C",114,144,34,42,48,62
"YGR221C",20,22,14,10,26,20
"YGR222W",69,69,38,30,37,31
"YGR223C",50,73,34,39,46,49
"YGR224W",4,7,6,14,23,16
"YGR225W",12,8,2,35,32,28
"YGR226C",1,2,0,2,10,7
"YGR227W",62,22,24,38,41,39
"YGR228W",37,101,10,16,27,22
"YGR229C",131,176,36,50,82,99
"YGR230W",5,7,2,5,6,6
"YGR231C",205,238,71,111,137,151
"YGR232W",90,75,43,57,56,59
"YGR233C",131,118,61,134,154,151
"YGR234W",2676,2005,1561,693,821,837
"YGR235C",212,266,102,111,117,120
"YGR236C",84,179,28,89,114,130
"YGR237C",76,78,32,67,97,103
"YGR238C",36,49,10,49,74,53
"YGR239C",119,87,44,28,48,39
"YGR240C",542,333,339,859,1038,885
"YGR240C-A",7,9,3,2,3,3
"YGR241C",132,103,63,49,52,52
"YGR242W",17,3,12,6,1,5
"YGR243W",218,327,128,80,85,57
"YGR244C",702,511,372,227,274,261
"YGR245C",122,85,52,88,95,101
"YGR246C",81,107,29,49,103,84
"YGR247W",45,37,19,23,20,17
"YGR248W",30,28,15,120,157,135
"YGR249W",44,39,13,45,63,57
"YGR250C",339,263,135,137,183,166
"YGR251W",42,46,14,14,24,25
"YGR252W",48,49,25,39,62,56
"YGR253C",158,221,53,59,94,86
"YGR254W",1004,1078,719,1673,1614,1368
"YGR255C",239,229,132,195,218,209
"YGR256W",104,68,69,329,405,332
"YGR257C",71,58,33,87,88,90
"YGR258C",67,91,24,62,76,92
"YGR259C",8,12,9,35,43,47
"YGR260W",75,54,49,145,167,155
"YGR261C",92,79,56,49,62,58
"YGR262C",35,27,17,21,29,34
"YGR263C",39,21,16,24,27,32
"YGR264C",270,132,167,102,112,113
"YGR265W",16,15,21,15,16,11
"YGR266W",39,42,23,32,54,48
"YGR267C",138,140,54,81,78,89
"YGR268C",28,15,23,9,18,16
"YGR269W",5,1,3,11,3,5
"YGR270C-A",10,11,2,21,19,23
"YGR270W",173,262,60,267,347,336
"YGR271C-A",54,90,11,15,29,27
"YGR271W",110,78,51,105,121,110
"YGR273C",2,1,1,0,0,0
"YGR274C",119,111,33,78,93,112
"YGR275W",47,65,12,27,35,38
"YGR276C",72,88,38,60,57,51
"YGR277C",46,38,23,40,33,27
"YGR278W",30,33,7,24,28,21
"YGR279C",1198,1166,661,1115,1122,993
"YGR280C",75,332,15,33,54,58
"YGR281W",486,358,319,546,611,615
"YGR282C",1028,623,859,1037,1089,999
"YGR283C",32,29,18,13,15,8
"YGR284C",148,101,112,77,94,119
"YGR285C",156,198,91,84,112,110
"YGR286C",61,50,37,21,27,22
"YGR287C",6,12,7,11,23,20
"YGR288W",0,0,0,0,0,0
"YGR289C",0,0,0,0,0,0
"YGR290W",0,0,0,0,0,0
"YGR291C",0,0,0,0,0,0
"YGR292W",0,0,0,0,0,0
"YGR293C",0,0,0,0,0,0
"YGR294W",0,0,0,0,0,0
"YGR295C",0,0,0,0,0,0
"YGR296C-A",0,0,0,0,0,0
"YGR296C-B",0,0,0,0,0,0
"YGR296W",0,0,0,0,0,0
"YHL001W",189,142,96,54,83,95
"YHL002C-A",20,19,16,8,16,18
"YHL002W",88,109,47,51,102,84
"YHL003C",110,77,78,41,48,40
"YHL004W",78,77,48,31,47,51
"YHL005C",3,1,2,1,1,2
"YHL006C",9,10,7,2,6,5
"YHL006W-A",10,9,5,13,2,12
"YHL007C",95,91,53,107,131,138
"YHL008C",10,22,6,9,17,14
"YHL009C",25,29,4,8,18,21
"YHL009W-A",0,0,0,0,0,0
"YHL009W-B",0,0,0,0,0,0
"YHL010C",37,35,16,39,42,49
"YHL011C",70,30,33,60,67,46
"YHL012W",15,11,5,10,26,13
"YHL013C",24,39,5,10,11,7
"YHL014C",26,30,6,19,22,25
"YHL015W",500,470,158,143,163,216
"YHL015W-A",1,1,0,0,0,0
"YHL016C",183,156,112,180,185,190
"YHL017W",52,43,29,43,39,52
"YHL018W",4,1,5,1,4,4
"YHL019C",62,63,17,54,59,55
"YHL019W-A",16,27,11,18,25,19
"YHL020C",112,99,54,62,91,74
"YHL021C",73,72,60,74,83,82
"YHL022C",4,4,0,2,0,0
"YHL023C",116,101,70,131,124,134
"YHL024W",84,92,63,28,30,32
"YHL025W",47,42,29,67,75,78
"YHL026C",19,10,7,14,16,19
"YHL027W",155,134,72,197,240,199
"YHL028W",29,62,18,205,223,262
"YHL029C",127,61,48,94,116,103
"YHL030W",199,125,132,155,168,168
"YHL030W-A",41,55,37,18,34,40
"YHL031C",82,66,42,47,56,49
"YHL032C",219,344,96,41,55,42
"YHL033C",94,60,48,37,38,27
"YHL034C",333,373,123,212,270,254
"YHL034W-A",164,185,71,115,142,102
"YHL035C",46,31,14,52,48,44
"YHL036W",91,59,78,33,35,18
"YHL037C",1,2,0,0,0,0
"YHL038C",81,64,29,33,38,48
"YHL039W",79,65,40,46,46,60
"YHL040C",137,67,83,46,52,61
"YHL041W",0,0,1,0,1,2
"YHL042W",23,31,12,11,13,9
"YHL043W",23,12,14,5,14,16
"YHL044W",23,15,7,15,38,28
"YHL045W",0,0,0,0,2,0
"YHL046C",0,0,0,0,0,0
"YHL046W-A",2,4,0,3,3,3
"YHL047C",21,10,7,7,11,9
"YHL048C-A",0,0,0,0,0,0
"YHL048W",23,13,8,13,15,12
"YHL049C",0,0,0,0,0,0
"YHL050C",0,0,0,0,0,0
"YHL050W-A",0,0,0,0,0,0
"YHR001W",102,68,57,86,109,111
"YHR001W-A",1100,1118,466,459,582,556
"YHR002W",45,33,23,39,33,33
"YHR003C",67,47,20,36,42,40
"YHR004C",49,68,26,70,73,78
"YHR005C",20,12,5,3,16,8
"YHR005C-A",280,241,78,53,73,77
"YHR006W",125,121,48,86,100,91
"YHR007C",710,398,433,873,914,908
"YHR007C-A",33,71,11,33,32,25
"YHR008C",1105,1054,556,423,422,418
"YHR009C",269,206,162,196,241,206
"YHR010W",462,348,166,101,110,137
"YHR011W",31,23,8,18,20,20
"YHR012W",88,47,49,41,38,39
"YHR013C",54,32,25,13,17,7
"YHR014W",2,1,2,0,0,2
"YHR015W",8,11,3,1,2,7
"YHR016C",38,62,45,75,69,68
"YHR017W",71,80,41,42,58,41
"YHR018C",645,433,425,297,311,303
"YHR019C",189,106,161,129,135,130
"YHR020W",204,131,142,110,129,121
"YHR021C",578,434,335,262,310,295
"YHR021W-A",1,4,1,7,9,5
"YHR022C",0,5,0,9,10,9
"YHR022C-A",1,0,0,0,1,0
"YHR023W",90,166,25,47,55,78
"YHR024C",84,59,47,34,56,32
"YHR025W",60,55,32,33,24,22
"YHR026W",116,81,66,92,102,56
"YHR027C",559,505,272,263,304,353
"YHR028C",322,231,207,403,429,400
"YHR028W-A",9,7,4,23,20,28
"YHR029C",61,34,49,144,181,186
"YHR030C",76,75,53,49,44,55
"YHR031C",43,30,22,48,42,29
"YHR032C-A",7,4,7,8,7,3
"YHR032W",57,44,40,50,46,48
"YHR032W-A",5,7,7,11,11,11
"YHR033W",8,14,11,12,9,9
"YHR034C",20,10,12,11,13,7
"YHR035W",16,12,13,16,20,10
"YHR036W",49,21,16,28,48,46
"YHR037W",1211,801,572,1081,1175,1238
"YHR038W",28,30,3,7,15,33
"YHR039C",55,44,33,80,73,76
"YHR039C-A",470,572,95,172,215,232
"YHR040W",16,12,9,11,24,16
"YHR041C",24,22,20,13,16,15
"YHR042W",70,80,47,66,75,66
"YHR043C",95,148,38,23,23,20
"YHR044C",27,42,9,19,21,19
"YHR045W",85,47,58,47,55,69
"YHR046C",40,43,20,39,41,37
"YHR047C",29,31,26,22,16,25
"YHR048W",28,28,31,25,27,28
"YHR049C-A",58,75,36,34,36,33
"YHR049W",655,459,356,234,290,272
"YHR050W",223,171,157,128,138,127
"YHR050W-A",122,118,23,48,58,75
"YHR051W",1021,846,373,287,352,421
"YHR052W",132,114,37,32,35,31
"YHR052W-A",0,0,0,0,0,0
"YHR053C",0,0,0,0,0,0
"YHR054C",0,0,0,0,0,0
"YHR054W-A",0,0,0,0,0,0
"YHR055C",0,0,0,0,0,0
"YHR056C",47,26,31,50,59,54
"YHR056W-A",10,3,4,12,6,5
"YHR057C",80,76,39,73,69,63
"YHR058C",43,41,32,13,29,27
"YHR059W",100,95,15,23,29,23
"YHR060W",33,45,8,8,15,17
"YHR061C",18,12,15,17,21,15
"YHR062C",8,4,3,5,7,5
"YHR063C",92,73,32,54,79,80
"YHR063W-A",67,100,27,56,42,59
"YHR064C",272,178,123,153,188,180
"YHR065C",53,46,17,8,13,10
"YHR066W",41,44,6,17,20,31
"YHR067W",11,18,10,30,47,34
"YHR068W",193,138,116,128,115,130
"YHR069C",72,42,40,30,37,48
"YHR069C-A",3,3,6,2,3,3
"YHR070C-A",12,12,5,8,9,1
"YHR070W",29,11,16,23,16,16
"YHR071C-A",5,10,2,5,1,2
"YHR071W",334,485,122,180,202,194
"YHR072W",54,54,38,67,100,86
"YHR072W-A",135,81,38,35,62,60
"YHR073C-B",20,27,8,7,16,12
"YHR073W",156,135,74,80,121,118
"YHR073W-A",0,0,0,0,0,0
"YHR074W",83,63,43,98,120,88
"YHR075C",27,40,27,50,52,62
"YHR076W",83,63,43,34,39,44
"YHR077C",177,154,28,101,114,130
"YHR078W",53,53,30,109,97,116
"YHR079C",62,60,38,115,116,102
"YHR079C-A",4,4,2,1,1,2
"YHR080C",119,131,31,231,265,269
"YHR081W",59,106,12,47,38,50
"YHR082C",309,338,101,372,436,400
"YHR083W",43,36,28,44,42,33
"YHR084W",22,40,14,22,35,22
"YHR085W",28,19,11,13,19,16
"YHR086W",87,56,85,136,137,124
"YHR086W-A",1,1,0,0,0,0
"YHR087W",58,108,17,43,72,51
"YHR088W",65,80,17,29,41,44
"YHR089C",81,76,27,57,76,67
"YHR090C",41,67,15,32,31,21
"YHR091C",71,61,40,57,49,52
"YHR092C",34,28,18,144,168,161
"YHR093W",2,3,1,2,2,1
"YHR094C",66,46,32,894,1019,917
"YHR095W",2,1,0,2,0,0
"YHR096C",28,14,13,43,64,54
"YHR097C",52,66,29,40,57,71
"YHR098C",82,66,46,58,66,64
"YHR099W",376,285,238,326,343,334
"YHR100C",23,30,20,39,45,37
"YHR101C",43,24,21,40,40,36
"YHR102W",115,96,54,169,159,176
"YHR103W",90,95,41,89,100,107
"YHR104W",137,163,109,311,360,344
"YHR105W",4,4,3,7,9,14
"YHR106W",81,63,54,105,106,93
"YHR107C",68,98,31,60,58,58
"YHR108W",133,81,72,75,89,88
"YHR109W",15,19,9,28,18,11
"YHR110W",50,65,27,69,63,61
"YHR111W",98,79,46,56,67,66
"YHR112C",289,232,185,124,161,156
"YHR113W",234,182,164,255,300,225
"YHR114W",25,47,11,31,40,26
"YHR115C",47,48,35,51,59,51
"YHR116W",26,38,9,9,16,13
"YHR117W",99,77,52,42,53,54
"YHR118C",45,21,6,15,18,19
"YHR119W",120,81,35,74,101,96
"YHR120W",33,17,14,21,28,26
"YHR121W",100,110,33,28,46,41
"YHR122W",60,33,37,24,40,28
"YHR123W",58,32,33,31,30,35
"YHR124W",16,20,6,7,15,5
"YHR125W",2,2,0,1,0,0
"YHR126C",1,2,2,1,0,0
"YHR127W",24,29,9,7,17,17
"YHR128W",20,8,11,8,7,8
"YHR129C",10,11,4,6,6,8
"YHR130C",4,6,1,10,6,18
"YHR131C",49,47,42,122,104,123
"YHR131W-A",5,6,2,24,19,17
"YHR132C",163,129,113,111,115,139
"YHR132W-A",52,59,17,42,32,48
"YHR133C",55,41,27,22,30,25
"YHR134W",22,28,12,16,25,27
"YHR135C",70,89,31,58,74,77
"YHR136C",3,2,1,1,3,9
"YHR137C-A",14,9,4,5,6,4
"YHR137W",62,36,28,25,17,14
"YHR138C",257,233,128,109,197,213
"YHR139C",14,11,1,24,19,22
"YHR139C-A",4,1,0,3,3,4
"YHR140W",11,21,12,70,97,85
"YHR141C",82,84,34,25,38,27
"YHR142W",31,28,22,14,23,22
"YHR143W",148,142,78,60,72,54
"YHR143W-A",56,40,24,12,11,12
"YHR144C",12,8,3,6,12,7
"YHR145C",1,4,1,1,1,2
"YHR146W",76,177,32,55,84,68
"YHR147C",72,61,23,29,39,32
"YHR148W",15,10,6,3,5,11
"YHR149C",60,39,27,16,23,16
"YHR150W",37,32,19,54,63,63
"YHR151C",44,25,35,53,53,50
"YHR152W",47,75,13,12,21,26
"YHR153C",6,3,0,2,0,1
"YHR154W",38,57,12,12,14,19
"YHR155W",99,67,40,107,121,128
"YHR156C",29,29,12,16,15,16
"YHR157W",6,3,4,15,23,19
"YHR158C",51,103,13,55,66,78
"YHR159W",25,35,11,36,38,34
"YHR160C",28,16,9,37,37,45
"YHR161C",103,74,45,111,112,112
"YHR162W",488,624,228,240,248,225
"YHR163W",121,67,72,40,43,44
"YHR164C",60,74,27,59,63,53
"YHR165C",217,190,152,218,267,263
"YHR165W-A",4,10,4,8,7,7
"YHR166C",41,35,18,28,21,26
"YHR167W",22,21,12,18,16,21
"YHR168W",22,32,16,25,29,36
"YHR169W",29,40,15,16,16,27
"YHR170W",74,52,24,24,42,60
"YHR171W",54,30,29,49,60,58
"YHR172W",24,12,11,10,24,8
"YHR173C",1,2,4,3,1,2
"YHR174W",113,116,68,323,306,278
"YHR175W",90,54,37,43,53,41
"YHR175W-A",7,22,3,9,14,10
"YHR176W",51,61,24,36,33,36
"YHR177W",15,13,5,9,11,14
"YHR178W",63,48,31,79,88,63
"YHR179W",1026,756,576,294,339,336
"YHR180C-B",0,0,0,0,0,0
"YHR180W",26,18,16,21,33,31
"YHR180W-A",0,1,0,0,0,0
"YHR181W",83,61,47,39,29,51
"YHR182C-A",151,78,91,191,268,249
"YHR182W",25,26,12,36,35,34
"YHR183W",537,324,291,638,746,770
"YHR184W",3,4,0,0,3,5
"YHR185C",0,0,0,0,0,0
"YHR186C",79,77,57,99,131,108
"YHR187W",39,30,16,31,42,30
"YHR188C",52,54,29,38,44,49
"YHR189W",4,7,3,7,7,5
"YHR190W",174,146,100,220,253,257
"YHR191C",35,34,15,30,25,25
"YHR192W",53,38,11,17,19,24
"YHR193C",320,301,144,83,103,106
"YHR193C-A",10,3,4,6,10,8
"YHR194W",26,36,28,58,62,36
"YHR195W",82,81,37,69,75,76
"YHR196W",64,63,15,21,33,26
"YHR197W",40,19,14,22,19,20
"YHR198C",74,81,37,60,85,78
"YHR199C",101,99,83,159,178,114
"YHR199C-A",8,5,7,7,8,4
"YHR200W",85,114,55,50,57,52
"YHR201C",59,46,27,25,34,46
"YHR202W",45,45,34,111,105,107
"YHR203C",99,48,79,50,47,60
"YHR204W",47,27,23,28,45,40
"YHR205W",164,91,83,342,364,306
"YHR206W",86,41,41,70,84,92
"YHR207C",41,34,15,41,34,47
"YHR208W",120,63,54,196,200,201
"YHR209W",27,24,29,19,24,22
"YHR210C",4,4,2,10,8,8
"YHR211W",2,5,4,10,17,12
"YHR212C",0,0,0,0,0,0
"YHR212W-A",0,0,0,0,0,0
"YHR213W",0,0,0,0,0,0
"YHR213W-A",0,0,0,0,0,0
"YHR213W-B",0,0,0,0,0,0
"YHR214C-B",0,0,0,0,0,0
"YHR214C-C",0,0,0,0,0,0
"YHR214C-D",0,0,0,0,0,0
"YHR214C-E",1,1,0,0,0,0
"YHR214W",0,0,0,0,0,0
"YHR214W-A",0,0,0,0,0,0
"YHR215W",0,0,0,1,0,1
"YHR216W",11,12,12,9,11,5
"YHR217C",0,0,0,0,0,0
"YHR218W",0,0,0,0,0,0
"YHR218W-A",0,0,0,0,0,0
"YHR219C-A",0,0,0,0,0,0
"YHR219W",0,0,0,0,0,0
"YIL001W",54,48,22,32,58,33
"YIL002C",70,36,30,64,74,68
"YIL002W-A",44,51,13,26,45,31
"YIL003W",45,32,24,26,50,35
"YIL004C",32,37,8,14,20,11
"YIL005W",136,109,45,105,110,107
"YIL006W",39,24,18,40,35,23
"YIL007C",48,36,30,48,74,75
"YIL008W",40,40,7,9,13,20
"YIL009C-A",27,19,15,14,9,14
"YIL009W",100,71,55,47,57,51
"YIL010W",48,34,12,12,22,31
"YIL011W",7,5,2,8,14,8
"YIL012W",0,2,0,1,0,0
"YIL013C",56,52,31,61,75,76
"YIL014C-A",0,0,0,0,0,0
"YIL014W",67,60,38,83,85,73
"YIL015W",10,8,3,8,11,15
"YIL016W",63,61,40,29,35,21
"YIL017C",94,86,40,93,147,143
"YIL018W",200,127,132,113,83,78
"YIL019W",44,48,11,31,32,53
"YIL020C",34,31,15,31,41,32
"YIL020C-A",26,30,10,11,14,8
"YIL021C-A",16,9,5,7,5,6
"YIL021W",65,55,27,21,29,29
"YIL022W",67,62,30,28,37,30
"YIL023C",12,13,11,20,25,20
"YIL024C",42,49,23,50,93,69
"YIL025C",0,1,1,2,0,1
"YIL026C",116,84,57,40,55,53
"YIL027C",62,70,20,28,29,36
"YIL028W",2,0,2,2,1,1
"YIL029C",6,5,3,2,3,6
"YIL029W-A",14,5,11,9,11,12
"YIL030C",231,109,154,173,233,176
"YIL030W-A",1,1,0,3,4,7
"YIL031W",52,85,24,96,104,89
"YIL032C",0,1,0,0,0,0
"YIL033C",134,108,75,139,173,166
"YIL034C",114,107,66,49,67,80
"YIL035C",88,98,21,37,48,43
"YIL036W",35,68,18,58,72,69
"YIL037C",19,22,6,22,22,21
"YIL038C",50,62,23,48,62,56
"YIL039W",101,56,59,75,60,70
"YIL040W",67,50,20,11,22,16
"YIL041W",157,104,132,116,123,106
"YIL042C",11,14,10,18,21,14
"YIL043C",115,58,81,72,84,74
"YIL044C",58,49,22,47,38,29
"YIL045W",35,59,13,239,305,342
"YIL046W",101,73,96,151,147,117
"YIL046W-A",0,1,1,3,0,5
"YIL047C",242,150,148,298,329,255
"YIL047C-A",8,11,0,17,13,8
"YIL048W",171,94,104,131,156,147
"YIL049W",28,21,7,5,11,14
"YIL050W",65,43,26,71,101,100
"YIL051C",101,86,43,73,79,70
"YIL052C",315,277,112,82,117,119
"YIL053W",27,44,9,161,170,158
"YIL054W",3,2,1,0,0,0
"YIL055C",10,29,8,11,21,24
"YIL056W",360,375,120,380,429,425
"YIL057C",1,2,3,0,0,2
"YIL058W",0,1,0,0,1,2
"YIL059C",15,42,11,52,80,76
"YIL060W",19,28,7,39,60,47
"YIL061C",20,13,13,17,14,13
"YIL062C",157,138,76,63,84,68
"YIL063C",101,125,17,32,55,68
"YIL064W",30,29,14,15,12,16
"YIL065C",79,99,27,24,39,40
"YIL066C",7,16,4,4,9,5
"YIL066W-A",6,2,3,6,5,5
"YIL067C",52,30,43,29,26,23
"YIL068C",77,69,26,47,53,63
"YIL068W-A",11,17,5,11,13,19
"YIL069C",88,49,41,32,39,30
"YIL070C",233,177,97,67,81,81
"YIL071C",62,68,19,107,132,127
"YIL071W-A",31,36,14,49,70,49
"YIL072W",18,16,11,41,50,49
"YIL073C",25,29,10,36,45,44
"YIL074C",126,103,80,36,49,29
"YIL075C",367,648,235,265,320,306
"YIL076W",137,104,39,51,62,51
"YIL077C",37,62,30,46,49,52
"YIL078W",392,271,179,226,242,255
"YIL079C",26,19,10,15,24,22
"YIL082W",0,0,0,0,0,0
"YIL082W-A",0,0,0,0,0,0
"YIL083C",72,85,44,56,69,72
"YIL084C",26,22,18,29,30,38
"YIL085C",76,64,43,83,77,78
"YIL086C",19,27,5,17,32,22
"YIL087C",103,86,66,96,95,74
"YIL088C",241,169,115,233,276,223
"YIL089W",17,8,11,25,21,35
"YIL090W",65,43,47,85,58,61
"YIL091C",77,42,17,43,50,60
"YIL092W",33,27,10,27,48,52
"YIL093C",60,60,31,36,44,44
"YIL094C",190,133,74,103,87,113
"YIL095W",32,37,14,28,44,39
"YIL096C",33,20,4,10,12,18
"YIL097W",83,83,22,43,72,95
"YIL098C",63,98,18,27,41,32
"YIL099W",11,11,4,23,20,18
"YIL100C-A",3,2,2,2,1,3
"YIL100W",0,2,7,7,5,4
"YIL101C",19,44,16,31,24,33
"YIL102C",7,6,11,6,7,5
"YIL102C-A",11,25,8,8,14,10
"YIL103W",89,60,30,39,37,36
"YIL104C",31,36,15,14,19,14
"YIL105C",85,106,34,75,115,98
"YIL105W-A",14,28,1,9,15,16
"YIL106W",6,23,7,20,15,15
"YIL107C",139,175,64,110,146,137
"YIL108W",116,107,75,130,139,132
"YIL109C",130,107,85,82,87,83
"YIL110W",41,33,26,14,18,28
"YIL111W",33,52,8,92,113,129
"YIL112W",173,294,53,200,229,253
"YIL113W",14,18,9,61,73,56
"YIL114C",40,22,26,19,26,26
"YIL115C",154,160,59,136,155,172
"YIL115W-A",25,30,3,15,31,28
"YIL116W",351,259,192,131,182,182
"YIL117C",8,6,5,11,23,20
"YIL118W",51,51,17,43,44,50
"YIL119C",76,123,19,291,379,329
"YIL120W",50,27,30,68,68,58
"YIL121W",82,59,53,80,105,90
"YIL122W",43,45,17,25,36,32
"YIL123W",47,38,33,10,19,16
"YIL124W",84,87,48,48,59,60
"YIL125W",1040,797,707,596,669,623
"YIL126W",264,300,85,153,197,193
"YIL127C",26,55,6,8,8,18
"YIL128W",78,47,33,44,56,56
"YIL129C",264,145,162,354,429,364
"YIL130W",124,118,38,111,132,116
"YIL131C",37,31,15,8,19,14
"YIL132C",5,10,5,7,11,10
"YIL133C",363,223,165,146,184,142
"YIL134C-A",1,1,1,3,0,0
"YIL134W",20,23,8,14,13,7
"YIL135C",65,86,23,59,76,72
"YIL136W",255,377,91,223,311,301
"YIL137C",121,100,61,76,69,82
"YIL138C",99,115,19,20,22,29
"YIL139C",16,17,4,13,19,27
"YIL140W",34,18,15,14,31,22
"YIL141W",0,1,0,0,0,1
"YIL142C-A",23,14,20,13,14,14
"YIL142W",217,145,125,79,105,98
"YIL143C",166,174,99,132,168,154
"YIL144W",65,114,15,38,41,61
"YIL145C",33,15,17,29,35,9
"YIL146C",51,67,38,118,148,138
"YIL147C",107,91,44,97,94,118
"YIL148W",156,176,96,66,60,69
"YIL149C",170,404,20,99,146,171
"YIL150C",34,24,11,23,32,26
"YIL151C",172,151,95,166,174,172
"YIL152W",18,19,2,9,17,11
"YIL153W",14,27,13,13,16,8
"YIL154C",34,36,22,33,36,55
"YIL155C",524,849,242,30,39,53
"YIL156W",33,46,15,37,51,55
"YIL156W-A",42,28,19,14,17,12
"YIL156W-B",78,80,50,30,29,30
"YIL157C",110,100,74,53,69,59
"YIL158W",24,23,11,12,12,11
"YIL159W",24,41,16,18,17,27
"YIL160C",22,10,11,38,61,47
"YIL161W",16,54,10,15,23,39
"YIL162W",106,111,65,21,31,29
"YIL163C",6,6,2,9,9,6
"YIL164C",22,18,30,27,23,20
"YIL165C",25,47,27,12,40,31
"YIL166C",58,28,23,70,88,56
"YIL169C",40,13,27,18,14,12
"YIL170W",0,0,0,0,0,0
"YIL171W",0,0,0,0,0,0
"YIL171W-A",0,0,0,0,0,0
"YIL172C",0,0,0,0,0,0
"YIL173W",0,0,0,0,0,0
"YIL174W",0,0,0,0,0,0
"YIL175W",0,0,0,0,0,0
"YIL176C",0,0,0,0,0,0
"YIL177C",0,0,0,0,0,0
"YIL177W-A",0,0,0,0,0,0
"YIR001C",85,76,17,34,37,38
"YIR002C",103,103,25,62,64,70
"YIR003W",46,51,18,29,57,52
"YIR004W",71,152,24,42,63,64
"YIR005W",9,13,3,9,13,20
"YIR006C",65,94,67,132,128,151
"YIR007W",20,24,15,25,36,40
"YIR008C",38,27,24,17,18,26
"YIR009W",15,14,5,6,3,8
"YIR010W",26,52,13,26,31,33
"YIR011C",45,53,23,37,48,35
"YIR012W",78,37,42,34,39,33
"YIR013C",0,1,0,0,0,0
"YIR014W",21,37,6,16,32,31
"YIR015W",9,13,5,14,23,13
"YIR016W",25,34,18,35,41,37
"YIR017C",63,63,48,22,20,19
"YIR017W-A",46,44,22,20,14,20
"YIR018C-A",8,10,6,13,12,13
"YIR018W",29,30,15,20,25,18
"YIR019C",2530,4197,1223,287,256,270
"YIR020C",0,0,0,0,0,0
"YIR020C-B",29,26,8,6,9,4
"YIR020W-A",1,0,0,1,1,1
"YIR021W",40,58,20,16,17,15
"YIR021W-A",0,1,0,0,0,0
"YIR022W",99,74,52,50,44,42
"YIR023C-A",7,25,1,12,20,26
"YIR023W",70,61,28,81,95,97
"YIR024C",54,87,12,12,17,22
"YIR025W",25,31,14,12,18,17
"YIR026C",42,29,24,16,11,18
"YIR027C",25,16,10,32,34,44
"YIR028W",22,14,8,60,48,61
"YIR029W",21,32,15,12,20,15
"YIR030C",63,50,28,15,24,19
"YIR030W-A",38,45,21,53,37,45
"YIR031C",157,111,94,159,152,181
"YIR032C",60,75,51,29,43,29
"YIR033W",153,96,44,127,143,155
"YIR034C",95,77,81,70,77,78
"YIR035C",74,68,48,74,95,74
"YIR036C",57,48,44,53,63,45
"YIR036W-A",17,8,10,16,21,9
"YIR037W",281,259,142,172,218,180
"YIR038C",42,50,33,73,59,65
"YIR039C",84,78,57,48,54,50
"YIR040C",0,0,0,0,0,0
"YIR041W",1,0,0,0,0,0
"YIR042C",25,20,12,12,15,14
"YJL001W",342,233,150,146,182,171
"YJL002C",191,109,106,110,135,116
"YJL003W",68,53,18,24,28,22
"YJL004C",62,39,31,22,33,36
"YJL005W",289,208,150,373,457,438
"YJL006C",34,30,14,25,32,20
"YJL007C",2,0,0,2,1,3
"YJL008C",175,101,118,87,99,101
"YJL009W",47,53,23,28,27,17
"YJL010C",44,42,16,30,38,42
"YJL011C",33,21,9,2,2,9
"YJL012C",124,68,102,89,110,95
"YJL013C",19,23,7,25,30,41
"YJL014W",249,154,150,99,182,131
"YJL015C",40,42,15,49,55,47
"YJL016W",208,141,98,226,306,249
"YJL019W",18,19,15,23,20,16
"YJL020C",141,215,45,133,163,141
"YJL020W-A",9,37,11,19,25,20
"YJL022W",5,3,1,4,1,4
"YJL023C",36,28,10,27,25,34
"YJL024C",26,25,8,10,10,14
"YJL025W",11,12,10,19,25,14
"YJL026C-A",56,34,48,50,75,52
"YJL026W",299,232,217,324,391,305
"YJL027C",3,3,0,0,0,1
"YJL028W",1,1,0,3,0,0
"YJL029C",40,35,30,28,37,51
"YJL030W",46,40,11,10,23,12
"YJL031C",80,94,19,20,48,28
"YJL032W",31,32,6,10,9,10
"YJL033W",105,108,33,43,67,69
"YJL034W",1877,2207,982,335,341,312
"YJL035C",74,140,35,21,31,32
"YJL036W",78,78,21,55,56,54
"YJL037W",6,8,4,3,3,3
"YJL038C",4,4,1,3,5,3
"YJL039C",136,72,82,91,97,91
"YJL041W",54,75,23,33,53,43
"YJL042W",149,154,78,182,197,220
"YJL043W",0,0,0,5,4,2
"YJL044C",44,44,12,36,38,47
"YJL045W",20,21,15,11,10,17
"YJL046W",52,34,16,28,21,24
"YJL047C",57,57,35,46,58,58
"YJL047C-A",3,3,2,1,1,1
"YJL048C",111,80,84,208,250,207
"YJL049W",43,69,6,25,25,36
"YJL050W",131,99,72,95,157,123
"YJL051W",54,30,18,24,73,24
"YJL052C-A",1,1,1,0,0,0
"YJL052W",2129,2947,1164,13886,14825,12284
"YJL053W",76,68,47,66,62,79
"YJL054W",101,93,54,50,82,70
"YJL055W",143,157,83,123,129,172
"YJL056C",31,24,14,58,47,61
"YJL057C",106,70,30,62,86,75
"YJL058C",16,8,6,15,20,15
"YJL059W",22,23,8,15,13,17
"YJL060W",134,96,78,62,64,57
"YJL061W",72,43,29,31,23,50
"YJL062W",65,30,33,45,48,35
"YJL062W-A",99,74,57,41,57,28
"YJL063C",79,71,33,35,30,42
"YJL064W",13,12,6,6,10,6
"YJL065C",16,21,9,13,12,12
"YJL066C",133,186,51,111,124,124
"YJL067W",69,90,27,48,60,71
"YJL068C",45,41,36,39,52,48
"YJL069C",56,49,21,26,27,26
"YJL070C",51,47,24,68,69,65
"YJL071W",85,76,47,23,40,35
"YJL072C",17,11,9,15,25,12
"YJL073W",133,162,44,40,57,49
"YJL074C",213,219,46,48,52,55
"YJL075C",7,17,4,14,14,15
"YJL076W",80,92,26,72,89,108
"YJL077C",9,13,10,11,14,11
"YJL077W-A",4,10,2,17,12,15
"YJL077W-B",3,1,1,4,6,6
"YJL078C",56,40,44,78,84,80
"YJL079C",107,159,75,510,479,366
"YJL080C",127,54,71,42,63,53
"YJL081C",71,56,23,42,62,58
"YJL082W",56,51,39,141,144,135
"YJL083W",26,24,22,44,56,38
"YJL084C",95,90,41,158,167,160
"YJL085W",53,52,12,29,42,36
"YJL086C",2,3,1,1,1,3
"YJL087C",57,37,23,35,35,43
"YJL088W",21,17,21,13,7,18
"YJL089W",74,56,52,38,42,40
"YJL090C",41,43,18,34,47,51
"YJL091C",61,56,38,19,32,35
"YJL092W",48,67,22,32,20,36
"YJL093C",68,50,56,44,60,69
"YJL094C",214,202,197,194,181,164
"YJL095W",63,62,21,57,45,59
"YJL096W",95,92,21,23,28,42
"YJL097W",39,36,17,14,21,13
"YJL098W",84,95,31,67,117,89
"YJL099W",21,21,14,28,15,25
"YJL100W",49,45,25,44,61,67
"YJL101C",150,160,84,110,106,124
"YJL102W",156,160,75,80,100,79
"YJL103C",141,131,54,106,134,122
"YJL104W",132,113,49,27,55,55
"YJL105W",20,22,7,19,26,23
"YJL106W",6,13,5,11,9,19
"YJL107C",10,19,10,25,38,30
"YJL108C",20,11,12,20,31,20
"YJL109C",141,68,86,68,79,81
"YJL110C",44,62,23,40,51,48
"YJL111W",183,107,110,104,99,106
"YJL112W",225,163,90,111,134,152
"YJL113W",0,0,0,0,0,0
"YJL114W",0,0,0,0,0,0
"YJL115W",42,73,13,37,40,39
"YJL116C",307,161,213,1683,1863,1680
"YJL117W",101,82,42,58,69,75
"YJL118W",11,5,9,1,1,4
"YJL119C",4,5,2,3,1,3
"YJL120W",6,3,3,5,7,4
"YJL121C",45,31,18,23,28,36
"YJL122W",32,22,13,18,21,13
"YJL123C",147,256,51,115,146,167
"YJL124C",66,66,21,21,41,43
"YJL125C",37,25,15,19,18,13
"YJL126W",18,18,11,12,19,12
"YJL127C",31,37,14,38,49,47
"YJL127C-B",25,38,14,14,19,22
"YJL127W-A",3,5,6,6,7,3
"YJL128C",88,93,45,61,63,76
"YJL129C",179,178,84,181,246,260
"YJL130C",832,735,554,482,484,478
"YJL131C",50,87,11,41,27,67
"YJL132W",45,41,30,51,65,65
"YJL133C-A",441,381,306,353,344,292
"YJL133W",28,25,24,31,33,28
"YJL134W",67,61,41,57,60,53
"YJL135W",1,1,0,0,0,0
"YJL136C",281,364,98,98,111,126
"YJL136W-A",0,0,1,0,1,0
"YJL137C",45,39,29,38,34,28
"YJL138C",149,133,70,107,105,105
"YJL139C",37,29,35,28,34,35
"YJL140W",162,211,54,74,85,120
"YJL141C",104,116,66,139,135,133
"YJL142C",3,15,4,7,7,6
"YJL143W",144,118,92,107,107,102
"YJL144W",139,214,39,64,87,108
"YJL145W",52,41,35,21,15,11
"YJL146W",57,42,29,36,47,33
"YJL147C",20,24,5,20,20,24
"YJL148W",89,79,24,16,25,34
"YJL149W",31,36,10,44,58,45
"YJL150W",1,0,1,1,3,3
"YJL151C",301,383,180,266,314,347
"YJL152W",159,186,99,138,164,166
"YJL153C",94,65,94,93,116,93
"YJL154C",112,91,50,67,106,86
"YJL155C",110,113,47,76,82,92
"YJL156C",71,59,37,59,56,55
"YJL156W-A",10,20,8,10,16,9
"YJL157C",27,19,15,12,5,6
"YJL158C",139,98,62,18,16,19
"YJL159W",524,344,365,97,91,95
"YJL160C",3,3,2,1,1,0
"YJL161W",14,14,2,19,29,31
"YJL162C",29,24,3,10,18,25
"YJL163C",69,45,43,129,146,135
"YJL164C",110,93,67,208,201,220
"YJL165C",183,207,80,211,266,223
"YJL166W",2163,2476,646,737,839,927
"YJL167W",584,443,229,339,355,407
"YJL168C",68,92,24,43,46,43
"YJL169W",14,26,3,12,8,9
"YJL170C",4,9,6,9,15,12
"YJL171C",429,213,391,255,240,272
"YJL172W",582,407,457,648,598,599
"YJL173C",86,43,23,28,34,27
"YJL174W",185,188,76,136,142,146
"YJL175W",3,6,4,4,3,8
"YJL176C",85,90,23,68,77,97
"YJL177W",200,139,68,69,72,74
"YJL178C",128,84,73,70,94,88
"YJL179W",29,42,8,10,8,10
"YJL180C",87,67,44,32,42,32
"YJL181W",43,39,18,38,44,46
"YJL182C",2,1,1,1,4,5
"YJL183W",86,58,61,51,55,61
"YJL184W",26,44,18,14,39,33
"YJL185C",20,10,11,27,34,31
"YJL186W",88,93,63,66,74,77
"YJL187C",37,38,23,14,22,12
"YJL188C",666,646,135,113,205,245
"YJL189W",637,656,133,147,185,252
"YJL190C",263,152,109,32,34,45
"YJL191W",142,87,80,68,74,69
"YJL192C",112,83,62,57,43,57
"YJL193W",24,27,15,68,71,52
"YJL194W",20,20,12,22,14,25
"YJL195C",11,7,6,4,3,3
"YJL196C",176,124,125,278,285,249
"YJL197C-A",9,3,6,12,8,8
"YJL197W",115,103,83,120,122,133
"YJL198W",42,36,28,29,29,28
"YJL199C",12,6,2,11,11,11
"YJL200C",162,98,91,51,42,46
"YJL201W",55,69,31,48,42,58
"YJL202C",18,27,3,4,19,21
"YJL203W",21,44,12,21,30,22
"YJL204C",36,31,6,36,36,39
"YJL205C",70,76,19,54,50,71
"YJL206C",50,32,21,37,40,41
"YJL207C",223,196,93,156,198,166
"YJL208C",87,75,29,18,15,20
"YJL209W",43,41,20,57,67,55
"YJL210W",29,26,30,30,30,24
"YJL211C",10,5,6,8,4,5
"YJL212C",59,60,51,455,437,434
"YJL213W",9,11,7,30,29,20
"YJL214W",16,16,11,6,4,7
"YJL215C",2,3,2,9,12,3
"YJL216C",16,15,13,35,23,25
"YJL217W",1,0,0,0,0,0
"YJL218W",0,0,0,0,0,0
"YJL219W",0,0,0,0,0,0
"YJL220W",0,0,0,0,0,0
"YJL221C",0,0,0,0,0,0
"YJL222W",0,0,0,0,0,0
"YJL222W-A",0,0,0,0,0,0
"YJL222W-B",0,0,0,0,0,0
"YJL223C",0,0,0,0,0,0
"YJL225C",0,0,0,0,0,0
"YJL225W-A",0,0,0,0,0,0
"YJR001W",58,60,38,84,93,72
"YJR002W",108,66,29,59,63,69
"YJR003C",30,21,7,32,39,32
"YJR004C",21,22,9,33,38,37
"YJR005C-A",7,4,1,0,4,1
"YJR005W",101,63,37,54,69,84
"YJR006W",53,43,15,24,27,25
"YJR007W",38,23,21,22,29,21
"YJR008W",70,77,42,74,75,88
"YJR009C",177,132,109,407,470,450
"YJR010C-A",57,34,23,25,38,34
"YJR010W",94,65,65,25,37,20
"YJR011C",22,28,10,28,40,34
"YJR012C",25,21,10,16,30,34
"YJR013W",46,47,16,32,50,44
"YJR014W",82,114,37,33,37,37
"YJR015W",100,72,66,79,87,77
"YJR016C",344,177,210,273,275,242
"YJR017C",21,15,10,16,23,16
"YJR018W",3,3,6,7,3,6
"YJR019C",33,34,30,70,67,52
"YJR020W",6,3,4,13,12,13
"YJR021C",18,19,5,13,18,13
"YJR022W",6,24,1,6,4,10
"YJR023C",4,20,1,3,9,5
"YJR024C",28,30,29,26,32,37
"YJR025C",18,18,9,18,32,30
"YJR026W",0,0,0,0,0,0
"YJR027W",0,0,0,0,0,0
"YJR028W",0,0,0,0,0,0
"YJR029W",0,0,0,0,0,0
"YJR030C",65,26,32,18,24,23
"YJR031C",111,51,52,76,81,74
"YJR032W",53,48,17,24,19,28
"YJR033C",50,37,32,75,79,81
"YJR034W",64,56,24,25,36,28
"YJR035W",100,79,34,102,114,95
"YJR036C",10,16,7,51,61,53
"YJR037W",2,0,1,2,8,5
"YJR038C",5,2,1,7,7,15
"YJR039W",33,32,21,77,117,88
"YJR040W",47,40,23,21,19,32
"YJR041C",71,34,38,41,51,60
"YJR042W",85,40,46,49,38,52
"YJR043C",17,27,5,7,4,8
"YJR044C",83,62,46,42,55,45
"YJR045C",1064,1142,476,362,392,424
"YJR046W",43,65,17,16,31,27
"YJR047C",2,10,6,20,13,14
"YJR048W",679,639,309,189,206,253
"YJR049C",47,46,20,52,76,62
"YJR050W",70,77,19,33,35,38
"YJR051W",117,74,69,131,143,147
"YJR052W",74,83,36,66,75,78
"YJR053W",22,18,10,14,25,21
"YJR054W",34,36,13,20,22,26
"YJR055W",41,27,16,11,15,12
"YJR056C",32,42,8,15,23,16
"YJR057W",37,31,14,30,25,33
"YJR058C",36,34,22,51,45,35
"YJR059W",97,257,52,196,231,218
"YJR060W",22,24,16,27,32,30
"YJR061W",218,172,117,186,224,242
"YJR062C",28,22,26,22,33,29
"YJR063W",40,32,24,14,21,14
"YJR064W",147,94,88,68,78,68
"YJR065C",80,44,59,61,60,64
"YJR066W",185,115,119,393,421,394
"YJR067C",18,23,12,8,10,13
"YJR068W",85,61,24,44,57,68
"YJR069C",18,11,13,15,15,20
"YJR070C",45,39,15,31,25,35
"YJR071W",21,33,9,18,17,13
"YJR072C",88,99,36,33,50,57
"YJR073C",157,153,82,99,121,101
"YJR074W",105,82,60,86,81,65
"YJR075W",92,81,48,97,95,98
"YJR076C",105,82,37,73,71,78
"YJR077C",1505,870,846,468,526,417
"YJR078W",20,19,12,35,40,32
"YJR079W",34,35,14,25,18,22
"YJR080C",202,175,83,66,76,93
"YJR082C",41,40,12,28,24,32
"YJR083C",36,27,9,15,32,26
"YJR084W",46,29,22,22,33,26
"YJR085C",251,245,116,123,142,143
"YJR086W",18,18,4,2,6,5
"YJR087W",29,31,9,10,10,21
"YJR088C",69,67,18,29,42,46
"YJR089W",92,94,22,64,85,76
"YJR090C",98,81,39,96,102,120
"YJR091C",133,103,80,202,206,240
"YJR092W",31,30,22,14,10,6
"YJR093C",37,37,15,27,27,27
"YJR094C",6,7,2,10,7,8
"YJR094W-A",228,157,96,31,26,42
"YJR095W",95,160,50,7,11,4
"YJR096W",340,342,204,724,911,837
"YJR097W",37,28,8,8,6,5
"YJR098C",62,40,21,41,50,39
"YJR099W",26,18,9,12,16,18
"YJR100C",53,59,11,35,52,53
"YJR101W",127,106,60,46,57,50
"YJR102C",36,33,12,15,15,20
"YJR103W",79,77,81,160,167,132
"YJR104C",1059,905,708,779,897,830
"YJR105W",316,176,181,233,238,223
"YJR106W",33,15,9,33,31,33
"YJR107W",30,25,11,34,45,51
"YJR108W",4,4,1,4,3,4
"YJR109C",320,240,225,172,201,152
"YJR110W",71,69,29,69,79,63
"YJR111C",31,25,13,9,13,11
"YJR112W",27,36,14,7,6,9
"YJR112W-A",20,22,15,14,30,26
"YJR113C",59,53,30,43,45,33
"YJR114W",17,13,18,6,9,6
"YJR115W",2,20,9,12,14,14
"YJR116W",40,37,28,41,48,46
"YJR117W",237,192,129,135,129,118
"YJR118C",78,61,29,39,36,35
"YJR119C",47,35,31,54,51,51
"YJR120W",201,169,86,61,71,54
"YJR121W",3282,2794,1743,1117,1225,1156
"YJR122W",100,104,52,37,42,35
"YJR123W",769,542,320,281,306,272
"YJR124C",23,26,10,19,15,15
"YJR125C",71,59,36,61,84,53
"YJR126C",114,53,61,145,145,155
"YJR127C",170,163,78,287,252,246
"YJR128W",3,0,1,3,1,0
"YJR129C",8,12,9,12,15,24
"YJR130C",91,80,58,56,57,66
"YJR131W",21,28,15,18,24,26
"YJR132W",39,19,29,48,57,51
"YJR133W",115,77,63,60,82,84
"YJR134C",55,128,12,47,51,62
"YJR135C",9,7,6,4,7,5
"YJR135W-A",104,72,37,22,34,29
"YJR136C",30,25,14,24,26,23
"YJR137C",404,289,315,203,167,161
"YJR138W",130,108,56,271,331,317
"YJR139C",372,274,269,208,210,186
"YJR140C",91,74,46,80,85,95
"YJR140W-A",6,4,3,6,5,5
"YJR141W",22,39,5,9,20,12
"YJR142W",40,30,14,35,35,33
"YJR143C",259,119,191,113,129,129
"YJR144W",123,123,45,43,46,47
"YJR145C",75,52,44,32,26,29
"YJR146W",0,0,0,2,1,0
"YJR147W",4,4,4,9,5,12
"YJR148W",18,16,6,43,59,53
"YJR149W",112,84,59,44,68,70
"YJR150C",0,0,0,4,7,5
"YJR151C",33,29,17,66,86,63
"YJR151W-A",0,0,0,1,0,0
"YJR152W",1018,825,514,1299,1476,1650
"YJR153W",5,6,3,6,11,4
"YJR154W",18,7,8,12,12,7
"YJR155W",118,100,69,38,39,46
"YJR156C",0,0,0,0,0,0
"YJR157W",0,0,0,0,0,0
"YJR158W",0,0,0,0,0,0
"YJR159W",0,0,0,0,0,0
"YJR160C",0,0,0,0,0,0
"YJR161C",0,0,0,0,0,0
"YJR162C",0,0,0,0,0,0
"YKL001C",109,101,61,21,30,27
"YKL002W",151,197,66,119,154,170
"YKL003C",78,94,19,26,34,43
"YKL004W",68,43,43,59,60,44
"YKL005C",199,218,86,190,266,232
"YKL006C-A",54,62,17,30,27,37
"YKL006W",216,95,95,65,56,75
"YKL007W",84,73,37,54,56,68
"YKL008C",78,57,58,128,122,141
"YKL009W",236,189,48,22,18,36
"YKL010C",279,150,172,275,341,318
"YKL011C",6,13,5,12,14,15
"YKL012W",109,104,25,66,83,110
"YKL013C",143,139,86,89,100,73
"YKL014C",77,59,26,38,62,48
"YKL015W",64,57,28,58,45,45
"YKL016C",1106,1292,496,265,328,326
"YKL017C",38,45,11,28,27,20
"YKL018C-A",39,46,21,26,29,37
"YKL018W",21,19,19,15,16,14
"YKL019W",54,45,27,49,63,47
"YKL020C",201,167,104,192,196,228
"YKL021C",35,41,9,25,21,29
"YKL022C",63,43,34,52,48,75
"YKL023C-A",9,5,6,9,5,6
"YKL023W",62,178,24,72,102,82
"YKL024C",40,39,15,32,34,32
"YKL025C",70,73,30,56,65,75
"YKL026C",91,158,31,69,113,118
"YKL027W",64,36,44,39,44,48
"YKL028W",77,115,41,72,68,84
"YKL029C",35,42,29,21,16,25
"YKL030W",15,16,15,13,9,10
"YKL031W",1,2,1,1,1,1
"YKL032C",44,84,23,54,67,57
"YKL033W",29,29,26,49,42,58
"YKL033W-A",96,72,59,69,79,74
"YKL034W",66,54,53,93,116,109
"YKL035W",247,258,171,442,451,467
"YKL036C",15,5,8,21,23,25
"YKL037W",4,5,2,0,2,2
"YKL038W",97,134,84,234,273,222
"YKL039W",112,53,54,63,66,68
"YKL040C",115,73,61,30,47,54
"YKL041W",59,83,23,33,41,39
"YKL042W",37,34,9,15,9,13
"YKL043W",118,145,60,213,270,280
"YKL044W",21,5,7,20,16,19
"YKL045W",48,30,34,45,51,36
"YKL046C",162,160,91,111,116,102
"YKL047W",42,33,15,38,23,31
"YKL048C",104,82,44,60,80,56
"YKL049C",31,26,7,24,34,27
"YKL050C",43,40,17,72,56,71
"YKL051W",25,13,14,33,26,35
"YKL052C",13,18,11,13,11,11
"YKL053C-A",109,134,46,57,44,56
"YKL053W",3,3,4,11,6,4
"YKL054C",289,467,54,148,185,230
"YKL055C",14,11,17,8,14,15
"YKL056C",547,330,364,291,316,263
"YKL057C",138,81,59,48,61,51
"YKL058W",59,56,37,36,37,36
"YKL059C",38,27,20,31,53,46
"YKL060C",5068,5089,2952,8803,10763,9332
"YKL061W",28,38,7,11,11,18
"YKL062W",292,235,150,402,501,511
"YKL063C",38,94,7,15,30,37
"YKL064W",194,195,99,282,281,303
"YKL065C",182,165,53,65,92,86
"YKL065W-A",4,6,5,9,13,10
"YKL066W",74,107,36,65,87,66
"YKL067W",303,290,140,205,232,193
"YKL068W",77,72,16,40,61,55
"YKL068W-A",36,32,21,19,25,13
"YKL069W",40,38,13,26,22,27
"YKL070W",59,35,38,67,63,73
"YKL071W",865,469,537,75,72,70
"YKL072W",36,31,9,44,51,61
"YKL073W",294,332,123,70,83,107
"YKL074C",98,121,33,35,45,36
"YKL075C",53,58,17,37,30,53
"YKL076C",3,7,0,6,7,5
"YKL077W",236,121,106,127,121,148
"YKL078W",18,9,10,9,11,17
"YKL079W",64,68,16,59,75,81
"YKL080W",202,133,97,134,168,161
"YKL081W",189,136,86,37,40,39
"YKL082C",92,358,14,43,74,75
"YKL083W",47,184,8,20,28,37
"YKL084W",12,9,4,14,15,21
"YKL085W",824,1249,360,602,636,617
"YKL086W",7,3,2,4,4,11
"YKL087C",183,198,126,99,118,133
"YKL088W",73,95,22,55,54,67
"YKL089W",67,71,16,13,22,33
"YKL090W",27,16,8,24,22,20
"YKL091C",31,45,19,66,68,64
"YKL092C",82,66,26,54,53,63
"YKL093W",34,29,10,39,42,31
"YKL094W",199,205,80,184,225,211
"YKL095W",56,33,11,38,51,55
"YKL096C-B",4,8,2,6,7,4
"YKL096W",15,28,12,46,57,35
"YKL096W-A",1836,1587,1038,3717,4247,3769
"YKL097C",0,1,0,0,2,0
"YKL098W",28,18,26,30,34,34
"YKL099C",39,33,7,14,28,28
"YKL100C",123,64,68,142,149,121
"YKL100W-A",6,7,7,6,3,13
"YKL101W",178,167,64,52,72,75
"YKL102C",2,1,0,0,2,0
"YKL103C",142,286,81,134,144,193
"YKL104C",151,84,111,97,96,85
"YKL105C",56,87,20,79,101,79
"YKL106C-A",1,2,1,1,3,1
"YKL106W",85,45,27,46,48,51
"YKL107W",11,7,9,23,27,22
"YKL108W",25,27,6,17,29,25
"YKL109W",804,1092,214,495,558,573
"YKL110C",105,161,34,52,58,63
"YKL111C",26,34,5,14,19,15
"YKL112W",82,83,37,91,92,92
"YKL113C",64,51,23,31,40,41
"YKL114C",58,57,20,21,22,30
"YKL115C",4,11,2,3,3,1
"YKL116C",41,27,22,29,29,20
"YKL117W",314,311,92,106,117,106
"YKL118W",6,9,3,0,3,4
"YKL119C",44,31,12,18,26,34
"YKL120W",93,61,55,59,62,67
"YKL121W",50,39,24,82,68,89
"YKL122C",56,105,11,16,20,29
"YKL123W",3,0,0,0,2,1
"YKL124W",89,78,42,71,79,79
"YKL125W",89,64,60,77,81,90
"YKL126W",160,106,119,100,132,128
"YKL127W",63,32,27,20,19,16
"YKL128C",38,30,24,20,18,23
"YKL129C",78,101,35,125,164,138
"YKL130C",29,32,15,17,27,27
"YKL131W",5,8,3,9,2,10
"YKL132C",17,26,14,21,31,25
"YKL133C",50,44,24,35,34,25
"YKL134C",107,61,49,41,50,56
"YKL135C",119,94,53,88,122,83
"YKL136W",38,53,18,31,47,22
"YKL137W",66,76,14,19,29,20
"YKL138C",42,46,7,6,11,11
"YKL138C-A",25,13,1,5,12,5
"YKL139W",32,39,2,9,17,32
"YKL140W",99,106,40,73,90,95
"YKL141W",1066,972,685,666,762,698
"YKL142W",286,331,114,180,258,225
"YKL143W",66,49,11,51,37,51
"YKL144C",29,24,8,9,23,14
"YKL145W",290,181,141,177,190,252
"YKL145W-A",0,0,0,0,0,0
"YKL146W",126,129,80,157,163,149
"YKL147C",21,17,20,24,23,31
"YKL148C",612,571,310,285,301,249
"YKL149C",30,16,10,23,37,19
"YKL150W",898,844,372,682,1020,949
"YKL151C",249,299,167,325,362,305
"YKL152C",1062,1321,576,2366,2861,2439
"YKL153W",650,801,331,1420,1638,1405
"YKL154W",55,53,17,14,23,21
"YKL155C",95,126,31,53,43,60
"YKL156C-A",164,126,43,55,58,73
"YKL156W",365,277,109,103,128,153
"YKL157W",409,211,251,423,481,445
"YKL159C",17,12,7,7,9,11
"YKL160W",197,199,55,46,68,95
"YKL161C",10,12,14,12,12,21
"YKL162C",37,23,16,43,41,31
"YKL162C-A",5,3,1,0,1,2
"YKL163W",284,274,190,255,263,274
"YKL164C",89,101,42,26,26,28
"YKL165C",191,184,152,21,27,24
"YKL165C-A",2,2,2,6,2,7
"YKL166C",29,37,14,26,26,21
"YKL167C",67,80,22,24,50,46
"YKL168C",41,35,21,54,75,80
"YKL169C",86,79,38,28,24,35
"YKL170W",109,101,42,25,36,33
"YKL171W",80,48,73,134,155,129
"YKL172W",122,173,20,39,65,68
"YKL173W",62,42,32,43,38,55
"YKL174C",103,83,71,65,74,66
"YKL175W",156,118,114,169,208,175
"YKL176C",170,88,92,178,178,155
"YKL177W",1,2,1,0,0,0
"YKL178C",8,3,3,3,6,6
"YKL179C",68,70,18,31,52,58
"YKL180W",354,237,148,129,124,121
"YKL181W",120,84,104,134,161,149
"YKL182W",2226,1298,1675,1606,1685,1735
"YKL183C-A",2,3,0,2,4,2
"YKL183W",24,35,7,27,44,27
"YKL184W",37,26,30,25,22,22
"YKL185W",99,113,28,32,44,40
"YKL186C",42,87,32,31,40,40
"YKL187C",13,16,13,12,14,8
"YKL188C",27,41,10,44,48,55
"YKL189W",26,31,16,25,44,34
"YKL190W",67,61,20,46,58,51
"YKL191W",57,46,35,36,49,46
"YKL192C",352,312,214,162,173,160
"YKL193C",101,91,22,93,77,115
"YKL194C",40,45,22,35,28,32
"YKL195W",367,477,69,110,151,159
"YKL196C",135,106,51,50,64,65
"YKL197C",35,24,22,77,81,77
"YKL198C",5,14,18,24,36,19
"YKL201C",185,376,97,334,392,429
"YKL202W",28,128,8,45,39,71
"YKL203C",126,85,81,204,218,197
"YKL204W",34,50,16,33,33,35
"YKL205W",75,63,43,35,51,43
"YKL206C",39,50,23,16,20,18
"YKL207W",88,93,63,71,74,62
"YKL208W",14,14,17,14,15,18
"YKL209C",47,28,22,26,29,25
"YKL210W",439,248,241,310,315,295
"YKL211C",67,48,36,41,43,52
"YKL212W",169,121,108,109,143,98
"YKL213C",129,86,76,117,137,103
"YKL214C",42,44,20,39,49,41
"YKL215C",46,31,35,96,97,105
"YKL216W",90,43,37,23,31,38
"YKL217W",165,158,114,47,54,38
"YKL218C",49,31,34,35,48,41
"YKL219W",14,11,10,11,13,21
"YKL220C",14,10,19,4,6,15
"YKL221W",34,28,20,17,15,27
"YKL222C",45,68,25,69,61,62
"YKL223W",0,0,0,0,0,0
"YKL224C",0,0,0,0,0,0
"YKL225W",0,0,0,0,0,0
"YKR001C",251,180,114,160,168,178
"YKR002W",73,73,35,78,96,86
"YKR003W",67,43,27,24,35,30
"YKR004C",16,17,3,16,15,10
"YKR005C",37,23,13,33,27,28
"YKR006C",93,109,30,56,51,64
"YKR007W",41,48,15,23,32,32
"YKR008W",135,106,33,59,81,76
"YKR009C",28,34,11,132,171,165
"YKR010C",42,44,13,26,33,48
"YKR011C",120,151,45,31,48,63
"YKR012C",19,5,9,1,9,6
"YKR013W",119,47,57,22,25,24
"YKR014C",130,166,39,50,63,68
"YKR015C",42,92,14,21,34,26
"YKR016W",438,525,102,111,164,168
"YKR017C",29,21,16,31,39,24
"YKR018C",195,125,143,262,305,258
"YKR019C",19,14,9,35,36,34
"YKR020W",27,35,2,19,10,22
"YKR021W",68,72,43,124,164,134
"YKR022C",58,50,10,27,27,33
"YKR023W",68,119,11,46,43,50
"YKR024C",39,41,13,28,30,46
"YKR025W",36,43,16,24,26,32
"YKR026C",25,23,16,16,12,8
"YKR027W",51,16,27,30,38,27
"YKR028W",102,95,62,102,101,121
"YKR029C",84,72,11,30,42,56
"YKR030W",21,14,9,10,11,10
"YKR031C",172,152,54,314,381,389
"YKR032W",2,1,1,1,1,0
"YKR033C",53,32,18,185,199,217
"YKR034W",125,141,51,411,544,536
"YKR035C",138,163,37,74,82,102
"YKR035W-A",170,208,61,60,94,117
"YKR036C",28,25,15,29,26,30
"YKR037C",44,23,17,26,28,23
"YKR038C",81,77,35,62,75,75
"YKR039W",1461,1472,700,1896,2172,2000
"YKR040C",1,4,1,0,1,1
"YKR041W",1,2,2,1,1,1
"YKR042W",181,316,158,186,170,172
"YKR043C",94,61,79,71,75,62
"YKR044W",37,34,28,36,29,36
"YKR045C",9,10,2,8,6,5
"YKR046C",542,448,324,723,734,728
"YKR047W",45,53,26,44,39,34
"YKR048C",145,112,90,122,145,103
"YKR049C",165,244,103,166,197,206
"YKR050W",7,17,8,15,12,23
"YKR051W",37,42,14,43,37,53
"YKR052C",50,40,34,23,24,31
"YKR053C",32,42,16,34,23,28
"YKR054C",237,167,128,317,332,305
"YKR055W",33,18,16,31,29,36
"YKR056W",80,51,50,47,52,67
"YKR057W",220,143,88,56,82,78
"YKR058W",35,56,10,56,92,100
"YKR059W",7,5,4,8,8,7
"YKR060W",32,20,10,20,14,22
"YKR061W",117,98,85,27,44,46
"YKR062W",68,43,37,72,81,79
"YKR063C",73,92,37,76,87,62
"YKR064W",111,85,43,67,79,82
"YKR065C",82,72,47,48,35,45
"YKR066C",74,140,61,232,265,212
"YKR067W",104,155,61,96,116,115
"YKR068C",70,65,43,45,55,76
"YKR069W",53,54,39,27,27,24
"YKR070W",41,33,23,36,60,55
"YKR071C",510,573,196,207,258,227
"YKR072C",62,96,26,85,107,95
"YKR073C",1,1,0,2,2,4
"YKR074W",54,62,32,24,38,40
"YKR075C",68,81,38,39,49,59
"YKR075W-A",17,23,8,15,22,28
"YKR076W",400,304,244,70,83,70
"YKR077W",66,49,28,16,24,17
"YKR078W",32,35,3,19,34,33
"YKR079C",40,32,12,17,28,19
"YKR080W",167,112,65,34,59,50
"YKR081C",86,53,24,24,34,49
"YKR082W",100,52,43,52,58,69
"YKR083C",24,36,6,3,4,10
"YKR084C",93,56,52,56,54,51
"YKR085C",75,110,43,28,29,30
"YKR086W",79,63,39,61,62,74
"YKR087C",49,37,23,38,37,39
"YKR088C",47,32,42,72,66,56
"YKR089C",93,63,42,124,115,112
"YKR090W",32,23,18,27,19,22
"YKR091W",19,20,19,13,21,14
"YKR092C",29,34,6,17,14,21
"YKR093W",372,316,269,720,676,640
"YKR094C",147,113,57,32,43,51
"YKR095W",370,808,41,184,252,321
"YKR095W-A",18,25,10,8,4,10
"YKR096W",143,129,67,171,223,227
"YKR097W",721,533,307,9,18,12
"YKR098C",15,27,10,40,39,45
"YKR099W",55,54,15,60,77,86
"YKR100C",111,139,35,118,173,174
"YKR101W",57,59,18,34,55,62
"YKR102W",17,26,8,40,37,53
"YKR103W",32,26,24,44,54,47
"YKR104W",11,15,10,10,18,15
"YKR105C",0,0,0,0,0,0
"YKR106W",0,0,0,0,0,0
"YLL001W",140,124,81,58,77,88
"YLL002W",15,9,5,5,8,7
"YLL003W",58,73,24,76,80,97
"YLL004W",29,18,5,9,12,12
"YLL005C",83,80,20,81,81,81
"YLL006W",53,36,31,29,44,46
"YLL006W-A",1,0,1,0,0,0
"YLL007C",52,34,30,29,37,39
"YLL008W",60,72,21,35,55,33
"YLL009C",426,745,88,47,79,110
"YLL010C",17,23,10,23,30,31
"YLL011W",56,46,19,12,19,13
"YLL012W",12,24,14,64,77,77
"YLL013C",81,131,40,122,151,121
"YLL014W",53,56,33,35,47,46
"YLL015W",251,141,133,179,197,183
"YLL016W",39,42,24,91,124,87
"YLL017W",4,3,2,6,7,13
"YLL018C",245,190,132,125,146,158
"YLL018C-A",22,12,14,16,22,15
"YLL019C",207,230,103,294,324,293
"YLL019W-A",9,8,8,14,14,23
"YLL020C",2,5,0,5,6,7
"YLL021W",137,174,46,81,112,102
"YLL022C",31,18,25,27,25,36
"YLL023C",56,78,27,85,79,71
"YLL024C",311,222,183,73,93,89
"YLL025W",0,5,1,5,0,3
"YLL026W",1315,1899,547,695,904,874
"YLL027W",188,262,115,130,122,130
"YLL028W",360,385,234,423,468,441
"YLL029W",234,223,109,208,252,197
"YLL030C",0,0,0,0,0,1
"YLL031C",127,56,57,87,109,114
"YLL032C",49,41,14,32,39,32
"YLL033W",18,8,6,9,11,11
"YLL034C",59,33,29,17,24,18
"YLL035W",28,27,15,15,14,17
"YLL036C",37,37,23,40,45,37
"YLL037W",18,18,10,6,19,16
"YLL038C",36,14,21,32,41,34
"YLL039C",902,726,596,733,808,755
"YLL040C",454,302,241,679,799,750
"YLL041C",884,671,560,368,423,362
"YLL042C",15,19,7,7,9,10
"YLL043W",46,82,28,44,56,49
"YLL044W",90,32,52,29,36,25
"YLL045C",201,118,133,90,80,107
"YLL046C",7,20,2,2,1,1
"YLL047W",3,11,3,4,0,2
"YLL048C",345,243,176,317,329,327
"YLL049W",36,25,19,24,25,26
"YLL050C",461,431,177,201,240,233
"YLL051C",40,27,40,46,57,45
"YLL052C",5,1,3,4,7,6
"YLL053C",5,7,9,5,10,2
"YLL054C",74,39,23,41,48,44
"YLL055W",309,397,174,233,247,241
"YLL056C",139,119,76,55,76,82
"YLL057C",5,9,8,6,9,3
"YLL058W",51,62,39,83,89,80
"YLL059C",11,9,7,13,10,12
"YLL060C",143,111,86,39,56,42
"YLL061W",69,62,34,32,47,23
"YLL062C",48,55,22,11,15,8
"YLL063C",0,0,0,0,0,0
"YLL064C",0,0,0,0,0,0
"YLL065W",0,0,0,0,0,0
"YLL066C",0,0,0,0,0,0
"YLL066W-A",0,0,0,0,0,0
"YLL066W-B",0,0,0,0,0,0
"YLL067C",0,0,0,0,0,0
"YLL067W-A",0,0,0,0,0,0
"YLR001C",121,88,57,134,196,202
"YLR002C",76,32,22,36,44,39
"YLR003C",41,56,9,24,33,43
"YLR004C",14,22,15,138,153,131
"YLR005W",109,85,60,184,213,230
"YLR006C",59,68,36,61,78,79
"YLR007W",61,36,32,87,105,119
"YLR008C",46,52,24,16,22,15
"YLR009W",100,86,23,22,22,31
"YLR010C",17,15,9,5,12,16
"YLR011W",27,18,9,11,12,10
"YLR012C",3,0,0,0,2,0
"YLR013W",0,0,0,0,1,0
"YLR014C",38,22,24,26,35,34
"YLR015W",55,48,24,36,37,60
"YLR016C",43,30,22,22,27,31
"YLR017W",58,39,31,40,35,32
"YLR018C",49,40,25,23,25,20
"YLR019W",74,67,30,79,89,78
"YLR020C",68,52,34,34,37,23
"YLR021W",26,26,13,17,19,11
"YLR022C",35,28,24,20,18,12
"YLR023C",131,90,68,171,176,179
"YLR024C",151,113,75,275,338,281
"YLR025W",127,163,29,88,119,103
"YLR026C",36,42,12,19,26,27
"YLR027C",307,238,160,109,124,115
"YLR028C",139,139,64,136,142,133
"YLR029C",480,360,201,176,236,215
"YLR030W",2,4,4,5,4,8
"YLR031W",2,3,0,3,3,2
"YLR032W",55,34,28,54,59,69
"YLR033W",91,94,14,49,42,54
"YLR034C",192,108,148,75,92,87
"YLR035C",31,22,17,59,53,59
"YLR035C-A",0,0,0,0,0,0
"YLR036C",27,11,2,7,8,3
"YLR037C",1,5,0,2,1,0
"YLR038C",941,1157,286,206,258,331
"YLR039C",190,175,51,43,41,62
"YLR040C",6,6,4,12,5,8
"YLR041W",2,1,2,1,3,2
"YLR042C",3,3,3,3,5,1
"YLR043C",266,217,134,120,180,134
"YLR044C",329,490,204,1403,1536,1403
"YLR045C",59,86,33,14,20,20
"YLR046C",20,28,9,24,38,19
"YLR047C",24,25,24,29,30,17
"YLR048W",348,215,210,171,180,150
"YLR049C",43,49,13,37,42,31
"YLR050C",45,41,44,29,34,39
"YLR051C",82,66,8,17,27,26
"YLR052W",14,41,2,13,21,31
"YLR053C",34,38,6,94,96,143
"YLR054C",17,13,16,15,27,21
"YLR055C",20,26,16,25,29,29
"YLR056W",451,258,236,273,301,309
"YLR057W",85,75,32,42,63,58
"YLR058C",234,160,100,64,83,77
"YLR059C",51,39,30,26,44,32
"YLR060W",163,84,72,50,72,62
"YLR061W",296,301,92,77,102,128
"YLR062C",294,279,94,85,98,136
"YLR063W",5,14,2,4,10,2
"YLR064W",142,193,89,78,93,68
"YLR065C",34,23,12,14,26,21
"YLR066W",71,54,25,20,24,30
"YLR067C",72,70,20,35,37,65
"YLR068W",26,54,7,2,7,10
"YLR069C",209,164,89,83,83,88
"YLR070C",5,12,5,9,18,9
"YLR071C",104,67,42,59,79,67
"YLR072W",39,40,18,51,49,41
"YLR073C",15,9,3,8,14,10
"YLR074C",46,61,17,23,21,35
"YLR075W",2418,1313,1287,487,613,566
"YLR076C",1519,875,893,306,411,364
"YLR077W",85,89,36,70,64,87
"YLR078C",43,52,19,30,39,27
"YLR079W",40,60,9,25,32,35
"YLR080W",53,27,27,52,70,81
"YLR081W",5,5,2,3,4,3
"YLR082C",24,23,10,18,30,37
"YLR083C",77,55,44,65,64,42
"YLR084C",46,30,36,16,30,32
"YLR085C",46,21,20,18,28,21
"YLR086W",97,122,21,76,106,118
"YLR087C",198,148,104,305,356,336
"YLR088W",59,49,29,30,30,43
"YLR089C",124,93,72,58,45,56
"YLR090W",49,52,32,45,57,38
"YLR091W",17,6,4,15,15,16
"YLR092W",64,93,43,48,53,53
"YLR093C",65,53,35,47,54,48
"YLR094C",25,22,14,11,15,17
"YLR095C",61,81,19,37,57,35
"YLR096W",60,44,29,64,74,85
"YLR097C",77,76,39,88,77,95
"YLR098C",29,15,24,52,44,50
"YLR099C",48,45,30,14,10,22
"YLR099W-A",25,32,10,10,12,12
"YLR100W",86,42,39,86,110,112
"YLR101C",28,31,25,51,37,42
"YLR102C",24,30,13,22,27,23
"YLR103C",39,27,14,7,5,10
"YLR104W",106,176,30,20,21,19
"YLR105C",23,25,4,26,44,33
"YLR106C",318,366,124,341,450,427
"YLR107W",61,39,26,41,55,56
"YLR108C",81,59,51,59,63,74
"YLR109W",148,198,67,196,219,223
"YLR110C",7071,5679,4730,4221,4313,3866
"YLR111W",0,1,0,0,1,0
"YLR112W",0,2,1,1,0,1
"YLR113W",114,85,59,63,66,75
"YLR114C",74,58,27,74,89,103
"YLR115W",41,63,18,36,40,48
"YLR116W",11,15,6,17,20,19
"YLR117C",60,64,10,41,67,60
"YLR118C",74,46,35,41,53,45
"YLR119W",33,64,7,33,20,27
"YLR120C",208,121,184,118,126,99
"YLR120W-A",3,9,3,2,2,3
"YLR121C",52,51,59,50,42,32
"YLR122C",3,1,4,0,1,1
"YLR123C",2,0,0,2,2,2
"YLR124W",2,3,2,8,4,2
"YLR125W",10,5,4,5,7,8
"YLR126C",41,43,9,16,29,16
"YLR127C",31,19,15,26,32,29
"YLR128W",17,28,10,12,12,18
"YLR129W",58,62,29,41,37,35
"YLR130C",34,34,17,37,32,42
"YLR131C",16,22,6,9,17,15
"YLR132C",12,10,8,5,10,13
"YLR133W",106,72,72,91,89,82
"YLR134W",307,188,211,508,578,567
"YLR135W",37,47,8,25,41,35
"YLR136C",36,30,18,17,9,12
"YLR137W",19,21,11,8,18,11
"YLR138W",129,181,36,164,175,196
"YLR139C",16,15,5,11,21,17
"YLR140W",3,1,1,2,4,0
"YLR141W",7,9,6,4,5,7
"YLR142W",1742,1728,889,2486,3006,3129
"YLR143W",28,25,10,24,31,20
"YLR144C",55,42,32,57,64,40
"YLR145W",14,20,7,13,14,10
"YLR146C",33,17,24,20,27,22
"YLR146W-A",30,45,8,5,8,9
"YLR147C",42,46,13,16,21,19
"YLR148W",84,77,20,49,65,78
"YLR149C",153,118,84,159,190,194
"YLR149C-A",7,4,6,1,3,3
"YLR150W",405,236,160,163,156,146
"YLR151C",14,22,11,12,9,10
"YLR152C",77,83,52,180,235,179
"YLR153C",524,232,301,412,459,424
"YLR154C",24,27,10,9,4,14
"YLR154C-G",0,0,0,0,0,0
"YLR154C-H",0,0,0,0,0,0
"YLR154W-A",0,0,0,0,0,0
"YLR154W-B",0,0,0,0,0,0
"YLR154W-C",0,0,0,0,0,0
"YLR154W-E",0,0,0,0,0,0
"YLR154W-F",0,0,0,0,0,0
"YLR155C",0,0,0,0,0,0
"YLR156C-A",0,0,0,0,0,0
"YLR156W",0,0,0,0,0,0
"YLR157C",0,0,0,0,0,0
"YLR157C-A",0,0,0,0,0,0
"YLR157C-B",0,0,0,0,0,0
"YLR157C-C",0,0,0,0,0,0
"YLR157W-D",0,0,0,0,0,0
"YLR157W-E",0,0,0,0,0,0
"YLR158C",0,0,0,0,0,0
"YLR159C-A",0,0,0,0,0,0
"YLR159W",0,0,0,0,0,0
"YLR160C",0,0,0,0,0,0
"YLR161W",0,0,0,0,0,0
"YLR162W",0,0,0,0,0,0
"YLR162W-A",0,0,0,0,1,0
"YLR163C",144,108,77,114,128,133
"YLR163W-A",7,5,7,6,12,10
"YLR164W",11,8,14,71,92,73
"YLR165C",35,21,7,13,24,14
"YLR166C",89,45,24,60,93,71
"YLR167W",927,622,542,270,364,391
"YLR168C",437,507,153,85,96,128
"YLR169W",59,66,25,26,34,27
"YLR170C",97,94,35,47,66,85
"YLR171W",53,56,25,30,39,48
"YLR172C",80,53,33,26,30,39
"YLR173W",16,20,16,38,40,52
"YLR174W",365,220,246,46,47,29
"YLR175W",83,173,24,34,44,48
"YLR176C",24,32,19,24,34,29
"YLR177W",76,101,53,136,161,126
"YLR178C",94,173,70,375,424,375
"YLR179C",192,161,105,81,93,100
"YLR180W",45,37,24,18,28,25
"YLR181C",50,39,10,33,39,42
"YLR182W",83,81,22,45,54,53
"YLR183C",30,15,8,0,3,3
"YLR184W",1,0,0,0,0,0
"YLR185W",288,262,89,101,103,106
"YLR186W",45,26,17,22,27,30
"YLR187W",41,61,13,43,52,61
"YLR188W",64,54,45,43,49,54
"YLR189C",182,180,73,277,372,334
"YLR190W",72,52,28,33,42,28
"YLR191W",43,46,15,34,31,33
"YLR192C",92,103,40,43,54,52
"YLR193C",48,89,17,21,31,25
"YLR194C",58,57,59,15,27,19
"YLR195C",148,95,71,54,77,75
"YLR196W",80,72,22,31,40,34
"YLR197W",106,153,24,34,31,54
"YLR198C",36,68,7,12,3,13
"YLR199C",66,43,17,29,36,30
"YLR200W",43,47,4,6,7,12
"YLR201C",68,75,35,63,51,47
"YLR202C",5,12,3,9,7,8
"YLR203C",162,141,93,96,99,93
"YLR204W",100,147,52,52,81,71
"YLR205C",30,25,10,22,28,26
"YLR206W",131,150,57,138,152,177
"YLR207W",69,41,37,58,80,58
"YLR208W",113,115,45,69,77,82
"YLR209C",53,48,39,23,34,25
"YLR210W",13,11,9,9,11,6
"YLR211C",26,40,4,13,22,25
"YLR212C",36,23,24,11,8,7
"YLR213C",10,8,5,7,11,18
"YLR214W",36,26,21,60,72,66
"YLR215C",32,39,26,45,50,36
"YLR216C",260,354,91,32,55,38
"YLR217W",51,45,30,9,7,11
"YLR218C",49,69,17,14,27,27
"YLR219W",69,85,53,65,73,95
"YLR220W",132,93,70,134,154,119
"YLR221C",55,66,11,12,30,34
"YLR222C",40,20,18,17,22,13
"YLR222C-A",2,1,0,1,1,1
"YLR223C",151,307,35,164,204,182
"YLR224W",76,67,35,64,65,71
"YLR225C",121,102,47,67,98,78
"YLR226W",50,51,16,31,28,42
"YLR227C",61,62,19,28,46,48
"YLR227W-A",0,0,0,0,0,0
"YLR227W-B",0,0,0,0,0,0
"YLR228C",21,15,15,30,36,49
"YLR229C",118,62,65,102,115,92
"YLR230W",58,27,43,52,49,62
"YLR231C",17,14,15,72,77,73
"YLR232W",4,1,1,12,10,12
"YLR233C",26,15,24,30,30,30
"YLR234W",11,2,6,8,16,7
"YLR235C",0,0,1,1,3,0
"YLR236C",3,4,0,3,3,1
"YLR237W",54,51,30,161,144,139
"YLR238W",28,54,12,16,21,22
"YLR239C",24,17,7,14,22,19
"YLR240W",64,50,39,78,72,71
"YLR241W",145,90,92,131,132,107
"YLR242C",17,12,4,16,22,14
"YLR243W",27,28,6,17,13,17
"YLR244C",125,132,68,131,125,118
"YLR245C",12,6,10,9,10,9
"YLR246W",59,57,32,75,75,90
"YLR247C",210,235,91,254,324,324
"YLR248W",350,316,157,334,373,388
"YLR249W",2045,937,1347,1889,1962,1699
"YLR250W",146,114,70,59,62,67
"YLR251W",25,20,16,27,43,25
"YLR252W",11,25,4,18,24,21
"YLR253W",87,76,33,80,67,72
"YLR254C",51,70,9,45,59,77
"YLR255C",4,1,1,6,5,4
"YLR256W",183,132,97,348,395,315
"YLR256W-A",0,0,0,0,0,0
"YLR257W",260,264,143,606,849,794
"YLR258W",180,210,123,217,254,233
"YLR259C",548,564,365,225,212,203
"YLR260W",71,55,27,52,41,45
"YLR261C",0,0,0,0,1,0
"YLR262C",23,15,6,6,9,21
"YLR262C-A",185,121,49,39,56,81
"YLR263W",10,15,7,21,19,21
"YLR264C-A",97,121,35,31,31,25
"YLR264W",105,57,32,17,24,12
"YLR265C",2,3,1,1,1,0
"YLR266C",34,31,28,28,37,36
"YLR267W",8,8,3,12,11,14
"YLR268W",66,48,32,38,50,61
"YLR269C",28,50,21,42,31,43
"YLR270W",137,151,58,173,209,179
"YLR271W",15,42,4,16,21,33
"YLR272C",54,44,24,17,17,21
"YLR273C",40,24,9,23,33,20
"YLR274W",56,52,30,46,40,48
"YLR275W",31,22,8,11,14,11
"YLR276C",82,74,13,26,35,31
"YLR277C",39,39,15,19,23,33
"YLR278C",136,126,56,202,214,241
"YLR279W",4,6,8,10,7,8
"YLR280C",1,0,0,1,2,0
"YLR281C",2,0,3,3,1,1
"YLR282C",13,8,4,5,7,11
"YLR283W",53,40,29,31,39,45
"YLR284C",28,29,14,22,48,37
"YLR285C-A",17,21,4,13,11,17
"YLR285W",80,58,25,31,30,42
"YLR286C",676,483,297,253,233,205
"YLR286W-A",53,50,20,19,16,17
"YLR287C",46,27,23,13,13,24
"YLR287C-A",414,392,113,82,143,166
"YLR288C",29,24,14,21,36,26
"YLR289W",36,40,13,44,40,48
"YLR290C",70,61,22,58,61,65
"YLR291C",42,34,16,16,21,26
"YLR292C",110,87,49,40,43,45
"YLR293C",112,101,44,37,44,55
"YLR294C",204,387,53,51,74,72
"YLR295C",598,646,150,97,135,172
"YLR296W",2,3,5,0,1,0
"YLR297W",212,260,83,106,140,124
"YLR298C",54,105,17,37,68,51
"YLR299C-A",19,8,8,10,12,14
"YLR299W",219,113,137,175,227,222
"YLR300W",329,186,212,603,612,548
"YLR301W",205,187,86,78,61,94
"YLR302C",10,2,8,2,3,5
"YLR303W",883,696,622,170,168,114
"YLR304C",2339,1266,1544,782,852,764
"YLR305C",162,111,117,187,215,178
"YLR306W",14,17,6,13,16,17
"YLR307C-A",4,8,3,0,1,1
"YLR307W",3,2,2,0,1,2
"YLR308W",0,0,0,0,1,0
"YLR309C",184,395,33,96,114,167
"YLR310C",282,196,111,321,395,414
"YLR311C",9,19,7,32,25,21
"YLR312C",134,88,45,192,232,213
"YLR312W-A",77,102,28,27,32,35
"YLR313C",22,18,12,7,8,7
"YLR314C",102,115,24,41,36,37
"YLR315W",8,6,3,5,8,8
"YLR316C",35,34,16,22,36,29
"YLR317W",15,14,6,14,13,14
"YLR318W",11,13,5,6,19,21
"YLR319C",36,35,10,24,34,29
"YLR320W",60,48,29,107,123,110
"YLR321C",39,51,15,16,18,20
"YLR322W",9,7,1,4,3,3
"YLR323C",29,30,12,21,21,24
"YLR324W",28,67,9,21,33,35
"YLR325C",557,527,120,114,177,181
"YLR326W",48,40,28,24,36,24
"YLR327C",383,925,95,18,26,28
"YLR328W",29,28,15,13,16,11
"YLR329W",9,9,2,4,6,9
"YLR330W",149,152,58,99,108,101
"YLR331C",23,16,11,4,11,15
"YLR332W",70,44,37,31,40,25
"YLR333C",153,137,82,71,105,118
"YLR334C",1,5,3,2,0,2
"YLR335W",104,108,36,95,107,92
"YLR336C",109,112,42,74,78,71
"YLR337C",17,31,13,18,20,27
"YLR338W",3,0,4,1,4,2
"YLR339C",68,27,49,42,42,53
"YLR340W",196,224,137,126,136,148
"YLR341W",19,15,13,16,16,20
"YLR342W",1176,584,980,1248,1298,1298
"YLR342W-A",11,7,2,12,12,11
"YLR343W",13,15,9,24,28,29
"YLR344W",154,140,52,66,77,70
"YLR345W",121,122,57,119,139,129
"YLR346C",66,63,24,6,10,13
"YLR347C",232,135,214,186,227,180
"YLR347W-A",16,8,12,7,13,11
"YLR348C",81,92,45,45,47,45
"YLR349W",32,24,20,16,14,19
"YLR350W",243,292,158,118,133,101
"YLR351C",91,86,69,66,115,97
"YLR352W",65,49,37,80,70,80
"YLR353W",27,29,24,44,39,25
"YLR354C",197,169,121,192,190,149
"YLR355C",679,413,324,213,241,253
"YLR356W",51,57,35,67,72,58
"YLR357W",117,92,44,64,70,88
"YLR358C",30,48,14,17,24,21
"YLR359W",350,144,153,142,153,154
"YLR360W",50,52,16,42,49,55
"YLR361C",42,22,16,49,53,53
"YLR361C-A",25,27,9,6,20,20
"YLR362W",67,38,18,41,73,43
"YLR363C",28,16,9,18,20,16
"YLR363W-A",41,36,7,12,12,13
"YLR364C-A",0,1,0,0,2,2
"YLR364W",39,21,17,2,2,3
"YLR365W",2,7,2,1,2,4
"YLR366W",3,1,6,2,1,3
"YLR367W",150,189,99,77,91,101
"YLR368W",56,34,25,40,49,29
"YLR369W",41,32,18,32,46,54
"YLR370C",99,125,52,60,76,89
"YLR371W",152,94,57,157,203,209
"YLR372W",100,68,47,19,20,23
"YLR373C",74,73,39,55,96,81
"YLR374C",24,19,16,15,20,14
"YLR375W",180,205,139,191,211,176
"YLR376C",6,10,4,9,8,11
"YLR377C",717,510,484,19,26,26
"YLR378C",175,118,95,48,40,41
"YLR379W",40,33,29,22,22,22
"YLR380W",43,30,24,17,14,25
"YLR381W",26,6,10,19,14,19
"YLR382C",80,77,23,66,86,86
"YLR383W",102,107,27,54,60,43
"YLR384C",187,149,117,191,220,204
"YLR385C",2,0,5,5,3,1
"YLR386W",64,31,27,68,87,80
"YLR387C",149,147,74,76,95,103
"YLR388W",105,116,36,27,47,45
"YLR389C",228,129,136,177,198,183
"YLR390W",51,78,25,16,18,26
"YLR390W-A",299,223,193,294,301,305
"YLR392C",63,63,27,46,59,41
"YLR393W",25,12,12,8,9,8
"YLR394W",49,54,13,31,40,46
"YLR395C",851,862,272,195,257,318
"YLR396C",78,66,60,56,58,60
"YLR397C",35,25,28,37,33,33
"YLR398C",121,89,56,95,134,112
"YLR399C",151,224,55,114,132,154
"YLR399W-A",4,4,5,3,4,2
"YLR400W",6,8,4,2,2,4
"YLR401C",16,20,12,8,13,9
"YLR402W",7,1,3,12,15,6
"YLR403W",86,61,48,226,259,229
"YLR404W",15,13,5,7,15,10
"YLR405W",40,36,28,18,26,41
"YLR406C",97,97,35,35,64,66
"YLR406C-A",1,2,0,0,1,0
"YLR407W",49,53,16,53,67,74
"YLR408C",18,19,4,6,7,12
"YLR409C",97,57,49,27,27,35
"YLR410W",93,89,84,149,193,190
"YLR410W-A",0,0,0,0,0,0
"YLR410W-B",0,0,0,0,0,0
"YLR411W",276,257,132,318,399,351
"YLR412C-A",0,0,1,0,0,0
"YLR412W",42,56,19,34,38,47
"YLR413W",21,12,9,22,14,30
"YLR414C",70,61,32,38,40,28
"YLR415C",0,1,2,0,3,2
"YLR416C",0,1,0,1,0,0
"YLR417W",43,40,23,42,44,55
"YLR418C",35,26,26,37,35,34
"YLR419W",108,81,23,73,87,78
"YLR420W",50,41,23,27,47,38
"YLR421C",211,164,71,79,116,101
"YLR422W",156,135,102,231,289,289
"YLR423C",41,34,3,26,31,43
"YLR424W",28,27,10,18,17,23
"YLR425W",65,61,27,79,85,82
"YLR426W",10,10,5,5,12,14
"YLR427W",69,59,32,67,64,69
"YLR428C",11,7,9,4,5,10
"YLR429W",114,89,78,53,57,66
"YLR430W",166,155,93,178,228,233
"YLR431C",23,16,4,16,20,19
"YLR432W",55,24,23,26,17,15
"YLR433C",49,38,20,33,47,47
"YLR434C",7,4,2,0,3,1
"YLR435W",58,36,15,10,11,13
"YLR436C",138,102,52,233,242,262
"YLR437C",30,19,11,17,30,17
"YLR437C-A",10,14,14,4,4,4
"YLR438C-A",39,92,3,19,20,22
"YLR438W",77,87,54,34,34,33
"YLR439W",28,29,15,17,11,22
"YLR440C",30,19,15,19,26,24
"YLR441C",830,577,335,266,333,330
"YLR442C",66,60,21,37,51,55
"YLR443W",41,21,24,23,22,24
"YLR444C",12,15,9,6,6,5
"YLR445W",4,0,1,12,11,15
"YLR446W",13,19,17,99,108,94
"YLR447C",351,230,169,409,501,499
"YLR448W",215,119,86,55,60,71
"YLR449W",44,78,10,19,20,21
"YLR450W",121,43,78,153,140,149
"YLR451W",67,98,26,48,71,61
"YLR452C",30,21,12,18,28,29
"YLR453C",23,11,4,20,24,23
"YLR454W",442,314,130,456,557,585
"YLR455W",65,119,18,26,36,39
"YLR456W",28,33,6,6,11,4
"YLR457C",35,28,12,18,23,24
"YLR458W",5,6,2,9,1,11
"YLR459W",45,24,22,29,55,45
"YLR460C",0,0,0,0,0,0
"YLR461W",0,0,0,0,0,0
"YLR462W",0,0,0,0,0,0
"YLR463C",0,0,0,0,0,0
"YLR464W",0,0,0,0,0,0
"YLR465C",0,0,0,0,0,0
"YLR466C-A",0,0,0,0,0,0
"YLR466C-B",0,0,0,0,0,0
"YLR466W",0,0,0,0,0,0
"YLR467C-A",0,0,0,0,0,0
"YLR467W",0,0,0,0,0,0
"YML001W",166,87,77,84,94,124
"YML002W",37,32,26,57,84,100
"YML003W",18,11,7,13,21,17
"YML004C",252,219,130,188,232,215
"YML005W",53,60,26,36,34,32
"YML006C",32,21,19,38,44,58
"YML007C-A",15,12,11,10,9,12
"YML007W",255,187,96,156,214,208
"YML008C",59,56,31,41,47,53
"YML009C",126,194,56,39,40,43
"YML009C-A",10,22,4,13,11,20
"YML009W-B",1,3,0,2,3,3
"YML010W",63,64,61,77,109,89
"YML011C",29,26,14,14,26,16
"YML012C-A",13,12,4,9,14,9
"YML012W",323,266,140,70,94,90
"YML013W",46,42,30,47,44,56
"YML014W",22,26,14,16,20,12
"YML015C",27,32,9,15,16,13
"YML016C",122,84,41,109,140,136
"YML017W",66,60,46,91,115,120
"YML018C",86,72,48,39,62,39
"YML019W",27,14,18,20,17,20
"YML020W",63,60,20,51,90,63
"YML021C",40,44,26,24,45,29
"YML022W",109,60,95,35,30,40
"YML023C",34,30,16,41,33,33
"YML024W",338,222,158,89,106,101
"YML025C",121,119,41,75,80,78
"YML026C",183,118,54,54,47,53
"YML027W",18,17,22,7,13,4
"YML028W",1677,1534,1021,580,753,709
"YML029W",46,41,40,44,36,53
"YML030W",98,123,19,72,99,107
"YML031C-A",11,5,9,2,1,3
"YML031W",99,59,50,63,70,53
"YML032C",66,37,33,38,36,34
"YML034C-A",8,10,8,4,10,9
"YML034W",121,126,46,90,108,98
"YML035C",89,78,37,114,126,134
"YML036W",21,30,11,19,10,20
"YML037C",19,18,8,10,13,8
"YML038C",53,48,30,20,22,32
"YML039W",0,0,0,0,0,0
"YML040W",0,0,0,0,0,0
"YML041C",50,50,16,28,48,34
"YML042W",205,240,116,306,377,305
"YML043C",31,34,3,11,12,10
"YML045W",0,0,0,0,0,0
"YML045W-A",0,0,0,0,0,0
"YML046W",29,25,5,29,30,39
"YML047C",0,1,1,2,3,3
"YML047W-A",0,1,0,1,3,1
"YML048W",340,186,175,180,201,172
"YML049C",108,109,53,80,88,81
"YML050W",14,18,6,17,16,20
"YML051W",85,54,46,114,118,115
"YML052W",49,36,30,34,33,29
"YML053C",16,22,0,15,21,24
"YML054C",299,349,108,442,532,568
"YML054C-A",0,1,0,0,0,2
"YML055W",67,77,28,17,34,25
"YML056C",39,29,19,20,27,26
"YML057C-A",13,8,12,10,15,10
"YML057W",95,120,49,69,91,83
"YML058W",178,142,137,206,223,183
"YML058W-A",2,6,2,0,1,4
"YML059C",170,125,137,239,254,241
"YML060W",10,17,1,7,9,8
"YML061C",82,47,31,34,43,43
"YML062C",70,104,14,16,30,36
"YML063W",784,467,379,182,204,193
"YML064C",17,12,8,2,5,5
"YML065W",83,77,22,73,103,104
"YML066C",24,23,15,31,28,37
"YML067C",87,54,45,65,54,54
"YML068W",47,49,36,39,61,57
"YML069W",102,91,34,45,71,60
"YML070W",192,104,123,404,417,430
"YML071C",35,96,14,21,37,34
"YML072C",478,528,189,457,495,465
"YML073C",287,248,137,121,132,140
"YML074C",129,290,38,96,123,125
"YML075C",80,52,58,234,252,269
"YML076C",90,70,53,70,112,104
"YML077W",18,30,9,6,9,14
"YML078W",272,204,192,88,70,80
"YML079W",36,42,13,21,19,20
"YML080W",27,24,13,12,16,12
"YML081C-A",704,926,297,207,261,267
"YML081W",172,163,100,189,221,194
"YML082W",27,26,11,22,34,27
"YML083C",7,11,4,17,15,9
"YML084W",0,0,0,1,3,1
"YML085C",109,62,55,48,51,44
"YML086C",76,73,69,32,24,45
"YML087C",244,276,131,53,67,45
"YML088W",131,91,78,48,63,62
"YML089C",30,31,7,7,6,3
"YML090W",95,271,20,28,30,22
"YML091C",1213,1140,309,212,286,283
"YML092C",181,131,70,83,75,74
"YML093W",112,144,20,31,52,45
"YML094C-A",18,15,9,4,8,7
"YML094W",47,38,11,23,31,23
"YML095C",25,16,11,13,15,16
"YML096W",68,32,16,29,18,27
"YML097C",63,64,24,15,18,27
"YML098W",57,35,17,35,47,50
"YML099C",70,56,35,101,101,89
"YML099W-A",21,37,12,23,35,35
"YML100W",205,212,155,333,432,361
"YML100W-A",1,0,1,0,0,0
"YML101C",30,29,20,16,27,19
"YML101C-A",8,6,7,5,11,4
"YML102W",27,21,20,19,36,22
"YML103C",159,96,73,108,125,126
"YML104C",43,42,24,72,90,83
"YML105C",33,43,13,7,21,15
"YML106W",134,84,81,63,53,52
"YML107C",30,30,25,13,18,20
"YML108W",30,33,15,17,32,28
"YML109W",60,46,25,27,37,36
"YML110C",227,185,113,98,117,115
"YML111W",67,79,31,58,72,83
"YML112W",24,21,17,29,18,22
"YML113W",17,14,11,15,7,16
"YML114C",39,45,7,32,27,41
"YML115C",71,76,55,49,70,64
"YML116W",124,82,73,52,58,49
"YML116W-A",14,15,4,14,14,9
"YML117W",196,145,85,184,240,210
"YML118W",51,49,24,34,32,43
"YML119W",44,48,21,13,28,16
"YML120C",617,508,327,308,328,318
"YML121W",63,69,24,59,87,107
"YML122C",2,10,1,5,9,10
"YML123C",20,14,8,36,40,44
"YML124C",85,55,42,36,49,33
"YML125C",147,94,72,48,45,38
"YML126C",307,168,144,175,188,243
"YML127W",75,50,38,35,50,39
"YML128C",164,155,68,490,526,496
"YML129C",121,168,29,40,37,48
"YML130C",656,617,292,255,280,271
"YML131W",857,490,545,376,443,390
"YML132W",0,0,0,0,0,0
"YML133C",0,0,0,0,0,0
"YML133W-A",0,0,0,0,0,0
"YML133W-B",0,0,0,0,0,0
"YMR001C",53,50,25,12,12,16
"YMR001C-A",0,3,0,1,1,0
"YMR002W",527,475,173,78,106,102
"YMR003W",13,7,6,5,9,7
"YMR004W",96,87,30,47,65,61
"YMR005W",60,85,25,68,83,62
"YMR006C",66,65,59,66,51,38
"YMR007W",8,14,10,14,14,17
"YMR008C",181,106,112,133,137,127
"YMR009W",52,51,11,72,101,105
"YMR010W",63,33,30,30,44,33
"YMR011W",23,22,10,16,12,11
"YMR012W",799,548,370,197,243,296
"YMR013C",35,29,25,37,32,28
"YMR013C-A",0,0,0,0,0,0
"YMR013W-A",0,0,0,0,0,0
"YMR014W",57,91,9,32,24,34
"YMR015C",393,216,226,671,741,755
"YMR016C",66,63,16,30,38,32
"YMR017W",4,13,5,6,7,7
"YMR018W",5,10,3,4,7,7
"YMR019W",82,63,47,80,76,82
"YMR020W",125,148,90,127,135,126
"YMR021C",68,55,36,72,85,68
"YMR022W",95,104,57,68,59,61
"YMR023C",33,25,24,23,25,23
"YMR024W",120,68,51,55,52,52
"YMR025W",8,19,3,9,9,16
"YMR026C",44,29,22,45,62,53
"YMR027W",223,166,117,228,232,224
"YMR028W",61,57,25,27,44,48
"YMR029C",98,78,36,76,105,100
"YMR030W",32,60,8,32,33,31
"YMR030W-A",1,3,0,0,1,0
"YMR031C",235,225,79,130,161,159
"YMR031W-A",6,0,0,3,2,2
"YMR032W",10,4,5,3,0,1
"YMR033W",78,106,37,34,44,39
"YMR034C",38,35,24,29,38,27
"YMR035W",53,34,35,29,36,21
"YMR036C",50,43,24,34,43,41
"YMR037C",115,88,32,140,157,118
"YMR038C",58,42,22,45,48,58
"YMR039C",103,219,24,27,44,42
"YMR040W",119,262,34,10,18,25
"YMR041C",57,45,31,33,40,28
"YMR042W",6,5,6,7,7,8
"YMR043W",86,85,18,81,105,110
"YMR044W",87,116,39,58,105,71
"YMR045C",0,0,0,0,0,0
"YMR046C",0,0,0,0,0,0
"YMR046W-A",0,0,0,0,0,0
"YMR047C",73,85,33,62,92,100
"YMR048W",26,16,20,16,24,13
"YMR049C",67,39,29,25,36,40
"YMR050C",0,0,0,0,0,0
"YMR051C",0,0,0,0,0,0
"YMR052C-A",6,20,5,11,7,6
"YMR052W",16,36,1,10,16,14
"YMR053C",35,34,21,71,70,58
"YMR054W",194,117,132,166,138,138
"YMR055C",13,10,9,17,20,19
"YMR056C",41,58,20,28,42,38
"YMR057C",3,2,1,3,5,3
"YMR058W",123,73,70,29,35,32
"YMR059W",14,13,4,5,9,8
"YMR060C",65,57,18,23,33,21
"YMR061W",89,90,31,39,47,47
"YMR062C",99,84,69,41,50,58
"YMR063W",15,2,8,12,19,17
"YMR064W",111,104,33,76,71,93
"YMR065W",25,21,6,12,12,8
"YMR066W",60,45,21,49,46,57
"YMR067C",52,37,20,13,21,23
"YMR068W",16,21,18,21,32,26
"YMR069W",2,6,2,4,5,0
"YMR070W",36,71,8,62,105,77
"YMR071C",52,50,33,47,44,41
"YMR072W",227,223,59,94,145,159
"YMR073C",32,34,19,20,26,33
"YMR074C",68,58,21,47,47,47
"YMR075C-A",24,41,2,6,10,14
"YMR075W",67,114,11,55,88,75
"YMR076C",66,51,21,28,32,40
"YMR077C",45,69,7,22,32,34
"YMR078C",27,20,15,10,5,7
"YMR079W",85,42,54,34,39,42
"YMR080C",144,83,99,127,107,109
"YMR081C",134,197,57,126,149,150
"YMR082C",0,0,0,1,1,1
"YMR083W",439,374,282,283,343,333
"YMR084W",9,5,7,9,4,2
"YMR085W",12,17,10,11,13,13
"YMR086C-A",16,31,2,36,28,24
"YMR086W",122,117,33,163,178,200
"YMR087W",19,25,8,43,52,35
"YMR088C",222,126,179,634,684,590
"YMR089C",287,445,110,171,206,193
"YMR090W",899,880,492,603,765,614
"YMR091C",109,93,29,65,67,70
"YMR092C",119,78,86,86,119,104
"YMR093W",36,24,12,9,10,12
"YMR094W",16,11,1,6,12,16
"YMR095C",6,7,3,7,8,5
"YMR096W",57,39,42,24,19,34
"YMR097C",36,24,17,22,28,35
"YMR098C",96,73,37,37,75,52
"YMR099C",129,125,55,72,97,80
"YMR100W",165,126,43,95,96,93
"YMR101C",5,3,2,0,2,2
"YMR102C",130,134,75,136,159,188
"YMR103C",23,43,19,55,54,37
"YMR104C",72,45,66,75,80,89
"YMR105C",75,112,49,122,123,120
"YMR105W-A",10,5,1,4,6,6
"YMR106C",20,23,13,22,33,33
"YMR107W",8,14,6,8,15,23
"YMR108W",400,285,183,260,327,258
"YMR109W",60,55,43,74,86,91
"YMR110C",201,113,123,217,242,232
"YMR111C",29,33,14,19,27,30
"YMR112C",48,48,7,8,8,15
"YMR113W",33,23,9,19,23,21
"YMR114C",48,73,19,49,55,50
"YMR115W",60,81,25,39,52,47
"YMR116C",770,428,487,318,368,319
"YMR117C",10,5,5,5,9,7
"YMR118C",34,30,18,139,188,144
"YMR119W",92,35,45,67,65,69
"YMR119W-A",8,12,4,7,3,1
"YMR120C",293,151,167,122,134,117
"YMR121C",20,33,10,18,17,11
"YMR122C",3,2,2,2,1,2
"YMR122W-A",408,286,279,61,46,40
"YMR123W",41,33,20,10,14,15
"YMR124W",99,101,35,84,88,92
"YMR125W",250,127,80,85,111,117
"YMR126C",33,25,8,19,24,15
"YMR127C",30,42,12,26,33,31
"YMR128W",93,118,23,50,46,46
"YMR129W",147,87,100,128,146,147
"YMR130W",40,32,16,18,22,27
"YMR131C",123,75,38,36,67,64
"YMR132C",13,16,3,2,2,4
"YMR133W",27,34,25,10,17,20
"YMR134W",37,40,23,15,14,19
"YMR135C",82,81,38,69,72,85
"YMR135W-A",5,10,8,4,2,6
"YMR136W",51,68,17,24,33,40
"YMR137C",39,26,10,24,34,38
"YMR138W",17,15,6,6,8,10
"YMR139W",70,81,43,49,58,62
"YMR140W",72,55,28,65,77,69
"YMR141C",16,26,5,22,12,13
"YMR141W-A",2,3,1,4,1,1
"YMR142C",350,286,154,132,154,145
"YMR143W",325,257,169,101,127,136
"YMR144W",12,17,5,0,3,4
"YMR145C",430,378,213,57,58,46
"YMR146C",212,145,80,79,107,93
"YMR147W",12,11,5,12,11,21
"YMR148W",51,35,19,37,34,36
"YMR149W",120,75,80,80,82,62
"YMR150C",22,28,25,12,27,17
"YMR151W",3,5,0,2,3,7
"YMR152W",123,94,63,103,135,114
"YMR153C-A",15,29,4,12,21,16
"YMR153W",35,44,26,52,34,39
"YMR154C",12,20,12,24,36,35
"YMR155W",64,45,49,118,159,121
"YMR156C",18,23,10,17,18,13
"YMR157C",140,109,74,56,71,59
"YMR158C-A",3,4,0,1,0,7
"YMR158W",92,82,17,10,18,22
"YMR158W-B",8,15,1,3,9,9
"YMR159C",19,23,2,11,7,12
"YMR160W",74,54,26,66,70,82
"YMR161W",60,37,23,21,39,25
"YMR162C",93,88,51,159,151,168
"YMR163C",21,21,15,21,21,21
"YMR164C",48,43,19,41,55,66
"YMR165C",22,48,12,38,39,52
"YMR166C",11,8,18,11,16,9
"YMR167W",46,36,34,43,55,51
"YMR168C",44,27,38,32,35,39
"YMR169C",11,11,10,22,21,36
"YMR170C",21,17,19,78,82,63
"YMR171C",94,68,33,87,87,69
"YMR172C-A",15,40,5,9,17,15
"YMR172W",40,44,25,35,50,58
"YMR173W",123,46,42,172,243,271
"YMR173W-A",15,32,2,69,88,80
"YMR174C",45,74,6,106,131,127
"YMR175W",293,538,56,431,590,849
"YMR175W-A",20,50,8,84,81,92
"YMR176W",92,73,42,134,162,171
"YMR177W",34,33,10,19,23,22
"YMR178W",124,116,62,113,179,160
"YMR179W",54,44,14,22,47,52
"YMR180C",40,49,20,44,58,56
"YMR181C",238,263,120,220,277,227
"YMR182C",25,26,9,35,31,31
"YMR182W-A",4,7,2,6,10,11
"YMR183C",54,39,16,20,18,21
"YMR184W",80,112,39,21,16,25
"YMR185W",107,86,40,89,127,133
"YMR186W",1159,1461,515,419,536,507
"YMR187C",16,9,7,19,17,7
"YMR188C",152,163,36,51,70,75
"YMR189W",95,76,54,94,120,97
"YMR190C",93,77,35,102,89,107
"YMR191W",212,154,159,89,111,92
"YMR192W",26,43,7,30,29,46
"YMR193C-A",17,15,1,6,12,9
"YMR193W",123,180,27,49,56,51
"YMR194C-A",1,2,6,2,2,3
"YMR194C-B",31,27,17,17,25,13
"YMR194W",130,121,49,27,46,46
"YMR195W",138,295,48,120,121,126
"YMR196W",164,135,110,188,214,212
"YMR197C",69,79,20,23,41,37
"YMR198W",22,17,9,17,31,15
"YMR199W",49,34,19,13,8,5
"YMR200W",128,85,45,60,69,64
"YMR201C",46,66,10,38,60,51
"YMR202W",112,85,68,101,99,88
"YMR203W",210,160,134,70,79,84
"YMR204C",12,14,3,20,24,18
"YMR205C",336,204,227,523,512,511
"YMR206W",8,7,11,15,12,10
"YMR207C",104,128,39,193,214,226
"YMR208W",59,48,26,40,48,46
"YMR209C",27,31,12,22,34,28
"YMR210W",61,72,36,112,116,89
"YMR211W",24,24,8,11,17,8
"YMR212C",76,56,22,39,48,54
"YMR213W",37,54,7,38,34,22
"YMR214W",48,52,29,29,31,23
"YMR215W",93,77,77,27,26,27
"YMR216C",128,105,78,145,160,153
"YMR217W",149,73,69,79,85,76
"YMR218C",68,52,41,36,61,50
"YMR219W",116,215,40,164,216,239
"YMR220W",39,37,37,57,59,61
"YMR221C",111,48,55,164,138,151
"YMR222C",19,36,15,9,10,15
"YMR223W",27,21,11,20,25,23
"YMR224C",21,13,11,23,27,30
"YMR225C",72,82,20,30,27,30
"YMR226C",344,240,198,327,360,349
"YMR227C",48,76,19,32,52,42
"YMR228W",45,32,13,22,30,33
"YMR229C",259,161,145,84,116,150
"YMR230W",253,216,56,71,87,87
"YMR230W-A",1,1,0,1,1,2
"YMR231W",60,35,24,68,74,72
"YMR232W",3,3,0,8,4,6
"YMR233W",16,23,6,5,9,16
"YMR234W",26,26,7,21,22,19
"YMR235C",73,78,33,28,49,54
"YMR236W",56,53,30,20,24,16
"YMR237W",92,52,43,56,52,63
"YMR238W",87,53,86,56,51,59
"YMR239C",45,36,6,17,34,14
"YMR240C",63,49,15,21,25,21
"YMR241W",318,204,179,79,76,79
"YMR242C",221,129,108,63,79,96
"YMR242W-A",0,0,0,0,0,0
"YMR243C",213,137,175,133,126,122
"YMR244C-A",64,72,17,27,45,49
"YMR244W",13,7,6,14,13,8
"YMR245W",55,66,19,30,30,29
"YMR246W",236,138,105,170,197,170
"YMR247C",199,126,99,157,176,173
"YMR247W-A",0,0,0,1,3,2
"YMR250W",53,64,27,168,194,177
"YMR251W",10,6,13,14,10,7
"YMR251W-A",3669,6342,1708,1901,2210,2221
"YMR252C",19,41,10,41,46,48
"YMR253C",64,58,22,80,70,80
"YMR254C",2,1,2,2,0,6
"YMR255W",76,114,20,60,63,49
"YMR256C",1016,1364,281,269,359,408
"YMR257C",108,92,48,97,94,77
"YMR258C",41,31,12,20,19,27
"YMR259C",99,65,49,60,70,78
"YMR260C",292,227,76,62,87,111
"YMR261C",138,91,109,152,176,185
"YMR262W",18,14,8,17,25,16
"YMR263W",36,27,11,9,8,15
"YMR264W",79,64,32,43,61,34
"YMR265C",28,36,16,28,41,32
"YMR266W",187,161,89,97,109,117
"YMR267W",31,24,15,10,13,17
"YMR268C",25,23,4,6,15,11
"YMR269W",14,45,5,8,11,14
"YMR270C",49,40,11,21,20,24
"YMR271C",32,41,27,149,162,136
"YMR272C",210,189,107,419,426,411
"YMR272W-A",11,16,25,22,46,46
"YMR272W-B",1,1,1,3,2,2
"YMR273C",38,62,24,64,80,91
"YMR274C",17,15,6,6,8,10
"YMR275C",57,52,35,59,55,68
"YMR276W",28,30,28,15,22,16
"YMR277W",43,64,23,37,55,45
"YMR278W",118,82,52,181,203,207
"YMR279C",29,22,18,48,57,55
"YMR280C",170,191,93,77,94,109
"YMR281W",43,59,22,29,35,48
"YMR282C",150,118,50,54,50,50
"YMR283C",43,22,22,25,29,38
"YMR284W",34,30,11,14,25,38
"YMR285C",87,90,54,44,53,66
"YMR286W",166,205,45,57,52,82
"YMR287C",108,72,41,65,75,70
"YMR288W",97,50,56,51,69,69
"YMR289W",27,25,20,19,23,25
"YMR290C",68,34,16,20,31,34
"YMR290W-A",5,4,2,1,1,2
"YMR291W",79,91,56,81,81,93
"YMR292W",54,56,46,44,35,42
"YMR293C",40,38,16,43,42,35
"YMR294W",48,45,6,25,33,32
"YMR294W-A",247,207,140,164,183,170
"YMR295C",421,356,217,240,298,298
"YMR296C",55,63,32,32,36,30
"YMR297W",513,378,394,779,854,754
"YMR298W",133,132,52,101,102,121
"YMR299C",42,30,16,26,25,36
"YMR300C",41,58,40,24,24,35
"YMR301C",49,74,35,27,28,38
"YMR302C",383,361,135,154,203,192
"YMR303C",13,9,13,12,7,4
"YMR304C-A",33,40,19,22,26,29
"YMR304W",227,197,107,366,423,389
"YMR305C",496,195,392,30,33,21
"YMR306C-A",5,3,0,11,8,17
"YMR306W",47,41,40,58,56,56
"YMR307C-A",82,16,56,28,28,24
"YMR307W",699,334,413,244,230,227
"YMR308C",164,82,101,98,117,95
"YMR309C",193,90,82,73,90,96
"YMR310C",28,24,20,22,19,22
"YMR311C",232,502,72,149,197,221
"YMR312W",34,23,13,31,29,34
"YMR313C",71,73,43,75,90,85
"YMR314W",195,166,108,87,81,88
"YMR315W",147,141,72,300,314,296
"YMR315W-A",0,2,1,2,0,2
"YMR316C-A",9,13,6,17,14,18
"YMR316C-B",6,14,8,32,31,24
"YMR316W",24,22,14,39,41,34
"YMR317W",42,42,24,93,97,94
"YMR318C",94,51,70,79,94,78
"YMR319C",28,32,20,215,312,230
"YMR320W",8,7,3,29,26,24
"YMR321C",1,1,2,0,1,1
"YMR322C",0,0,0,0,0,0
"YMR323W",0,0,0,0,0,0
"YMR324C",0,0,0,0,0,0
"YMR325W",0,0,0,0,0,0
"YMR326C",0,0,0,0,0,2
"YNL001W",65,44,10,24,29,27
"YNL002C",146,136,38,42,57,63
"YNL003C",24,19,16,25,25,18
"YNL004W",111,104,58,78,91,91
"YNL005C",262,227,101,96,135,129
"YNL006W",111,97,57,34,40,35
"YNL007C",377,746,127,214,282,273
"YNL008C",59,53,30,52,70,51
"YNL009W",40,24,9,41,52,37
"YNL010W",176,109,96,66,114,95
"YNL011C",44,48,25,51,71,63
"YNL012W",14,11,6,14,18,15
"YNL013C",7,6,3,8,9,8
"YNL014W",41,41,29,44,51,61
"YNL015W",707,942,202,284,345,392
"YNL016W",203,208,80,117,133,155
"YNL017C",0,0,0,1,1,1
"YNL018C",0,0,1,0,0,0
"YNL019C",0,0,0,0,0,0
"YNL020C",60,49,54,56,65,51
"YNL021W",62,45,39,50,61,60
"YNL022C",77,64,59,32,54,45
"YNL023C",74,58,46,97,88,133
"YNL024C",5,8,3,7,12,7
"YNL024C-A",61,27,59,38,42,37
"YNL025C",21,18,15,15,17,19
"YNL026W",72,48,29,30,24,24
"YNL027W",74,66,29,50,65,79
"YNL028W",1,5,2,1,3,2
"YNL029C",74,74,37,62,78,76
"YNL030W",165,137,70,19,27,30
"YNL031C",1030,916,505,358,417,462
"YNL032W",47,32,17,23,47,44
"YNL033W",0,0,0,0,0,0
"YNL034W",0,0,1,0,0,0
"YNL035C",18,13,4,6,11,8
"YNL036W",767,668,248,33,54,53
"YNL037C",919,722,541,251,315,263
"YNL038W",48,37,20,21,32,17
"YNL039W",91,134,24,65,107,91
"YNL040W",16,15,4,14,24,24
"YNL041C",80,67,32,53,79,74
"YNL042W",16,22,11,29,32,42
"YNL042W-B",0,0,0,3,2,1
"YNL043C",62,37,46,32,32,26
"YNL044W",94,71,90,39,45,54
"YNL045W",60,60,29,49,60,50
"YNL046W",19,13,12,6,15,10
"YNL047C",44,27,14,17,32,31
"YNL048W",76,64,27,46,62,62
"YNL049C",45,35,38,62,75,61
"YNL050C",39,62,2,24,19,28
"YNL051W",44,44,8,13,18,23
"YNL052W",2001,1778,1328,567,640,642
"YNL053W",46,42,47,36,39,37
"YNL054W",101,81,37,93,129,142
"YNL054W-A",0,0,0,0,0,0
"YNL054W-B",0,0,0,0,0,0
"YNL055C",1384,1143,802,570,662,542
"YNL056W",44,43,12,27,22,31
"YNL057W",8,9,3,11,3,5
"YNL058C",12,10,4,9,18,9
"YNL059C",86,162,20,54,50,75
"YNL061W",50,91,28,40,61,52
"YNL062C",19,18,18,10,13,10
"YNL063W",35,42,13,23,34,27
"YNL064C",485,386,207,229,286,254
"YNL065W",57,27,27,86,95,104
"YNL066W",83,78,49,36,21,32
"YNL067W",328,153,188,77,77,80
"YNL067W-A",0,0,0,1,0,0
"YNL067W-B",0,0,0,1,1,1
"YNL068C",83,74,34,54,69,76
"YNL069C",461,244,255,124,142,136
"YNL070W",123,148,67,38,46,54
"YNL071W",220,177,122,117,106,90
"YNL072W",10,11,5,6,8,7
"YNL073W",98,104,78,100,103,77
"YNL074C",82,90,46,195,228,196
"YNL075W",39,22,17,19,27,27
"YNL076W",50,58,23,53,42,52
"YNL077W",153,235,101,90,109,104
"YNL078W",18,21,14,21,24,12
"YNL079C",513,622,137,125,194,229
"YNL080C",36,58,24,52,35,46
"YNL081C",128,144,37,41,49,49
"YNL082W",50,45,15,27,40,44
"YNL083W",47,31,22,50,53,42
"YNL084C",133,108,19,57,75,93
"YNL085W",146,104,64,103,128,140
"YNL086W",14,10,3,8,7,8
"YNL087W",102,81,48,113,133,174
"YNL088W",200,212,58,128,141,153
"YNL089C",36,25,18,16,15,19
"YNL090W",43,36,17,11,27,23
"YNL091W",145,345,57,156,202,233
"YNL092W",23,18,14,30,36,46
"YNL093W",25,32,7,20,28,23
"YNL094W",48,40,28,55,64,53
"YNL095C",26,24,25,27,22,32
"YNL096C",236,191,113,70,68,92
"YNL097C",68,72,32,38,44,39
"YNL097C-B",2,2,3,2,0,5
"YNL097W-A",17,21,6,12,13,12
"YNL098C",159,209,62,76,99,88
"YNL099C",59,73,21,32,41,48
"YNL100W",194,187,67,96,118,113
"YNL101W",230,149,146,411,454,415
"YNL102W",94,115,44,62,76,81
"YNL103W",82,160,26,70,72,84
"YNL103W-A",27,14,23,15,6,6
"YNL104C",712,576,478,397,358,290
"YNL105W",3,2,3,3,4,4
"YNL106C",12,14,9,33,46,26
"YNL107W",46,61,11,28,24,37
"YNL108C",23,38,15,30,26,31
"YNL109W",20,32,12,23,31,24
"YNL110C",58,106,15,34,31,41
"YNL111C",78,44,22,61,80,95
"YNL112W",77,22,38,104,92,95
"YNL113W",90,79,38,20,21,28
"YNL114C",48,47,18,10,14,17
"YNL115C",148,137,70,200,250,227
"YNL116W",38,28,25,45,42,40
"YNL117W",534,382,287,166,182,188
"YNL118C",158,161,40,103,151,187
"YNL119W",65,46,10,27,32,33
"YNL120C",8,7,2,10,7,8
"YNL121C",531,477,145,212,251,271
"YNL122C",32,43,13,15,13,23
"YNL123W",121,109,99,119,136,109
"YNL124W",41,38,11,38,43,45
"YNL125C",181,188,122,184,189,187
"YNL126W",46,36,19,26,34,40
"YNL127W",31,27,23,57,59,60
"YNL128W",10,8,6,12,26,12
"YNL129W",27,22,5,58,89,93
"YNL130C",119,98,79,108,108,102
"YNL130C-A",3,5,1,5,8,11
"YNL131W",212,156,55,50,67,67
"YNL132W",80,88,23,34,47,41
"YNL133C",50,111,17,21,45,43
"YNL134C",766,896,472,255,277,276
"YNL135C",220,190,98,103,100,115
"YNL136W",48,241,19,27,47,55
"YNL137C",215,177,107,127,151,135
"YNL138W",76,108,41,90,90,98
"YNL138W-A",19,20,3,8,14,12
"YNL139C",119,66,67,136,174,173
"YNL140C",0,0,0,0,0,0
"YNL141W",40,37,20,346,361,298
"YNL142W",912,573,746,1804,2001,1756
"YNL143C",9,5,1,10,18,8
"YNL144C",83,99,37,139,178,166
"YNL144W-A",11,8,2,13,9,15
"YNL145W",15,17,7,6,3,5
"YNL146C-A",9,13,0,1,6,8
"YNL146W",11,7,1,9,6,2
"YNL147W",66,148,20,20,38,49
"YNL148C",16,12,6,6,11,7
"YNL149C",134,109,59,48,64,66
"YNL150W",128,117,60,41,69,64
"YNL151C",39,62,12,22,24,25
"YNL152W",36,30,19,21,27,31
"YNL153C",49,30,24,16,28,18
"YNL154C",121,109,47,69,88,77
"YNL155W",93,109,34,61,68,69
"YNL156C",147,90,64,152,148,176
"YNL157W",138,190,56,78,121,118
"YNL158W",35,21,17,8,10,11
"YNL159C",49,36,27,44,59,53
"YNL160W",3310,3506,1473,4308,4414,3798
"YNL161W",75,58,29,47,68,63
"YNL162W",51,57,24,25,29,19
"YNL162W-A",13,6,1,3,5,2
"YNL163C",84,59,54,77,88,82
"YNL164C",23,23,11,16,31,26
"YNL165W",40,25,16,31,41,43
"YNL166C",50,45,21,16,17,36
"YNL167C",77,121,30,95,102,85
"YNL168C",93,68,59,55,78,86
"YNL169C",77,92,53,88,80,73
"YNL170W",25,27,10,32,40,28
"YNL171C",17,18,2,8,12,15
"YNL172W",99,52,50,96,94,90
"YNL173C",48,57,18,64,75,73
"YNL174W",45,57,14,7,14,16
"YNL175C",97,112,21,26,34,39
"YNL176C",185,133,77,182,203,227
"YNL177C",135,120,42,41,75,55
"YNL178W",908,521,394,217,278,280
"YNL179C",16,17,3,14,24,16
"YNL180C",104,343,29,102,137,136
"YNL181W",118,93,53,56,69,69
"YNL182C",45,20,23,16,19,16
"YNL183C",269,158,102,199,226,265
"YNL184C",6,1,2,3,1,1
"YNL185C",45,53,21,28,27,33
"YNL186W",161,215,63,172,201,196
"YNL187W",11,10,6,13,13,8
"YNL188W",43,44,4,13,17,20
"YNL189W",147,99,75,85,91,104
"YNL190W",106,83,81,125,130,113
"YNL191W",77,67,35,37,33,31
"YNL192W",190,142,141,118,133,120
"YNL193W",72,81,32,60,51,48
"YNL194C",39,57,13,71,90,69
"YNL195C",48,66,17,150,166,183
"YNL196C",7,14,4,4,14,2
"YNL197C",104,65,63,73,77,87
"YNL198C",2,1,0,3,4,5
"YNL199C",51,69,17,59,51,58
"YNL200C",137,126,75,218,237,220
"YNL201C",83,60,22,82,96,96
"YNL202W",12,5,12,19,14,16
"YNL203C",2,2,4,7,7,14
"YNL204C",3,3,0,11,11,4
"YNL205C",1,2,1,2,3,2
"YNL206C",60,50,16,40,45,42
"YNL207W",47,23,23,32,28,25
"YNL208W",725,624,553,294,340,333
"YNL209W",270,153,187,142,160,127
"YNL210W",1,1,2,0,0,3
"YNL211C",13,18,2,0,5,1
"YNL212W",247,181,132,124,159,148
"YNL213C",98,164,25,45,68,56
"YNL214W",21,33,13,23,33,39
"YNL215W",43,73,14,57,40,70
"YNL216W",41,43,23,37,45,34
"YNL217W",372,442,125,104,97,112
"YNL218W",54,28,24,34,48,41
"YNL219C",101,78,72,85,84,85
"YNL220W",347,292,196,155,208,159
"YNL221C",66,67,48,60,58,61
"YNL222W",11,24,13,13,7,13
"YNL223W",65,44,34,49,54,42
"YNL224C",60,53,30,27,57,56
"YNL225C",63,96,13,25,31,26
"YNL226W",3,9,2,3,2,4
"YNL227C",44,67,17,40,38,27
"YNL228W",15,49,5,19,19,24
"YNL229C",77,109,32,26,37,37
"YNL230C",19,25,11,25,35,19
"YNL231C",369,474,150,198,241,208
"YNL232W",61,47,34,53,62,54
"YNL233W",88,90,28,48,67,64
"YNL234W",102,95,46,153,197,191
"YNL235C",14,12,11,6,10,9
"YNL236W",74,45,25,39,63,55
"YNL237W",66,69,55,59,63,65
"YNL238W",77,80,60,73,96,100
"YNL239W",279,173,163,225,249,227
"YNL240C",56,40,28,27,34,36
"YNL241C",192,219,180,74,62,70
"YNL242W",78,51,57,141,164,148
"YNL243W",155,173,105,87,111,94
"YNL244C",297,272,139,144,170,210
"YNL245C",34,40,16,17,22,23
"YNL246W",51,30,26,27,23,26
"YNL247W",103,79,28,23,57,44
"YNL248C",61,31,29,19,24,27
"YNL249C",44,39,18,25,20,21
"YNL250W",80,94,27,40,53,73
"YNL251C",151,136,80,93,122,120
"YNL252C",70,50,24,25,30,38
"YNL253W",28,22,16,22,25,25
"YNL254C",39,30,18,48,62,68
"YNL255C",254,272,116,110,139,142
"YNL256W",88,54,41,43,54,40
"YNL257C",94,77,42,56,89,89
"YNL258C",86,95,29,64,82,60
"YNL259C",38,41,11,13,17,20
"YNL260C",19,20,6,10,11,6
"YNL261W",48,28,22,24,28,19
"YNL262W",125,122,60,108,98,114
"YNL263C",61,41,48,37,31,33
"YNL264C",20,19,13,53,62,51
"YNL265C",76,83,27,43,48,37
"YNL266W",32,50,13,16,32,25
"YNL267W",89,100,41,82,114,100
"YNL268W",207,177,112,140,166,169
"YNL269W",4,3,2,20,16,9
"YNL270C",14,10,5,19,26,24
"YNL271C",231,346,95,418,484,500
"YNL272C",68,52,22,39,48,53
"YNL273W",107,92,55,57,65,57
"YNL274C",330,270,185,233,299,274
"YNL275W",57,40,40,50,57,58
"YNL276C",51,87,50,27,35,14
"YNL277W",176,193,122,84,73,64
"YNL277W-A",6,8,0,4,2,5
"YNL278W",35,28,26,37,54,45
"YNL279W",18,13,11,4,13,7
"YNL280C",76,50,59,71,67,61
"YNL281W",149,172,63,50,54,58
"YNL282W",7,10,3,6,11,9
"YNL283C",30,21,23,21,36,28
"YNL284C",125,128,56,49,67,62
"YNL284C-A",0,0,0,0,0,0
"YNL284C-B",0,0,0,0,0,0
"YNL285W",0,0,0,0,0,0
"YNL286W",23,50,11,18,47,45
"YNL287W",183,100,89,115,120,107
"YNL288W",60,42,32,53,52,55
"YNL289W",39,39,14,5,3,3
"YNL290W",40,28,15,19,21,15
"YNL291C",37,24,17,29,28,39
"YNL292W",38,26,11,24,29,22
"YNL293W",32,37,15,26,39,42
"YNL294C",68,57,37,29,55,52
"YNL295W",45,42,13,43,48,40
"YNL296W",5,0,3,4,4,6
"YNL297C",140,109,82,144,152,137
"YNL298W",37,38,15,34,31,37
"YNL299W",53,58,21,32,42,54
"YNL300W",8,6,1,4,5,3
"YNL301C",46,52,14,26,37,33
"YNL302C",220,136,103,66,55,57
"YNL303W",5,17,6,6,8,4
"YNL304W",25,24,9,18,16,26
"YNL305C",184,186,126,109,129,127
"YNL306W",178,182,87,110,140,114
"YNL307C",108,44,72,102,99,96
"YNL308C",113,242,25,36,73,63
"YNL309W",16,20,13,5,11,13
"YNL310C",49,63,35,28,33,35
"YNL311C",77,50,34,56,86,87
"YNL312W",49,33,21,24,23,25
"YNL313C",66,57,39,40,59,47
"YNL314W",36,31,12,31,35,30
"YNL315C",100,106,48,91,138,99
"YNL316C",29,21,8,11,13,10
"YNL317W",29,20,13,23,23,18
"YNL318C",1,8,1,1,1,2
"YNL319W",0,3,1,2,0,3
"YNL320W",31,22,17,20,27,22
"YNL321W",48,45,35,80,84,80
"YNL322C",69,139,48,104,82,91
"YNL323W",87,76,48,70,86,92
"YNL324W",3,4,2,2,5,2
"YNL325C",34,31,20,19,34,31
"YNL326C",26,17,12,18,7,12
"YNL327W",90,77,65,21,33,37
"YNL328C",5,4,6,6,5,3
"YNL329C",104,76,48,102,108,97
"YNL330C",89,89,56,72,77,71
"YNL331C",20,16,6,12,12,8
"YNL332W",0,0,0,0,0,0
"YNL333W",0,0,0,0,0,0
"YNL334C",0,0,0,0,0,0
"YNL335W",0,0,0,0,0,0
"YNL336W",0,0,0,0,0,0
"YNL337W",0,0,0,0,0,0
"YNL338W",0,0,0,0,0,0
"YNL339C",0,0,0,0,0,0
"YNL339W-A",0,0,0,0,0,0
"YNL339W-B",0,0,0,0,0,0
"YNR001C",1951,1580,1143,462,516,529
"YNR001W-A",0,0,0,0,0,0
"YNR002C",11,28,10,47,43,44
"YNR003C",23,20,9,21,24,28
"YNR003W-A",3,7,0,3,2,2
"YNR004W",15,9,7,9,17,19
"YNR005C",9,6,5,4,7,10
"YNR006W",96,76,35,46,67,60
"YNR007C",36,43,21,39,52,58
"YNR008W",33,32,27,28,25,45
"YNR009W",26,29,10,29,17,9
"YNR010W",28,31,9,7,7,16
"YNR011C",44,29,12,37,41,44
"YNR012W",65,34,26,77,73,76
"YNR013C",49,56,28,58,83,78
"YNR014W",19,17,5,26,30,37
"YNR015W",17,21,14,9,12,8
"YNR016C",1094,734,765,776,875,829
"YNR017W",51,59,25,50,34,35
"YNR018W",266,284,137,149,140,159
"YNR019W",33,51,22,102,112,90
"YNR020C",54,72,22,23,41,36
"YNR021W",94,80,42,30,24,32
"YNR022C",119,144,32,17,27,39
"YNR023W",53,43,16,36,33,29
"YNR024W",40,78,5,15,22,31
"YNR025C",33,57,11,13,21,15
"YNR026C",72,41,43,23,29,30
"YNR027W",14,15,15,7,9,7
"YNR028W",82,62,21,22,34,30
"YNR029C",53,29,13,31,25,38
"YNR030W",76,57,36,52,59,34
"YNR031C",137,105,78,151,188,171
"YNR032C-A",36,40,25,33,33,31
"YNR032W",30,37,25,27,32,33
"YNR033W",56,33,37,42,57,49
"YNR034W",28,26,16,35,49,42
"YNR034W-A",3491,6922,986,94,126,130
"YNR035C",94,110,30,66,73,89
"YNR036C",222,176,147,134,147,128
"YNR037C",26,46,12,12,19,20
"YNR038W",41,30,18,36,43,39
"YNR039C",43,40,15,25,25,32
"YNR040W",23,23,10,11,14,7
"YNR041C",53,48,47,38,30,41
"YNR042W",13,6,11,14,3,13
"YNR043W",105,94,75,106,98,94
"YNR044W",31,26,9,20,19,21
"YNR045W",96,90,41,67,91,74
"YNR046W",25,34,12,20,19,10
"YNR047W",108,91,61,155,157,165
"YNR048W",26,9,10,27,21,24
"YNR049C",37,36,4,16,9,12
"YNR050C",133,99,67,45,48,51
"YNR051C",145,298,34,85,94,124
"YNR052C",38,31,26,55,65,57
"YNR053C",75,34,43,55,61,60
"YNR054C",28,48,3,15,14,15
"YNR055C",99,78,61,131,144,113
"YNR056C",15,20,8,18,16,27
"YNR057C",6,9,10,4,2,5
"YNR058W",5,8,8,6,6,12
"YNR059W",28,22,20,23,38,17
"YNR060W",8,9,1,1,11,4
"YNR061C",53,37,45,29,32,33
"YNR062C",20,7,4,9,10,6
"YNR063W",17,16,18,28,26,28
"YNR064C",26,15,25,12,8,10
"YNR065C",79,50,42,24,31,26
"YNR066C",45,13,33,24,9,15
"YNR067C",207,181,125,37,41,43
"YNR068C",110,150,33,36,57,64
"YNR069C",167,76,80,55,81,60
"YNR070W",26,23,15,28,37,28
"YNR071C",230,365,106,6,1,5
"YNR072W",86,134,39,4,0,3
"YNR073C",49,155,14,1,0,0
"YNR074C",2,0,0,0,0,0
"YNR075C-A",0,0,0,0,0,0
"YNR075W",0,0,0,0,0,0
"YNR076W",0,0,0,0,0,0
"YNR077C",0,0,0,0,0,0
"YOL001W",46,41,22,32,32,36
"YOL002C",89,81,59,250,294,279
"YOL003C",37,31,20,44,27,48
"YOL004W",167,129,75,139,163,150
"YOL005C",51,51,20,33,36,29
"YOL006C",162,250,27,90,111,124
"YOL007C",22,7,9,5,4,6
"YOL008W",13,16,10,3,6,9
"YOL009C",34,24,12,12,16,20
"YOL010W",46,42,19,19,18,15
"YOL011W",154,140,93,108,143,107
"YOL012C",73,62,47,32,37,27
"YOL013C",85,92,50,60,68,68
"YOL013W-A",0,0,0,0,0,0
"YOL013W-B",0,0,0,0,1,0
"YOL014W",6,1,2,8,8,3
"YOL015W",17,17,5,32,39,28
"YOL016C",167,148,89,69,115,116
"YOL017W",43,26,8,10,15,15
"YOL018C",78,46,30,25,31,47
"YOL019W",46,30,14,42,58,60
"YOL019W-A",0,0,0,0,0,1
"YOL020W",8,9,6,3,7,6
"YOL021C",69,55,41,58,65,59
"YOL022C",72,27,31,38,51,40
"YOL023W",71,99,26,45,65,50
"YOL024W",4,5,2,4,9,5
"YOL025W",48,32,22,47,45,42
"YOL026C",57,62,23,38,42,63
"YOL027C",190,276,68,94,99,119
"YOL028C",21,15,4,5,5,6
"YOL029C",26,42,7,18,15,17
"YOL030W",310,209,238,406,428,407
"YOL031C",79,73,22,18,35,27
"YOL032W",80,100,34,43,59,54
"YOL033W",23,30,19,13,33,15
"YOL034W",93,90,34,57,67,72
"YOL035C",39,79,29,31,72,55
"YOL036W",242,250,168,223,239,230
"YOL037C",33,54,19,54,64,42
"YOL038C-A",1,6,1,0,2,2
"YOL038W",203,275,98,78,129,126
"YOL039W",181,90,107,42,58,59
"YOL040C",499,358,316,191,204,182
"YOL041C",71,67,7,31,32,45
"YOL042W",43,33,23,37,45,33
"YOL043C",26,20,11,19,20,25
"YOL044W",47,40,24,31,44,46
"YOL045W",66,47,16,75,84,84
"YOL046C",4,5,5,7,3,9
"YOL047C",2,2,1,1,4,2
"YOL048C",26,33,16,25,26,41
"YOL049W",132,81,88,39,45,56
"YOL050C",21,35,17,35,48,42
"YOL051W",168,175,58,208,256,238
"YOL052C",58,34,26,19,37,20
"YOL052C-A",358,589,135,848,928,779
"YOL053W",40,38,23,12,11,21
"YOL054W",63,67,25,37,43,50
"YOL055C",30,25,25,109,136,125
"YOL056W",18,17,7,24,21,24
"YOL057W",97,62,44,59,76,56
"YOL058W",595,433,350,145,139,161
"YOL059W",69,45,31,137,143,132
"YOL060C",149,132,49,93,135,135
"YOL061W",101,52,63,101,92,83
"YOL062C",85,56,47,76,75,74
"YOL063C",44,44,39,55,50,56
"YOL064C",180,132,127,83,108,88
"YOL065C",53,35,10,29,45,43
"YOL066C",54,50,35,28,44,36
"YOL067C",17,9,16,17,16,24
"YOL068C",75,105,22,60,65,53
"YOL069W",20,51,10,31,35,30
"YOL070C",42,41,14,20,28,28
"YOL071W",87,64,42,68,52,43
"YOL072W",35,22,24,27,36,26
"YOL073C",29,33,16,18,23,18
"YOL075C",57,42,35,100,120,124
"YOL076W",53,36,22,26,37,38
"YOL077C",83,37,28,15,35,24
"YOL077W-A",552,785,153,111,161,196
"YOL078W",93,70,40,88,94,101
"YOL079W",9,5,4,4,3,6
"YOL080C",25,24,9,9,10,10
"YOL081W",608,546,421,621,730,629
"YOL082W",162,112,73,159,208,219
"YOL083C-A",9,6,4,7,8,7
"YOL083W",45,46,19,49,78,54
"YOL084W",32,39,34,54,55,59
"YOL085C",4,2,2,11,10,9
"YOL085W-A",2,0,3,6,12,4
"YOL086C",442,524,247,1327,1327,1263
"YOL086W-A",60,45,44,33,31,35
"YOL087C",128,157,54,150,189,194
"YOL088C",44,52,18,36,43,49
"YOL089C",101,66,38,74,94,67
"YOL090W",57,35,27,11,23,26
"YOL091W",9,13,1,2,2,7
"YOL092W",86,55,59,83,73,78
"YOL093W",44,31,13,5,13,7
"YOL094C",31,22,13,11,8,20
"YOL095C",24,12,10,17,19,22
"YOL096C",61,44,35,59,64,65
"YOL097C",84,49,49,49,47,53
"YOL097W-A",0,2,1,0,0,0
"YOL098C",116,43,42,66,92,68
"YOL099C",38,85,11,29,33,37
"YOL100W",167,199,34,134,175,189
"YOL101C",3,6,1,6,14,6
"YOL102C",28,24,10,20,21,21
"YOL103W",78,84,41,56,55,58
"YOL103W-A",0,0,0,0,0,0
"YOL103W-B",0,0,0,0,0,0
"YOL104C",6,5,2,5,1,5
"YOL105C",34,26,28,36,42,36
"YOL106W",0,3,0,3,4,4
"YOL107W",25,11,19,17,13,15
"YOL108C",71,71,19,36,49,49
"YOL109W",845,1263,183,160,198,267
"YOL110W",12,7,12,1,9,2
"YOL111C",64,52,34,28,30,33
"YOL112W",91,84,41,45,68,44
"YOL113W",70,57,34,80,96,111
"YOL114C",6,12,2,9,11,7
"YOL115W",62,81,27,56,58,61
"YOL116W",60,55,26,43,45,43
"YOL117W",51,29,30,39,50,44
"YOL118C",11,9,6,7,7,10
"YOL119C",159,110,101,116,137,102
"YOL120C",211,145,110,68,67,74
"YOL121C",131,92,77,36,50,46
"YOL122C",82,70,49,66,86,80
"YOL123W",258,228,54,114,147,153
"YOL124C",27,17,9,5,12,8
"YOL125W",30,44,21,23,34,42
"YOL126C",93,76,68,267,358,313
"YOL127W",903,647,381,289,361,389
"YOL128C",44,45,35,349,345,324
"YOL129W",130,92,105,138,115,93
"YOL130W",70,38,39,104,112,108
"YOL131W",8,6,3,12,13,16
"YOL132W",15,10,11,47,41,42
"YOL133W",81,65,53,29,33,33
"YOL134C",40,23,19,13,19,19
"YOL135C",19,23,7,16,12,10
"YOL136C",119,60,72,191,215,186
"YOL137W",73,47,28,49,64,69
"YOL138C",90,101,38,185,232,228
"YOL139C",225,159,99,80,103,122
"YOL140W",98,84,54,52,42,46
"YOL141W",20,5,25,25,17,20
"YOL142W",60,72,28,31,37,40
"YOL143C",103,76,57,76,78,63
"YOL144W",28,37,5,21,18,21
"YOL145C",144,185,29,72,82,110
"YOL146W",14,20,10,12,16,17
"YOL147C",97,73,74,108,96,88
"YOL148C",67,62,22,35,40,48
"YOL149W",52,61,18,10,22,45
"YOL150C",150,136,116,99,147,114
"YOL151W",449,259,337,296,360,334
"YOL152W",32,22,19,64,79,75
"YOL154W",5,13,5,16,13,12
"YOL155C",261,253,217,211,209,234
"YOL155W-A",0,0,0,0,0,0
"YOL156W",0,0,0,0,0,0
"YOL157C",0,0,0,0,0,0
"YOL158C",0,0,0,0,0,0
"YOL159C",1,0,0,0,0,0
"YOL159C-A",1,0,0,0,0,0
"YOL160W",0,0,0,0,0,0
"YOL161C",0,0,0,0,0,0
"YOL162W",0,0,0,0,0,0
"YOL163W",0,0,0,0,0,0
"YOL164W",0,0,0,0,0,0
"YOL164W-A",0,0,0,0,0,0
"YOL165C",0,0,0,0,0,0
"YOL166C",0,0,0,0,0,0
"YOL166W-A",0,0,0,0,0,0
"YOR001W",56,37,41,50,58,49
"YOR002W",131,81,79,136,135,136
"YOR003W",76,56,43,175,165,172
"YOR004W",23,39,11,16,18,27
"YOR005C",48,45,30,82,113,80
"YOR006C",53,49,28,87,99,75
"YOR007C",640,542,324,278,327,323
"YOR008C",175,133,88,88,153,130
"YOR008C-A",4,4,1,2,2,3
"YOR008W-B",3,2,2,1,1,3
"YOR009W",2,5,1,16,15,25
"YOR010C",14,6,3,39,31,28
"YOR011W",33,27,27,50,56,46
"YOR011W-A",0,0,0,1,2,2
"YOR012W",0,2,0,3,3,2
"YOR013W",1,2,0,4,7,4
"YOR014W",178,212,99,190,222,184
"YOR015W",42,61,13,33,47,45
"YOR016C",78,54,38,46,44,52
"YOR017W",51,52,22,35,37,50
"YOR018W",40,33,24,48,52,60
"YOR019W",15,21,7,41,39,37
"YOR020C",506,522,246,103,135,139
"YOR020W-A",120,111,50,96,134,148
"YOR021C",97,60,35,57,54,54
"YOR022C",49,43,23,31,31,36
"YOR023C",66,76,22,60,75,89
"YOR024W",0,1,0,0,0,0
"YOR025W",9,11,13,5,10,6
"YOR026W",30,22,17,20,18,15
"YOR027W",296,349,127,143,195,218
"YOR028C",48,57,19,30,35,43
"YOR029W",1,2,0,0,0,0
"YOR030W",94,53,34,119,140,142
"YOR032C",83,102,23,136,147,134
"YOR032W-A",9,13,6,19,23,18
"YOR033C",73,72,33,80,76,69
"YOR034C",60,60,46,85,111,85
"YOR034C-A",9,9,3,10,19,11
"YOR035C",100,60,68,94,122,110
"YOR036W",125,147,67,123,133,137
"YOR037W",38,30,11,29,25,23
"YOR038C",42,44,26,29,28,31
"YOR039W",125,124,59,81,103,87
"YOR040W",55,58,34,66,67,64
"YOR041C",10,12,13,18,10,18
"YOR042W",57,78,26,34,62,67
"YOR043W",90,104,40,78,87,94
"YOR044W",71,104,41,120,126,138
"YOR045W",188,245,100,63,83,97
"YOR046C",82,70,29,40,47,51
"YOR047C",25,26,11,119,133,142
"YOR048C",159,148,59,156,165,164
"YOR049C",51,51,43,74,68,61
"YOR050C",4,1,1,1,2,0
"YOR051C",158,114,63,138,180,197
"YOR052C",441,523,190,289,388,365
"YOR053W",23,42,11,26,47,49
"YOR054C",97,114,25,130,167,158
"YOR055W",8,10,5,15,21,23
"YOR056C",59,59,20,56,70,67
"YOR057W",74,73,24,73,76,66
"YOR058C",232,226,81,67,67,71
"YOR059C",94,85,45,91,125,101
"YOR060C",26,6,10,10,19,10
"YOR061W",118,106,36,48,61,70
"YOR062C",23,20,11,55,51,46
"YOR063W",284,245,165,180,189,181
"YOR064C",89,126,24,41,56,45
"YOR065W",285,655,119,127,161,170
"YOR066W",61,58,20,71,59,58
"YOR067C",105,53,64,81,95,84
"YOR068C",4,3,2,5,4,5
"YOR069W",45,58,23,26,31,37
"YOR070C",54,52,38,54,67,57
"YOR071C",19,8,8,28,22,25
"YOR072W",1,0,0,3,1,2
"YOR072W-A",0,0,0,0,0,0
"YOR072W-B",0,0,0,0,0,0
"YOR073W",22,28,7,10,14,11
"YOR073W-A",7,5,1,6,1,5
"YOR074C",28,22,12,8,10,14
"YOR075W",90,82,15,17,42,49
"YOR076C",61,35,11,48,43,43
"YOR077W",10,9,3,3,12,10
"YOR078W",47,82,8,12,18,21
"YOR079C",27,17,24,13,12,16
"YOR080W",33,35,15,21,25,50
"YOR081C",21,31,19,63,52,48
"YOR082C",1,8,0,3,5,10
"YOR083W",12,11,2,9,10,16
"YOR084W",17,18,16,13,21,12
"YOR085W",188,129,119,130,137,131
"YOR086C",456,395,214,417,458,466
"YOR087W",67,38,27,32,41,41
"YOR089C",226,285,62,134,198,186
"YOR090C",67,41,35,73,56,74
"YOR091W",26,41,17,35,42,40
"YOR092W",100,73,52,372,366,296
"YOR093C",80,46,42,70,102,98
"YOR094W",39,30,8,19,15,17
"YOR095C",48,27,18,11,10,12
"YOR096W",348,184,168,78,124,115
"YOR097C",46,44,15,35,31,41
"YOR098C",95,85,53,107,120,99
"YOR099W",350,206,240,203,228,229
"YOR100C",19,19,17,51,48,37
"YOR101W",21,22,9,6,12,11
"YOR102W",82,86,44,37,45,39
"YOR103C",83,87,41,45,66,61
"YOR104W",19,32,9,4,10,11
"YOR105W",0,2,0,0,0,0
"YOR106W",38,38,9,23,40,40
"YOR107W",42,38,17,81,88,61
"YOR108C-A",10,7,2,5,4,4
"YOR108W",26,15,17,11,17,18
"YOR109W",68,38,43,85,119,101
"YOR110W",38,54,15,22,36,23
"YOR111W",52,30,21,18,28,24
"YOR112W",36,19,12,33,31,35
"YOR113W",54,91,25,104,120,121
"YOR114W",16,16,7,14,14,6
"YOR115C",83,55,18,29,27,46
"YOR116C",147,102,125,177,175,210
"YOR117W",223,155,138,138,144,134
"YOR118W",82,69,47,71,75,87
"YOR119C",49,87,15,44,50,48
"YOR120W",211,237,97,253,303,264
"YOR121C",95,89,36,80,131,93
"YOR122C",288,290,170,220,278,268
"YOR123C",115,197,32,70,112,106
"YOR124C",199,189,66,198,240,233
"YOR125C",73,68,38,52,81,81
"YOR126C",15,16,11,16,18,16
"YOR127W",54,45,26,71,90,111
"YOR128C",174,104,73,51,40,49
"YOR129C",17,13,18,34,40,40
"YOR130C",43,51,31,22,24,24
"YOR131C",34,49,10,13,19,23
"YOR132W",53,48,21,55,52,51
"YOR133W",46,19,31,33,29,21
"YOR134W",22,14,12,5,13,9
"YOR135C",223,121,109,66,90,79
"YOR136W",950,792,504,311,356,357
"YOR137C",70,50,56,76,95,85
"YOR138C",80,68,59,68,76,59
"YOR139C",2,9,6,8,14,6
"YOR140W",32,30,28,67,57,72
"YOR141C",144,116,51,77,95,98
"YOR142W",412,261,252,188,186,162
"YOR142W-A",0,0,0,0,0,0
"YOR142W-B",0,0,0,0,0,0
"YOR143C",71,43,20,17,22,24
"YOR144C",46,28,13,13,22,24
"YOR145C",102,79,36,64,83,83
"YOR146W",35,25,12,22,30,25
"YOR147W",199,174,76,73,108,108
"YOR148C",59,106,27,115,138,130
"YOR149C",31,18,24,33,35,49
"YOR150W",101,66,53,59,74,65
"YOR151C",278,191,165,151,183,169
"YOR152C",35,45,28,44,50,28
"YOR153W",773,399,481,278,259,279
"YOR154W",71,58,45,60,83,98
"YOR155C",55,46,42,39,61,44
"YOR156C",29,14,8,21,35,25
"YOR157C",169,148,81,62,98,83
"YOR158W",86,116,26,41,57,57
"YOR159C",31,36,10,17,11,22
"YOR160W",50,43,22,64,70,66
"YOR161C",35,23,25,157,187,139
"YOR161C-C",0,0,1,0,0,0
"YOR161W-A",0,5,3,14,9,7
"YOR161W-B",7,2,2,19,30,16
"YOR162C",67,45,33,37,40,46
"YOR163W",72,54,37,35,46,66
"YOR164C",72,34,59,33,42,43
"YOR165W",135,77,71,79,105,101
"YOR166C",25,15,11,16,23,28
"YOR167C",274,177,134,91,101,126
"YOR168W",71,42,35,75,72,80
"YOR169C",18,14,11,26,19,25
"YOR170W",28,23,15,31,27,19
"YOR171C",143,91,68,127,144,114
"YOR172W",92,70,51,56,70,68
"YOR173W",106,140,62,204,277,254
"YOR174W",24,30,10,15,12,20
"YOR175C",122,94,58,114,121,153
"YOR176W",65,52,35,100,86,91
"YOR177C",6,17,2,5,6,11
"YOR178C",489,484,249,484,570,506
"YOR179C",41,34,18,25,24,34
"YOR180C",6,4,3,4,6,8
"YOR181W",15,9,3,17,19,13
"YOR182C",334,385,96,115,120,159
"YOR183W",0,1,1,0,0,1
"YOR184W",174,111,83,61,95,107
"YOR185C",88,72,45,70,97,101
"YOR186C-A",17,14,12,17,23,21
"YOR186W",35,31,32,43,42,44
"YOR187W",869,595,560,272,268,262
"YOR188W",45,57,19,51,61,58
"YOR189W",27,24,3,12,14,13
"YOR190W",35,32,23,19,26,29
"YOR191W",178,182,69,223,246,242
"YOR192C",17,7,3,12,8,8
"YOR192C-A",0,0,0,0,0,0
"YOR192C-B",0,0,0,0,0,0
"YOR192C-C",0,0,0,0,0,0
"YOR193W",61,49,13,43,55,48
"YOR194C",109,190,33,69,78,77
"YOR195W",127,336,17,24,36,43
"YOR196C",198,147,120,90,117,106
"YOR197W",115,116,78,55,51,42
"YOR198C",230,256,67,59,54,90
"YOR199W",3,2,0,3,0,4
"YOR200W",11,12,4,9,7,9
"YOR201C",82,89,45,26,38,46
"YOR202W",67,47,51,40,47,40
"YOR203W",3,2,1,0,1,1
"YOR204W",236,158,191,255,266,217
"YOR205C",35,43,11,27,52,33
"YOR206W",126,135,42,49,54,61
"YOR207C",119,58,90,85,88,66
"YOR208W",55,49,24,63,64,56
"YOR209C",156,94,58,61,62,73
"YOR210W",104,82,33,19,39,35
"YOR211C",95,85,45,65,69,62
"YOR212W",40,33,26,23,22,23
"YOR213C",55,40,33,37,27,32
"YOR214C",6,3,1,6,5,2
"YOR215C",260,345,68,117,166,207
"YOR216C",64,66,5,13,28,21
"YOR217W",63,42,31,41,64,47
"YOR218C",10,12,7,9,8,10
"YOR219C",103,103,53,113,105,103
"YOR220W",101,134,56,68,106,93
"YOR221C",49,51,18,33,61,55
"YOR222W",105,77,60,34,39,30
"YOR223W",14,23,20,51,42,36
"YOR224C",82,59,37,32,38,40
"YOR225W",41,47,22,17,12,13
"YOR226C",95,69,39,25,29,39
"YOR227W",175,132,101,249,239,253
"YOR228C",28,23,24,26,20,14
"YOR229W",51,43,18,47,53,44
"YOR230W",110,63,80,230,219,223
"YOR231C-A",3,3,3,3,5,7
"YOR231W",32,48,19,35,31,49
"YOR232W",257,222,103,87,92,100
"YOR233W",62,68,31,66,87,83
"YOR234C",165,155,48,54,73,84
"YOR235W",2,6,6,6,4,7
"YOR236W",72,50,29,41,43,41
"YOR237W",9,7,2,8,9,12
"YOR238W",27,24,4,13,15,21
"YOR239W",115,144,32,60,61,53
"YOR241W",91,43,35,37,41,58
"YOR242C",11,15,4,8,10,17
"YOR243C",104,68,40,41,60,38
"YOR244W",98,87,21,32,54,51
"YOR245C",143,129,59,164,187,194
"YOR246C",29,35,19,41,38,31
"YOR247W",87,62,32,4,9,14
"YOR248W",0,1,0,0,0,0
"YOR249C",30,41,14,16,28,33
"YOR250C",30,20,18,16,10,15
"YOR251C",38,15,19,30,31,31
"YOR252W",59,65,5,23,29,43
"YOR253W",36,31,18,15,30,42
"YOR254C",188,120,75,51,66,61
"YOR255W",0,0,0,0,0,2
"YOR256C",127,96,85,89,115,91
"YOR257W",94,160,28,26,32,29
"YOR258W",28,23,3,13,21,23
"YOR259C",265,232,110,114,146,157
"YOR260W",93,77,41,43,63,76
"YOR261C",262,443,117,172,193,243
"YOR262W",87,104,46,77,92,85
"YOR263C",8,7,3,2,3,4
"YOR264W",26,21,13,14,18,18
"YOR265W",43,31,15,18,30,34
"YOR266W",47,27,9,13,22,34
"YOR267C",150,354,61,325,397,371
"YOR268C",0,3,0,1,2,1
"YOR269W",23,12,15,24,26,25
"YOR270C",627,302,408,544,598,552
"YOR271C",47,73,27,40,25,31
"YOR272W",65,25,17,17,8,20
"YOR273C",110,83,60,682,756,747
"YOR274W",47,53,26,131,174,171
"YOR275C",72,65,27,82,95,103
"YOR276W",134,89,74,57,55,74
"YOR277C",122,67,31,43,60,41
"YOR278W",30,32,17,19,23,18
"YOR279C",22,24,8,13,24,27
"YOR280C",64,34,26,17,26,34
"YOR281C",72,67,29,29,43,37
"YOR282W",8,11,2,4,5,7
"YOR283W",83,50,49,80,83,82
"YOR284W",18,16,6,6,16,16
"YOR285W",209,227,146,167,206,154
"YOR286W",134,119,66,57,72,76
"YOR287C",25,26,2,9,8,26
"YOR288C",67,78,37,11,23,21
"YOR289W",81,79,31,95,108,111
"YOR290C",96,154,62,158,177,177
"YOR291W",101,77,59,118,125,123
"YOR292C",29,25,23,40,59,49
"YOR293C-A",4,0,0,1,1,1
"YOR293W",406,235,99,66,110,103
"YOR294W",67,73,33,34,42,29
"YOR295W",19,21,4,14,15,13
"YOR296W",58,45,27,45,60,59
"YOR297C",21,18,19,11,16,14
"YOR298C-A",859,1186,531,492,611,614
"YOR298W",34,41,17,18,48,25
"YOR299W",57,43,42,50,60,60
"YOR300W",1,0,0,0,0,0
"YOR301W",7,3,9,7,5,6
"YOR302W",85,78,41,78,84,102
"YOR303W",1383,1779,515,725,837,755
"YOR304C-A",27,20,8,7,11,9
"YOR304W",105,116,22,109,124,107
"YOR305W",26,45,8,17,17,17
"YOR306C",72,65,43,160,139,150
"YOR307C",67,68,31,73,87,96
"YOR308C",54,111,14,33,52,61
"YOR309C",0,1,0,0,0,0
"YOR310C",69,43,31,13,15,24
"YOR311C",117,69,71,86,107,90
"YOR312C",372,240,111,93,121,135
"YOR313C",8,10,3,2,2,1
"YOR314W",5,7,1,0,0,2
"YOR314W-A",0,0,0,0,0,0
"YOR315W",10,14,2,3,5,6
"YOR316C",20,30,19,38,39,41
"YOR316C-A",2,1,1,0,0,1
"YOR317W",186,218,131,453,571,542
"YOR318C",2,3,4,2,4,1
"YOR319W",73,72,29,44,45,45
"YOR320C",136,107,62,84,87,104
"YOR321W",56,57,45,60,77,67
"YOR322C",67,73,39,60,85,74
"YOR323C",119,73,67,67,46,69
"YOR324C",42,48,26,47,64,48
"YOR325W",12,15,4,18,9,18
"YOR326W",313,316,133,187,252,240
"YOR327C",151,244,51,34,37,45
"YOR328W",60,66,68,53,76,74
"YOR329C",51,48,27,39,49,55
"YOR329W-A",0,2,1,2,2,2
"YOR330C",136,171,67,160,193,203
"YOR331C",145,123,77,138,165,177
"YOR332W",283,336,134,272,343,364
"YOR333C",5,2,1,4,6,9
"YOR334W",43,33,16,27,27,19
"YOR335C",291,189,167,196,226,220
"YOR335W-A",19,23,6,17,23,21
"YOR336W",156,118,94,152,149,138
"YOR337W",73,66,45,177,141,141
"YOR338W",89,90,51,91,120,95
"YOR339C",4,7,0,6,4,3
"YOR340C",29,20,3,8,7,10
"YOR341W",277,128,153,137,170,189
"YOR342C",29,49,8,13,19,14
"YOR343C",5,1,1,0,4,0
"YOR343W-A",0,0,0,0,0,0
"YOR343W-B",0,0,0,0,0,0
"YOR344C",235,339,66,373,530,516
"YOR345C",1,1,1,0,1,2
"YOR346W",25,23,3,38,31,25
"YOR347C",12,12,19,37,38,36
"YOR348C",215,253,174,1143,1185,920
"YOR349W",55,58,23,102,119,96
"YOR350C",164,181,79,88,96,99
"YOR351C",13,20,11,8,7,1
"YOR352W",41,38,20,24,36,36
"YOR353C",82,39,24,44,43,50
"YOR354C",188,127,74,100,123,100
"YOR355W",141,160,50,136,116,137
"YOR356W",113,100,72,30,44,38
"YOR357C",43,48,21,18,29,20
"YOR358W",12,10,10,13,14,13
"YOR359W",20,16,8,8,17,11
"YOR360C",80,73,39,118,136,123
"YOR361C",111,91,51,47,75,57
"YOR362C",234,184,111,115,138,149
"YOR363C",34,35,15,70,68,66
"YOR364W",8,5,3,7,4,7
"YOR365C",20,22,7,22,24,26
"YOR366W",3,3,0,2,5,9
"YOR367W",21,20,6,16,19,16
"YOR368W",29,34,10,14,24,24
"YOR369C",760,586,509,292,315,277
"YOR370C",144,125,56,100,111,94
"YOR371C",48,55,30,62,60,65
"YOR372C",40,56,17,21,33,27
"YOR373W",22,21,18,34,36,32
"YOR374W",334,256,273,180,162,164
"YOR375C",1031,880,576,241,294,248
"YOR376W",3,1,0,1,2,1
"YOR376W-A",5,7,7,4,8,7
"YOR377W",66,70,34,80,90,73
"YOR378W",16,10,8,17,21,17
"YOR379C",2,8,2,3,0,4
"YOR380W",28,22,11,40,42,41
"YOR381W",17,9,14,42,75,57
"YOR381W-A",0,0,0,2,0,1
"YOR382W",0,0,1,6,6,6
"YOR383C",0,1,0,11,12,10
"YOR384W",2,1,1,48,50,52
"YOR385W",7,8,3,36,42,30
"YOR386W",2,5,2,50,83,99
"YOR387C",1,0,0,5,15,17
"YOR388C",0,0,0,0,0,0
"YOR389W",6,4,1,8,6,4
"YOR390W",8,5,3,11,9,13
"YOR391C",1,0,1,0,0,0
"YOR392W",0,1,1,0,0,1
"YOR393W",0,0,0,0,0,0
"YOR394C-A",0,0,0,0,0,0
"YOR394W",0,0,0,0,0,0
"YOR396C-A",0,0,0,0,0,0
"YOR396W",0,0,0,0,0,0
"YPL001W",23,18,7,16,18,28
"YPL002C",55,26,31,83,110,110
"YPL003W",41,62,26,59,66,81
"YPL004C",306,256,150,330,403,377
"YPL005W",48,42,23,54,69,54
"YPL006W",136,93,100,294,324,297
"YPL007C",50,32,14,8,11,19
"YPL008W",54,53,19,32,37,37
"YPL009C",149,278,33,84,107,111
"YPL010W",122,104,66,40,37,54
"YPL011C",66,50,26,23,33,33
"YPL012W",118,71,54,73,79,105
"YPL013C",119,213,45,43,59,44
"YPL014W",58,83,27,51,41,48
"YPL015C",48,55,39,40,51,37
"YPL016W",190,251,57,123,175,149
"YPL017C",28,22,24,49,54,42
"YPL018W",26,32,17,59,55,57
"YPL019C",90,55,47,92,105,106
"YPL020C",87,145,17,34,54,63
"YPL021W",2,1,0,4,2,4
"YPL022W",101,83,58,104,122,108
"YPL023C",39,34,30,46,48,48
"YPL024W",61,81,19,60,62,44
"YPL025C",3,2,0,3,4,4
"YPL026C",268,230,101,320,372,401
"YPL027W",4,5,6,5,1,4
"YPL028W",143,83,96,190,194,183
"YPL029W",66,46,32,52,67,69
"YPL030W",25,9,17,20,27,20
"YPL031C",90,77,51,99,114,108
"YPL032C",243,158,80,150,182,168
"YPL033C",0,3,0,0,2,1
"YPL034W",22,25,3,12,23,15
"YPL035C",11,16,3,6,12,7
"YPL036W",13,5,11,16,24,22
"YPL037C",230,209,120,60,87,83
"YPL038W",19,25,9,3,16,10
"YPL038W-A",2,6,0,1,3,0
"YPL039W",43,29,13,23,42,38
"YPL040C",55,45,29,64,96,67
"YPL041C",19,11,14,19,28,18
"YPL042C",93,61,57,55,66,68
"YPL043W",92,125,29,48,64,65
"YPL044C",27,16,8,13,4,13
"YPL045W",94,52,35,58,60,60
"YPL046C",25,27,5,13,18,18
"YPL047W",23,13,11,31,22,25
"YPL048W",56,77,45,89,111,91
"YPL049C",29,28,19,24,25,29
"YPL050C",138,88,52,55,54,64
"YPL051W",23,28,4,13,12,27
"YPL052W",78,75,32,40,74,53
"YPL053C",153,113,64,70,97,104
"YPL054W",31,30,13,66,74,96
"YPL055C",36,68,15,20,36,29
"YPL056C",11,25,9,9,17,9
"YPL057C",219,233,88,169,192,178
"YPL058C",1371,961,1009,1263,1290,1308
"YPL059W",118,80,77,49,67,48
"YPL060C-A",0,0,0,0,0,0
"YPL060W",26,22,5,16,23,22
"YPL061W",557,526,326,145,183,180
"YPL062W",1,4,3,0,4,1
"YPL063W",78,118,23,59,67,79
"YPL064C",39,56,13,38,31,37
"YPL065W",37,37,11,15,19,34
"YPL066W",46,41,7,41,43,37
"YPL067C",4,10,11,6,3,6
"YPL068C",8,17,6,8,9,8
"YPL069C",32,20,7,20,14,16
"YPL070W",83,49,24,39,86,72
"YPL071C",46,70,10,35,31,41
"YPL072W",27,43,6,23,24,20
"YPL073C",6,3,2,6,5,6
"YPL074W",69,59,30,73,94,95
"YPL075W",70,103,25,169,198,203
"YPL076W",18,14,13,28,24,34
"YPL077C",21,10,10,6,20,13
"YPL078C",1344,1448,525,403,564,558
"YPL079W",176,91,101,43,73,54
"YPL080C",10,17,7,7,7,8
"YPL081W",137,99,48,55,77,73
"YPL082C",241,177,122,217,269,268
"YPL083C",32,19,17,19,24,28
"YPL084W",56,42,31,68,77,96
"YPL085W",149,253,81,193,229,170
"YPL086C",87,45,51,44,42,38
"YPL087W",292,278,149,327,363,355
"YPL088W",90,71,60,101,128,103
"YPL089C",32,63,18,37,43,43
"YPL090C",29,12,14,7,6,9
"YPL091W",603,421,370,338,384,360
"YPL092W",237,183,162,98,126,88
"YPL093W",139,88,92,67,94,72
"YPL094C",144,223,50,78,110,120
"YPL095C",83,51,35,637,770,727
"YPL096C-A",29,15,10,16,12,17
"YPL096W",51,60,28,56,71,58
"YPL097W",52,44,27,31,35,24
"YPL098C",27,31,15,11,5,11
"YPL099C",30,26,16,15,17,14
"YPL100W",60,50,36,49,42,55
"YPL101W",35,27,19,39,42,40
"YPL102C",2,2,0,2,1,0
"YPL103C",29,21,16,22,14,29
"YPL104W",69,52,21,31,26,40
"YPL105C",94,185,28,67,89,91
"YPL106C",872,1161,482,203,226,225
"YPL107W",87,44,32,51,61,63
"YPL108W",11,15,6,4,4,7
"YPL109C",74,46,39,62,54,70
"YPL110C",83,78,48,101,102,90
"YPL111W",164,115,87,24,23,26
"YPL112C",74,55,30,42,50,44
"YPL113C",23,21,12,19,18,14
"YPL114W",8,9,7,5,5,7
"YPL115C",118,95,57,116,114,134
"YPL116W",54,43,26,46,59,46
"YPL117C",198,136,67,99,144,147
"YPL118W",123,139,56,50,73,60
"YPL119C",25,20,16,44,48,51
"YPL119C-A",6,12,1,15,19,17
"YPL120W",27,26,4,22,18,29
"YPL121C",0,0,0,0,0,0
"YPL122C",50,32,22,38,33,31
"YPL123C",93,45,41,145,159,145
"YPL124W",13,8,2,4,1,3
"YPL125W",88,59,44,69,88,69
"YPL126W",129,68,56,82,89,88
"YPL127C",77,68,51,47,44,44
"YPL128C",51,42,27,46,48,36
"YPL129W",83,79,33,28,43,38
"YPL130W",1,3,2,0,2,1
"YPL131W",656,443,329,308,323,271
"YPL132W",74,64,22,27,31,36
"YPL133C",32,41,32,38,43,39
"YPL134C",161,124,97,100,110,112
"YPL135C-A",142,130,89,52,52,57
"YPL135W",665,621,318,178,179,166
"YPL136W",21,14,19,24,19,22
"YPL137C",310,262,255,327,361,349
"YPL138C",63,72,23,37,41,34
"YPL139C",59,60,29,59,64,44
"YPL140C",70,59,23,65,71,58
"YPL141C",61,29,13,20,25,16
"YPL142C",434,332,206,184,192,179
"YPL143W",385,321,178,152,149,190
"YPL144W",12,7,9,12,6,15
"YPL145C",169,99,71,117,165,142
"YPL146C",72,144,5,23,30,46
"YPL147W",47,37,18,50,65,63
"YPL148C",17,16,13,4,11,6
"YPL149W",48,54,30,45,40,41
"YPL150W",109,67,38,83,118,113
"YPL151C",38,49,25,47,49,50
"YPL152W",105,86,42,82,109,125
"YPL152W-A",0,0,0,0,0,0
"YPL153C",40,29,12,23,34,25
"YPL154C",725,577,426,653,669,630
"YPL155C",38,21,27,35,29,33
"YPL156C",28,37,17,56,53,52
"YPL157W",22,15,13,15,15,20
"YPL158C",64,80,22,16,21,31
"YPL159C",94,109,42,121,143,129
"YPL160W",295,198,188,185,200,237
"YPL161C",40,29,13,15,22,14
"YPL162C",22,12,10,19,23,14
"YPL163C",21,36,17,10,7,15
"YPL164C",32,17,11,33,38,41
"YPL165C",51,39,22,73,81,77
"YPL166W",27,16,12,38,51,45
"YPL167C",58,64,22,84,89,106
"YPL168W",47,53,12,44,49,61
"YPL169C",117,106,57,41,55,57
"YPL170W",49,55,21,30,44,43
"YPL171C",706,568,561,109,129,106
"YPL172C",46,38,29,30,32,44
"YPL173W",87,70,21,34,33,42
"YPL174C",73,77,15,31,72,67
"YPL175W",57,36,30,26,27,33
"YPL176C",63,56,39,71,75,65
"YPL177C",68,85,25,30,26,26
"YPL178W",61,61,41,31,51,52
"YPL179W",359,240,246,363,415,405
"YPL180W",38,44,15,51,55,45
"YPL181W",56,84,18,78,120,71
"YPL182C",9,7,6,18,13,10
"YPL183C",54,31,39,71,74,76
"YPL183W-A",82,66,45,44,36,43
"YPL184C",88,100,51,84,83,83
"YPL185W",69,73,25,17,36,32
"YPL186C",239,348,45,180,231,259
"YPL187W",33,36,15,4,3,3
"YPL188W",63,43,29,32,27,28
"YPL189C-A",158,228,74,54,68,67
"YPL189W",27,17,19,14,18,19
"YPL190C",85,165,36,94,118,82
"YPL191C",22,14,5,15,17,18
"YPL192C",11,16,3,16,11,15
"YPL193W",33,43,4,15,42,37
"YPL194W",10,17,4,11,15,21
"YPL195W",140,126,49,65,98,103
"YPL196W",59,56,28,42,61,61
"YPL197C",22,25,16,13,11,20
"YPL198W",41,31,18,9,18,24
"YPL199C",55,51,24,20,31,26
"YPL200W",4,5,1,3,0,0
"YPL201C",52,75,32,2,5,3
"YPL202C",93,69,29,28,41,47
"YPL203W",95,59,67,105,127,102
"YPL204W",130,125,40,82,122,126
"YPL205C",23,43,9,25,24,22
"YPL206C",137,118,104,232,308,267
"YPL207W",216,177,121,156,187,172
"YPL208W",56,26,40,31,31,22
"YPL209C",8,17,2,2,6,10
"YPL210C",102,128,37,53,57,57
"YPL211W",54,28,21,19,21,11
"YPL212C",89,74,36,44,47,65
"YPL213W",63,57,16,45,52,55
"YPL214C",53,51,28,61,88,75
"YPL215W",71,88,51,58,49,42
"YPL216W",62,37,21,56,89,79
"YPL217C",203,203,58,142,174,183
"YPL218W",351,274,193,149,161,171
"YPL219W",59,36,34,82,66,60
"YPL220W",16,9,2,7,6,6
"YPL221W",366,233,263,344,331,309
"YPL222C-A",14,18,14,36,40,27
"YPL222W",77,82,63,196,222,163
"YPL223C",48,86,17,229,256,275
"YPL224C",72,63,41,42,44,44
"YPL225W",291,273,96,99,132,199
"YPL226W",283,147,167,248,269,240
"YPL227C",22,21,13,3,9,5
"YPL228W",31,38,15,19,38,49
"YPL229W",52,52,17,75,91,91
"YPL230W",28,36,10,80,81,94
"YPL231W",872,567,759,989,992,940
"YPL232W",108,115,65,77,88,92
"YPL233W",20,16,6,15,15,18
"YPL234C",204,175,113,186,171,175
"YPL235W",50,43,29,41,43,38
"YPL236C",47,41,19,46,45,51
"YPL237W",361,385,184,185,215,174
"YPL238C",160,259,100,93,133,127
"YPL239W",92,110,34,19,39,48
"YPL240C",685,1403,289,265,419,401
"YPL241C",19,15,6,7,15,9
"YPL242C",108,78,55,38,54,62
"YPL243W",124,71,40,39,53,49
"YPL244C",43,33,32,12,23,15
"YPL245W",96,55,71,20,40,24
"YPL246C",51,48,40,21,30,28
"YPL247C",25,30,21,31,28,28
"YPL248C",31,36,30,47,54,39
"YPL249C",79,85,33,61,104,92
"YPL249C-A",290,277,113,101,99,110
"YPL250C",122,171,62,22,19,17
"YPL250W-A",251,209,119,83,83,105
"YPL251W",10,15,6,2,2,3
"YPL252C",36,26,16,15,6,6
"YPL253C",23,24,10,16,17,23
"YPL254W",36,38,13,22,35,31
"YPL255W",12,19,4,5,3,5
"YPL256C",34,31,24,6,14,8
"YPL257W",6,3,1,0,0,0
"YPL257W-A",0,0,0,0,0,0
"YPL257W-B",0,0,0,0,0,0
"YPL258C",16,12,10,12,29,14
"YPL259C",40,39,23,25,36,29
"YPL260W",272,296,94,181,225,210
"YPL261C",16,8,3,7,12,9
"YPL262W",712,503,430,97,108,98
"YPL263C",96,98,32,40,60,52
"YPL264C",46,35,22,30,38,28
"YPL265W",650,365,356,146,114,161
"YPL266W",113,67,44,55,65,62
"YPL267W",27,22,6,14,18,18
"YPL268W",80,73,27,74,86,76
"YPL269W",43,28,8,28,21,25
"YPL270W",142,95,61,98,102,86
"YPL271W",1476,1843,645,324,383,384
"YPL272C",31,36,18,47,56,27
"YPL273W",65,39,49,21,25,23
"YPL274W",69,81,75,151,160,153
"YPL275W",0,0,0,0,0,0
"YPL276W",0,0,0,0,0,0
"YPL277C",8,9,12,36,20,22
"YPL278C",0,0,0,0,0,0
"YPL279C",0,0,0,0,0,0
"YPL280W",0,0,0,0,0,0
"YPL281C",0,0,0,0,0,0
"YPL282C",0,0,0,0,0,0
"YPL283C",0,0,0,0,0,0
"YPL283W-A",0,0,0,0,0,0
"YPL283W-B",0,0,0,0,0,0
"YPR001W",64,39,46,7,11,6
"YPR002C-A",0,0,0,0,0,0
"YPR002W",148,126,98,4,8,9
"YPR003C",55,42,19,56,57,58
"YPR004C",141,88,84,103,92,88
"YPR005C",52,38,16,23,24,32
"YPR006C",115,81,76,22,22,21
"YPR007C",4,13,3,6,3,2
"YPR008W",261,309,99,170,235,240
"YPR009W",32,26,8,13,5,8
"YPR010C",215,83,138,117,119,107
"YPR010C-A",1325,2026,358,417,518,587
"YPR011C",35,17,23,20,32,20
"YPR012W",5,8,5,8,13,11
"YPR013C",37,50,11,38,59,58
"YPR014C",0,2,1,9,5,5
"YPR015C",19,13,5,14,8,19
"YPR016C",146,82,92,89,123,101
"YPR016W-A",14,10,11,16,16,11
"YPR017C",29,18,15,12,22,20
"YPR018W",62,121,12,26,50,51
"YPR019W",97,70,60,58,68,70
"YPR020W",552,574,137,126,179,173
"YPR021C",143,86,54,67,78,75
"YPR022C",142,136,62,124,135,99
"YPR023C",132,118,75,89,121,95
"YPR024W",168,126,106,131,159,156
"YPR025C",85,126,25,35,53,62
"YPR026W",66,69,28,142,154,159
"YPR027C",5,6,1,3,1,3
"YPR028W",271,239,138,157,141,149
"YPR029C",138,75,43,80,76,96
"YPR030W",106,122,81,87,76,71
"YPR031W",53,37,24,36,36,50
"YPR032W",79,37,54,49,63,64
"YPR033C",177,90,125,72,103,98
"YPR034W",42,41,25,29,46,27
"YPR035W",582,374,197,1039,1210,1245
"YPR036W",296,189,219,201,248,231
"YPR036W-A",1773,2969,805,114,103,108
"YPR037C",31,29,18,35,38,36
"YPR038W",7,9,6,6,16,13
"YPR039W",0,0,0,0,0,0
"YPR040W",38,50,12,33,38,34
"YPR041W",96,67,48,26,30,32
"YPR042C",102,83,39,150,177,173
"YPR043W",428,327,157,126,142,149
"YPR044C",402,329,185,127,152,131
"YPR045C",63,104,29,56,72,99
"YPR046W",18,21,4,4,3,9
"YPR047W",85,69,25,33,48,44
"YPR048W",85,46,27,20,29,32
"YPR049C",144,97,52,136,110,119
"YPR050C",30,31,6,8,18,20
"YPR051W",46,43,18,18,28,26
"YPR052C",49,23,29,24,25,18
"YPR053C",4,4,1,2,4,5
"YPR054W",7,2,5,7,10,4
"YPR055W",81,54,20,50,48,86
"YPR056W",46,48,19,28,25,36
"YPR057W",51,53,17,33,40,47
"YPR058W",93,54,62,65,53,50
"YPR059C",45,36,21,26,28,19
"YPR060C",71,57,17,22,27,28
"YPR061C",104,121,40,89,110,102
"YPR062W",195,208,107,156,210,193
"YPR063C",89,73,51,44,53,42
"YPR064W",2,1,0,1,1,4
"YPR065W",257,272,91,270,283,323
"YPR066W",11,8,12,9,8,6
"YPR067W",84,91,40,36,33,51
"YPR068C",12,21,12,11,24,24
"YPR069C",213,148,112,98,113,110
"YPR070W",52,31,16,28,30,35
"YPR071W",15,8,2,6,13,8
"YPR072W",133,100,35,50,81,87
"YPR073C",70,52,14,25,47,51
"YPR074C",300,167,156,102,92,94
"YPR074W-A",0,0,0,0,0,0
"YPR075C",127,92,83,91,108,79
"YPR076W",21,10,15,18,19,17
"YPR077C",0,0,0,0,0,0
"YPR078C",2,3,0,0,0,1
"YPR079W",49,40,36,21,22,36
"YPR080W",98,90,49,82,74,56
"YPR081C",41,42,20,43,41,54
"YPR082C",75,77,35,30,33,32
"YPR083W",122,97,55,51,68,70
"YPR084W",40,39,9,24,45,48
"YPR085C",45,21,10,28,40,43
"YPR086W",163,129,85,111,144,152
"YPR087W",38,44,9,37,29,32
"YPR088C",127,86,46,109,105,108
"YPR089W",93,76,21,71,84,88
"YPR091C",95,86,34,74,75,76
"YPR092W",12,10,2,4,7,8
"YPR093C",16,24,11,18,13,24
"YPR094W",24,40,11,11,10,13
"YPR095C",69,77,43,100,110,114
"YPR096C",4,3,2,2,3,1
"YPR097W",94,64,45,73,97,87
"YPR098C",178,176,93,171,189,175
"YPR099C",156,157,55,63,78,100
"YPR100W",247,274,77,85,142,148
"YPR101W",39,100,19,20,23,32
"YPR102C",80,33,32,22,22,24
"YPR103W",198,238,99,116,121,124
"YPR104C",89,82,29,71,76,85
"YPR105C",71,57,28,30,39,38
"YPR106W",54,43,23,34,29,38
"YPR107C",48,49,12,21,22,28
"YPR108W",255,190,115,113,114,124
"YPR108W-A",0,0,0,0,0,0
"YPR109W",87,103,52,48,55,51
"YPR110C",140,72,52,29,44,39
"YPR111W",85,69,19,33,27,29
"YPR112C",100,112,25,44,66,61
"YPR113W",123,101,84,141,151,128
"YPR114W",37,36,20,37,41,33
"YPR115W",159,133,91,278,283,277
"YPR116W",14,13,15,17,31,17
"YPR117W",285,272,169,246,316,320
"YPR118W",82,48,55,29,32,23
"YPR119W",11,11,4,2,3,2
"YPR120C",30,31,6,11,14,12
"YPR121W",3,8,5,26,26,26
"YPR122W",53,26,25,73,70,64
"YPR123C",27,19,11,64,65,62
"YPR124W",82,66,24,158,213,197
"YPR125W",93,72,36,46,47,40
"YPR126C",41,48,7,12,26,23
"YPR127W",86,69,34,83,112,94
"YPR128C",54,41,35,73,55,53
"YPR129W",66,89,22,39,45,43
"YPR130C",38,63,15,21,31,29
"YPR131C",33,28,14,15,16,15
"YPR132W",348,230,167,86,107,136
"YPR133C",100,70,30,45,69,58
"YPR133W-A",96,81,36,37,43,39
"YPR134W",35,36,13,21,30,38
"YPR135W",57,39,28,55,71,60
"YPR136C",12,9,5,2,4,8
"YPR137C-A",0,0,0,0,0,0
"YPR137C-B",0,0,0,0,0,0
"YPR137W",70,45,27,23,36,32
"YPR138C",141,120,140,151,127,117
"YPR139C",44,58,28,39,37,61
"YPR140W",51,67,27,38,34,41
"YPR141C",58,79,15,36,34,33
"YPR142C",28,58,3,17,16,22
"YPR143W",67,123,10,29,51,38
"YPR144C",51,28,27,32,47,42
"YPR145C-A",9,5,0,0,3,8
"YPR145W",285,270,176,116,169,130
"YPR146C",9,6,4,5,20,16
"YPR147C",32,31,32,36,49,40
"YPR148C",227,253,51,94,106,121
"YPR149W",524,704,174,545,625,606
"YPR150W",38,86,19,43,72,61
"YPR151C",61,119,17,56,77,69
"YPR152C",20,24,22,17,30,22
"YPR153W",13,6,8,7,10,8
"YPR154W",115,107,49,72,68,82
"YPR155C",76,49,51,38,51,32
"YPR156C",71,84,57,115,133,133
"YPR157W",41,55,28,30,36,46
"YPR158C-C",0,0,0,0,0,0
"YPR158C-D",0,0,0,0,0,0
"YPR158W",216,261,75,101,161,136
"YPR158W-A",0,0,0,0,0,0
"YPR158W-B",0,0,0,0,0,0
"YPR159C-A",0,2,0,0,0,0
"YPR159W",312,144,241,128,136,140
"YPR160C-A",64,37,45,79,109,97
"YPR160W",699,698,405,954,1112,1035
"YPR160W-A",0,0,0,0,0,0
"YPR161C",46,52,17,35,37,55
"YPR162C",39,35,24,38,39,48
"YPR163C",143,126,87,108,150,132
"YPR164W",72,33,37,72,84,82
"YPR165W",534,500,269,234,303,317
"YPR166C",126,108,25,42,54,48
"YPR167C",107,182,63,19,29,30
"YPR168W",15,18,8,6,8,12
"YPR169W",89,113,35,43,73,58
"YPR169W-A",0,0,0,0,0,0
"YPR170C",46,28,18,26,24,30
"YPR170W-A",0,0,0,0,0,0
"YPR170W-B",30,18,10,10,20,19
"YPR171W",34,35,9,18,33,30
"YPR172W",31,38,10,30,37,30
"YPR173C",125,132,62,79,104,84
"YPR174C",35,39,9,5,15,10
"YPR175W",24,23,18,10,17,13
"YPR176C",35,28,21,44,43,41
"YPR177C",3,5,0,5,5,8
"YPR178W",30,37,8,15,25,16
"YPR179C",24,55,6,20,26,28
"YPR180W",31,60,8,30,41,31
"YPR181C",217,149,190,158,182,144
"YPR182W",37,49,27,27,35,26
"YPR183W",76,71,32,37,40,43
"YPR184W",135,125,114,294,370,338
"YPR185W",53,60,32,55,69,86
"YPR186C",29,26,5,10,13,27
"YPR187W",107,71,40,35,41,54
"YPR188C",51,41,26,15,25,24
"YPR189W",117,81,66,71,100,110
"YPR190C",61,52,20,33,43,34
"YPR191W",882,1165,493,393,349,371
"YPR192W",2,4,1,2,2,3
"YPR193C",28,38,14,20,40,43
"YPR194C",2593,1311,2031,3509,3695,3567
"YPR195C",2,1,0,4,3,1
"YPR196W",22,27,21,18,25,15
"YPR197C",9,3,13,7,4,8
"YPR198W",59,25,32,31,45,33
"YPR199C",39,31,17,56,56,63
"YPR200C",28,21,13,9,9,9
"YPR201W",31,12,17,11,13,15
"YPR202W",0,0,0,0,0,0
"YPR203W",0,0,0,0,0,0
"YPR204C-A",0,0,0,0,0,0
"YPR204W",0,0,0,0,0,0
"ZOD1",0,0,0,0,0,0
