"gene_id","count","log10_count"
"ETS1-1",0,0
"ETS1-2",0,0
"ETS2-1",0,0
"ETS2-2",0,0
"HRA1",7,0.903089986991944
"ICR1",40,1.61278385671974
"IRT1",42,1.63346845557959
"ITS1-1",0,0
"ITS1-2",0,0
"ITS2-1",0,0
"ITS2-2",0,0
"LSR1",5073,3.70535046288571
"NME1",519,2.7160033436348
"PWR1",19,1.30102999566398
"Q0010",2,0.477121254719662
"Q0017",0,0
"Q0020",165998,5.22010547180036
"Q0032",0,0
"Q0045",4322,3.63578523553365
"Q0050",0,0
"Q0055",0,0
"Q0060",234,2.37106786227174
"Q0065",0,0
"Q0070",0,0
"Q0075",80,1.90848501887865
"Q0080",5,0.778151250383644
"Q0085",609,2.78532983501077
"Q0092",0,0
"Q0105",2204,3.34340859380386
"Q0110",218,2.34044411484012
"Q0115",13,1.14612803567824
"Q0120",208,2.32014628611105
"Q0130",5765,3.76087463805219
"Q0140",18,1.27875360095283
"Q0142",2,0.477121254719662
"Q0143",0,0
"Q0144",0,0
"Q0158",222714,5.3477494680347
"Q0160",0,0
"Q0182",8,0.954242509439325
"Q0250",4546,3.65772495420511
"Q0255",153,2.18752072083646
"Q0275",2710,3.43312951758049
"Q0285",10,1.04139268515822
"Q0297",0,0
"RDN18-1",0,0
"RDN18-2",0,0
"RDN25-1",0,0
"RDN25-2",0,0
"RDN37-1",0,0
"RDN37-2",0,0
"RDN5-1",2,0.477121254719662
"RDN5-2",0,0
"RDN5-3",0,0
"RDN5-4",0,0
"RDN5-5",0,0
"RDN5-6",0,0
"RDN58-1",0,0
"RDN58-2",0,0
"RME2",36,1.56820172406699
"RME3",15,1.20411998265592
"RNA170",4,0.698970004336019
"RPR1",160,2.20682587603185
"RUF20",22,1.36172783601759
"RUF21",4,0.698970004336019
"RUF22",0,0
"RUF23",0,0
"RUF5-1",0,0
"RUF5-2",0,0
"SCR1",3790,3.57875378442643
"SRG1",96,1.98677173426624
"YAL001C",109,2.04139268515822
"YAL002W",41,1.6232492903979
"YAL003W",423,2.62736585659273
"YAL004W",98,1.99563519459755
"YAL005C",745,2.87273882747267
"YAL007C",86,1.93951925261862
"YAL008W",78,1.89762709129044
"YAL009W",26,1.43136376415899
"YAL010C",32,1.51851393987789
"YAL011W",22,1.36172783601759
"YAL012W",98,1.99563519459755
"YAL013W",26,1.43136376415899
"YAL014C",14,1.17609125905568
"YAL015C",12,1.11394335230684
"YAL016C-A",22,1.36172783601759
"YAL016C-B",15,1.20411998265592
"YAL016W",254,2.40654018043396
"YAL017W",248,2.39619934709574
"YAL018C",1,0.301029995663981
"YAL019W",115,2.06445798922692
"YAL019W-A",5,0.778151250383644
"YAL020C",14,1.17609125905568
"YAL021C",79,1.90308998699194
"YAL022C",21,1.34242268082221
"YAL023C",162,2.21218760440396
"YAL024C",51,1.7160033436348
"YAL025C",69,1.84509804001426
"YAL026C",87,1.94448267215017
"YAL026C-A",4,0.698970004336019
"YAL027W",23,1.38021124171161
"YAL028W",5,0.778151250383644
"YAL029C",212,2.32837960343874
"YAL030W",79,1.90308998699194
"YAL031C",59,1.77815125038364
"YAL031W-A",12,1.11394335230684
"YAL032C",42,1.63346845557959
"YAL033W",27,1.44715803134222
"YAL034C",87,1.94448267215017
"YAL034C-B",3,0.602059991327962
"YAL034W-A",12,1.11394335230684
"YAL035W",246,2.39269695325967
"YAL036C",30,1.49136169383427
"YAL037C-A",7,0.903089986991944
"YAL037C-B",856,2.9329808219232
"YAL037W",4,0.698970004336019
"YAL038W",1228,3.08955188288645
"YAL039C",58,1.77085201164214
"YAL040C",41,1.6232492903979
"YAL041W",57,1.76342799356294
"YAL042C-A",10,1.04139268515822
"YAL042W",51,1.7160033436348
"YAL043C",32,1.51851393987789
"YAL044C",95,1.98227123303957
"YAL044W-A",46,1.67209785793572
"YAL045C",34,1.54406804435028
"YAL046C",41,1.6232492903979
"YAL047C",25,1.41497334797082
"YAL047W-A",1,0.301029995663981
"YAL048C",33,1.53147891704226
"YAL049C",242,2.38560627359831
"YAL051W",70,1.85125834871908
"YAL053W",157,2.19865708695442
"YAL054C",85,1.93449845124357
"YAL055W",29,1.47712125471966
"YAL056C-A",2,0.477121254719662
"YAL056W",182,2.26245108973043
"YAL058W",14,1.17609125905568
"YAL059C-A",13,1.14612803567824
"YAL059W",33,1.53147891704226
"YAL060W",56,1.75587485567249
"YAL061W",77,1.89209460269048
"YAL062W",60,1.78532983501077
"YAL063C",6,0.845098040014257
"YAL063C-A",0,0
"YAL064C-A",0,0
"YAL064W",0,0
"YAL064W-B",0,0
"YAL065C",9,1
"YAL066W",5,0.778151250383644
"YAL067C",90,1.95904139232109
"YAL067W-A",0,0
"YAL068C",0,0
"YAL068W-A",0,0
"YAL069W",0,0
"YAR002C-A",122,2.0899051114394
"YAR002W",63,1.80617997398389
"YAR003W",57,1.76342799356294
"YAR007C",114,2.06069784035361
"YAR008W",42,1.63346845557959
"YAR009C",0,0
"YAR010C",0,0
"YAR014C",88,1.94939000664491
"YAR015W",194,2.29003461136252
"YAR018C",26,1.43136376415899
"YAR019C",26,1.43136376415899
"YAR019W-A",0,0
"YAR020C",0,0
"YAR023C",6,0.845098040014257
"YAR027W",42,1.63346845557959
"YAR028W",7,0.903089986991944
"YAR029W",6,0.845098040014257
"YAR030C",4,0.698970004336019
"YAR031W",1,0.301029995663981
"YAR033W",0,0
"YAR035C-A",0,0
"YAR035W",12,1.11394335230684
"YAR042W",73,1.86923171973098
"YAR047C",0,0
"YAR050W",6,0.845098040014257
"YAR053W",0,0
"YAR060C",0,0
"YAR061W",0,0
"YAR064W",0,0
"YAR066W",0,0
"YAR068W",0,0
"YAR069C",0,0
"YAR070C",0,0
"YAR071W",0,0
"YAR073W",0,0
"YAR075W",0,0
"YBL001C",161,2.20951501454263
"YBL002W",439,2.64345267648619
"YBL003C",254,2.40654018043396
"YBL004W",248,2.39619934709574
"YBL005W",55,1.7481880270062
"YBL005W-A",0,0
"YBL005W-B",0,0
"YBL006C",102,2.01283722470517
"YBL006W-A",31,1.50514997831991
"YBL007C",120,2.08278537031645
"YBL008W",45,1.66275783168157
"YBL008W-A",0,0
"YBL009W",15,1.20411998265592
"YBL010C",23,1.38021124171161
"YBL011W",43,1.64345267648619
"YBL012C",5,0.778151250383644
"YBL013W",2,0.477121254719662
"YBL014C",55,1.7481880270062
"YBL015W",270,2.43296929087441
"YBL016W",23,1.38021124171161
"YBL017C",372,2.57170883180869
"YBL018C",51,1.7160033436348
"YBL019W",49,1.69897000433602
"YBL020W",125,2.10037054511756
"YBL021C",56,1.75587485567249
"YBL022C",202,2.30749603791321
"YBL023C",51,1.7160033436348
"YBL024W",104,2.02118929906994
"YBL025W",22,1.36172783601759
"YBL026W",58,1.77085201164214
"YBL027W",634,2.80277372529198
"YBL028C",77,1.89209460269048
"YBL029C-A",61,1.79239168949825
"YBL029W",212,2.32837960343874
"YBL030C",520,2.71683772329952
"YBL031W",13,1.14612803567824
"YBL032W",33,1.53147891704226
"YBL033C",150,2.17897694729317
"YBL034C",84,1.92941892571429
"YBL035C",28,1.46239799789896
"YBL036C",115,2.06445798922692
"YBL037W",30,1.49136169383427
"YBL038W",176,2.24797326636181
"YBL039C",53,1.73239375982297
"YBL039C-A",0,0
"YBL039W-B",27,1.44715803134222
"YBL040C",101,2.00860017176192
"YBL041W",347,2.54157924394658
"YBL042C",76,1.88649072517248
"YBL043W",132,2.12385164096709
"YBL044W",0,0
"YBL045C",808,2.90794852161227
"YBL046W",24,1.39794000867204
"YBL047C",201,2.30535136944662
"YBL048W",27,1.44715803134222
"YBL049W",89,1.95424250943932
"YBL050W",178,2.25285303097989
"YBL051C",167,2.22530928172586
"YBL052C",50,1.70757017609794
"YBL053W",17,1.25527250510331
"YBL054W",29,1.47712125471966
"YBL055C",43,1.64345267648619
"YBL056W",172,2.2380461031288
"YBL057C",41,1.6232492903979
"YBL058W",150,2.17897694729317
"YBL059C-A",181,2.26007138798507
"YBL059W",48,1.69019608002851
"YBL060W",51,1.7160033436348
"YBL061C",46,1.67209785793572
"YBL062W",15,1.20411998265592
"YBL063W",56,1.75587485567249
"YBL064C",974,2.98900461569854
"YBL065W",8,0.954242509439325
"YBL066C",112,2.05307844348342
"YBL067C",121,2.08635983067475
"YBL068W",54,1.74036268949424
"YBL068W-A",0,0
"YBL069W",10,1.04139268515822
"YBL070C",1,0.301029995663981
"YBL071C",18,1.27875360095283
"YBL071C-B",8,0.954242509439325
"YBL071W-A",21,1.34242268082221
"YBL072C",191,2.28330122870355
"YBL073W",9,1
"YBL074C",16,1.23044892137827
"YBL075C",114,2.06069784035361
"YBL076C",392,2.59439255037543
"YBL077W",75,1.88081359228079
"YBL078C",111,2.04921802267018
"YBL079W",123,2.09342168516224
"YBL080C",30,1.49136169383427
"YBL081W",41,1.6232492903979
"YBL082C",22,1.36172783601759
"YBL083C",0,0
"YBL084C",68,1.83884909073726
"YBL085W",95,1.98227123303957
"YBL086C",63,1.80617997398389
"YBL087C",87,1.94448267215017
"YBL088C",129,2.11394335230684
"YBL089W",44,1.65321251377534
"YBL090W",114,2.06069784035361
"YBL091C",298,2.47567118832443
"YBL091C-A",21,1.34242268082221
"YBL092W",796,2.90145832139611
"YBL093C",63,1.80617997398389
"YBL094C",40,1.61278385671974
"YBL095W",58,1.77085201164214
"YBL096C",18,1.27875360095283
"YBL097W",30,1.49136169383427
"YBL098W",58,1.77085201164214
"YBL099W",2221,3.34674405460485
"YBL100C",613,2.78816837114117
"YBL100W-A",0,0
"YBL100W-B",0,0
"YBL100W-C",0,0
"YBL101C",147,2.17026171539496
"YBL102W",43,1.64345267648619
"YBL103C",75,1.88081359228079
"YBL104C",51,1.7160033436348
"YBL105C",105,2.02530586526477
"YBL106C",34,1.54406804435028
"YBL107C",72,1.86332286012046
"YBL107W-A",0,0
"YBL108C-A",0,0
"YBL108W",1,0.301029995663981
"YBL109W",0,0
"YBL111C",0,0
"YBL112C",0,0
"YBL113C",0,0
"YBL113W-A",0,0
"YBR001C",107,2.03342375548695
"YBR002C",55,1.7481880270062
"YBR003W",116,2.06818586174616
"YBR004C",45,1.66275783168157
"YBR005W",23,1.38021124171161
"YBR006W",199,2.30102999566398
"YBR007C",57,1.76342799356294
"YBR008C",98,1.99563519459755
"YBR009C",187,2.27415784926368
"YBR010W",649,2.81291335664286
"YBR011C",642,2.80821097292422
"YBR012C",20,1.32221929473392
"YBR012W-A",0,0
"YBR012W-B",0,0
"YBR013C",24,1.39794000867204
"YBR014C",73,1.86923171973098
"YBR015C",126,2.10380372095596
"YBR016W",25,1.41497334797082
"YBR017C",61,1.79239168949825
"YBR018C",3,0.602059991327962
"YBR019C",5,0.778151250383644
"YBR020W",6,0.845098040014257
"YBR021W",42,1.63346845557959
"YBR022W",64,1.81291335664286
"YBR023C",127,2.10720996964787
"YBR024W",108,2.03742649794062
"YBR025C",679,2.83250891270624
"YBR026C",142,2.15533603746506
"YBR027C",3,0.602059991327962
"YBR028C",75,1.88081359228079
"YBR029C",79,1.90308998699194
"YBR030W",25,1.41497334797082
"YBR031W",27,1.44715803134222
"YBR032W",2,0.477121254719662
"YBR033W",84,1.92941892571429
"YBR034C",93,1.9731278535997
"YBR035C",180,2.25767857486918
"YBR036C",191,2.28330122870355
"YBR037C",46,1.67209785793572
"YBR038W",16,1.23044892137827
"YBR039W",1075,3.03181227133037
"YBR040W",3,0.602059991327962
"YBR041W",79,1.90308998699194
"YBR042C",43,1.64345267648619
"YBR043C",41,1.6232492903979
"YBR044C",115,2.06445798922692
"YBR045C",20,1.32221929473392
"YBR046C",134,2.13033376849501
"YBR047W",180,2.25767857486918
"YBR048W",137,2.13987908640124
"YBR049C",122,2.0899051114394
"YBR050C",30,1.49136169383427
"YBR051W",12,1.11394335230684
"YBR052C",243,2.38738982633873
"YBR053C",137,2.13987908640124
"YBR054W",3124,3.49485002168009
"YBR055C",57,1.76342799356294
"YBR056C-B",35,1.55630250076729
"YBR056W",187,2.27415784926368
"YBR056W-A",41,1.6232492903979
"YBR057C",44,1.65321251377534
"YBR058C",68,1.83884909073726
"YBR058C-A",88,1.94939000664491
"YBR059C",132,2.12385164096709
"YBR060C",55,1.7481880270062
"YBR061C",36,1.56820172406699
"YBR062C",37,1.57978359661681
"YBR063C",53,1.73239375982297
"YBR064W",16,1.23044892137827
"YBR065C",67,1.83250891270624
"YBR066C",17,1.25527250510331
"YBR067C",238,2.37839790094814
"YBR068C",242,2.38560627359831
"YBR069C",41,1.6232492903979
"YBR070C",28,1.46239799789896
"YBR071W",57,1.76342799356294
"YBR072C-A",2,0.477121254719662
"YBR072W",2291,3.36021461329535
"YBR073W",81,1.91381385238372
"YBR074W",132,2.12385164096709
"YBR076C-A",18,1.27875360095283
"YBR076W",10,1.04139268515822
"YBR077C",50,1.70757017609794
"YBR078W",578,2.76267856372744
"YBR079C",136,2.13672056715641
"YBR080C",128,2.11058971029925
"YBR081C",121,2.08635983067475
"YBR082C",465,2.66838591669
"YBR083W",16,1.23044892137827
"YBR084C-A",437,2.6414741105041
"YBR084W",142,2.15533603746506
"YBR085C-A",235,2.37291200297011
"YBR085W",2,0.477121254719662
"YBR086C",195,2.29225607135648
"YBR087W",61,1.79239168949825
"YBR088C",82,1.91907809237607
"YBR089C-A",66,1.82607480270083
"YBR089W",48,1.69019608002851
"YBR090C",6,0.845098040014257
"YBR091C",46,1.67209785793572
"YBR092C",3,0.602059991327962
"YBR093C",8,0.954242509439325
"YBR094W",72,1.86332286012046
"YBR095C",67,1.83250891270624
"YBR096W",55,1.7481880270062
"YBR097W",109,2.04139268515822
"YBR098W",86,1.93951925261862
"YBR099C",32,1.51851393987789
"YBR101C",243,2.38738982633873
"YBR102C",54,1.74036268949424
"YBR103C-A",2,0.477121254719662
"YBR103W",63,1.80617997398389
"YBR104W",57,1.76342799356294
"YBR105C",98,1.99563519459755
"YBR106W",499,2.69897000433602
"YBR107C",29,1.47712125471966
"YBR108W",32,1.51851393987789
"YBR109C",203,2.3096301674259
"YBR109W-A",1,0.301029995663981
"YBR110W",80,1.90848501887865
"YBR111C",177,2.25042000230889
"YBR111W-A",36,1.56820172406699
"YBR112C",62,1.79934054945358
"YBR113W",16,1.23044892137827
"YBR114W",91,1.96378782734556
"YBR115C",235,2.37291200297011
"YBR116C",2,0.477121254719662
"YBR117C",10,1.04139268515822
"YBR118W",94,1.97772360528885
"YBR119W",36,1.56820172406699
"YBR120C",52,1.72427586960079
"YBR121C",279,2.44715803134222
"YBR121C-A",0,0
"YBR122C",157,2.19865708695442
"YBR123C",44,1.65321251377534
"YBR124W",3,0.602059991327962
"YBR125C",57,1.76342799356294
"YBR126C",223,2.35024801833416
"YBR126W-A",14,1.17609125905568
"YBR126W-B",2,0.477121254719662
"YBR127C",630,2.80002935924413
"YBR128C",23,1.38021124171161
"YBR129C",59,1.77815125038364
"YBR130C",54,1.74036268949424
"YBR131C-A",2,0.477121254719662
"YBR131W",28,1.46239799789896
"YBR132C",56,1.75587485567249
"YBR133C",68,1.83884909073726
"YBR134W",3,0.602059991327962
"YBR135W",27,1.44715803134222
"YBR136W",112,2.05307844348342
"YBR137W",39,1.60205999132796
"YBR138C",26,1.43136376415899
"YBR139W",229,2.36172783601759
"YBR140C",447,2.65127801399814
"YBR141C",13,1.14612803567824
"YBR141W-A",3,0.602059991327962
"YBR142W",63,1.80617997398389
"YBR143C",228,2.35983548233989
"YBR144C",2,0.477121254719662
"YBR145W",65,1.81954393554187
"YBR146W",200,2.30319605742049
"YBR147W",111,2.04921802267018
"YBR148W",39,1.60205999132796
"YBR149W",330,2.51982799377572
"YBR150C",51,1.7160033436348
"YBR151W",168,2.22788670461367
"YBR152W",9,1
"YBR153W",24,1.39794000867204
"YBR154C",60,1.78532983501077
"YBR155W",45,1.66275783168157
"YBR156C",23,1.38021124171161
"YBR157C",7,0.903089986991944
"YBR158W",46,1.67209785793572
"YBR159W",192,2.28555730900777
"YBR160W",28,1.46239799789896
"YBR161W",71,1.85733249643127
"YBR162C",370,2.56937390961505
"YBR162W-A",99,2
"YBR163W",64,1.81291335664286
"YBR164C",56,1.75587485567249
"YBR165W",61,1.79239168949825
"YBR166C",62,1.79934054945358
"YBR167C",22,1.36172783601759
"YBR168W",21,1.34242268082221
"YBR169C",266,2.42651126136458
"YBR170C",97,1.99122607569249
"YBR171W",25,1.41497334797082
"YBR172C",109,2.04139268515822
"YBR173C",214,2.33243845991561
"YBR174C",7,0.903089986991944
"YBR175W",32,1.51851393987789
"YBR176W",52,1.72427586960079
"YBR177C",102,2.01283722470517
"YBR178W",9,1
"YBR179C",136,2.13672056715641
"YBR180W",3,0.602059991327962
"YBR181C",29,1.47712125471966
"YBR182C",89,1.95424250943932
"YBR182C-A",2,0.477121254719662
"YBR183W",71,1.85733249643127
"YBR184W",9,1
"YBR185C",126,2.10380372095596
"YBR186W",21,1.34242268082221
"YBR187W",55,1.7481880270062
"YBR188C",31,1.50514997831991
"YBR189W",342,2.53529412004277
"YBR190W",7,0.903089986991944
"YBR191W",155,2.19312459835446
"YBR191W-A",6,0.845098040014257
"YBR192W",58,1.77085201164214
"YBR193C",27,1.44715803134222
"YBR194W",11,1.07918124604762
"YBR195C",26,1.43136376415899
"YBR196C",561,2.74973631556906
"YBR196C-A",2,0.477121254719662
"YBR196C-B",0,0
"YBR197C",8,0.954242509439325
"YBR198C",62,1.79934054945358
"YBR199W",232,2.36735592102602
"YBR200W",92,1.96848294855394
"YBR200W-A",6,0.845098040014257
"YBR201C-A",75,1.88081359228079
"YBR201W",38,1.5910646070265
"YBR202W",62,1.79934054945358
"YBR203W",164,2.21748394421391
"YBR204C",46,1.67209785793572
"YBR205W",76,1.88649072517248
"YBR206W",3,0.602059991327962
"YBR207W",78,1.89762709129044
"YBR208C",419,2.6232492903979
"YBR209W",3,0.602059991327962
"YBR210W",59,1.77815125038364
"YBR211C",30,1.49136169383427
"YBR212W",40,1.61278385671974
"YBR213W",4,0.698970004336019
"YBR214W",63,1.80617997398389
"YBR215W",61,1.79239168949825
"YBR216C",79,1.90308998699194
"YBR217W",14,1.17609125905568
"YBR218C",135,2.13353890837022
"YBR219C",0,0
"YBR220C",28,1.46239799789896
"YBR221C",422,2.62634036737504
"YBR221W-A",19,1.30102999566398
"YBR222C",242,2.38560627359831
"YBR223C",12,1.11394335230684
"YBR223W-A",2,0.477121254719662
"YBR224W",7,0.903089986991944
"YBR225W",56,1.75587485567249
"YBR226C",17,1.25527250510331
"YBR227C",92,1.96848294855394
"YBR228W",24,1.39794000867204
"YBR229C",119,2.07918124604762
"YBR230C",377,2.57749179983723
"YBR230W-A",94,1.97772360528885
"YBR231C",15,1.20411998265592
"YBR232C",6,0.845098040014257
"YBR233W",21,1.34242268082221
"YBR233W-A",21,1.34242268082221
"YBR234C",124,2.09691001300806
"YBR235W",166,2.22271647114758
"YBR236C",44,1.65321251377534
"YBR237W",69,1.84509804001426
"YBR238C",50,1.70757017609794
"YBR239C",45,1.66275783168157
"YBR240C",11,1.07918124604762
"YBR241C",46,1.67209785793572
"YBR242W",44,1.65321251377534
"YBR243C",27,1.44715803134222
"YBR244W",5,0.778151250383644
"YBR245C",109,2.04139268515822
"YBR246W",32,1.51851393987789
"YBR247C",22,1.36172783601759
"YBR248C",69,1.84509804001426
"YBR249C",174,2.24303804868629
"YBR250W",4,0.698970004336019
"YBR251W",71,1.85733249643127
"YBR252W",18,1.27875360095283
"YBR253W",44,1.65321251377534
"YBR254C",43,1.64345267648619
"YBR255C-A",81,1.91381385238372
"YBR255W",80,1.90848501887865
"YBR256C",213,2.33041377334919
"YBR257W",31,1.50514997831991
"YBR258C",13,1.14612803567824
"YBR259W",25,1.41497334797082
"YBR260C",49,1.69897000433602
"YBR261C",30,1.49136169383427
"YBR262C",127,2.10720996964787
"YBR263W",226,2.35602585719312
"YBR264C",36,1.56820172406699
"YBR265W",45,1.66275783168157
"YBR266C",18,1.27875360095283
"YBR267W",44,1.65321251377534
"YBR268W",81,1.91381385238372
"YBR269C",58,1.77085201164214
"YBR270C",25,1.41497334797082
"YBR271W",36,1.56820172406699
"YBR272C",48,1.69019608002851
"YBR273C",80,1.90848501887865
"YBR274W",41,1.6232492903979
"YBR275C",57,1.76342799356294
"YBR276C",134,2.13033376849501
"YBR277C",17,1.25527250510331
"YBR278W",58,1.77085201164214
"YBR279W",91,1.96378782734556
"YBR280C",35,1.55630250076729
"YBR281C",92,1.96848294855394
"YBR282W",59,1.77815125038364
"YBR283C",165,2.22010808804005
"YBR284W",33,1.53147891704226
"YBR285W",27,1.44715803134222
"YBR286W",424,2.62838893005031
"YBR287W",302,2.4814426285023
"YBR288C",55,1.7481880270062
"YBR289W",46,1.67209785793572
"YBR290W",146,2.16731733474818
"YBR291C",21,1.34242268082221
"YBR292C",2,0.477121254719662
"YBR293W",30,1.49136169383427
"YBR294W",225,2.3541084391474
"YBR295W",98,1.99563519459755
"YBR296C",3,0.602059991327962
"YBR296C-A",0,0
"YBR297W",73,1.86923171973098
"YBR298C",120,2.08278537031645
"YBR298C-A",0,0
"YBR299W",2,0.477121254719662
"YBR300C",0,0
"YBR301W",0,0
"YBR302C",0,0
"YCL001W",68,1.83884909073726
"YCL001W-A",3,0.602059991327962
"YCL001W-B",1,0.301029995663981
"YCL002C",41,1.6232492903979
"YCL004W",25,1.41497334797082
"YCL005W",18,1.27875360095283
"YCL005W-A",43,1.64345267648619
"YCL007C",31,1.50514997831991
"YCL008C",14,1.17609125905568
"YCL009C",32,1.51851393987789
"YCL010C",13,1.14612803567824
"YCL011C",78,1.89762709129044
"YCL012C",16,1.23044892137827
"YCL014W",57,1.76342799356294
"YCL016C",22,1.36172783601759
"YCL017C",195,2.29225607135648
"YCL018W",123,2.09342168516224
"YCL019W",0,0
"YCL020W",0,0
"YCL021W-A",5,0.778151250383644
"YCL022C",21,1.34242268082221
"YCL023C",2,0.477121254719662
"YCL024W",67,1.83250891270624
"YCL025C",1315,3.11925588927794
"YCL026C-A",23,1.38021124171161
"YCL026C-B",67,1.83250891270624
"YCL027W",6,0.845098040014257
"YCL028W",84,1.92941892571429
"YCL029C",28,1.46239799789896
"YCL030C",121,2.08635983067475
"YCL031C",37,1.57978359661681
"YCL032W",29,1.47712125471966
"YCL033C",34,1.54406804435028
"YCL034W",60,1.78532983501077
"YCL035C",277,2.44404479591808
"YCL036W",19,1.30102999566398
"YCL037C",32,1.51851393987789
"YCL038C",96,1.98677173426624
"YCL039W",34,1.54406804435028
"YCL040W",255,2.40823996531185
"YCL041C",3,0.602059991327962
"YCL042W",1,0.301029995663981
"YCL043C",409,2.61278385671974
"YCL044C",26,1.43136376415899
"YCL045C",118,2.07554696139253
"YCL046W",5,0.778151250383644
"YCL047C",13,1.14612803567824
"YCL048W",4,0.698970004336019
"YCL048W-A",2,0.477121254719662
"YCL049C",44,1.65321251377534
"YCL050C",128,2.11058971029925
"YCL051W",44,1.65321251377534
"YCL052C",95,1.98227123303957
"YCL054W",63,1.80617997398389
"YCL054W-A",0,0
"YCL055W",18,1.27875360095283
"YCL056C",25,1.41497334797082
"YCL057C-A",349,2.54406804435028
"YCL057W",106,2.02938377768521
"YCL058C",56,1.75587485567249
"YCL058W-A",39,1.60205999132796
"YCL059C",62,1.79934054945358
"YCL061C",47,1.68124123737559
"YCL063W",15,1.20411998265592
"YCL064C",52,1.72427586960079
"YCL065W",0,0
"YCL066W",0,0
"YCL067C",0,0
"YCL068C",0,0
"YCL069W",0,0
"YCL073C",0,0
"YCL074W",8,0.954242509439325
"YCL075W",0,0
"YCL076W",5,0.778151250383644
"YCR001W",2,0.477121254719662
"YCR002C",62,1.79934054945358
"YCR003W",54,1.74036268949424
"YCR004C",97,1.99122607569249
"YCR005C",155,2.19312459835446
"YCR006C",3,0.602059991327962
"YCR007C",13,1.14612803567824
"YCR008W",115,2.06445798922692
"YCR009C",173,2.2405492482826
"YCR010C",3,0.602059991327962
"YCR011C",180,2.25767857486918
"YCR012W",2191,3.34084054981233
"YCR013C",1193,3.07700432679335
"YCR014C",47,1.68124123737559
"YCR015C",23,1.38021124171161
"YCR016W",66,1.82607480270083
"YCR017C",111,2.04921802267018
"YCR018C",8,0.954242509439325
"YCR018C-A",0,0
"YCR019W",20,1.32221929473392
"YCR020C",59,1.77815125038364
"YCR020C-A",33,1.53147891704226
"YCR020W-B",28,1.46239799789896
"YCR021C",1525,3.18355453361886
"YCR022C",0,0
"YCR023C",67,1.83250891270624
"YCR024C",23,1.38021124171161
"YCR024C-A",253,2.40483371661994
"YCR024C-B",418,2.6222140229663
"YCR025C",3,0.602059991327962
"YCR026C",67,1.83250891270624
"YCR027C",19,1.30102999566398
"YCR028C",39,1.60205999132796
"YCR028C-A",159,2.20411998265593
"YCR030C",62,1.79934054945358
"YCR031C",374,2.57403126772772
"YCR032W",75,1.88081359228079
"YCR033W",156,2.19589965240923
"YCR034W",58,1.77085201164214
"YCR035C",58,1.77085201164214
"YCR036W",76,1.88649072517248
"YCR037C",45,1.66275783168157
"YCR038C",8,0.954242509439325
"YCR038W-A",0,0
"YCR039C",0,0
"YCR040W",0,0
"YCR041W",6,0.845098040014257
"YCR042C",100,2.00432137378264
"YCR043C",39,1.60205999132796
"YCR044C",50,1.70757017609794
"YCR045C",6,0.845098040014257
"YCR045W-A",0,0
"YCR046C",39,1.60205999132796
"YCR047C",25,1.41497334797082
"YCR047W-A",12,1.11394335230684
"YCR048W",6,0.845098040014257
"YCR049C",0,0
"YCR050C",1,0.301029995663981
"YCR051W",22,1.36172783601759
"YCR052W",10,1.04139268515822
"YCR053W",88,1.94939000664491
"YCR054C",30,1.49136169383427
"YCR057C",43,1.64345267648619
"YCR059C",11,1.07918124604762
"YCR060W",9,1
"YCR061W",5,0.778151250383644
"YCR063W",11,1.07918124604762
"YCR064C",3,0.602059991327962
"YCR065W",40,1.61278385671974
"YCR066W",22,1.36172783601759
"YCR067C",47,1.68124123737559
"YCR068W",12,1.11394335230684
"YCR069W",64,1.81291335664286
"YCR071C",24,1.39794000867204
"YCR072C",19,1.30102999566398
"YCR073C",33,1.53147891704226
"YCR073W-A",10,1.04139268515822
"YCR075C",18,1.27875360095283
"YCR075W-A",27,1.44715803134222
"YCR076C",20,1.32221929473392
"YCR077C",44,1.65321251377534
"YCR079W",35,1.55630250076729
"YCR081C-A",4,0.698970004336019
"YCR081W",48,1.69019608002851
"YCR082W",124,2.09691001300806
"YCR083W",86,1.93951925261862
"YCR084C",33,1.53147891704226
"YCR085W",2,0.477121254719662
"YCR086W",15,1.20411998265592
"YCR087C-A",19,1.30102999566398
"YCR087W",10,1.04139268515822
"YCR088W",50,1.70757017609794
"YCR089W",11,1.07918124604762
"YCR090C",26,1.43136376415899
"YCR091W",23,1.38021124171161
"YCR092C",36,1.56820172406699
"YCR093W",224,2.35218251811136
"YCR094W",12,1.11394335230684
"YCR095C",46,1.67209785793572
"YCR095W-A",1,0.301029995663981
"YCR096C",0,0
"YCR097W",87,1.94448267215017
"YCR097W-A",0,0
"YCR098C",243,2.38738982633873
"YCR099C",6,0.845098040014257
"YCR100C",11,1.07918124604762
"YCR101C",13,1.14612803567824
"YCR102C",71,1.85733249643127
"YCR102W-A",1,0.301029995663981
"YCR104W",1,0.301029995663981
"YCR105W",1514,3.18041263283832
"YCR106W",92,1.96848294855394
"YCR107W",49,1.69897000433602
"YCR108C",0,0
"YDL001W",46,1.67209785793572
"YDL002C",61,1.79239168949825
"YDL003W",66,1.82607480270083
"YDL004W",941,2.97405090279288
"YDL005C",90,1.95904139232109
"YDL006W",44,1.65321251377534
"YDL007C-A",1,0.301029995663981
"YDL007W",435,2.63948648926859
"YDL008W",35,1.55630250076729
"YDL009C",76,1.88649072517248
"YDL010W",173,2.2405492482826
"YDL011C",47,1.68124123737559
"YDL012C",28,1.46239799789896
"YDL013W",50,1.70757017609794
"YDL014W",36,1.56820172406699
"YDL015C",220,2.34439227368511
"YDL016C",4,0.698970004336019
"YDL017W",9,1
"YDL018C",50,1.70757017609794
"YDL019C",199,2.30102999566398
"YDL020C",828,2.91855453055027
"YDL021W",155,2.19312459835446
"YDL022C-A",2,0.477121254719662
"YDL022W",156,2.19589965240923
"YDL023C",25,1.41497334797082
"YDL024C",30,1.49136169383427
"YDL025C",100,2.00432137378264
"YDL025W-A",9,1
"YDL026W",37,1.57978359661681
"YDL027C",202,2.30749603791321
"YDL028C",53,1.73239375982297
"YDL029W",164,2.21748394421391
"YDL030W",84,1.92941892571429
"YDL031W",170,2.23299611039215
"YDL032W",3,0.602059991327962
"YDL033C",17,1.25527250510331
"YDL034W",6,0.845098040014257
"YDL035C",154,2.19033169817029
"YDL036C",54,1.74036268949424
"YDL037C",42,1.63346845557959
"YDL039C",179,2.25527250510331
"YDL040C",132,2.12385164096709
"YDL041W",5,0.778151250383644
"YDL042C",21,1.34242268082221
"YDL043C",18,1.27875360095283
"YDL044C",49,1.69897000433602
"YDL045C",57,1.76342799356294
"YDL045W-A",67,1.83250891270624
"YDL046W",61,1.79239168949825
"YDL047W",65,1.81954393554187
"YDL048C",261,2.41830129131975
"YDL049C",18,1.27875360095283
"YDL050C",26,1.43136376415899
"YDL051W",48,1.69019608002851
"YDL052C",49,1.69897000433602
"YDL053C",46,1.67209785793572
"YDL054C",60,1.78532983501077
"YDL055C",511,2.70926996097583
"YDL056W",64,1.81291335664286
"YDL057W",18,1.27875360095283
"YDL058W",224,2.35218251811136
"YDL059C",49,1.69897000433602
"YDL060W",80,1.90848501887865
"YDL061C",335,2.52633927738984
"YDL062W",6,0.845098040014257
"YDL063C",59,1.77815125038364
"YDL064W",26,1.43136376415899
"YDL065C",87,1.94448267215017
"YDL066W",425,2.62940959910272
"YDL067C",838,2.9237619608287
"YDL068W",12,1.11394335230684
"YDL069C",23,1.38021124171161
"YDL070W",273,2.43775056282039
"YDL071C",1,0.301029995663981
"YDL072C",149,2.17609125905568
"YDL073W",73,1.86923171973098
"YDL074C",219,2.34242268082221
"YDL075W",325,2.51321760006794
"YDL076C",65,1.81954393554187
"YDL077C",56,1.75587485567249
"YDL078C",222,2.34830486304816
"YDL079C",74,1.8750612633917
"YDL080C",87,1.94448267215017
"YDL081C",329,2.51851393987789
"YDL082W",143,2.15836249209525
"YDL083C",146,2.16731733474818
"YDL084W",267,2.42813479402879
"YDL085C-A",7,0.903089986991944
"YDL085W",22,1.36172783601759
"YDL086C-A",33,1.53147891704226
"YDL086W",60,1.78532983501077
"YDL087C",10,1.04139268515822
"YDL088C",97,1.99122607569249
"YDL089W",39,1.60205999132796
"YDL090C",32,1.51851393987789
"YDL091C",64,1.81291335664286
"YDL092W",76,1.88649072517248
"YDL093W",39,1.60205999132796
"YDL094C",7,0.903089986991944
"YDL095W",203,2.3096301674259
"YDL096C",9,1
"YDL097C",241,2.38381536598043
"YDL098C",13,1.14612803567824
"YDL099W",73,1.86923171973098
"YDL100C",289,2.46239799789896
"YDL101C",57,1.76342799356294
"YDL102W",91,1.96378782734556
"YDL103C",56,1.75587485567249
"YDL104C",29,1.47712125471966
"YDL105W",47,1.68124123737559
"YDL106C",63,1.80617997398389
"YDL107W",36,1.56820172406699
"YDL108W",38,1.5910646070265
"YDL109C",3,0.602059991327962
"YDL110C",248,2.39619934709574
"YDL111C",18,1.27875360095283
"YDL112W",89,1.95424250943932
"YDL113C",76,1.88649072517248
"YDL114W",7,0.903089986991944
"YDL114W-A",8,0.954242509439325
"YDL115C",98,1.99563519459755
"YDL116W",84,1.92941892571429
"YDL117W",58,1.77085201164214
"YDL118W",9,1
"YDL119C",15,1.20411998265592
"YDL120W",111,2.04921802267018
"YDL121C",47,1.68124123737559
"YDL122W",135,2.13353890837022
"YDL123W",19,1.30102999566398
"YDL124W",214,2.33243845991561
"YDL125C",198,2.29885307640971
"YDL126C",972,2.98811284026835
"YDL127W",18,1.27875360095283
"YDL128W",128,2.11058971029925
"YDL129W",14,1.17609125905568
"YDL130W",325,2.51321760006794
"YDL130W-A",344,2.53781909507327
"YDL131W",108,2.03742649794062
"YDL132W",150,2.17897694729317
"YDL133C-A",539,2.73239375982297
"YDL133W",48,1.69019608002851
"YDL134C",122,2.0899051114394
"YDL135C",91,1.96378782734556
"YDL136W",23,1.38021124171161
"YDL137W",278,2.4456042032736
"YDL138W",32,1.51851393987789
"YDL139C",22,1.36172783601759
"YDL140C",426,2.63042787502502
"YDL141W",8,0.954242509439325
"YDL142C",32,1.51851393987789
"YDL143W",219,2.34242268082221
"YDL144C",41,1.6232492903979
"YDL145C",254,2.40654018043396
"YDL146W",18,1.27875360095283
"YDL147W",523,2.71933128698373
"YDL148C",100,2.00432137378264
"YDL149W",72,1.86332286012046
"YDL150W",33,1.53147891704226
"YDL151C",11,1.07918124604762
"YDL152W",13,1.14612803567824
"YDL153C",121,2.08635983067475
"YDL154W",19,1.30102999566398
"YDL155W",45,1.66275783168157
"YDL156W",18,1.27875360095283
"YDL157C",50,1.70757017609794
"YDL158C",14,1.17609125905568
"YDL159C-B",5,0.778151250383644
"YDL159W",72,1.86332286012046
"YDL159W-A",0,0
"YDL160C",192,2.28555730900777
"YDL160C-A",18,1.27875360095283
"YDL161W",189,2.27875360095283
"YDL162C",2,0.477121254719662
"YDL163W",3,0.602059991327962
"YDL164C",38,1.5910646070265
"YDL165W",52,1.72427586960079
"YDL166C",53,1.73239375982297
"YDL167C",44,1.65321251377534
"YDL168W",724,2.86033800657099
"YDL169C",37,1.57978359661681
"YDL170W",88,1.94939000664491
"YDL171C",1150,3.06107532362979
"YDL172C",26,1.43136376415899
"YDL173W",53,1.73239375982297
"YDL174C",176,2.24797326636181
"YDL175C",39,1.60205999132796
"YDL176W",35,1.55630250076729
"YDL177C",16,1.23044892137827
"YDL178W",139,2.14612803567824
"YDL179W",19,1.30102999566398
"YDL180W",116,2.06818586174616
"YDL181W",462,2.66558099101795
"YDL182W",62,1.79934054945358
"YDL183C",35,1.55630250076729
"YDL184C",242,2.38560627359831
"YDL185C-A",52,1.72427586960079
"YDL185W",650,2.81358098856819
"YDL186W",5,0.778151250383644
"YDL187C",0,0
"YDL188C",69,1.84509804001426
"YDL189W",8,0.954242509439325
"YDL190C",118,2.07554696139253
"YDL191W",21,1.34242268082221
"YDL192W",335,2.52633927738984
"YDL193W",26,1.43136376415899
"YDL194W",60,1.78532983501077
"YDL195W",129,2.11394335230684
"YDL196W",1,0.301029995663981
"YDL197C",23,1.38021124171161
"YDL198C",177,2.25042000230889
"YDL199C",33,1.53147891704226
"YDL200C",33,1.53147891704226
"YDL201W",36,1.56820172406699
"YDL202W",32,1.51851393987789
"YDL203C",39,1.60205999132796
"YDL204W",222,2.34830486304816
"YDL205C",175,2.24551266781415
"YDL206W",110,2.04532297878666
"YDL207W",79,1.90308998699194
"YDL208W",105,2.02530586526477
"YDL209C",27,1.44715803134222
"YDL210W",18,1.27875360095283
"YDL211C",9,1
"YDL212W",136,2.13672056715641
"YDL213C",69,1.84509804001426
"YDL214C",66,1.82607480270083
"YDL215C",303,2.48287358360875
"YDL216C",24,1.39794000867204
"YDL217C",25,1.41497334797082
"YDL218W",3,0.602059991327962
"YDL219W",25,1.41497334797082
"YDL220C",15,1.20411998265592
"YDL221W",7,0.903089986991944
"YDL222C",12,1.11394335230684
"YDL223C",291,2.46538285144842
"YDL224C",19,1.30102999566398
"YDL225W",57,1.76342799356294
"YDL226C",48,1.69019608002851
"YDL227C",5,0.778151250383644
"YDL228C",39,1.60205999132796
"YDL229W",102,2.01283722470517
"YDL230W",49,1.69897000433602
"YDL231C",195,2.29225607135648
"YDL232W",52,1.72427586960079
"YDL233W",24,1.39794000867204
"YDL234C",123,2.09342168516224
"YDL235C",49,1.69897000433602
"YDL236W",128,2.11058971029925
"YDL237W",168,2.22788670461367
"YDL238C",39,1.60205999132796
"YDL239C",79,1.90308998699194
"YDL240C-A",0,0
"YDL240W",98,1.99563519459755
"YDL241W",1,0.301029995663981
"YDL242W",7,0.903089986991944
"YDL243C",408,2.61172330800734
"YDL244W",1,0.301029995663981
"YDL245C",0,0
"YDL246C",0,0
"YDL247W",0,0
"YDL247W-A",0,0
"YDL248W",20,1.32221929473392
"YDR001C",268,2.42975228000241
"YDR002W",400,2.60314437262018
"YDR003W",76,1.88649072517248
"YDR003W-A",31,1.50514997831991
"YDR004W",41,1.6232492903979
"YDR005C",95,1.98227123303957
"YDR006C",148,2.17318626841227
"YDR007W",57,1.76342799356294
"YDR008C",21,1.34242268082221
"YDR009W",22,1.36172783601759
"YDR010C",1,0.301029995663981
"YDR011W",641,2.80753502806885
"YDR012W",44,1.65321251377534
"YDR013W",28,1.46239799789896
"YDR014W",35,1.55630250076729
"YDR014W-A",0,0
"YDR015C",1,0.301029995663981
"YDR016C",17,1.25527250510331
"YDR017C",112,2.05307844348342
"YDR018C",11,1.07918124604762
"YDR019C",67,1.83250891270624
"YDR020C",16,1.23044892137827
"YDR021W",17,1.25527250510331
"YDR022C",22,1.36172783601759
"YDR023W",314,2.4983105537896
"YDR024W",0,0
"YDR025W",141,2.15228834438306
"YDR026C",98,1.99563519459755
"YDR027C",99,2
"YDR028C",280,2.44870631990508
"YDR029W",24,1.39794000867204
"YDR030C",87,1.94448267215017
"YDR031W",105,2.02530586526477
"YDR032C",443,2.64738297011462
"YDR033W",2068,3.31576049066573
"YDR034C",272,2.43616264704076
"YDR034C-A",0,0
"YDR034C-C",0,0
"YDR034C-D",0,0
"YDR034W-B",10,1.04139268515822
"YDR035W",253,2.40483371661994
"YDR036C",130,2.11727129565576
"YDR037W",325,2.51321760006794
"YDR038C",8,0.954242509439325
"YDR039C",0,0
"YDR040C",4,0.698970004336019
"YDR041W",102,2.01283722470517
"YDR042C",20,1.32221929473392
"YDR043C",397,2.59988307207369
"YDR044W",81,1.91381385238372
"YDR045C",31,1.50514997831991
"YDR046C",37,1.57978359661681
"YDR047W",73,1.86923171973098
"YDR048C",2,0.477121254719662
"YDR049W",42,1.63346845557959
"YDR050C",1607,3.20628604441243
"YDR051C",93,1.9731278535997
"YDR052C",93,1.9731278535997
"YDR053W",10,1.04139268515822
"YDR054C",158,2.20139712432045
"YDR055W",234,2.37106786227174
"YDR056C",81,1.91381385238372
"YDR057W",70,1.85125834871908
"YDR058C",46,1.67209785793572
"YDR059C",162,2.21218760440396
"YDR060W",213,2.33041377334919
"YDR061W",106,2.02938377768521
"YDR062W",123,2.09342168516224
"YDR063W",66,1.82607480270083
"YDR064W",582,2.76566855475901
"YDR065W",24,1.39794000867204
"YDR066C",11,1.07918124604762
"YDR067C",64,1.81291335664286
"YDR068W",50,1.70757017609794
"YDR069C",188,2.27646180417324
"YDR070C",98,1.99563519459755
"YDR071C",129,2.11394335230684
"YDR072C",51,1.7160033436348
"YDR073W",31,1.50514997831991
"YDR074W",289,2.46239799789896
"YDR075W",38,1.5910646070265
"YDR076W",31,1.50514997831991
"YDR077W",943,2.97497199429807
"YDR078C",35,1.55630250076729
"YDR079C-A",23,1.38021124171161
"YDR079W",114,2.06069784035361
"YDR080W",51,1.7160033436348
"YDR081C",81,1.91381385238372
"YDR082W",40,1.61278385671974
"YDR083W",52,1.72427586960079
"YDR084C",39,1.60205999132796
"YDR085C",41,1.6232492903979
"YDR086C",182,2.26245108973043
"YDR087C",41,1.6232492903979
"YDR088C",51,1.7160033436348
"YDR089W",37,1.57978359661681
"YDR090C",58,1.77085201164214
"YDR091C",124,2.09691001300806
"YDR092W",68,1.83884909073726
"YDR093W",70,1.85125834871908
"YDR094W",1,0.301029995663981
"YDR095C",4,0.698970004336019
"YDR096W",223,2.35024801833416
"YDR097C",79,1.90308998699194
"YDR098C",66,1.82607480270083
"YDR098C-A",0,0
"YDR098C-B",0,0
"YDR099W",556,2.74585519517373
"YDR100W",50,1.70757017609794
"YDR101C",85,1.93449845124357
"YDR102C",2,0.477121254719662
"YDR103W",31,1.50514997831991
"YDR104C",84,1.92941892571429
"YDR105C",109,2.04139268515822
"YDR106W",5,0.778151250383644
"YDR107C",41,1.6232492903979
"YDR108W",56,1.75587485567249
"YDR109C",40,1.61278385671974
"YDR110W",56,1.75587485567249
"YDR111C",17,1.25527250510331
"YDR112W",3,0.602059991327962
"YDR113C",39,1.60205999132796
"YDR114C",12,1.11394335230684
"YDR115W",72,1.86332286012046
"YDR116C",109,2.04139268515822
"YDR117C",49,1.69897000433602
"YDR118W",21,1.34242268082221
"YDR118W-A",1,0.301029995663981
"YDR119W",76,1.88649072517248
"YDR119W-A",886,2.94792361983173
"YDR120C",104,2.02118929906994
"YDR121W",28,1.46239799789896
"YDR122W",100,2.00432137378264
"YDR123C",29,1.47712125471966
"YDR124W",21,1.34242268082221
"YDR125C",36,1.56820172406699
"YDR126W",32,1.51851393987789
"YDR127W",230,2.36361197989214
"YDR128W",77,1.89209460269048
"YDR129C",264,2.42324587393681
"YDR130C",22,1.36172783601759
"YDR131C",39,1.60205999132796
"YDR132C",53,1.73239375982297
"YDR133C",278,2.4456042032736
"YDR135C",874,2.94200805302231
"YDR136C",10,1.04139268515822
"YDR137W",78,1.89762709129044
"YDR138W",57,1.76342799356294
"YDR139C",70,1.85125834871908
"YDR140W",50,1.70757017609794
"YDR141C",120,2.08278537031645
"YDR142C",28,1.46239799789896
"YDR143C",42,1.63346845557959
"YDR144C",41,1.6232492903979
"YDR145W",91,1.96378782734556
"YDR146C",24,1.39794000867204
"YDR147W",24,1.39794000867204
"YDR148C",505,2.7041505168398
"YDR149C",72,1.86332286012046
"YDR150W",616,2.79028516403324
"YDR151C",72,1.86332286012046
"YDR152W",77,1.89209460269048
"YDR153C",63,1.80617997398389
"YDR154C",20,1.32221929473392
"YDR155C",319,2.50514997831991
"YDR156W",8,0.954242509439325
"YDR157W",2,0.477121254719662
"YDR158W",242,2.38560627359831
"YDR159W",124,2.09691001300806
"YDR160W",80,1.90848501887865
"YDR161W",53,1.73239375982297
"YDR162C",71,1.85733249643127
"YDR163W",32,1.51851393987789
"YDR164C",70,1.85125834871908
"YDR165W",47,1.68124123737559
"YDR166C",89,1.95424250943932
"YDR167W",97,1.99122607569249
"YDR168W",175,2.24551266781415
"YDR169C",42,1.63346845557959
"YDR169C-A",1,0.301029995663981
"YDR170C",383,2.58433122436753
"YDR170W-A",0,0
"YDR171W",684,2.83569057149243
"YDR172W",140,2.14921911265538
"YDR173C",58,1.77085201164214
"YDR174W",154,2.19033169817029
"YDR175C",58,1.77085201164214
"YDR176W",84,1.92941892571429
"YDR177W",184,2.26717172840301
"YDR178W",752,2.8767949762007
"YDR179C",23,1.38021124171161
"YDR179W-A",31,1.50514997831991
"YDR180W",75,1.88081359228079
"YDR181C",65,1.81954393554187
"YDR182W",119,2.07918124604762
"YDR182W-A",6,0.845098040014257
"YDR183C-A",2,0.477121254719662
"YDR183W",16,1.23044892137827
"YDR184C",44,1.65321251377534
"YDR185C",34,1.54406804435028
"YDR186C",245,2.39093510710338
"YDR187C",29,1.47712125471966
"YDR188W",182,2.26245108973043
"YDR189W",80,1.90848501887865
"YDR190C",119,2.07918124604762
"YDR191W",13,1.14612803567824
"YDR192C",20,1.32221929473392
"YDR193W",2,0.477121254719662
"YDR194C",380,2.58092497567562
"YDR194W-A",0,0
"YDR195W",68,1.83884909073726
"YDR196C",86,1.93951925261862
"YDR197W",51,1.7160033436348
"YDR198C",27,1.44715803134222
"YDR199W",22,1.36172783601759
"YDR200C",58,1.77085201164214
"YDR201W",31,1.50514997831991
"YDR202C",64,1.81291335664286
"YDR203W",15,1.20411998265592
"YDR204W",65,1.81954393554187
"YDR205W",50,1.70757017609794
"YDR206W",67,1.83250891270624
"YDR207C",36,1.56820172406699
"YDR208W",156,2.19589965240923
"YDR209C",52,1.72427586960079
"YDR210C-C",0,0
"YDR210C-D",0,0
"YDR210W",37,1.57978359661681
"YDR210W-A",0,0
"YDR210W-B",0,0
"YDR211W",202,2.30749603791321
"YDR212W",119,2.07918124604762
"YDR213W",43,1.64345267648619
"YDR214W",143,2.15836249209525
"YDR215C",2,0.477121254719662
"YDR216W",228,2.35983548233989
"YDR217C",111,2.04921802267018
"YDR218C",9,1
"YDR219C",64,1.81291335664286
"YDR220C",5,0.778151250383644
"YDR221W",45,1.66275783168157
"YDR222W",19,1.30102999566398
"YDR223W",29,1.47712125471966
"YDR224C",432,2.63648789635337
"YDR225W",242,2.38560627359831
"YDR226W",516,2.71349054309394
"YDR227W",114,2.06069784035361
"YDR228C",57,1.76342799356294
"YDR229W",52,1.72427586960079
"YDR230W",122,2.0899051114394
"YDR231C",169,2.23044892137827
"YDR232W",233,2.36921585741014
"YDR233C",278,2.4456042032736
"YDR234W",128,2.11058971029925
"YDR235W",48,1.69019608002851
"YDR236C",27,1.44715803134222
"YDR237W",93,1.9731278535997
"YDR238C",303,2.48287358360875
"YDR239C",38,1.5910646070265
"YDR240C",35,1.55630250076729
"YDR241W",13,1.14612803567824
"YDR242W",53,1.73239375982297
"YDR243C",39,1.60205999132796
"YDR244W",108,2.03742649794062
"YDR245W",130,2.11727129565576
"YDR246W",41,1.6232492903979
"YDR246W-A",1,0.301029995663981
"YDR247W",96,1.98677173426624
"YDR248C",85,1.93449845124357
"YDR249C",41,1.6232492903979
"YDR250C",0,0
"YDR251W",139,2.14612803567824
"YDR252W",6,0.845098040014257
"YDR253C",29,1.47712125471966
"YDR254W",64,1.81291335664286
"YDR255C",90,1.95904139232109
"YDR256C",35,1.55630250076729
"YDR257C",42,1.63346845557959
"YDR258C",1124,3.05115252244738
"YDR259C",52,1.72427586960079
"YDR260C",41,1.6232492903979
"YDR261C",102,2.01283722470517
"YDR261C-C",0,0
"YDR261C-D",0,0
"YDR261W-A",0,0
"YDR261W-B",0,0
"YDR262W",100,2.00432137378264
"YDR263C",19,1.30102999566398
"YDR264C",80,1.90848501887865
"YDR265W",34,1.54406804435028
"YDR266C",79,1.90308998699194
"YDR267C",46,1.67209785793572
"YDR268W",30,1.49136169383427
"YDR269C",9,1
"YDR270W",75,1.88081359228079
"YDR271C",25,1.41497334797082
"YDR272W",115,2.06445798922692
"YDR273W",12,1.11394335230684
"YDR274C",1,0.301029995663981
"YDR275W",79,1.90308998699194
"YDR276C",669,2.82607480270083
"YDR277C",63,1.80617997398389
"YDR278C",0,0
"YDR279W",30,1.49136169383427
"YDR280W",61,1.79239168949825
"YDR281C",5,0.778151250383644
"YDR282C",23,1.38021124171161
"YDR283C",196,2.29446622616159
"YDR284C",161,2.20951501454263
"YDR285W",20,1.32221929473392
"YDR286C",30,1.49136169383427
"YDR287W",25,1.41497334797082
"YDR288W",36,1.56820172406699
"YDR289C",59,1.77815125038364
"YDR290W",3,0.602059991327962
"YDR291W",88,1.94939000664491
"YDR292C",69,1.84509804001426
"YDR293C",490,2.69108149212297
"YDR294C",144,2.16136800223497
"YDR295C",84,1.92941892571429
"YDR296W",112,2.05307844348342
"YDR297W",284,2.45484486000851
"YDR298C",574,2.75966784468963
"YDR299W",105,2.02530586526477
"YDR300C",61,1.79239168949825
"YDR301W",88,1.94939000664491
"YDR302W",58,1.77085201164214
"YDR303C",72,1.86332286012046
"YDR304C",212,2.32837960343874
"YDR305C",37,1.57978359661681
"YDR306C",102,2.01283722470517
"YDR307W",63,1.80617997398389
"YDR308C",27,1.44715803134222
"YDR309C",60,1.78532983501077
"YDR310C",128,2.11058971029925
"YDR311W",74,1.8750612633917
"YDR312W",39,1.60205999132796
"YDR313C",124,2.09691001300806
"YDR314C",47,1.68124123737559
"YDR315C",33,1.53147891704226
"YDR316W",167,2.22530928172586
"YDR316W-A",0,0
"YDR316W-B",0,0
"YDR317W",15,1.20411998265592
"YDR318W",52,1.72427586960079
"YDR319C",23,1.38021124171161
"YDR320C",50,1.70757017609794
"YDR320C-A",94,1.97772360528885
"YDR320W-B",0,0
"YDR321W",27,1.44715803134222
"YDR322C-A",564,2.75204844781944
"YDR322W",120,2.08278537031645
"YDR323C",21,1.34242268082221
"YDR324C",65,1.81954393554187
"YDR325W",44,1.65321251377534
"YDR326C",152,2.1846914308176
"YDR327W",50,1.70757017609794
"YDR328C",112,2.05307844348342
"YDR329C",111,2.04921802267018
"YDR330W",54,1.74036268949424
"YDR331W",58,1.77085201164214
"YDR332W",28,1.46239799789896
"YDR333C",62,1.79934054945358
"YDR334W",83,1.92427928606188
"YDR335W",251,2.40140054078154
"YDR336W",31,1.50514997831991
"YDR337W",122,2.0899051114394
"YDR338C",57,1.76342799356294
"YDR339C",54,1.74036268949424
"YDR340W",0,0
"YDR341C",261,2.41830129131975
"YDR342C",5,0.778151250383644
"YDR343C",0,0
"YDR344C",2,0.477121254719662
"YDR345C",455,2.65896484266444
"YDR346C",259,2.41497334797082
"YDR347W",118,2.07554696139253
"YDR348C",63,1.80617997398389
"YDR349C",74,1.8750612633917
"YDR350C",62,1.79934054945358
"YDR351W",84,1.92941892571429
"YDR352W",62,1.79934054945358
"YDR353W",159,2.20411998265593
"YDR354C-A",11,1.07918124604762
"YDR354W",58,1.77085201164214
"YDR355C",12,1.11394335230684
"YDR356W",149,2.17609125905568
"YDR357C",53,1.73239375982297
"YDR358W",81,1.91381385238372
"YDR359C",63,1.80617997398389
"YDR360W",6,0.845098040014257
"YDR361C",79,1.90308998699194
"YDR362C",46,1.67209785793572
"YDR363W",35,1.55630250076729
"YDR363W-A",145,2.16435285578444
"YDR364C",40,1.61278385671974
"YDR365C",53,1.73239375982297
"YDR365W-A",0,0
"YDR365W-B",0,0
"YDR366C",4,0.698970004336019
"YDR367W",72,1.86332286012046
"YDR368W",239,2.38021124171161
"YDR369C",50,1.70757017609794
"YDR370C",48,1.69019608002851
"YDR371C-A",0,0
"YDR371W",28,1.46239799789896
"YDR372C",230,2.36361197989214
"YDR373W",92,1.96848294855394
"YDR374C",6,0.845098040014257
"YDR374W-A",18,1.27875360095283
"YDR375C",92,1.96848294855394
"YDR376W",87,1.94448267215017
"YDR377W",665,2.8234742291703
"YDR378C",94,1.97772360528885
"YDR379C-A",124,2.09691001300806
"YDR379W",89,1.95424250943932
"YDR380W",116,2.06818586174616
"YDR381C-A",88,1.94939000664491
"YDR381W",257,2.41161970596323
"YDR382W",320,2.50650503240487
"YDR383C",24,1.39794000867204
"YDR384C",10,1.04139268515822
"YDR385W",51,1.7160033436348
"YDR386W",39,1.60205999132796
"YDR387C",50,1.70757017609794
"YDR388W",95,1.98227123303957
"YDR389W",101,2.00860017176192
"YDR390C",69,1.84509804001426
"YDR391C",20,1.32221929473392
"YDR392W",47,1.68124123737559
"YDR393W",76,1.88649072517248
"YDR394W",269,2.43136376415899
"YDR395W",117,2.07188200730613
"YDR396W",28,1.46239799789896
"YDR397C",34,1.54406804435028
"YDR398W",97,1.99122607569249
"YDR399W",273,2.43775056282039
"YDR400W",90,1.95904139232109
"YDR401W",4,0.698970004336019
"YDR402C",12,1.11394335230684
"YDR403W",19,1.30102999566398
"YDR404C",38,1.5910646070265
"YDR405W",59,1.77815125038364
"YDR406W",114,2.06069784035361
"YDR406W-A",2,0.477121254719662
"YDR407C",98,1.99563519459755
"YDR408C",88,1.94939000664491
"YDR409W",23,1.38021124171161
"YDR410C",30,1.49136169383427
"YDR411C",83,1.92427928606188
"YDR412W",63,1.80617997398389
"YDR413C",42,1.63346845557959
"YDR414C",36,1.56820172406699
"YDR415C",44,1.65321251377534
"YDR416W",53,1.73239375982297
"YDR417C",291,2.46538285144842
"YDR418W",458,2.66181268553726
"YDR419W",40,1.61278385671974
"YDR420W",134,2.13033376849501
"YDR421W",130,2.11727129565576
"YDR422C",79,1.90308998699194
"YDR423C",29,1.47712125471966
"YDR424C",60,1.78532983501077
"YDR425W",56,1.75587485567249
"YDR426C",15,1.20411998265592
"YDR427W",205,2.31386722036915
"YDR428C",15,1.20411998265592
"YDR429C",199,2.30102999566398
"YDR430C",62,1.79934054945358
"YDR431W",2,0.477121254719662
"YDR432W",37,1.57978359661681
"YDR433W",3,0.602059991327962
"YDR434W",73,1.86923171973098
"YDR435C",55,1.7481880270062
"YDR436W",47,1.68124123737559
"YDR437W",2,0.477121254719662
"YDR438W",23,1.38021124171161
"YDR439W",11,1.07918124604762
"YDR440W",28,1.46239799789896
"YDR441C",62,1.79934054945358
"YDR442W",14,1.17609125905568
"YDR443C",98,1.99563519459755
"YDR444W",68,1.83884909073726
"YDR445C",8,0.954242509439325
"YDR446W",0,0
"YDR447C",173,2.2405492482826
"YDR448W",22,1.36172783601759
"YDR449C",23,1.38021124171161
"YDR450W",204,2.31175386105575
"YDR451C",56,1.75587485567249
"YDR452W",199,2.30102999566398
"YDR453C",12,1.11394335230684
"YDR454C",88,1.94939000664491
"YDR455C",25,1.41497334797082
"YDR456W",280,2.44870631990508
"YDR457W",496,2.69635638873333
"YDR458C",96,1.98677173426624
"YDR459C",25,1.41497334797082
"YDR460W",45,1.66275783168157
"YDR461C-A",18,1.27875360095283
"YDR461W",35,1.55630250076729
"YDR462W",47,1.68124123737559
"YDR463W",100,2.00432137378264
"YDR464C-A",2,0.477121254719662
"YDR464W",111,2.04921802267018
"YDR465C",34,1.54406804435028
"YDR466W",79,1.90308998699194
"YDR467C",28,1.46239799789896
"YDR468C",44,1.65321251377534
"YDR469W",20,1.32221929473392
"YDR470C",60,1.78532983501077
"YDR471W",242,2.38560627359831
"YDR472W",127,2.10720996964787
"YDR473C",72,1.86332286012046
"YDR475C",74,1.8750612633917
"YDR476C",42,1.63346845557959
"YDR477W",43,1.64345267648619
"YDR478W",15,1.20411998265592
"YDR479C",43,1.64345267648619
"YDR480W",18,1.27875360095283
"YDR481C",124,2.09691001300806
"YDR482C",15,1.20411998265592
"YDR483W",326,2.51454775266029
"YDR484W",31,1.50514997831991
"YDR485C",130,2.11727129565576
"YDR486C",82,1.91907809237607
"YDR487C",445,2.64933485871214
"YDR488C",6,0.845098040014257
"YDR489W",15,1.20411998265592
"YDR490C",43,1.64345267648619
"YDR491C",47,1.68124123737559
"YDR492W",191,2.28330122870355
"YDR493W",37,1.57978359661681
"YDR494W",129,2.11394335230684
"YDR495C",115,2.06445798922692
"YDR496C",105,2.02530586526477
"YDR497C",554,2.74429298312268
"YDR498C",54,1.74036268949424
"YDR499W",61,1.79239168949825
"YDR500C",290,2.46389298898591
"YDR501W",17,1.25527250510331
"YDR502C",85,1.93449845124357
"YDR503C",26,1.43136376415899
"YDR504C",38,1.5910646070265
"YDR505C",288,2.46089784275655
"YDR506C",25,1.41497334797082
"YDR507C",124,2.09691001300806
"YDR508C",29,1.47712125471966
"YDR509W",5,0.778151250383644
"YDR510C-A",48,1.69019608002851
"YDR510W",205,2.31386722036915
"YDR511W",74,1.8750612633917
"YDR512C",80,1.90848501887865
"YDR513W",541,2.73399928653839
"YDR514C",40,1.61278385671974
"YDR515W",91,1.96378782734556
"YDR516C",285,2.45636603312904
"YDR517W",74,1.8750612633917
"YDR518W",59,1.77815125038364
"YDR519W",87,1.94448267215017
"YDR520C",54,1.74036268949424
"YDR521W",4,0.698970004336019
"YDR522C",4,0.698970004336019
"YDR523C",16,1.23044892137827
"YDR524C",77,1.89209460269048
"YDR524C-A",0,0
"YDR524C-B",3092,3.49037992000318
"YDR524W-C",866,2.93801909747621
"YDR525W",0,0
"YDR525W-A",61,1.79239168949825
"YDR526C",21,1.34242268082221
"YDR527W",93,1.9731278535997
"YDR528W",72,1.86332286012046
"YDR529C",1503,3.17724783625562
"YDR530C",114,2.06069784035361
"YDR531W",74,1.8750612633917
"YDR532C",54,1.74036268949424
"YDR533C",1183,3.0733517023869
"YDR534C",5,0.778151250383644
"YDR535C",13,1.14612803567824
"YDR536W",366,2.56466606425209
"YDR537C",18,1.27875360095283
"YDR538W",28,1.46239799789896
"YDR539W",87,1.94448267215017
"YDR540C",10,1.04139268515822
"YDR541C",29,1.47712125471966
"YDR542W",0,0
"YDR543C",0,0
"YDR544C",0,0
"YDR545C-A",0,0
"YDR545W",0,0
"YEL001C",53,1.73239375982297
"YEL002C",232,2.36735592102602
"YEL003W",31,1.50514997831991
"YEL004W",30,1.49136169383427
"YEL005C",36,1.56820172406699
"YEL006W",56,1.75587485567249
"YEL007W",84,1.92941892571429
"YEL008C-A",0,0
"YEL008W",4,0.698970004336019
"YEL009C",2849,3.45484486000851
"YEL009C-A",2,0.477121254719662
"YEL010W",3,0.602059991327962
"YEL011W",195,2.29225607135648
"YEL012W",247,2.39445168082622
"YEL013W",121,2.08635983067475
"YEL014C",6,0.845098040014257
"YEL015W",60,1.78532983501077
"YEL016C",24,1.39794000867204
"YEL017C-A",537,2.73078227566639
"YEL017W",22,1.36172783601759
"YEL018C-A",13,1.14612803567824
"YEL018W",33,1.53147891704226
"YEL019C",27,1.44715803134222
"YEL020C",99,2
"YEL020C-B",83,1.92427928606188
"YEL020W-A",147,2.17026171539496
"YEL021W",65,1.81954393554187
"YEL022W",98,1.99563519459755
"YEL023C",21,1.34242268082221
"YEL024W",1182,3.07298474462793
"YEL025C",121,2.08635983067475
"YEL026W",111,2.04921802267018
"YEL027W",740,2.86981820797933
"YEL028W",16,1.23044892137827
"YEL029C",54,1.74036268949424
"YEL030C-A",0,0
"YEL030W",13,1.14612803567824
"YEL031W",534,2.72835378202123
"YEL032C-A",3,0.602059991327962
"YEL032W",67,1.83250891270624
"YEL033W",192,2.28555730900777
"YEL034C-A",652,2.81491318127507
"YEL034W",666,2.82412583391655
"YEL035C",3,0.602059991327962
"YEL036C",50,1.70757017609794
"YEL037C",68,1.83884909073726
"YEL038W",30,1.49136169383427
"YEL039C",258,2.41329976408125
"YEL040W",15,1.20411998265592
"YEL041W",92,1.96848294855394
"YEL042W",113,2.05690485133647
"YEL043W",59,1.77815125038364
"YEL044W",17,1.25527250510331
"YEL045C",10,1.04139268515822
"YEL046C",79,1.90308998699194
"YEL047C",54,1.74036268949424
"YEL048C",19,1.30102999566398
"YEL049W",0,0
"YEL050C",139,2.14612803567824
"YEL050W-A",41,1.6232492903979
"YEL051W",277,2.44404479591808
"YEL052W",161,2.20951501454263
"YEL053C",71,1.85733249643127
"YEL053W-A",133,2.12710479836481
"YEL054C",225,2.3541084391474
"YEL055C",130,2.11727129565576
"YEL056W",39,1.60205999132796
"YEL057C",3,0.602059991327962
"YEL058W",105,2.02530586526477
"YEL059C-A",15,1.20411998265592
"YEL059W",10,1.04139268515822
"YEL060C",443,2.64738297011462
"YEL061C",80,1.90848501887865
"YEL062W",55,1.7481880270062
"YEL063C",455,2.65896484266444
"YEL064C",43,1.64345267648619
"YEL065W",41,1.6232492903979
"YEL066W",158,2.20139712432045
"YEL067C",27,1.44715803134222
"YEL068C",22,1.36172783601759
"YEL069C",146,2.16731733474818
"YEL070W",0,0
"YEL071W",534,2.72835378202123
"YEL072W",72,1.86332286012046
"YEL073C",13,1.14612803567824
"YEL074W",3,0.602059991327962
"YEL075C",0,0
"YEL075W-A",0,0
"YEL076C",0,0
"YEL076C-A",0,0
"YEL077C",0,0
"YEL077W-A",0,0
"YER001W",215,2.33445375115093
"YER002W",174,2.24303804868629
"YER003C",148,2.17318626841227
"YER004W",137,2.13987908640124
"YER005W",45,1.66275783168157
"YER006C-A",3,0.602059991327962
"YER006W",128,2.11058971029925
"YER007C-A",47,1.68124123737559
"YER007W",14,1.17609125905568
"YER008C",149,2.17609125905568
"YER009W",199,2.30102999566398
"YER010C",44,1.65321251377534
"YER011W",0,0
"YER012W",271,2.4345689040342
"YER013W",82,1.91907809237607
"YER014C-A",23,1.38021124171161
"YER014W",65,1.81954393554187
"YER015W",18,1.27875360095283
"YER016W",52,1.72427586960079
"YER017C",144,2.16136800223497
"YER018C",21,1.34242268082221
"YER019C-A",161,2.20951501454263
"YER019W",25,1.41497334797082
"YER020W",74,1.8750612633917
"YER021W",348,2.54282542695918
"YER022W",70,1.85125834871908
"YER023C-A",11,1.07918124604762
"YER023W",49,1.69897000433602
"YER024W",126,2.10380372095596
"YER025W",207,2.31806333496276
"YER026C",203,2.3096301674259
"YER027C",71,1.85733249643127
"YER028C",16,1.23044892137827
"YER029C",38,1.5910646070265
"YER030W",109,2.04139268515822
"YER031C",101,2.00860017176192
"YER032W",44,1.65321251377534
"YER033C",41,1.6232492903979
"YER034W",19,1.30102999566398
"YER035W",114,2.06069784035361
"YER036C",286,2.45788189673399
"YER037W",111,2.04921802267018
"YER038C",19,1.30102999566398
"YER038W-A",32,1.51851393987789
"YER039C",46,1.67209785793572
"YER039C-A",15,1.20411998265592
"YER040W",61,1.79239168949825
"YER041W",29,1.47712125471966
"YER042W",47,1.68124123737559
"YER043C",476,2.67851837904011
"YER044C",248,2.39619934709574
"YER044C-A",18,1.27875360095283
"YER045C",278,2.4456042032736
"YER046W",43,1.64345267648619
"YER046W-A",27,1.44715803134222
"YER047C",98,1.99563519459755
"YER048C",128,2.11058971029925
"YER048W-A",86,1.93951925261862
"YER049W",128,2.11058971029925
"YER050C",147,2.17026171539496
"YER051W",52,1.72427586960079
"YER052C",259,2.41497334797082
"YER053C",2072,3.31659930209386
"YER053C-A",342,2.53529412004277
"YER054C",78,1.89762709129044
"YER055C",130,2.11727129565576
"YER056C",556,2.74585519517373
"YER056C-A",162,2.21218760440396
"YER057C",230,2.36361197989214
"YER058W",38,1.5910646070265
"YER059W",44,1.65321251377534
"YER060W",39,1.60205999132796
"YER060W-A",23,1.38021124171161
"YER061C",39,1.60205999132796
"YER062C",101,2.00860017176192
"YER063W",141,2.15228834438306
"YER064C",10,1.04139268515822
"YER065C",213,2.33041377334919
"YER066C-A",133,2.12710479836481
"YER066W",12,1.11394335230684
"YER067C-A",305,2.48572142648158
"YER067W",467,2.67024585307412
"YER068C-A",18,1.27875360095283
"YER068W",100,2.00432137378264
"YER069W",140,2.14921911265538
"YER070W",149,2.17609125905568
"YER071C",33,1.53147891704226
"YER072W",141,2.15228834438306
"YER073W",29,1.47712125471966
"YER074W",195,2.29225607135648
"YER074W-A",63,1.80617997398389
"YER075C",59,1.77815125038364
"YER076C",15,1.20411998265592
"YER076W-A",3,0.602059991327962
"YER077C",43,1.64345267648619
"YER078C",113,2.05690485133647
"YER078W-A",1,0.301029995663981
"YER079C-A",15,1.20411998265592
"YER079W",57,1.76342799356294
"YER080W",99,2
"YER081W",133,2.12710479836481
"YER082C",53,1.73239375982297
"YER083C",40,1.61278385671974
"YER084W",6,0.845098040014257
"YER084W-A",2,0.477121254719662
"YER085C",4,0.698970004336019
"YER086W",140,2.14921911265538
"YER087C-A",15,1.20411998265592
"YER087C-B",139,2.14612803567824
"YER087W",31,1.50514997831991
"YER088C",157,2.19865708695442
"YER088C-A",3,0.602059991327962
"YER088W-B",5,0.778151250383644
"YER089C",32,1.51851393987789
"YER090C-A",15,1.20411998265592
"YER090W",139,2.14612803567824
"YER091C",651,2.81424759573192
"YER091C-A",1,0.301029995663981
"YER092W",60,1.78532983501077
"YER093C",91,1.96378782734556
"YER093C-A",31,1.50514997831991
"YER094C",198,2.29885307640971
"YER095W",100,2.00432137378264
"YER096W",28,1.46239799789896
"YER097W",2,0.477121254719662
"YER098W",80,1.90848501887865
"YER099C",61,1.79239168949825
"YER100W",112,2.05307844348342
"YER101C",23,1.38021124171161
"YER102W",98,1.99563519459755
"YER103W",473,2.67577834167409
"YER104W",29,1.47712125471966
"YER105C",180,2.25767857486918
"YER106W",7,0.903089986991944
"YER107C",56,1.75587485567249
"YER107W-A",19,1.30102999566398
"YER110C",171,2.23552844690755
"YER111C",102,2.01283722470517
"YER112W",71,1.85733249643127
"YER113C",34,1.54406804435028
"YER114C",77,1.89209460269048
"YER115C",13,1.14612803567824
"YER116C",50,1.70757017609794
"YER117W",337,2.52891670027765
"YER118C",49,1.69897000433602
"YER119C",4,0.698970004336019
"YER119C-A",24,1.39794000867204
"YER120W",127,2.10720996964787
"YER121W",10,1.04139268515822
"YER122C",137,2.13987908640124
"YER123W",91,1.96378782734556
"YER124C",155,2.19312459835446
"YER125W",233,2.36921585741014
"YER126C",57,1.76342799356294
"YER127W",51,1.7160033436348
"YER128W",4,0.698970004336019
"YER129W",129,2.11394335230684
"YER130C",67,1.83250891270624
"YER131W",212,2.32837960343874
"YER132C",103,2.01703333929878
"YER133W",383,2.58433122436753
"YER133W-A",17,1.25527250510331
"YER134C",17,1.25527250510331
"YER135C",6,0.845098040014257
"YER136W",245,2.39093510710338
"YER137C",9,1
"YER137C-A",0,0
"YER137W-A",1,0.301029995663981
"YER138C",0,0
"YER138W-A",0,0
"YER139C",30,1.49136169383427
"YER140W",58,1.77085201164214
"YER141W",522,2.71850168886727
"YER142C",104,2.02118929906994
"YER143W",109,2.04139268515822
"YER144C",39,1.60205999132796
"YER145C",94,1.97772360528885
"YER145C-A",32,1.51851393987789
"YER146W",30,1.49136169383427
"YER147C",24,1.39794000867204
"YER147C-A",130,2.11727129565576
"YER148W",183,2.26481782300954
"YER148W-A",14,1.17609125905568
"YER149C",24,1.39794000867204
"YER150W",1055,3.02366391819779
"YER151C",113,2.05690485133647
"YER152C",21,1.34242268082221
"YER152W-A",4,0.698970004336019
"YER153C",1,0.301029995663981
"YER154W",26,1.43136376415899
"YER155C",399,2.60205999132796
"YER156C",29,1.47712125471966
"YER157W",51,1.7160033436348
"YER158C",189,2.27875360095283
"YER158W-A",36,1.56820172406699
"YER159C",33,1.53147891704226
"YER159C-A",0,0
"YER160C",0,0
"YER161C",71,1.85733249643127
"YER162C",69,1.84509804001426
"YER163C",48,1.69019608002851
"YER164W",124,2.09691001300806
"YER165C-A",18,1.27875360095283
"YER165W",405,2.60852603357719
"YER166W",236,2.3747483460101
"YER167W",85,1.93449845124357
"YER168C",43,1.64345267648619
"YER169W",82,1.91907809237607
"YER170W",24,1.39794000867204
"YER171W",56,1.75587485567249
"YER172C",144,2.16136800223497
"YER172C-A",2,0.477121254719662
"YER173W",30,1.49136169383427
"YER174C",79,1.90308998699194
"YER175C",31,1.50514997831991
"YER175W-A",4,0.698970004336019
"YER176W",91,1.96378782734556
"YER177W",682,2.83442070368153
"YER178W",452,2.65609820201283
"YER179W",0,0
"YER180C",16,1.23044892137827
"YER180C-A",15,1.20411998265592
"YER181C",1,0.301029995663981
"YER182W",165,2.22010808804005
"YER183C",30,1.49136169383427
"YER184C",32,1.51851393987789
"YER185W",13,1.14612803567824
"YER186C",74,1.8750612633917
"YER187W",6,0.845098040014257
"YER188C-A",0,0
"YER188W",0,0
"YER189W",0,0
"YER190C-A",0,0
"YER190C-B",0,0
"YER190W",0,0
"YFL001W",22,1.36172783601759
"YFL002C",52,1.72427586960079
"YFL002W-A",0,0
"YFL002W-B",0,0
"YFL003C",14,1.17609125905568
"YFL004W",241,2.38381536598043
"YFL005W",158,2.20139712432045
"YFL007W",306,2.48713837547719
"YFL008W",138,2.14301480025409
"YFL009W",49,1.69897000433602
"YFL010C",46,1.67209785793572
"YFL010W-A",24,1.39794000867204
"YFL011W",1,0.301029995663981
"YFL012W",1,0.301029995663981
"YFL012W-A",3,0.602059991327962
"YFL013C",52,1.72427586960079
"YFL013W-A",24,1.39794000867204
"YFL014W",757,2.87966920563205
"YFL015C",2,0.477121254719662
"YFL015W-A",0,0
"YFL016C",145,2.16435285578444
"YFL017C",17,1.25527250510331
"YFL017W-A",45,1.66275783168157
"YFL018C",560,2.74896286125616
"YFL019C",2,0.477121254719662
"YFL020C",2,0.477121254719662
"YFL021C-A",22,1.36172783601759
"YFL021W",70,1.85125834871908
"YFL022C",86,1.93951925261862
"YFL023W",101,2.00860017176192
"YFL024C",47,1.68124123737559
"YFL025C",62,1.79934054945358
"YFL026W",13,1.14612803567824
"YFL027C",47,1.68124123737559
"YFL028C",94,1.97772360528885
"YFL029C",18,1.27875360095283
"YFL030W",228,2.35983548233989
"YFL031C-A",18,1.27875360095283
"YFL031W",291,2.46538285144842
"YFL032W",28,1.46239799789896
"YFL033C",192,2.28555730900777
"YFL034C-A",64,1.81291335664286
"YFL034C-B",24,1.39794000867204
"YFL034W",72,1.86332286012046
"YFL036W",336,2.52762990087134
"YFL037W",124,2.09691001300806
"YFL038C",285,2.45636603312904
"YFL039C",1679,3.22530928172586
"YFL040W",8,0.954242509439325
"YFL041W",98,1.99563519459755
"YFL041W-A",4,0.698970004336019
"YFL042C",52,1.72427586960079
"YFL044C",60,1.78532983501077
"YFL045C",195,2.29225607135648
"YFL046W",38,1.5910646070265
"YFL047W",26,1.43136376415899
"YFL048C",106,2.02938377768521
"YFL049W",63,1.80617997398389
"YFL050C",103,2.01703333929878
"YFL051C",4,0.698970004336019
"YFL052W",44,1.65321251377534
"YFL053W",17,1.25527250510331
"YFL054C",19,1.30102999566398
"YFL055W",7,0.903089986991944
"YFL056C",44,1.65321251377534
"YFL058W",0,0
"YFL059W",0,0
"YFL060C",0,0
"YFL061W",0,0
"YFL062W",0,0
"YFL063W",0,0
"YFL064C",0,0
"YFL065C",0,0
"YFL066C",0,0
"YFL067W",0,0
"YFL068W",0,0
"YFR001W",45,1.66275783168157
"YFR002W",152,2.1846914308176
"YFR003C",73,1.86923171973098
"YFR004W",195,2.29225607135648
"YFR005C",36,1.56820172406699
"YFR006W",253,2.40483371661994
"YFR007W",46,1.67209785793572
"YFR008W",9,1
"YFR009W",114,2.06069784035361
"YFR009W-A",0,0
"YFR010W",304,2.48429983934679
"YFR010W-A",112,2.05307844348342
"YFR011C",254,2.40654018043396
"YFR012W",1,0.301029995663981
"YFR012W-A",1,0.301029995663981
"YFR013W",45,1.66275783168157
"YFR014C",106,2.02938377768521
"YFR015C",118,2.07554696139253
"YFR016C",206,2.31597034545692
"YFR017C",84,1.92941892571429
"YFR018C",7,0.903089986991944
"YFR019W",103,2.01703333929878
"YFR020W",36,1.56820172406699
"YFR021W",40,1.61278385671974
"YFR022W",14,1.17609125905568
"YFR023W",7,0.903089986991944
"YFR024C-A",109,2.04139268515822
"YFR025C",63,1.80617997398389
"YFR026C",2,0.477121254719662
"YFR027W",15,1.20411998265592
"YFR028C",37,1.57978359661681
"YFR029W",53,1.73239375982297
"YFR030W",215,2.33445375115093
"YFR031C",100,2.00432137378264
"YFR031C-A",140,2.14921911265538
"YFR032C",1,0.301029995663981
"YFR032C-A",380,2.58092497567562
"YFR032C-B",20,1.32221929473392
"YFR033C",1409,3.14921911265538
"YFR034C",30,1.49136169383427
"YFR034W-A",12,1.11394335230684
"YFR035C",20,1.32221929473392
"YFR036W",31,1.50514997831991
"YFR036W-A",59,1.77815125038364
"YFR037C",99,2
"YFR038W",59,1.77815125038364
"YFR039C",76,1.88649072517248
"YFR040W",280,2.44870631990508
"YFR041C",96,1.98677173426624
"YFR042W",42,1.63346845557959
"YFR043C",17,1.25527250510331
"YFR044C",280,2.44870631990508
"YFR045W",54,1.74036268949424
"YFR046C",28,1.46239799789896
"YFR047C",75,1.88081359228079
"YFR048W",40,1.61278385671974
"YFR049W",266,2.42651126136458
"YFR050C",184,2.26717172840301
"YFR051C",44,1.65321251377534
"YFR052C-A",16,1.23044892137827
"YFR052W",209,2.32221929473392
"YFR053C",701,2.84633711212981
"YFR054C",0,0
"YFR055W",55,1.7481880270062
"YFR056C",7,0.903089986991944
"YFR057W",0,0
"YGL001C",107,2.03342375548695
"YGL002W",22,1.36172783601759
"YGL003C",43,1.64345267648619
"YGL004C",37,1.57978359661681
"YGL005C",70,1.85125834871908
"YGL006W",227,2.35793484700045
"YGL006W-A",5,0.778151250383644
"YGL007C-A",2,0.477121254719662
"YGL007W",2,0.477121254719662
"YGL008C",3445,3.53731527311201
"YGL009C",295,2.47129171105894
"YGL010W",31,1.50514997831991
"YGL011C",370,2.56937390961505
"YGL012W",121,2.08635983067475
"YGL013C",88,1.94939000664491
"YGL014C-A",3,0.602059991327962
"YGL014W",47,1.68124123737559
"YGL015C",3,0.602059991327962
"YGL016W",93,1.9731278535997
"YGL017W",19,1.30102999566398
"YGL018C",23,1.38021124171161
"YGL019W",119,2.07918124604762
"YGL020C",45,1.66275783168157
"YGL021W",25,1.41497334797082
"YGL022W",117,2.07188200730613
"YGL023C",47,1.68124123737559
"YGL024W",8,0.954242509439325
"YGL025C",23,1.38021124171161
"YGL026C",217,2.3384564936046
"YGL027C",123,2.09342168516224
"YGL028C",83,1.92427928606188
"YGL029W",36,1.56820172406699
"YGL030W",512,2.71011736511182
"YGL031C",361,2.55870857053317
"YGL032C",2,0.477121254719662
"YGL033W",9,1
"YGL034C",1,0.301029995663981
"YGL035C",51,1.7160033436348
"YGL036W",80,1.90848501887865
"YGL037C",330,2.51982799377572
"YGL038C",144,2.16136800223497
"YGL039W",30,1.49136169383427
"YGL040C",168,2.22788670461367
"YGL041C",29,1.47712125471966
"YGL041C-B",7,0.903089986991944
"YGL041W-A",77,1.89209460269048
"YGL042C",28,1.46239799789896
"YGL043W",65,1.81954393554187
"YGL044C",54,1.74036268949424
"YGL045W",102,2.01283722470517
"YGL047W",24,1.39794000867204
"YGL048C",275,2.44090908206522
"YGL049C",101,2.00860017176192
"YGL050W",49,1.69897000433602
"YGL051W",0,0
"YGL052W",0,0
"YGL053W",1,0.301029995663981
"YGL054C",211,2.32633586092875
"YGL055W",1101,3.04218159451577
"YGL056C",68,1.83884909073726
"YGL057C",31,1.50514997831991
"YGL058W",118,2.07554696139253
"YGL059W",83,1.92427928606188
"YGL060W",36,1.56820172406699
"YGL061C",43,1.64345267648619
"YGL062W",619,2.79239168949825
"YGL063C-A",0,0
"YGL063W",5,0.778151250383644
"YGL064C",33,1.53147891704226
"YGL065C",66,1.82607480270083
"YGL066W",45,1.66275783168157
"YGL067W",63,1.80617997398389
"YGL068W",224,2.35218251811136
"YGL069C",150,2.17897694729317
"YGL070C",49,1.69897000433602
"YGL071W",56,1.75587485567249
"YGL072C",38,1.5910646070265
"YGL073W",193,2.28780172993023
"YGL074C",15,1.20411998265592
"YGL075C",43,1.64345267648619
"YGL076C",111,2.04921802267018
"YGL077C",266,2.42651126136458
"YGL078C",144,2.16136800223497
"YGL079W",16,1.23044892137827
"YGL080W",83,1.92427928606188
"YGL081W",9,1
"YGL082W",68,1.83884909073726
"YGL083W",46,1.67209785793572
"YGL084C",80,1.90848501887865
"YGL085W",18,1.27875360095283
"YGL086W",63,1.80617997398389
"YGL087C",49,1.69897000433602
"YGL088W",0,0
"YGL089C",3,0.602059991327962
"YGL090W",25,1.41497334797082
"YGL091C",54,1.74036268949424
"YGL092W",73,1.86923171973098
"YGL093W",68,1.83884909073726
"YGL094C",141,2.15228834438306
"YGL095C",78,1.89762709129044
"YGL096W",91,1.96378782734556
"YGL097W",70,1.85125834871908
"YGL098W",29,1.47712125471966
"YGL099W",52,1.72427586960079
"YGL100W",70,1.85125834871908
"YGL101W",49,1.69897000433602
"YGL102C",977,2.9903388547876
"YGL103W",1030,3.01325866528352
"YGL104C",26,1.43136376415899
"YGL105W",187,2.27415784926368
"YGL106W",80,1.90848501887865
"YGL107C",132,2.12385164096709
"YGL108C",43,1.64345267648619
"YGL109W",29,1.47712125471966
"YGL110C",55,1.7481880270062
"YGL111W",36,1.56820172406699
"YGL112C",57,1.76342799356294
"YGL113W",36,1.56820172406699
"YGL114W",231,2.3654879848909
"YGL115W",101,2.00860017176192
"YGL116W",67,1.83250891270624
"YGL117W",360,2.55750720190566
"YGL118C",3,0.602059991327962
"YGL119W",83,1.92427928606188
"YGL120C",76,1.88649072517248
"YGL121C",273,2.43775056282039
"YGL122C",100,2.00432137378264
"YGL123C-A",257,2.41161970596323
"YGL123W",669,2.82607480270083
"YGL124C",30,1.49136169383427
"YGL125W",49,1.69897000433602
"YGL126W",43,1.64345267648619
"YGL127C",32,1.51851393987789
"YGL128C",21,1.34242268082221
"YGL129C",118,2.07554696139253
"YGL130W",65,1.81954393554187
"YGL131C",91,1.96378782734556
"YGL132W",11,1.07918124604762
"YGL133W",146,2.16731733474818
"YGL134W",46,1.67209785793572
"YGL135W",121,2.08635983067475
"YGL136C",43,1.64345267648619
"YGL137W",198,2.29885307640971
"YGL138C",1,0.301029995663981
"YGL139W",84,1.92941892571429
"YGL140C",220,2.34439227368511
"YGL141W",77,1.89209460269048
"YGL142C",60,1.78532983501077
"YGL143C",66,1.82607480270083
"YGL144C",55,1.7481880270062
"YGL145W",40,1.61278385671974
"YGL146C",15,1.20411998265592
"YGL147C",50,1.70757017609794
"YGL148W",171,2.23552844690755
"YGL149W",14,1.17609125905568
"YGL150C",173,2.2405492482826
"YGL151W",110,2.04532297878666
"YGL152C",33,1.53147891704226
"YGL153W",49,1.69897000433602
"YGL154C",17,1.25527250510331
"YGL155W",21,1.34242268082221
"YGL156W",378,2.57863920996807
"YGL157W",219,2.34242268082221
"YGL158W",5,0.778151250383644
"YGL159W",22,1.36172783601759
"YGL160W",66,1.82607480270083
"YGL161C",88,1.94939000664491
"YGL162W",2,0.477121254719662
"YGL163C",94,1.97772360528885
"YGL164C",41,1.6232492903979
"YGL165C",39,1.60205999132796
"YGL166W",38,1.5910646070265
"YGL167C",257,2.41161970596323
"YGL168W",52,1.72427586960079
"YGL169W",36,1.56820172406699
"YGL170C",5,0.778151250383644
"YGL171W",45,1.66275783168157
"YGL172W",45,1.66275783168157
"YGL173C",340,2.5327543789925
"YGL174W",45,1.66275783168157
"YGL175C",9,1
"YGL176C",30,1.49136169383427
"YGL177W",16,1.23044892137827
"YGL178W",164,2.21748394421391
"YGL179C",44,1.65321251377534
"YGL180W",83,1.92427928606188
"YGL181W",38,1.5910646070265
"YGL182C",11,1.07918124604762
"YGL183C",13,1.14612803567824
"YGL184C",72,1.86332286012046
"YGL185C",24,1.39794000867204
"YGL186C",220,2.34439227368511
"YGL187C",1198,3.07881918309885
"YGL188C",149,2.17609125905568
"YGL188C-A",2,0.477121254719662
"YGL189C",444,2.64836001098093
"YGL190C",122,2.0899051114394
"YGL191W",1272,3.10482840365366
"YGL192W",40,1.61278385671974
"YGL193C",0,0
"YGL194C",30,1.49136169383427
"YGL194C-A",25,1.41497334797082
"YGL195W",271,2.4345689040342
"YGL196W",164,2.21748394421391
"YGL197W",77,1.89209460269048
"YGL198W",60,1.78532983501077
"YGL199C",37,1.57978359661681
"YGL200C",280,2.44870631990508
"YGL201C",59,1.77815125038364
"YGL202W",170,2.23299611039215
"YGL203C",84,1.92941892571429
"YGL204C",3,0.602059991327962
"YGL205W",26,1.43136376415899
"YGL206C",613,2.78816837114117
"YGL207W",208,2.32014628611105
"YGL208W",35,1.55630250076729
"YGL209W",37,1.57978359661681
"YGL210W",74,1.8750612633917
"YGL211W",52,1.72427586960079
"YGL212W",36,1.56820172406699
"YGL213C",82,1.91907809237607
"YGL214W",26,1.43136376415899
"YGL215W",37,1.57978359661681
"YGL216W",46,1.67209785793572
"YGL217C",6,0.845098040014257
"YGL218W",77,1.89209460269048
"YGL219C",237,2.37657695705651
"YGL220W",65,1.81954393554187
"YGL221C",96,1.98677173426624
"YGL222C",60,1.78532983501077
"YGL223C",50,1.70757017609794
"YGL224C",75,1.88081359228079
"YGL225W",215,2.33445375115093
"YGL226C-A",101,2.00860017176192
"YGL226W",67,1.83250891270624
"YGL227W",123,2.09342168516224
"YGL228W",163,2.2148438480477
"YGL229C",21,1.34242268082221
"YGL230C",4,0.698970004336019
"YGL231C",70,1.85125834871908
"YGL232W",21,1.34242268082221
"YGL233W",70,1.85125834871908
"YGL234W",113,2.05690485133647
"YGL235W",8,0.954242509439325
"YGL236C",25,1.41497334797082
"YGL237C",12,1.11394335230684
"YGL238W",168,2.22788670461367
"YGL239C",10,1.04139268515822
"YGL240W",5,0.778151250383644
"YGL241W",57,1.76342799356294
"YGL242C",30,1.49136169383427
"YGL243W",21,1.34242268082221
"YGL244W",109,2.04139268515822
"YGL245W",209,2.32221929473392
"YGL246C",83,1.92427928606188
"YGL247W",25,1.41497334797082
"YGL248W",85,1.93449845124357
"YGL249W",15,1.20411998265592
"YGL250W",27,1.44715803134222
"YGL251C",27,1.44715803134222
"YGL252C",182,2.26245108973043
"YGL253W",184,2.26717172840301
"YGL254W",40,1.61278385671974
"YGL255W",26,1.43136376415899
"YGL256W",27,1.44715803134222
"YGL257C",42,1.63346845557959
"YGL258W",0,0
"YGL258W-A",12,1.11394335230684
"YGL259W",11,1.07918124604762
"YGL260W",0,0
"YGL261C",0,0
"YGL262W",7,0.903089986991944
"YGL263W",5,0.778151250383644
"YGR001C",38,1.5910646070265
"YGR002C",47,1.68124123737559
"YGR003W",71,1.85733249643127
"YGR004W",24,1.39794000867204
"YGR005C",89,1.95424250943932
"YGR006W",22,1.36172783601759
"YGR007W",55,1.7481880270062
"YGR008C",304,2.48429983934679
"YGR009C",133,2.12710479836481
"YGR010W",26,1.43136376415899
"YGR011W",5,0.778151250383644
"YGR012W",29,1.47712125471966
"YGR013W",62,1.79934054945358
"YGR014W",81,1.91381385238372
"YGR015C",20,1.32221929473392
"YGR016W",7,0.903089986991944
"YGR017W",91,1.96378782734556
"YGR018C",34,1.54406804435028
"YGR019W",32,1.51851393987789
"YGR020C",121,2.08635983067475
"YGR021W",70,1.85125834871908
"YGR022C",11,1.07918124604762
"YGR023W",21,1.34242268082221
"YGR024C",63,1.80617997398389
"YGR025W",27,1.44715803134222
"YGR026W",188,2.27646180417324
"YGR027C",546,2.73798732633343
"YGR027W-A",0,0
"YGR027W-B",0,0
"YGR028W",182,2.26245108973043
"YGR029W",70,1.85125834871908
"YGR030C",20,1.32221929473392
"YGR031C-A",10,1.04139268515822
"YGR031W",24,1.39794000867204
"YGR032W",1577,3.1981069988734
"YGR033C",59,1.77815125038364
"YGR034W",236,2.3747483460101
"YGR035C",11,1.07918124604762
"YGR035W-A",7,0.903089986991944
"YGR036C",16,1.23044892137827
"YGR037C",206,2.31597034545692
"YGR038C-A",0,0
"YGR038C-B",0,0
"YGR038W",20,1.32221929473392
"YGR039W",5,0.778151250383644
"YGR040W",25,1.41497334797082
"YGR041W",53,1.73239375982297
"YGR042W",57,1.76342799356294
"YGR043C",74,1.8750612633917
"YGR044C",22,1.36172783601759
"YGR045C",4,0.698970004336019
"YGR046W",49,1.69897000433602
"YGR047C",105,2.02530586526477
"YGR048W",72,1.86332286012046
"YGR049W",29,1.47712125471966
"YGR050C",13,1.14612803567824
"YGR051C",2,0.477121254719662
"YGR052W",14,1.17609125905568
"YGR053C",27,1.44715803134222
"YGR054W",54,1.74036268949424
"YGR055W",21,1.34242268082221
"YGR056W",26,1.43136376415899
"YGR057C",43,1.64345267648619
"YGR058W",60,1.78532983501077
"YGR059W",4,0.698970004336019
"YGR060W",430,2.63447727016073
"YGR061C",340,2.5327543789925
"YGR062C",43,1.64345267648619
"YGR063C",59,1.77815125038364
"YGR064W",30,1.49136169383427
"YGR065C",75,1.88081359228079
"YGR066C",15,1.20411998265592
"YGR067C",107,2.03342375548695
"YGR068C",13,1.14612803567824
"YGR068W-A",2,0.477121254719662
"YGR069W",3,0.602059991327962
"YGR070W",124,2.09691001300806
"YGR071C",56,1.75587485567249
"YGR072W",72,1.86332286012046
"YGR073C",19,1.30102999566398
"YGR074W",47,1.68124123737559
"YGR075C",24,1.39794000867204
"YGR076C",40,1.61278385671974
"YGR077C",45,1.66275783168157
"YGR078C",14,1.17609125905568
"YGR079W",72,1.86332286012046
"YGR080W",82,1.91907809237607
"YGR081C",30,1.49136169383427
"YGR082W",90,1.95904139232109
"YGR083C",98,1.99563519459755
"YGR084C",64,1.81291335664286
"YGR085C",158,2.20139712432045
"YGR086C",347,2.54157924394658
"YGR087C",40,1.61278385671974
"YGR088W",42,1.63346845557959
"YGR089W",186,2.2718416065365
"YGR090W",133,2.12710479836481
"YGR091W",10,1.04139268515822
"YGR092W",25,1.41497334797082
"YGR093W",73,1.86923171973098
"YGR094W",328,2.51719589794997
"YGR095C",60,1.78532983501077
"YGR096W",9,1
"YGR097W",74,1.8750612633917
"YGR098C",100,2.00432137378264
"YGR099W",52,1.72427586960079
"YGR100W",102,2.01283722470517
"YGR101W",65,1.81954393554187
"YGR102C",38,1.5910646070265
"YGR103W",121,2.08635983067475
"YGR104C",34,1.54406804435028
"YGR105W",53,1.73239375982297
"YGR106C",278,2.4456042032736
"YGR107W",0,0
"YGR108W",25,1.41497334797082
"YGR109C",8,0.954242509439325
"YGR109W-A",0,0
"YGR109W-B",0,0
"YGR110W",78,1.89762709129044
"YGR111W",54,1.74036268949424
"YGR112W",67,1.83250891270624
"YGR113W",17,1.25527250510331
"YGR114C",0,0
"YGR115C",39,1.60205999132796
"YGR116W",312,2.49554433754645
"YGR117C",54,1.74036268949424
"YGR118W",257,2.41161970596323
"YGR119C",52,1.72427586960079
"YGR120C",31,1.50514997831991
"YGR121C",19,1.30102999566398
"YGR121W-A",0,0
"YGR122C-A",0,0
"YGR122W",19,1.30102999566398
"YGR123C",29,1.47712125471966
"YGR124W",191,2.28330122870355
"YGR125W",577,2.76192783842053
"YGR126W",11,1.07918124604762
"YGR127W",30,1.49136169383427
"YGR128C",77,1.89209460269048
"YGR129W",23,1.38021124171161
"YGR130C",254,2.40654018043396
"YGR131W",6,0.845098040014257
"YGR132C",408,2.61172330800734
"YGR133W",24,1.39794000867204
"YGR134W",66,1.82607480270083
"YGR135W",232,2.36735592102602
"YGR136W",62,1.79934054945358
"YGR137W",11,1.07918124604762
"YGR138C",54,1.74036268949424
"YGR139W",7,0.903089986991944
"YGR140W",50,1.70757017609794
"YGR141W",48,1.69019608002851
"YGR142W",870,2.94001815500766
"YGR143W",172,2.2380461031288
"YGR144W",11,1.07918124604762
"YGR145W",82,1.91907809237607
"YGR146C",17,1.25527250510331
"YGR146C-A",0,0
"YGR147C",95,1.98227123303957
"YGR148C",232,2.36735592102602
"YGR149W",50,1.70757017609794
"YGR150C",135,2.13353890837022
"YGR151C",0,0
"YGR152C",14,1.17609125905568
"YGR153W",19,1.30102999566398
"YGR154C",47,1.68124123737559
"YGR155W",266,2.42651126136458
"YGR156W",26,1.43136376415899
"YGR157W",418,2.6222140229663
"YGR158C",43,1.64345267648619
"YGR159C",106,2.02938377768521
"YGR160W",32,1.51851393987789
"YGR161C",134,2.13033376849501
"YGR161C-C",0,0
"YGR161C-D",0,0
"YGR161W-A",0,0
"YGR161W-B",0,0
"YGR161W-C",64,1.81291335664286
"YGR162W",201,2.30535136944662
"YGR163W",70,1.85125834871908
"YGR164W",7,0.903089986991944
"YGR165W",107,2.03342375548695
"YGR166W",36,1.56820172406699
"YGR167W",193,2.28780172993023
"YGR168C",24,1.39794000867204
"YGR169C",6,0.845098040014257
"YGR169C-A",64,1.81291335664286
"YGR170W",80,1.90848501887865
"YGR171C",30,1.49136169383427
"YGR172C",12,1.11394335230684
"YGR173W",38,1.5910646070265
"YGR174C",97,1.99122607569249
"YGR174W-A",8,0.954242509439325
"YGR175C",317,2.50242711998443
"YGR176W",1,0.301029995663981
"YGR177C",7,0.903089986991944
"YGR178C",192,2.28555730900777
"YGR179C",33,1.53147891704226
"YGR180C",480,2.68214507637383
"YGR181W",65,1.81954393554187
"YGR182C",259,2.41497334797082
"YGR183C",942,2.97451169273733
"YGR184C",426,2.63042787502502
"YGR185C",80,1.90848501887865
"YGR186W",185,2.26951294421792
"YGR187C",44,1.65321251377534
"YGR188C",43,1.64345267648619
"YGR189C",157,2.19865708695442
"YGR190C",10,1.04139268515822
"YGR191W",71,1.85733249643127
"YGR192C",957,2.98136550907854
"YGR193C",59,1.77815125038364
"YGR194C",80,1.90848501887865
"YGR195W",56,1.75587485567249
"YGR196C",84,1.92941892571429
"YGR197C",29,1.47712125471966
"YGR198W",83,1.92427928606188
"YGR199W",112,2.05307844348342
"YGR200C",71,1.85733249643127
"YGR201C",19,1.30102999566398
"YGR202C",84,1.92941892571429
"YGR203W",15,1.20411998265592
"YGR204C-A",0,0
"YGR204W",157,2.19865708695442
"YGR205W",53,1.73239375982297
"YGR206W",28,1.46239799789896
"YGR207C",138,2.14301480025409
"YGR208W",38,1.5910646070265
"YGR209C",619,2.79239168949825
"YGR210C",86,1.93951925261862
"YGR211W",185,2.26951294421792
"YGR212W",26,1.43136376415899
"YGR213C",19,1.30102999566398
"YGR214W",405,2.60852603357719
"YGR215W",53,1.73239375982297
"YGR216C",48,1.69019608002851
"YGR217W",101,2.00860017176192
"YGR218W",413,2.6170003411209
"YGR219W",53,1.73239375982297
"YGR220C",114,2.06069784035361
"YGR221C",20,1.32221929473392
"YGR222W",69,1.84509804001426
"YGR223C",50,1.70757017609794
"YGR224W",4,0.698970004336019
"YGR225W",12,1.11394335230684
"YGR226C",1,0.301029995663981
"YGR227W",62,1.79934054945358
"YGR228W",37,1.57978359661681
"YGR229C",131,2.12057393120585
"YGR230W",5,0.778151250383644
"YGR231C",205,2.31386722036915
"YGR232W",90,1.95904139232109
"YGR233C",131,2.12057393120585
"YGR234W",2676,3.42764837118693
"YGR235C",212,2.32837960343874
"YGR236C",84,1.92941892571429
"YGR237C",76,1.88649072517248
"YGR238C",36,1.56820172406699
"YGR239C",119,2.07918124604762
"YGR240C",542,2.73479982958885
"YGR240C-A",7,0.903089986991944
"YGR241C",132,2.12385164096709
"YGR242W",17,1.25527250510331
"YGR243W",218,2.34044411484012
"YGR244C",702,2.84695532501982
"YGR245C",122,2.0899051114394
"YGR246C",81,1.91381385238372
"YGR247W",45,1.66275783168157
"YGR248W",30,1.49136169383427
"YGR249W",44,1.65321251377534
"YGR250C",339,2.53147891704225
"YGR251W",42,1.63346845557959
"YGR252W",48,1.69019608002851
"YGR253C",158,2.20139712432045
"YGR254W",1004,3.00216606175651
"YGR255C",239,2.38021124171161
"YGR256W",104,2.02118929906994
"YGR257C",71,1.85733249643127
"YGR258C",67,1.83250891270624
"YGR259C",8,0.954242509439325
"YGR260W",75,1.88081359228079
"YGR261C",92,1.96848294855394
"YGR262C",35,1.55630250076729
"YGR263C",39,1.60205999132796
"YGR264C",270,2.43296929087441
"YGR265W",16,1.23044892137827
"YGR266W",39,1.60205999132796
"YGR267C",138,2.14301480025409
"YGR268C",28,1.46239799789896
"YGR269W",5,0.778151250383644
"YGR270C-A",10,1.04139268515822
"YGR270W",173,2.2405492482826
"YGR271C-A",54,1.74036268949424
"YGR271W",110,2.04532297878666
"YGR273C",2,0.477121254719662
"YGR274C",119,2.07918124604762
"YGR275W",47,1.68124123737559
"YGR276C",72,1.86332286012046
"YGR277C",46,1.67209785793572
"YGR278W",30,1.49136169383427
"YGR279C",1198,3.07881918309885
"YGR280C",75,1.88081359228079
"YGR281W",486,2.68752896121463
"YGR282C",1028,3.01241537476243
"YGR283C",32,1.51851393987789
"YGR284C",148,2.17318626841227
"YGR285C",156,2.19589965240923
"YGR286C",61,1.79239168949825
"YGR287C",6,0.845098040014257
"YGR288W",0,0
"YGR289C",0,0
"YGR290W",0,0
"YGR291C",0,0
"YGR292W",0,0
"YGR293C",0,0
"YGR294W",0,0
"YGR295C",0,0
"YGR296C-A",0,0
"YGR296C-B",0,0
"YGR296W",0,0
"YHL001W",189,2.27875360095283
"YHL002C-A",20,1.32221929473392
"YHL002W",88,1.94939000664491
"YHL003C",110,2.04532297878666
"YHL004W",78,1.89762709129044
"YHL005C",3,0.602059991327962
"YHL006C",9,1
"YHL006W-A",10,1.04139268515822
"YHL007C",95,1.98227123303957
"YHL008C",10,1.04139268515822
"YHL009C",25,1.41497334797082
"YHL009W-A",0,0
"YHL009W-B",0,0
"YHL010C",37,1.57978359661681
"YHL011C",70,1.85125834871908
"YHL012W",15,1.20411998265592
"YHL013C",24,1.39794000867204
"YHL014C",26,1.43136376415899
"YHL015W",500,2.69983772586725
"YHL015W-A",1,0.301029995663981
"YHL016C",183,2.26481782300954
"YHL017W",52,1.72427586960079
"YHL018W",4,0.698970004336019
"YHL019C",62,1.79934054945358
"YHL019W-A",16,1.23044892137827
"YHL020C",112,2.05307844348342
"YHL021C",73,1.86923171973098
"YHL022C",4,0.698970004336019
"YHL023C",116,2.06818586174616
"YHL024W",84,1.92941892571429
"YHL025W",47,1.68124123737559
"YHL026C",19,1.30102999566398
"YHL027W",155,2.19312459835446
"YHL028W",29,1.47712125471966
"YHL029C",127,2.10720996964787
"YHL030W",199,2.30102999566398
"YHL030W-A",41,1.6232492903979
"YHL031C",82,1.91907809237607
"YHL032C",219,2.34242268082221
"YHL033C",94,1.97772360528885
"YHL034C",333,2.52374646681156
"YHL034W-A",164,2.21748394421391
"YHL035C",46,1.67209785793572
"YHL036W",91,1.96378782734556
"YHL037C",1,0.301029995663981
"YHL038C",81,1.91381385238372
"YHL039W",79,1.90308998699194
"YHL040C",137,2.13987908640124
"YHL041W",0,0
"YHL042W",23,1.38021124171161
"YHL043W",23,1.38021124171161
"YHL044W",23,1.38021124171161
"YHL045W",0,0
"YHL046C",0,0
"YHL046W-A",2,0.477121254719662
"YHL047C",21,1.34242268082221
"YHL048C-A",0,0
"YHL048W",23,1.38021124171161
"YHL049C",0,0
"YHL050C",0,0
"YHL050W-A",0,0
"YHR001W",102,2.01283722470517
"YHR001W-A",1100,3.04178731897175
"YHR002W",45,1.66275783168157
"YHR003C",67,1.83250891270624
"YHR004C",49,1.69897000433602
"YHR005C",20,1.32221929473392
"YHR005C-A",280,2.44870631990508
"YHR006W",125,2.10037054511756
"YHR007C",710,2.85186960072977
"YHR007C-A",33,1.53147891704226
"YHR008C",1105,3.04375512696868
"YHR009C",269,2.43136376415899
"YHR010W",462,2.66558099101795
"YHR011W",31,1.50514997831991
"YHR012W",88,1.94939000664491
"YHR013C",54,1.74036268949424
"YHR014W",2,0.477121254719662
"YHR015W",8,0.954242509439325
"YHR016C",38,1.5910646070265
"YHR017W",71,1.85733249643127
"YHR018C",645,2.81023251799508
"YHR019C",189,2.27875360095283
"YHR020W",204,2.31175386105575
"YHR021C",578,2.76267856372744
"YHR021W-A",1,0.301029995663981
"YHR022C",0,0
"YHR022C-A",1,0.301029995663981
"YHR023W",90,1.95904139232109
"YHR024C",84,1.92941892571429
"YHR025W",60,1.78532983501077
"YHR026W",116,2.06818586174616
"YHR027C",559,2.7481880270062
"YHR028C",322,2.5092025223311
"YHR028W-A",9,1
"YHR029C",61,1.79239168949825
"YHR030C",76,1.88649072517248
"YHR031C",43,1.64345267648619
"YHR032C-A",7,0.903089986991944
"YHR032W",57,1.76342799356294
"YHR032W-A",5,0.778151250383644
"YHR033W",8,0.954242509439325
"YHR034C",20,1.32221929473392
"YHR035W",16,1.23044892137827
"YHR036W",49,1.69897000433602
"YHR037W",1211,3.08350261983027
"YHR038W",28,1.46239799789896
"YHR039C",55,1.7481880270062
"YHR039C-A",470,2.6730209071289
"YHR040W",16,1.23044892137827
"YHR041C",24,1.39794000867204
"YHR042W",70,1.85125834871908
"YHR043C",95,1.98227123303957
"YHR044C",27,1.44715803134222
"YHR045W",85,1.93449845124357
"YHR046C",40,1.61278385671974
"YHR047C",29,1.47712125471966
"YHR048W",28,1.46239799789896
"YHR049C-A",58,1.77085201164214
"YHR049W",655,2.81690383937566
"YHR050W",223,2.35024801833416
"YHR050W-A",122,2.0899051114394
"YHR051W",1021,3.00945089579869
"YHR052W",132,2.12385164096709
"YHR052W-A",0,0
"YHR053C",0,0
"YHR054C",0,0
"YHR054W-A",0,0
"YHR055C",0,0
"YHR056C",47,1.68124123737559
"YHR056W-A",10,1.04139268515822
"YHR057C",80,1.90848501887865
"YHR058C",43,1.64345267648619
"YHR059W",100,2.00432137378264
"YHR060W",33,1.53147891704226
"YHR061C",18,1.27875360095283
"YHR062C",8,0.954242509439325
"YHR063C",92,1.96848294855394
"YHR063W-A",67,1.83250891270624
"YHR064C",272,2.43616264704076
"YHR065C",53,1.73239375982297
"YHR066W",41,1.6232492903979
"YHR067W",11,1.07918124604762
"YHR068W",193,2.28780172993023
"YHR069C",72,1.86332286012046
"YHR069C-A",3,0.602059991327962
"YHR070C-A",12,1.11394335230684
"YHR070W",29,1.47712125471966
"YHR071C-A",5,0.778151250383644
"YHR071W",334,2.52504480703685
"YHR072W",54,1.74036268949424
"YHR072W-A",135,2.13353890837022
"YHR073C-B",20,1.32221929473392
"YHR073W",156,2.19589965240923
"YHR073W-A",0,0
"YHR074W",83,1.92427928606188
"YHR075C",27,1.44715803134222
"YHR076W",83,1.92427928606188
"YHR077C",177,2.25042000230889
"YHR078W",53,1.73239375982297
"YHR079C",62,1.79934054945358
"YHR079C-A",4,0.698970004336019
"YHR080C",119,2.07918124604762
"YHR081W",59,1.77815125038364
"YHR082C",309,2.49136169383427
"YHR083W",43,1.64345267648619
"YHR084W",22,1.36172783601759
"YHR085W",28,1.46239799789896
"YHR086W",87,1.94448267215017
"YHR086W-A",1,0.301029995663981
"YHR087W",58,1.77085201164214
"YHR088W",65,1.81954393554187
"YHR089C",81,1.91381385238372
"YHR090C",41,1.6232492903979
"YHR091C",71,1.85733249643127
"YHR092C",34,1.54406804435028
"YHR093W",2,0.477121254719662
"YHR094C",66,1.82607480270083
"YHR095W",2,0.477121254719662
"YHR096C",28,1.46239799789896
"YHR097C",52,1.72427586960079
"YHR098C",82,1.91907809237607
"YHR099W",376,2.57634135020579
"YHR100C",23,1.38021124171161
"YHR101C",43,1.64345267648619
"YHR102W",115,2.06445798922692
"YHR103W",90,1.95904139232109
"YHR104W",137,2.13987908640124
"YHR105W",4,0.698970004336019
"YHR106W",81,1.91381385238372
"YHR107C",68,1.83884909073726
"YHR108W",133,2.12710479836481
"YHR109W",15,1.20411998265592
"YHR110W",50,1.70757017609794
"YHR111W",98,1.99563519459755
"YHR112C",289,2.46239799789896
"YHR113W",234,2.37106786227174
"YHR114W",25,1.41497334797082
"YHR115C",47,1.68124123737559
"YHR116W",26,1.43136376415899
"YHR117W",99,2
"YHR118C",45,1.66275783168157
"YHR119W",120,2.08278537031645
"YHR120W",33,1.53147891704226
"YHR121W",100,2.00432137378264
"YHR122W",60,1.78532983501077
"YHR123W",58,1.77085201164214
"YHR124W",16,1.23044892137827
"YHR125W",2,0.477121254719662
"YHR126C",1,0.301029995663981
"YHR127W",24,1.39794000867204
"YHR128W",20,1.32221929473392
"YHR129C",10,1.04139268515822
"YHR130C",4,0.698970004336019
"YHR131C",49,1.69897000433602
"YHR131W-A",5,0.778151250383644
"YHR132C",163,2.2148438480477
"YHR132W-A",52,1.72427586960079
"YHR133C",55,1.7481880270062
"YHR134W",22,1.36172783601759
"YHR135C",70,1.85125834871908
"YHR136C",3,0.602059991327962
"YHR137C-A",14,1.17609125905568
"YHR137W",62,1.79934054945358
"YHR138C",257,2.41161970596323
"YHR139C",14,1.17609125905568
"YHR139C-A",4,0.698970004336019
"YHR140W",11,1.07918124604762
"YHR141C",82,1.91907809237607
"YHR142W",31,1.50514997831991
"YHR143W",148,2.17318626841227
"YHR143W-A",56,1.75587485567249
"YHR144C",12,1.11394335230684
"YHR145C",1,0.301029995663981
"YHR146W",76,1.88649072517248
"YHR147C",72,1.86332286012046
"YHR148W",15,1.20411998265592
"YHR149C",60,1.78532983501077
"YHR150W",37,1.57978359661681
"YHR151C",44,1.65321251377534
"YHR152W",47,1.68124123737559
"YHR153C",6,0.845098040014257
"YHR154W",38,1.5910646070265
"YHR155W",99,2
"YHR156C",29,1.47712125471966
"YHR157W",6,0.845098040014257
"YHR158C",51,1.7160033436348
"YHR159W",25,1.41497334797082
"YHR160C",28,1.46239799789896
"YHR161C",103,2.01703333929878
"YHR162W",488,2.68930885912362
"YHR163W",121,2.08635983067475
"YHR164C",60,1.78532983501077
"YHR165C",217,2.3384564936046
"YHR165W-A",4,0.698970004336019
"YHR166C",41,1.6232492903979
"YHR167W",22,1.36172783601759
"YHR168W",22,1.36172783601759
"YHR169W",29,1.47712125471966
"YHR170W",74,1.8750612633917
"YHR171W",54,1.74036268949424
"YHR172W",24,1.39794000867204
"YHR173C",1,0.301029995663981
"YHR174W",113,2.05690485133647
"YHR175W",90,1.95904139232109
"YHR175W-A",7,0.903089986991944
"YHR176W",51,1.7160033436348
"YHR177W",15,1.20411998265592
"YHR178W",63,1.80617997398389
"YHR179W",1026,3.01157044359728
"YHR180C-B",0,0
"YHR180W",26,1.43136376415899
"YHR180W-A",0,0
"YHR181W",83,1.92427928606188
"YHR182C-A",151,2.18184358794477
"YHR182W",25,1.41497334797082
"YHR183W",537,2.73078227566639
"YHR184W",3,0.602059991327962
"YHR185C",0,0
"YHR186C",79,1.90308998699194
"YHR187W",39,1.60205999132796
"YHR188C",52,1.72427586960079
"YHR189W",4,0.698970004336019
"YHR190W",174,2.24303804868629
"YHR191C",35,1.55630250076729
"YHR192W",53,1.73239375982297
"YHR193C",320,2.50650503240487
"YHR193C-A",10,1.04139268515822
"YHR194W",26,1.43136376415899
"YHR195W",82,1.91907809237607
"YHR196W",64,1.81291335664286
"YHR197W",40,1.61278385671974
"YHR198C",74,1.8750612633917
"YHR199C",101,2.00860017176192
"YHR199C-A",8,0.954242509439325
"YHR200W",85,1.93449845124357
"YHR201C",59,1.77815125038364
"YHR202W",45,1.66275783168157
"YHR203C",99,2
"YHR204W",47,1.68124123737559
"YHR205W",164,2.21748394421391
"YHR206W",86,1.93951925261862
"YHR207C",41,1.6232492903979
"YHR208W",120,2.08278537031645
"YHR209W",27,1.44715803134222
"YHR210C",4,0.698970004336019
"YHR211W",2,0.477121254719662
"YHR212C",0,0
"YHR212W-A",0,0
"YHR213W",0,0
"YHR213W-A",0,0
"YHR213W-B",0,0
"YHR214C-B",0,0
"YHR214C-C",0,0
"YHR214C-D",0,0
"YHR214C-E",1,0.301029995663981
"YHR214W",0,0
"YHR214W-A",0,0
"YHR215W",0,0
"YHR216W",11,1.07918124604762
"YHR217C",0,0
"YHR218W",0,0
"YHR218W-A",0,0
"YHR219C-A",0,0
"YHR219W",0,0
"YIL001W",54,1.74036268949424
"YIL002C",70,1.85125834871908
"YIL002W-A",44,1.65321251377534
"YIL003W",45,1.66275783168157
"YIL004C",32,1.51851393987789
"YIL005W",136,2.13672056715641
"YIL006W",39,1.60205999132796
"YIL007C",48,1.69019608002851
"YIL008W",40,1.61278385671974
"YIL009C-A",27,1.44715803134222
"YIL009W",100,2.00432137378264
"YIL010W",48,1.69019608002851
"YIL011W",7,0.903089986991944
"YIL012W",0,0
"YIL013C",56,1.75587485567249
"YIL014C-A",0,0
"YIL014W",67,1.83250891270624
"YIL015W",10,1.04139268515822
"YIL016W",63,1.80617997398389
"YIL017C",94,1.97772360528885
"YIL018W",200,2.30319605742049
"YIL019W",44,1.65321251377534
"YIL020C",34,1.54406804435028
"YIL020C-A",26,1.43136376415899
"YIL021C-A",16,1.23044892137827
"YIL021W",65,1.81954393554187
"YIL022W",67,1.83250891270624
"YIL023C",12,1.11394335230684
"YIL024C",42,1.63346845557959
"YIL025C",0,0
"YIL026C",116,2.06818586174616
"YIL027C",62,1.79934054945358
"YIL028W",2,0.477121254719662
"YIL029C",6,0.845098040014257
"YIL029W-A",14,1.17609125905568
"YIL030C",231,2.3654879848909
"YIL030W-A",1,0.301029995663981
"YIL031W",52,1.72427586960079
"YIL032C",0,0
"YIL033C",134,2.13033376849501
"YIL034C",114,2.06069784035361
"YIL035C",88,1.94939000664491
"YIL036W",35,1.55630250076729
"YIL037C",19,1.30102999566398
"YIL038C",50,1.70757017609794
"YIL039W",101,2.00860017176192
"YIL040W",67,1.83250891270624
"YIL041W",157,2.19865708695442
"YIL042C",11,1.07918124604762
"YIL043C",115,2.06445798922692
"YIL044C",58,1.77085201164214
"YIL045W",35,1.55630250076729
"YIL046W",101,2.00860017176192
"YIL046W-A",0,0
"YIL047C",242,2.38560627359831
"YIL047C-A",8,0.954242509439325
"YIL048W",171,2.23552844690755
"YIL049W",28,1.46239799789896
"YIL050W",65,1.81954393554187
"YIL051C",101,2.00860017176192
"YIL052C",315,2.4996870826184
"YIL053W",27,1.44715803134222
"YIL054W",3,0.602059991327962
"YIL055C",10,1.04139268515822
"YIL056W",360,2.55750720190566
"YIL057C",1,0.301029995663981
"YIL058W",0,0
"YIL059C",15,1.20411998265592
"YIL060W",19,1.30102999566398
"YIL061C",20,1.32221929473392
"YIL062C",157,2.19865708695442
"YIL063C",101,2.00860017176192
"YIL064W",30,1.49136169383427
"YIL065C",79,1.90308998699194
"YIL066C",7,0.903089986991944
"YIL066W-A",6,0.845098040014257
"YIL067C",52,1.72427586960079
"YIL068C",77,1.89209460269048
"YIL068W-A",11,1.07918124604762
"YIL069C",88,1.94939000664491
"YIL070C",233,2.36921585741014
"YIL071C",62,1.79934054945358
"YIL071W-A",31,1.50514997831991
"YIL072W",18,1.27875360095283
"YIL073C",25,1.41497334797082
"YIL074C",126,2.10380372095596
"YIL075C",367,2.56584781867352
"YIL076W",137,2.13987908640124
"YIL077C",37,1.57978359661681
"YIL078W",392,2.59439255037543
"YIL079C",26,1.43136376415899
"YIL082W",0,0
"YIL082W-A",0,0
"YIL083C",72,1.86332286012046
"YIL084C",26,1.43136376415899
"YIL085C",76,1.88649072517248
"YIL086C",19,1.30102999566398
"YIL087C",103,2.01703333929878
"YIL088C",241,2.38381536598043
"YIL089W",17,1.25527250510331
"YIL090W",65,1.81954393554187
"YIL091C",77,1.89209460269048
"YIL092W",33,1.53147891704226
"YIL093C",60,1.78532983501077
"YIL094C",190,2.28103336724773
"YIL095W",32,1.51851393987789
"YIL096C",33,1.53147891704226
"YIL097W",83,1.92427928606188
"YIL098C",63,1.80617997398389
"YIL099W",11,1.07918124604762
"YIL100C-A",3,0.602059991327962
"YIL100W",0,0
"YIL101C",19,1.30102999566398
"YIL102C",7,0.903089986991944
"YIL102C-A",11,1.07918124604762
"YIL103W",89,1.95424250943932
"YIL104C",31,1.50514997831991
"YIL105C",85,1.93449845124357
"YIL105W-A",14,1.17609125905568
"YIL106W",6,0.845098040014257
"YIL107C",139,2.14612803567824
"YIL108W",116,2.06818586174616
"YIL109C",130,2.11727129565576
"YIL110W",41,1.6232492903979
"YIL111W",33,1.53147891704226
"YIL112W",173,2.2405492482826
"YIL113W",14,1.17609125905568
"YIL114C",40,1.61278385671974
"YIL115C",154,2.19033169817029
"YIL115W-A",25,1.41497334797082
"YIL116W",351,2.54654266347813
"YIL117C",8,0.954242509439325
"YIL118W",51,1.7160033436348
"YIL119C",76,1.88649072517248
"YIL120W",50,1.70757017609794
"YIL121W",82,1.91907809237607
"YIL122W",43,1.64345267648619
"YIL123W",47,1.68124123737559
"YIL124W",84,1.92941892571429
"YIL125W",1040,3.01745072951054
"YIL126W",264,2.42324587393681
"YIL127C",26,1.43136376415899
"YIL128W",78,1.89762709129044
"YIL129C",264,2.42324587393681
"YIL130W",124,2.09691001300806
"YIL131C",37,1.57978359661681
"YIL132C",5,0.778151250383644
"YIL133C",363,2.56110138364906
"YIL134C-A",1,0.301029995663981
"YIL134W",20,1.32221929473392
"YIL135C",65,1.81954393554187
"YIL136W",255,2.40823996531185
"YIL137C",121,2.08635983067475
"YIL138C",99,2
"YIL139C",16,1.23044892137827
"YIL140W",34,1.54406804435028
"YIL141W",0,0
"YIL142C-A",23,1.38021124171161
"YIL142W",217,2.3384564936046
"YIL143C",166,2.22271647114758
"YIL144W",65,1.81954393554187
"YIL145C",33,1.53147891704226
"YIL146C",51,1.7160033436348
"YIL147C",107,2.03342375548695
"YIL148W",156,2.19589965240923
"YIL149C",170,2.23299611039215
"YIL150C",34,1.54406804435028
"YIL151C",172,2.2380461031288
"YIL152W",18,1.27875360095283
"YIL153W",14,1.17609125905568
"YIL154C",34,1.54406804435028
"YIL155C",524,2.72015930340596
"YIL156W",33,1.53147891704226
"YIL156W-A",42,1.63346845557959
"YIL156W-B",78,1.89762709129044
"YIL157C",110,2.04532297878666
"YIL158W",24,1.39794000867204
"YIL159W",24,1.39794000867204
"YIL160C",22,1.36172783601759
"YIL161W",16,1.23044892137827
"YIL162W",106,2.02938377768521
"YIL163C",6,0.845098040014257
"YIL164C",22,1.36172783601759
"YIL165C",25,1.41497334797082
"YIL166C",58,1.77085201164214
"YIL169C",40,1.61278385671974
"YIL170W",0,0
"YIL171W",0,0
"YIL171W-A",0,0
"YIL172C",0,0
"YIL173W",0,0
"YIL174W",0,0
"YIL175W",0,0
"YIL176C",0,0
"YIL177C",0,0
"YIL177W-A",0,0
"YIR001C",85,1.93449845124357
"YIR002C",103,2.01703333929878
"YIR003W",46,1.67209785793572
"YIR004W",71,1.85733249643127
"YIR005W",9,1
"YIR006C",65,1.81954393554187
"YIR007W",20,1.32221929473392
"YIR008C",38,1.5910646070265
"YIR009W",15,1.20411998265592
"YIR010W",26,1.43136376415899
"YIR011C",45,1.66275783168157
"YIR012W",78,1.89762709129044
"YIR013C",0,0
"YIR014W",21,1.34242268082221
"YIR015W",9,1
"YIR016W",25,1.41497334797082
"YIR017C",63,1.80617997398389
"YIR017W-A",46,1.67209785793572
"YIR018C-A",8,0.954242509439325
"YIR018W",29,1.47712125471966
"YIR019C",2530,3.40329214515825
"YIR020C",0,0
"YIR020C-B",29,1.47712125471966
"YIR020W-A",1,0.301029995663981
"YIR021W",40,1.61278385671974
"YIR021W-A",0,0
"YIR022W",99,2
"YIR023C-A",7,0.903089986991944
"YIR023W",70,1.85125834871908
"YIR024C",54,1.74036268949424
"YIR025W",25,1.41497334797082
"YIR026C",42,1.63346845557959
"YIR027C",25,1.41497334797082
"YIR028W",22,1.36172783601759
"YIR029W",21,1.34242268082221
"YIR030C",63,1.80617997398389
"YIR030W-A",38,1.5910646070265
"YIR031C",157,2.19865708695442
"YIR032C",60,1.78532983501077
"YIR033W",153,2.18752072083646
"YIR034C",95,1.98227123303957
"YIR035C",74,1.8750612633917
"YIR036C",57,1.76342799356294
"YIR036W-A",17,1.25527250510331
"YIR037W",281,2.45024910831936
"YIR038C",42,1.63346845557959
"YIR039C",84,1.92941892571429
"YIR040C",0,0
"YIR041W",1,0.301029995663981
"YIR042C",25,1.41497334797082
"YJL001W",342,2.53529412004277
"YJL002C",191,2.28330122870355
"YJL003W",68,1.83884909073726
"YJL004C",62,1.79934054945358
"YJL005W",289,2.46239799789896
"YJL006C",34,1.54406804435028
"YJL007C",2,0.477121254719662
"YJL008C",175,2.24551266781415
"YJL009W",47,1.68124123737559
"YJL010C",44,1.65321251377534
"YJL011C",33,1.53147891704226
"YJL012C",124,2.09691001300806
"YJL013C",19,1.30102999566398
"YJL014W",249,2.39794000867204
"YJL015C",40,1.61278385671974
"YJL016W",208,2.32014628611105
"YJL019W",18,1.27875360095283
"YJL020C",141,2.15228834438306
"YJL020W-A",9,1
"YJL022W",5,0.778151250383644
"YJL023C",36,1.56820172406699
"YJL024C",26,1.43136376415899
"YJL025W",11,1.07918124604762
"YJL026C-A",56,1.75587485567249
"YJL026W",299,2.47712125471966
"YJL027C",3,0.602059991327962
"YJL028W",1,0.301029995663981
"YJL029C",40,1.61278385671974
"YJL030W",46,1.67209785793572
"YJL031C",80,1.90848501887865
"YJL032W",31,1.50514997831991
"YJL033W",105,2.02530586526477
"YJL034W",1877,3.27369558793009
"YJL035C",74,1.8750612633917
"YJL036W",78,1.89762709129044
"YJL037W",6,0.845098040014257
"YJL038C",4,0.698970004336019
"YJL039C",136,2.13672056715641
"YJL041W",54,1.74036268949424
"YJL042W",149,2.17609125905568
"YJL043W",0,0
"YJL044C",44,1.65321251377534
"YJL045W",20,1.32221929473392
"YJL046W",52,1.72427586960079
"YJL047C",57,1.76342799356294
"YJL047C-A",3,0.602059991327962
"YJL048C",111,2.04921802267018
"YJL049W",43,1.64345267648619
"YJL050W",131,2.12057393120585
"YJL051W",54,1.74036268949424
"YJL052C-A",1,0.301029995663981
"YJL052W",2129,3.32837960343874
"YJL053W",76,1.88649072517248
"YJL054W",101,2.00860017176192
"YJL055W",143,2.15836249209525
"YJL056C",31,1.50514997831991
"YJL057C",106,2.02938377768521
"YJL058C",16,1.23044892137827
"YJL059W",22,1.36172783601759
"YJL060W",134,2.13033376849501
"YJL061W",72,1.86332286012046
"YJL062W",65,1.81954393554187
"YJL062W-A",99,2
"YJL063C",79,1.90308998699194
"YJL064W",13,1.14612803567824
"YJL065C",16,1.23044892137827
"YJL066C",133,2.12710479836481
"YJL067W",69,1.84509804001426
"YJL068C",45,1.66275783168157
"YJL069C",56,1.75587485567249
"YJL070C",51,1.7160033436348
"YJL071W",85,1.93449845124357
"YJL072C",17,1.25527250510331
"YJL073W",133,2.12710479836481
"YJL074C",213,2.33041377334919
"YJL075C",7,0.903089986991944
"YJL076W",80,1.90848501887865
"YJL077C",9,1
"YJL077W-A",4,0.698970004336019
"YJL077W-B",3,0.602059991327962
"YJL078C",56,1.75587485567249
"YJL079C",107,2.03342375548695
"YJL080C",127,2.10720996964787
"YJL081C",71,1.85733249643127
"YJL082W",56,1.75587485567249
"YJL083W",26,1.43136376415899
"YJL084C",95,1.98227123303957
"YJL085W",53,1.73239375982297
"YJL086C",2,0.477121254719662
"YJL087C",57,1.76342799356294
"YJL088W",21,1.34242268082221
"YJL089W",74,1.8750612633917
"YJL090C",41,1.6232492903979
"YJL091C",61,1.79239168949825
"YJL092W",48,1.69019608002851
"YJL093C",68,1.83884909073726
"YJL094C",214,2.33243845991561
"YJL095W",63,1.80617997398389
"YJL096W",95,1.98227123303957
"YJL097W",39,1.60205999132796
"YJL098W",84,1.92941892571429
"YJL099W",21,1.34242268082221
"YJL100W",49,1.69897000433602
"YJL101C",150,2.17897694729317
"YJL102W",156,2.19589965240923
"YJL103C",141,2.15228834438306
"YJL104W",132,2.12385164096709
"YJL105W",20,1.32221929473392
"YJL106W",6,0.845098040014257
"YJL107C",10,1.04139268515822
"YJL108C",20,1.32221929473392
"YJL109C",141,2.15228834438306
"YJL110C",44,1.65321251377534
"YJL111W",183,2.26481782300954
"YJL112W",225,2.3541084391474
"YJL113W",0,0
"YJL114W",0,0
"YJL115W",42,1.63346845557959
"YJL116C",307,2.48855071650044
"YJL117W",101,2.00860017176192
"YJL118W",11,1.07918124604762
"YJL119C",4,0.698970004336019
"YJL120W",6,0.845098040014257
"YJL121C",45,1.66275783168157
"YJL122W",32,1.51851393987789
"YJL123C",147,2.17026171539496
"YJL124C",66,1.82607480270083
"YJL125C",37,1.57978359661681
"YJL126W",18,1.27875360095283
"YJL127C",31,1.50514997831991
"YJL127C-B",25,1.41497334797082
"YJL127W-A",3,0.602059991327962
"YJL128C",88,1.94939000664491
"YJL129C",179,2.25527250510331
"YJL130C",832,2.92064500140679
"YJL131C",50,1.70757017609794
"YJL132W",45,1.66275783168157
"YJL133C-A",441,2.64542226934909
"YJL133W",28,1.46239799789896
"YJL134W",67,1.83250891270624
"YJL135W",1,0.301029995663981
"YJL136C",281,2.45024910831936
"YJL136W-A",0,0
"YJL137C",45,1.66275783168157
"YJL138C",149,2.17609125905568
"YJL139C",37,1.57978359661681
"YJL140W",162,2.21218760440396
"YJL141C",104,2.02118929906994
"YJL142C",3,0.602059991327962
"YJL143W",144,2.16136800223497
"YJL144W",139,2.14612803567824
"YJL145W",52,1.72427586960079
"YJL146W",57,1.76342799356294
"YJL147C",20,1.32221929473392
"YJL148W",89,1.95424250943932
"YJL149W",31,1.50514997831991
"YJL150W",1,0.301029995663981
"YJL151C",301,2.48000694295715
"YJL152W",159,2.20411998265593
"YJL153C",94,1.97772360528885
"YJL154C",112,2.05307844348342
"YJL155C",110,2.04532297878666
"YJL156C",71,1.85733249643127
"YJL156W-A",10,1.04139268515822
"YJL157C",27,1.44715803134222
"YJL158C",139,2.14612803567824
"YJL159W",524,2.72015930340596
"YJL160C",3,0.602059991327962
"YJL161W",14,1.17609125905568
"YJL162C",29,1.47712125471966
"YJL163C",69,1.84509804001426
"YJL164C",110,2.04532297878666
"YJL165C",183,2.26481782300954
"YJL166W",2163,3.33525725643453
"YJL167W",584,2.76715586608218
"YJL168C",68,1.83884909073726
"YJL169W",14,1.17609125905568
"YJL170C",4,0.698970004336019
"YJL171C",429,2.63346845557959
"YJL172W",582,2.76566855475901
"YJL173C",86,1.93951925261862
"YJL174W",185,2.26951294421792
"YJL175W",3,0.602059991327962
"YJL176C",85,1.93449845124357
"YJL177W",200,2.30319605742049
"YJL178C",128,2.11058971029925
"YJL179W",29,1.47712125471966
"YJL180C",87,1.94448267215017
"YJL181W",43,1.64345267648619
"YJL182C",2,0.477121254719662
"YJL183W",86,1.93951925261862
"YJL184W",26,1.43136376415899
"YJL185C",20,1.32221929473392
"YJL186W",88,1.94939000664491
"YJL187C",37,1.57978359661681
"YJL188C",666,2.82412583391655
"YJL189W",637,2.80482067872116
"YJL190C",263,2.42160392686983
"YJL191W",142,2.15533603746506
"YJL192C",112,2.05307844348342
"YJL193W",24,1.39794000867204
"YJL194W",20,1.32221929473392
"YJL195C",11,1.07918124604762
"YJL196C",176,2.24797326636181
"YJL197C-A",9,1
"YJL197W",115,2.06445798922692
"YJL198W",42,1.63346845557959
"YJL199C",12,1.11394335230684
"YJL200C",162,2.21218760440396
"YJL201W",55,1.7481880270062
"YJL202C",18,1.27875360095283
"YJL203W",21,1.34242268082221
"YJL204C",36,1.56820172406699
"YJL205C",70,1.85125834871908
"YJL206C",50,1.70757017609794
"YJL207C",223,2.35024801833416
"YJL208C",87,1.94448267215017
"YJL209W",43,1.64345267648619
"YJL210W",29,1.47712125471966
"YJL211C",10,1.04139268515822
"YJL212C",59,1.77815125038364
"YJL213W",9,1
"YJL214W",16,1.23044892137827
"YJL215C",2,0.477121254719662
"YJL216C",16,1.23044892137827
"YJL217W",1,0.301029995663981
"YJL218W",0,0
"YJL219W",0,0
"YJL220W",0,0
"YJL221C",0,0
"YJL222W",0,0
"YJL222W-A",0,0
"YJL222W-B",0,0
"YJL223C",0,0
"YJL225C",0,0
"YJL225W-A",0,0
"YJR001W",58,1.77085201164214
"YJR002W",108,2.03742649794062
"YJR003C",30,1.49136169383427
"YJR004C",21,1.34242268082221
"YJR005C-A",7,0.903089986991944
"YJR005W",101,2.00860017176192
"YJR006W",53,1.73239375982297
"YJR007W",38,1.5910646070265
"YJR008W",70,1.85125834871908
"YJR009C",177,2.25042000230889
"YJR010C-A",57,1.76342799356294
"YJR010W",94,1.97772360528885
"YJR011C",22,1.36172783601759
"YJR012C",25,1.41497334797082
"YJR013W",46,1.67209785793572
"YJR014W",82,1.91907809237607
"YJR015W",100,2.00432137378264
"YJR016C",344,2.53781909507327
"YJR017C",21,1.34242268082221
"YJR018W",3,0.602059991327962
"YJR019C",33,1.53147891704226
"YJR020W",6,0.845098040014257
"YJR021C",18,1.27875360095283
"YJR022W",6,0.845098040014257
"YJR023C",4,0.698970004336019
"YJR024C",28,1.46239799789896
"YJR025C",18,1.27875360095283
"YJR026W",0,0
"YJR027W",0,0
"YJR028W",0,0
"YJR029W",0,0
"YJR030C",65,1.81954393554187
"YJR031C",111,2.04921802267018
"YJR032W",53,1.73239375982297
"YJR033C",50,1.70757017609794
"YJR034W",64,1.81291335664286
"YJR035W",100,2.00432137378264
"YJR036C",10,1.04139268515822
"YJR037W",2,0.477121254719662
"YJR038C",5,0.778151250383644
"YJR039W",33,1.53147891704226
"YJR040W",47,1.68124123737559
"YJR041C",71,1.85733249643127
"YJR042W",85,1.93449845124357
"YJR043C",17,1.25527250510331
"YJR044C",83,1.92427928606188
"YJR045C",1064,3.02734960777476
"YJR046W",43,1.64345267648619
"YJR047C",2,0.477121254719662
"YJR048W",679,2.83250891270624
"YJR049C",47,1.68124123737559
"YJR050W",70,1.85125834871908
"YJR051W",117,2.07188200730613
"YJR052W",74,1.8750612633917
"YJR053W",22,1.36172783601759
"YJR054W",34,1.54406804435028
"YJR055W",41,1.6232492903979
"YJR056C",32,1.51851393987789
"YJR057W",37,1.57978359661681
"YJR058C",36,1.56820172406699
"YJR059W",97,1.99122607569249
"YJR060W",22,1.36172783601759
"YJR061W",218,2.34044411484012
"YJR062C",28,1.46239799789896
"YJR063W",40,1.61278385671974
"YJR064W",147,2.17026171539496
"YJR065C",80,1.90848501887865
"YJR066W",185,2.26951294421792
"YJR067C",18,1.27875360095283
"YJR068W",85,1.93449845124357
"YJR069C",18,1.27875360095283
"YJR070C",45,1.66275783168157
"YJR071W",21,1.34242268082221
"YJR072C",88,1.94939000664491
"YJR073C",157,2.19865708695442
"YJR074W",105,2.02530586526477
"YJR075W",92,1.96848294855394
"YJR076C",105,2.02530586526477
"YJR077C",1505,3.17782497186468
"YJR078W",20,1.32221929473392
"YJR079W",34,1.54406804435028
"YJR080C",202,2.30749603791321
"YJR082C",41,1.6232492903979
"YJR083C",36,1.56820172406699
"YJR084W",46,1.67209785793572
"YJR085C",251,2.40140054078154
"YJR086W",18,1.27875360095283
"YJR087W",29,1.47712125471966
"YJR088C",69,1.84509804001426
"YJR089W",92,1.96848294855394
"YJR090C",98,1.99563519459755
"YJR091C",133,2.12710479836481
"YJR092W",31,1.50514997831991
"YJR093C",37,1.57978359661681
"YJR094C",6,0.845098040014257
"YJR094W-A",228,2.35983548233989
"YJR095W",95,1.98227123303957
"YJR096W",340,2.5327543789925
"YJR097W",37,1.57978359661681
"YJR098C",62,1.79934054945358
"YJR099W",26,1.43136376415899
"YJR100C",53,1.73239375982297
"YJR101W",127,2.10720996964787
"YJR102C",36,1.56820172406699
"YJR103W",79,1.90308998699194
"YJR104C",1059,3.02530586526477
"YJR105W",316,2.50105926221775
"YJR106W",33,1.53147891704226
"YJR107W",30,1.49136169383427
"YJR108W",4,0.698970004336019
"YJR109C",320,2.50650503240487
"YJR110W",71,1.85733249643127
"YJR111C",31,1.50514997831991
"YJR112W",27,1.44715803134222
"YJR112W-A",20,1.32221929473392
"YJR113C",59,1.77815125038364
"YJR114W",17,1.25527250510331
"YJR115W",2,0.477121254719662
"YJR116W",40,1.61278385671974
"YJR117W",237,2.37657695705651
"YJR118C",78,1.89762709129044
"YJR119C",47,1.68124123737559
"YJR120W",201,2.30535136944662
"YJR121W",3282,3.51627088272934
"YJR122W",100,2.00432137378264
"YJR123W",769,2.88649072517248
"YJR124C",23,1.38021124171161
"YJR125C",71,1.85733249643127
"YJR126C",114,2.06069784035361
"YJR127C",170,2.23299611039215
"YJR128W",3,0.602059991327962
"YJR129C",8,0.954242509439325
"YJR130C",91,1.96378782734556
"YJR131W",21,1.34242268082221
"YJR132W",39,1.60205999132796
"YJR133W",115,2.06445798922692
"YJR134C",55,1.7481880270062
"YJR135C",9,1
"YJR135W-A",104,2.02118929906994
"YJR136C",30,1.49136169383427
"YJR137C",404,2.60745502321467
"YJR138W",130,2.11727129565576
"YJR139C",372,2.57170883180869
"YJR140C",91,1.96378782734556
"YJR140W-A",6,0.845098040014257
"YJR141W",22,1.36172783601759
"YJR142W",40,1.61278385671974
"YJR143C",259,2.41497334797082
"YJR144W",123,2.09342168516224
"YJR145C",75,1.88081359228079
"YJR146W",0,0
"YJR147W",4,0.698970004336019
"YJR148W",18,1.27875360095283
"YJR149W",112,2.05307844348342
"YJR150C",0,0
"YJR151C",33,1.53147891704226
"YJR151W-A",0,0
"YJR152W",1018,3.00817418400643
"YJR153W",5,0.778151250383644
"YJR154W",18,1.27875360095283
"YJR155W",118,2.07554696139253
"YJR156C",0,0
"YJR157W",0,0
"YJR158W",0,0
"YJR159W",0,0
"YJR160C",0,0
"YJR161C",0,0
"YJR162C",0,0
"YKL001C",109,2.04139268515822
"YKL002W",151,2.18184358794477
"YKL003C",78,1.89762709129044
"YKL004W",68,1.83884909073726
"YKL005C",199,2.30102999566398
"YKL006C-A",54,1.74036268949424
"YKL006W",216,2.33645973384853
"YKL007W",84,1.92941892571429
"YKL008C",78,1.89762709129044
"YKL009W",236,2.3747483460101
"YKL010C",279,2.44715803134222
"YKL011C",6,0.845098040014257
"YKL012W",109,2.04139268515822
"YKL013C",143,2.15836249209525
"YKL014C",77,1.89209460269048
"YKL015W",64,1.81291335664286
"YKL016C",1106,3.04414762087872
"YKL017C",38,1.5910646070265
"YKL018C-A",39,1.60205999132796
"YKL018W",21,1.34242268082221
"YKL019W",54,1.74036268949424
"YKL020C",201,2.30535136944662
"YKL021C",35,1.55630250076729
"YKL022C",63,1.80617997398389
"YKL023C-A",9,1
"YKL023W",62,1.79934054945358
"YKL024C",40,1.61278385671974
"YKL025C",70,1.85125834871908
"YKL026C",91,1.96378782734556
"YKL027W",64,1.81291335664286
"YKL028W",77,1.89209460269048
"YKL029C",35,1.55630250076729
"YKL030W",15,1.20411998265592
"YKL031W",1,0.301029995663981
"YKL032C",44,1.65321251377534
"YKL033W",29,1.47712125471966
"YKL033W-A",96,1.98677173426624
"YKL034W",66,1.82607480270083
"YKL035W",247,2.39445168082622
"YKL036C",15,1.20411998265592
"YKL037W",4,0.698970004336019
"YKL038W",97,1.99122607569249
"YKL039W",112,2.05307844348342
"YKL040C",115,2.06445798922692
"YKL041W",59,1.77815125038364
"YKL042W",37,1.57978359661681
"YKL043W",118,2.07554696139253
"YKL044W",21,1.34242268082221
"YKL045W",48,1.69019608002851
"YKL046C",162,2.21218760440396
"YKL047W",42,1.63346845557959
"YKL048C",104,2.02118929906994
"YKL049C",31,1.50514997831991
"YKL050C",43,1.64345267648619
"YKL051W",25,1.41497334797082
"YKL052C",13,1.14612803567824
"YKL053C-A",109,2.04139268515822
"YKL053W",3,0.602059991327962
"YKL054C",289,2.46239799789896
"YKL055C",14,1.17609125905568
"YKL056C",547,2.73878055848437
"YKL057C",138,2.14301480025409
"YKL058W",59,1.77815125038364
"YKL059C",38,1.5910646070265
"YKL060C",5068,3.7049222912234
"YKL061W",28,1.46239799789896
"YKL062W",292,2.46686762035411
"YKL063C",38,1.5910646070265
"YKL064W",194,2.29003461136252
"YKL065C",182,2.26245108973043
"YKL065W-A",4,0.698970004336019
"YKL066W",74,1.8750612633917
"YKL067W",303,2.48287358360875
"YKL068W",77,1.89209460269048
"YKL068W-A",36,1.56820172406699
"YKL069W",40,1.61278385671974
"YKL070W",59,1.77815125038364
"YKL071W",865,2.93751789201735
"YKL072W",36,1.56820172406699
"YKL073W",294,2.46982201597816
"YKL074C",98,1.99563519459755
"YKL075C",53,1.73239375982297
"YKL076C",3,0.602059991327962
"YKL077W",236,2.3747483460101
"YKL078W",18,1.27875360095283
"YKL079W",64,1.81291335664286
"YKL080W",202,2.30749603791321
"YKL081W",189,2.27875360095283
"YKL082C",92,1.96848294855394
"YKL083W",47,1.68124123737559
"YKL084W",12,1.11394335230684
"YKL085W",824,2.91645394854993
"YKL086W",7,0.903089986991944
"YKL087C",183,2.26481782300954
"YKL088W",73,1.86923171973098
"YKL089W",67,1.83250891270624
"YKL090W",27,1.44715803134222
"YKL091C",31,1.50514997831991
"YKL092C",82,1.91907809237607
"YKL093W",34,1.54406804435028
"YKL094W",199,2.30102999566398
"YKL095W",56,1.75587485567249
"YKL096C-B",4,0.698970004336019
"YKL096W",15,1.20411998265592
"YKL096W-A",1836,3.26410915630581
"YKL097C",0,0
"YKL098W",28,1.46239799789896
"YKL099C",39,1.60205999132796
"YKL100C",123,2.09342168516224
"YKL100W-A",6,0.845098040014257
"YKL101W",178,2.25285303097989
"YKL102C",2,0.477121254719662
"YKL103C",142,2.15533603746506
"YKL104C",151,2.18184358794477
"YKL105C",56,1.75587485567249
"YKL106C-A",1,0.301029995663981
"YKL106W",85,1.93449845124357
"YKL107W",11,1.07918124604762
"YKL108W",25,1.41497334797082
"YKL109W",804,2.90579588036787
"YKL110C",105,2.02530586526477
"YKL111C",26,1.43136376415899
"YKL112W",82,1.91907809237607
"YKL113C",64,1.81291335664286
"YKL114C",58,1.77085201164214
"YKL115C",4,0.698970004336019
"YKL116C",41,1.6232492903979
"YKL117W",314,2.4983105537896
"YKL118W",6,0.845098040014257
"YKL119C",44,1.65321251377534
"YKL120W",93,1.9731278535997
"YKL121W",50,1.70757017609794
"YKL122C",56,1.75587485567249
"YKL123W",3,0.602059991327962
"YKL124W",89,1.95424250943932
"YKL125W",89,1.95424250943932
"YKL126W",160,2.20682587603185
"YKL127W",63,1.80617997398389
"YKL128C",38,1.5910646070265
"YKL129C",78,1.89762709129044
"YKL130C",29,1.47712125471966
"YKL131W",5,0.778151250383644
"YKL132C",17,1.25527250510331
"YKL133C",50,1.70757017609794
"YKL134C",107,2.03342375548695
"YKL135C",119,2.07918124604762
"YKL136W",38,1.5910646070265
"YKL137W",66,1.82607480270083
"YKL138C",42,1.63346845557959
"YKL138C-A",25,1.41497334797082
"YKL139W",32,1.51851393987789
"YKL140W",99,2
"YKL141W",1066,3.02816441942447
"YKL142W",286,2.45788189673399
"YKL143W",66,1.82607480270083
"YKL144C",29,1.47712125471966
"YKL145W",290,2.46389298898591
"YKL145W-A",0,0
"YKL146W",126,2.10380372095596
"YKL147C",21,1.34242268082221
"YKL148C",612,2.78746047451842
"YKL149C",30,1.49136169383427
"YKL150W",898,2.95375969173323
"YKL151C",249,2.39794000867204
"YKL152C",1062,3.0265332645233
"YKL153W",650,2.81358098856819
"YKL154W",55,1.7481880270062
"YKL155C",95,1.98227123303957
"YKL156C-A",164,2.21748394421391
"YKL156W",365,2.56348108539441
"YKL157W",409,2.61278385671974
"YKL159C",17,1.25527250510331
"YKL160W",197,2.29666519026153
"YKL161C",10,1.04139268515822
"YKL162C",37,1.57978359661681
"YKL162C-A",5,0.778151250383644
"YKL163W",284,2.45484486000851
"YKL164C",89,1.95424250943932
"YKL165C",191,2.28330122870355
"YKL165C-A",2,0.477121254719662
"YKL166C",29,1.47712125471966
"YKL167C",67,1.83250891270624
"YKL168C",41,1.6232492903979
"YKL169C",86,1.93951925261862
"YKL170W",109,2.04139268515822
"YKL171W",80,1.90848501887865
"YKL172W",122,2.0899051114394
"YKL173W",62,1.79934054945358
"YKL174C",103,2.01703333929878
"YKL175W",156,2.19589965240923
"YKL176C",170,2.23299611039215
"YKL177W",1,0.301029995663981
"YKL178C",8,0.954242509439325
"YKL179C",68,1.83884909073726
"YKL180W",354,2.55022835305509
"YKL181W",120,2.08278537031645
"YKL182W",2226,3.34772021703404
"YKL183C-A",2,0.477121254719662
"YKL183W",24,1.39794000867204
"YKL184W",37,1.57978359661681
"YKL185W",99,2
"YKL186C",42,1.63346845557959
"YKL187C",13,1.14612803567824
"YKL188C",27,1.44715803134222
"YKL189W",26,1.43136376415899
"YKL190W",67,1.83250891270624
"YKL191W",57,1.76342799356294
"YKL192C",352,2.54777470538782
"YKL193C",101,2.00860017176192
"YKL194C",40,1.61278385671974
"YKL195W",367,2.56584781867352
"YKL196C",135,2.13353890837022
"YKL197C",35,1.55630250076729
"YKL198C",5,0.778151250383644
"YKL201C",185,2.26951294421792
"YKL202W",28,1.46239799789896
"YKL203C",126,2.10380372095596
"YKL204W",34,1.54406804435028
"YKL205W",75,1.88081359228079
"YKL206C",39,1.60205999132796
"YKL207W",88,1.94939000664491
"YKL208W",14,1.17609125905568
"YKL209C",47,1.68124123737559
"YKL210W",439,2.64345267648619
"YKL211C",67,1.83250891270624
"YKL212W",169,2.23044892137827
"YKL213C",129,2.11394335230684
"YKL214C",42,1.63346845557959
"YKL215C",46,1.67209785793572
"YKL216W",90,1.95904139232109
"YKL217W",165,2.22010808804005
"YKL218C",49,1.69897000433602
"YKL219W",14,1.17609125905568
"YKL220C",14,1.17609125905568
"YKL221W",34,1.54406804435028
"YKL222C",45,1.66275783168157
"YKL223W",0,0
"YKL224C",0,0
"YKL225W",0,0
"YKR001C",251,2.40140054078154
"YKR002W",73,1.86923171973098
"YKR003W",67,1.83250891270624
"YKR004C",16,1.23044892137827
"YKR005C",37,1.57978359661681
"YKR006C",93,1.9731278535997
"YKR007W",41,1.6232492903979
"YKR008W",135,2.13353890837022
"YKR009C",28,1.46239799789896
"YKR010C",42,1.63346845557959
"YKR011C",120,2.08278537031645
"YKR012C",19,1.30102999566398
"YKR013W",119,2.07918124604762
"YKR014C",130,2.11727129565576
"YKR015C",42,1.63346845557959
"YKR016W",438,2.64246452024212
"YKR017C",29,1.47712125471966
"YKR018C",195,2.29225607135648
"YKR019C",19,1.30102999566398
"YKR020W",27,1.44715803134222
"YKR021W",68,1.83884909073726
"YKR022C",58,1.77085201164214
"YKR023W",68,1.83884909073726
"YKR024C",39,1.60205999132796
"YKR025W",36,1.56820172406699
"YKR026C",25,1.41497334797082
"YKR027W",51,1.7160033436348
"YKR028W",102,2.01283722470517
"YKR029C",84,1.92941892571429
"YKR030W",21,1.34242268082221
"YKR031C",172,2.2380461031288
"YKR032W",2,0.477121254719662
"YKR033C",53,1.73239375982297
"YKR034W",125,2.10037054511756
"YKR035C",138,2.14301480025409
"YKR035W-A",170,2.23299611039215
"YKR036C",28,1.46239799789896
"YKR037C",44,1.65321251377534
"YKR038C",81,1.91381385238372
"YKR039W",1461,3.16494737262184
"YKR040C",1,0.301029995663981
"YKR041W",1,0.301029995663981
"YKR042W",181,2.26007138798507
"YKR043C",94,1.97772360528885
"YKR044W",37,1.57978359661681
"YKR045C",9,1
"YKR046C",542,2.73479982958885
"YKR047W",45,1.66275783168157
"YKR048C",145,2.16435285578444
"YKR049C",165,2.22010808804005
"YKR050W",7,0.903089986991944
"YKR051W",37,1.57978359661681
"YKR052C",50,1.70757017609794
"YKR053C",32,1.51851393987789
"YKR054C",237,2.37657695705651
"YKR055W",33,1.53147891704226
"YKR056W",80,1.90848501887865
"YKR057W",220,2.34439227368511
"YKR058W",35,1.55630250076729
"YKR059W",7,0.903089986991944
"YKR060W",32,1.51851393987789
"YKR061W",117,2.07188200730613
"YKR062W",68,1.83884909073726
"YKR063C",73,1.86923171973098
"YKR064W",111,2.04921802267018
"YKR065C",82,1.91907809237607
"YKR066C",74,1.8750612633917
"YKR067W",104,2.02118929906994
"YKR068C",70,1.85125834871908
"YKR069W",53,1.73239375982297
"YKR070W",41,1.6232492903979
"YKR071C",510,2.70842090013471
"YKR072C",62,1.79934054945358
"YKR073C",1,0.301029995663981
"YKR074W",54,1.74036268949424
"YKR075C",68,1.83884909073726
"YKR075W-A",17,1.25527250510331
"YKR076W",400,2.60314437262018
"YKR077W",66,1.82607480270083
"YKR078W",32,1.51851393987789
"YKR079C",40,1.61278385671974
"YKR080W",167,2.22530928172586
"YKR081C",86,1.93951925261862
"YKR082W",100,2.00432137378264
"YKR083C",24,1.39794000867204
"YKR084C",93,1.9731278535997
"YKR085C",75,1.88081359228079
"YKR086W",79,1.90308998699194
"YKR087C",49,1.69897000433602
"YKR088C",47,1.68124123737559
"YKR089C",93,1.9731278535997
"YKR090W",32,1.51851393987789
"YKR091W",19,1.30102999566398
"YKR092C",29,1.47712125471966
"YKR093W",372,2.57170883180869
"YKR094C",147,2.17026171539496
"YKR095W",370,2.56937390961505
"YKR095W-A",18,1.27875360095283
"YKR096W",143,2.15836249209525
"YKR097W",721,2.85853719756964
"YKR098C",15,1.20411998265592
"YKR099W",55,1.7481880270062
"YKR100C",111,2.04921802267018
"YKR101W",57,1.76342799356294
"YKR102W",17,1.25527250510331
"YKR103W",32,1.51851393987789
"YKR104W",11,1.07918124604762
"YKR105C",0,0
"YKR106W",0,0
"YLL001W",140,2.14921911265538
"YLL002W",15,1.20411998265592
"YLL003W",58,1.77085201164214
"YLL004W",29,1.47712125471966
"YLL005C",83,1.92427928606188
"YLL006W",53,1.73239375982297
"YLL006W-A",1,0.301029995663981
"YLL007C",52,1.72427586960079
"YLL008W",60,1.78532983501077
"YLL009C",426,2.63042787502502
"YLL010C",17,1.25527250510331
"YLL011W",56,1.75587485567249
"YLL012W",12,1.11394335230684
"YLL013C",81,1.91381385238372
"YLL014W",53,1.73239375982297
"YLL015W",251,2.40140054078154
"YLL016W",39,1.60205999132796
"YLL017W",4,0.698970004336019
"YLL018C",245,2.39093510710338
"YLL018C-A",22,1.36172783601759
"YLL019C",207,2.31806333496276
"YLL019W-A",9,1
"YLL020C",2,0.477121254719662
"YLL021W",137,2.13987908640124
"YLL022C",31,1.50514997831991
"YLL023C",56,1.75587485567249
"YLL024C",311,2.49415459401844
"YLL025W",0,0
"YLL026W",1315,3.11925588927794
"YLL027W",188,2.27646180417324
"YLL028W",360,2.55750720190566
"YLL029W",234,2.37106786227174
"YLL030C",0,0
"YLL031C",127,2.10720996964787
"YLL032C",49,1.69897000433602
"YLL033W",18,1.27875360095283
"YLL034C",59,1.77815125038364
"YLL035W",28,1.46239799789896
"YLL036C",37,1.57978359661681
"YLL037W",18,1.27875360095283
"YLL038C",36,1.56820172406699
"YLL039C",902,2.95568775031351
"YLL040C",454,2.65801139665711
"YLL041C",884,2.94694327069783
"YLL042C",15,1.20411998265592
"YLL043W",46,1.67209785793572
"YLL044W",90,1.95904139232109
"YLL045C",201,2.30535136944662
"YLL046C",7,0.903089986991944
"YLL047W",3,0.602059991327962
"YLL048C",345,2.53907609879278
"YLL049W",36,1.56820172406699
"YLL050C",461,2.66464197555613
"YLL051C",40,1.61278385671974
"YLL052C",5,0.778151250383644
"YLL053C",5,0.778151250383644
"YLL054C",74,1.8750612633917
"YLL055W",309,2.49136169383427
"YLL056C",139,2.14612803567824
"YLL057C",5,0.778151250383644
"YLL058W",51,1.7160033436348
"YLL059C",11,1.07918124604762
"YLL060C",143,2.15836249209525
"YLL061W",69,1.84509804001426
"YLL062C",48,1.69019608002851
"YLL063C",0,0
"YLL064C",0,0
"YLL065W",0,0
"YLL066C",0,0
"YLL066W-A",0,0
"YLL066W-B",0,0
"YLL067C",0,0
"YLL067W-A",0,0
"YLR001C",121,2.08635983067475
"YLR002C",76,1.88649072517248
"YLR003C",41,1.6232492903979
"YLR004C",14,1.17609125905568
"YLR005W",109,2.04139268515822
"YLR006C",59,1.77815125038364
"YLR007W",61,1.79239168949825
"YLR008C",46,1.67209785793572
"YLR009W",100,2.00432137378264
"YLR010C",17,1.25527250510331
"YLR011W",27,1.44715803134222
"YLR012C",3,0.602059991327962
"YLR013W",0,0
"YLR014C",38,1.5910646070265
"YLR015W",55,1.7481880270062
"YLR016C",43,1.64345267648619
"YLR017W",58,1.77085201164214
"YLR018C",49,1.69897000433602
"YLR019W",74,1.8750612633917
"YLR020C",68,1.83884909073726
"YLR021W",26,1.43136376415899
"YLR022C",35,1.55630250076729
"YLR023C",131,2.12057393120585
"YLR024C",151,2.18184358794477
"YLR025W",127,2.10720996964787
"YLR026C",36,1.56820172406699
"YLR027C",307,2.48855071650044
"YLR028C",139,2.14612803567824
"YLR029C",480,2.68214507637383
"YLR030W",2,0.477121254719662
"YLR031W",2,0.477121254719662
"YLR032W",55,1.7481880270062
"YLR033W",91,1.96378782734556
"YLR034C",192,2.28555730900777
"YLR035C",31,1.50514997831991
"YLR035C-A",0,0
"YLR036C",27,1.44715803134222
"YLR037C",1,0.301029995663981
"YLR038C",941,2.97405090279288
"YLR039C",190,2.28103336724773
"YLR040C",6,0.845098040014257
"YLR041W",2,0.477121254719662
"YLR042C",3,0.602059991327962
"YLR043C",266,2.42651126136458
"YLR044C",329,2.51851393987789
"YLR045C",59,1.77815125038364
"YLR046C",20,1.32221929473392
"YLR047C",24,1.39794000867204
"YLR048W",348,2.54282542695918
"YLR049C",43,1.64345267648619
"YLR050C",45,1.66275783168157
"YLR051C",82,1.91907809237607
"YLR052W",14,1.17609125905568
"YLR053C",34,1.54406804435028
"YLR054C",17,1.25527250510331
"YLR055C",20,1.32221929473392
"YLR056W",451,2.65513843481138
"YLR057W",85,1.93449845124357
"YLR058C",234,2.37106786227174
"YLR059C",51,1.7160033436348
"YLR060W",163,2.2148438480477
"YLR061W",296,2.47275644931721
"YLR062C",294,2.46982201597816
"YLR063W",5,0.778151250383644
"YLR064W",142,2.15533603746506
"YLR065C",34,1.54406804435028
"YLR066W",71,1.85733249643127
"YLR067C",72,1.86332286012046
"YLR068W",26,1.43136376415899
"YLR069C",209,2.32221929473392
"YLR070C",5,0.778151250383644
"YLR071C",104,2.02118929906994
"YLR072W",39,1.60205999132796
"YLR073C",15,1.20411998265592
"YLR074C",46,1.67209785793572
"YLR075W",2418,3.38363586836188
"YLR076C",1519,3.18184358794477
"YLR077W",85,1.93449845124357
"YLR078C",43,1.64345267648619
"YLR079W",40,1.61278385671974
"YLR080W",53,1.73239375982297
"YLR081W",5,0.778151250383644
"YLR082C",24,1.39794000867204
"YLR083C",77,1.89209460269048
"YLR084C",46,1.67209785793572
"YLR085C",46,1.67209785793572
"YLR086W",97,1.99122607569249
"YLR087C",198,2.29885307640971
"YLR088W",59,1.77815125038364
"YLR089C",124,2.09691001300806
"YLR090W",49,1.69897000433602
"YLR091W",17,1.25527250510331
"YLR092W",64,1.81291335664286
"YLR093C",65,1.81954393554187
"YLR094C",25,1.41497334797082
"YLR095C",61,1.79239168949825
"YLR096W",60,1.78532983501077
"YLR097C",77,1.89209460269048
"YLR098C",29,1.47712125471966
"YLR099C",48,1.69019608002851
"YLR099W-A",25,1.41497334797082
"YLR100W",86,1.93951925261862
"YLR101C",28,1.46239799789896
"YLR102C",24,1.39794000867204
"YLR103C",39,1.60205999132796
"YLR104W",106,2.02938377768521
"YLR105C",23,1.38021124171161
"YLR106C",318,2.50379068305718
"YLR107W",61,1.79239168949825
"YLR108C",81,1.91381385238372
"YLR109W",148,2.17318626841227
"YLR110C",7071,3.84954225200502
"YLR111W",0,0
"YLR112W",0,0
"YLR113W",114,2.06069784035361
"YLR114C",74,1.8750612633917
"YLR115W",41,1.6232492903979
"YLR116W",11,1.07918124604762
"YLR117C",60,1.78532983501077
"YLR118C",74,1.8750612633917
"YLR119W",33,1.53147891704226
"YLR120C",208,2.32014628611105
"YLR120W-A",3,0.602059991327962
"YLR121C",52,1.72427586960079
"YLR122C",3,0.602059991327962
"YLR123C",2,0.477121254719662
"YLR124W",2,0.477121254719662
"YLR125W",10,1.04139268515822
"YLR126C",41,1.6232492903979
"YLR127C",31,1.50514997831991
"YLR128W",17,1.25527250510331
"YLR129W",58,1.77085201164214
"YLR130C",34,1.54406804435028
"YLR131C",16,1.23044892137827
"YLR132C",12,1.11394335230684
"YLR133W",106,2.02938377768521
"YLR134W",307,2.48855071650044
"YLR135W",37,1.57978359661681
"YLR136C",36,1.56820172406699
"YLR137W",19,1.30102999566398
"YLR138W",129,2.11394335230684
"YLR139C",16,1.23044892137827
"YLR140W",3,0.602059991327962
"YLR141W",7,0.903089986991944
"YLR142W",1742,3.24129738710999
"YLR143W",28,1.46239799789896
"YLR144C",55,1.7481880270062
"YLR145W",14,1.17609125905568
"YLR146C",33,1.53147891704226
"YLR146W-A",30,1.49136169383427
"YLR147C",42,1.63346845557959
"YLR148W",84,1.92941892571429
"YLR149C",153,2.18752072083646
"YLR149C-A",7,0.903089986991944
"YLR150W",405,2.60852603357719
"YLR151C",14,1.17609125905568
"YLR152C",77,1.89209460269048
"YLR153C",524,2.72015930340596
"YLR154C",24,1.39794000867204
"YLR154C-G",0,0
"YLR154C-H",0,0
"YLR154W-A",0,0
"YLR154W-B",0,0
"YLR154W-C",0,0
"YLR154W-E",0,0
"YLR154W-F",0,0
"YLR155C",0,0
"YLR156C-A",0,0
"YLR156W",0,0
"YLR157C",0,0
"YLR157C-A",0,0
"YLR157C-B",0,0
"YLR157C-C",0,0
"YLR157W-D",0,0
"YLR157W-E",0,0
"YLR158C",0,0
"YLR159C-A",0,0
"YLR159W",0,0
"YLR160C",0,0
"YLR161W",0,0
"YLR162W",0,0
"YLR162W-A",0,0
"YLR163C",144,2.16136800223497
"YLR163W-A",7,0.903089986991944
"YLR164W",11,1.07918124604762
"YLR165C",35,1.55630250076729
"YLR166C",89,1.95424250943932
"YLR167W",927,2.96754797621886
"YLR168C",437,2.6414741105041
"YLR169W",59,1.77815125038364
"YLR170C",97,1.99122607569249
"YLR171W",53,1.73239375982297
"YLR172C",80,1.90848501887865
"YLR173W",16,1.23044892137827
"YLR174W",365,2.56348108539441
"YLR175W",83,1.92427928606188
"YLR176C",24,1.39794000867204
"YLR177W",76,1.88649072517248
"YLR178C",94,1.97772360528885
"YLR179C",192,2.28555730900777
"YLR180W",45,1.66275783168157
"YLR181C",50,1.70757017609794
"YLR182W",83,1.92427928606188
"YLR183C",30,1.49136169383427
"YLR184W",1,0.301029995663981
"YLR185W",288,2.46089784275655
"YLR186W",45,1.66275783168157
"YLR187W",41,1.6232492903979
"YLR188W",64,1.81291335664286
"YLR189C",182,2.26245108973043
"YLR190W",72,1.86332286012046
"YLR191W",43,1.64345267648619
"YLR192C",92,1.96848294855394
"YLR193C",48,1.69019608002851
"YLR194C",58,1.77085201164214
"YLR195C",148,2.17318626841227
"YLR196W",80,1.90848501887865
"YLR197W",106,2.02938377768521
"YLR198C",36,1.56820172406699
"YLR199C",66,1.82607480270083
"YLR200W",43,1.64345267648619
"YLR201C",68,1.83884909073726
"YLR202C",5,0.778151250383644
"YLR203C",162,2.21218760440396
"YLR204W",100,2.00432137378264
"YLR205C",30,1.49136169383427
"YLR206W",131,2.12057393120585
"YLR207W",69,1.84509804001426
"YLR208W",113,2.05690485133647
"YLR209C",53,1.73239375982297
"YLR210W",13,1.14612803567824
"YLR211C",26,1.43136376415899
"YLR212C",36,1.56820172406699
"YLR213C",10,1.04139268515822
"YLR214W",36,1.56820172406699
"YLR215C",32,1.51851393987789
"YLR216C",260,2.41664050733828
"YLR217W",51,1.7160033436348
"YLR218C",49,1.69897000433602
"YLR219W",69,1.84509804001426
"YLR220W",132,2.12385164096709
"YLR221C",55,1.7481880270062
"YLR222C",40,1.61278385671974
"YLR222C-A",2,0.477121254719662
"YLR223C",151,2.18184358794477
"YLR224W",76,1.88649072517248
"YLR225C",121,2.08635983067475
"YLR226W",50,1.70757017609794
"YLR227C",61,1.79239168949825
"YLR227W-A",0,0
"YLR227W-B",0,0
"YLR228C",21,1.34242268082221
"YLR229C",118,2.07554696139253
"YLR230W",58,1.77085201164214
"YLR231C",17,1.25527250510331
"YLR232W",4,0.698970004336019
"YLR233C",26,1.43136376415899
"YLR234W",11,1.07918124604762
"YLR235C",0,0
"YLR236C",3,0.602059991327962
"YLR237W",54,1.74036268949424
"YLR238W",28,1.46239799789896
"YLR239C",24,1.39794000867204
"YLR240W",64,1.81291335664286
"YLR241W",145,2.16435285578444
"YLR242C",17,1.25527250510331
"YLR243W",27,1.44715803134222
"YLR244C",125,2.10037054511756
"YLR245C",12,1.11394335230684
"YLR246W",59,1.77815125038364
"YLR247C",210,2.32428245529769
"YLR248W",350,2.54530711646582
"YLR249W",2045,3.31090562937614
"YLR250W",146,2.16731733474818
"YLR251W",25,1.41497334797082
"YLR252W",11,1.07918124604762
"YLR253W",87,1.94448267215017
"YLR254C",51,1.7160033436348
"YLR255C",4,0.698970004336019
"YLR256W",183,2.26481782300954
"YLR256W-A",0,0
"YLR257W",260,2.41664050733828
"YLR258W",180,2.25767857486918
"YLR259C",548,2.73957234445009
"YLR260W",71,1.85733249643127
"YLR261C",0,0
"YLR262C",23,1.38021124171161
"YLR262C-A",185,2.26951294421792
"YLR263W",10,1.04139268515822
"YLR264C-A",97,1.99122607569249
"YLR264W",105,2.02530586526477
"YLR265C",2,0.477121254719662
"YLR266C",34,1.54406804435028
"YLR267W",8,0.954242509439325
"YLR268W",66,1.82607480270083
"YLR269C",28,1.46239799789896
"YLR270W",137,2.13987908640124
"YLR271W",15,1.20411998265592
"YLR272C",54,1.74036268949424
"YLR273C",40,1.61278385671974
"YLR274W",56,1.75587485567249
"YLR275W",31,1.50514997831991
"YLR276C",82,1.91907809237607
"YLR277C",39,1.60205999132796
"YLR278C",136,2.13672056715641
"YLR279W",4,0.698970004336019
"YLR280C",1,0.301029995663981
"YLR281C",2,0.477121254719662
"YLR282C",13,1.14612803567824
"YLR283W",53,1.73239375982297
"YLR284C",28,1.46239799789896
"YLR285C-A",17,1.25527250510331
"YLR285W",80,1.90848501887865
"YLR286C",676,2.83058866868514
"YLR286W-A",53,1.73239375982297
"YLR287C",46,1.67209785793572
"YLR287C-A",414,2.61804809671209
"YLR288C",29,1.47712125471966
"YLR289W",36,1.56820172406699
"YLR290C",70,1.85125834871908
"YLR291C",42,1.63346845557959
"YLR292C",110,2.04532297878666
"YLR293C",112,2.05307844348342
"YLR294C",204,2.31175386105575
"YLR295C",598,2.77742682238931
"YLR296W",2,0.477121254719662
"YLR297W",212,2.32837960343874
"YLR298C",54,1.74036268949424
"YLR299C-A",19,1.30102999566398
"YLR299W",219,2.34242268082221
"YLR300W",329,2.51851393987789
"YLR301W",205,2.31386722036915
"YLR302C",10,1.04139268515822
"YLR303W",883,2.94645226501307
"YLR304C",2339,3.36921585741014
"YLR305C",162,2.21218760440396
"YLR306W",14,1.17609125905568
"YLR307C-A",4,0.698970004336019
"YLR307W",3,0.602059991327962
"YLR308W",0,0
"YLR309C",184,2.26717172840301
"YLR310C",282,2.45178643552429
"YLR311C",9,1
"YLR312C",134,2.13033376849501
"YLR312W-A",77,1.89209460269048
"YLR313C",22,1.36172783601759
"YLR314C",102,2.01283722470517
"YLR315W",8,0.954242509439325
"YLR316C",35,1.55630250076729
"YLR317W",15,1.20411998265592
"YLR318W",11,1.07918124604762
"YLR319C",36,1.56820172406699
"YLR320W",60,1.78532983501077
"YLR321C",39,1.60205999132796
"YLR322W",9,1
"YLR323C",29,1.47712125471966
"YLR324W",28,1.46239799789896
"YLR325C",557,2.74663419893758
"YLR326W",48,1.69019608002851
"YLR327C",383,2.58433122436753
"YLR328W",29,1.47712125471966
"YLR329W",9,1
"YLR330W",149,2.17609125905568
"YLR331C",23,1.38021124171161
"YLR332W",70,1.85125834871908
"YLR333C",153,2.18752072083646
"YLR334C",1,0.301029995663981
"YLR335W",104,2.02118929906994
"YLR336C",109,2.04139268515822
"YLR337C",17,1.25527250510331
"YLR338W",3,0.602059991327962
"YLR339C",68,1.83884909073726
"YLR340W",196,2.29446622616159
"YLR341W",19,1.30102999566398
"YLR342W",1176,3.07077646284343
"YLR342W-A",11,1.07918124604762
"YLR343W",13,1.14612803567824
"YLR344W",154,2.19033169817029
"YLR345W",121,2.08635983067475
"YLR346C",66,1.82607480270083
"YLR347C",232,2.36735592102602
"YLR347W-A",16,1.23044892137827
"YLR348C",81,1.91381385238372
"YLR349W",32,1.51851393987789
"YLR350W",243,2.38738982633873
"YLR351C",91,1.96378782734556
"YLR352W",65,1.81954393554187
"YLR353W",27,1.44715803134222
"YLR354C",197,2.29666519026153
"YLR355C",679,2.83250891270624
"YLR356W",51,1.7160033436348
"YLR357W",117,2.07188200730613
"YLR358C",30,1.49136169383427
"YLR359W",350,2.54530711646582
"YLR360W",50,1.70757017609794
"YLR361C",42,1.63346845557959
"YLR361C-A",25,1.41497334797082
"YLR362W",67,1.83250891270624
"YLR363C",28,1.46239799789896
"YLR363W-A",41,1.6232492903979
"YLR364C-A",0,0
"YLR364W",39,1.60205999132796
"YLR365W",2,0.477121254719662
"YLR366W",3,0.602059991327962
"YLR367W",150,2.17897694729317
"YLR368W",56,1.75587485567249
"YLR369W",41,1.6232492903979
"YLR370C",99,2
"YLR371W",152,2.1846914308176
"YLR372W",100,2.00432137378264
"YLR373C",74,1.8750612633917
"YLR374C",24,1.39794000867204
"YLR375W",180,2.25767857486918
"YLR376C",6,0.845098040014257
"YLR377C",717,2.8561244442423
"YLR378C",175,2.24551266781415
"YLR379W",40,1.61278385671974
"YLR380W",43,1.64345267648619
"YLR381W",26,1.43136376415899
"YLR382C",80,1.90848501887865
"YLR383W",102,2.01283722470517
"YLR384C",187,2.27415784926368
"YLR385C",2,0.477121254719662
"YLR386W",64,1.81291335664286
"YLR387C",149,2.17609125905568
"YLR388W",105,2.02530586526477
"YLR389C",228,2.35983548233989
"YLR390W",51,1.7160033436348
"YLR390W-A",299,2.47712125471966
"YLR392C",63,1.80617997398389
"YLR393W",25,1.41497334797082
"YLR394W",49,1.69897000433602
"YLR395C",851,2.9304395947667
"YLR396C",78,1.89762709129044
"YLR397C",35,1.55630250076729
"YLR398C",121,2.08635983067475
"YLR399C",151,2.18184358794477
"YLR399W-A",4,0.698970004336019
"YLR400W",6,0.845098040014257
"YLR401C",16,1.23044892137827
"YLR402W",7,0.903089986991944
"YLR403W",86,1.93951925261862
"YLR404W",15,1.20411998265592
"YLR405W",40,1.61278385671974
"YLR406C",97,1.99122607569249
"YLR406C-A",1,0.301029995663981
"YLR407W",49,1.69897000433602
"YLR408C",18,1.27875360095283
"YLR409C",97,1.99122607569249
"YLR410W",93,1.9731278535997
"YLR410W-A",0,0
"YLR410W-B",0,0
"YLR411W",276,2.44247976906445
"YLR412C-A",0,0
"YLR412W",42,1.63346845557959
"YLR413W",21,1.34242268082221
"YLR414C",70,1.85125834871908
"YLR415C",0,0
"YLR416C",0,0
"YLR417W",43,1.64345267648619
"YLR418C",35,1.55630250076729
"YLR419W",108,2.03742649794062
"YLR420W",50,1.70757017609794
"YLR421C",211,2.32633586092875
"YLR422W",156,2.19589965240923
"YLR423C",41,1.6232492903979
"YLR424W",28,1.46239799789896
"YLR425W",65,1.81954393554187
"YLR426W",10,1.04139268515822
"YLR427W",69,1.84509804001426
"YLR428C",11,1.07918124604762
"YLR429W",114,2.06069784035361
"YLR430W",166,2.22271647114758
"YLR431C",23,1.38021124171161
"YLR432W",55,1.7481880270062
"YLR433C",49,1.69897000433602
"YLR434C",7,0.903089986991944
"YLR435W",58,1.77085201164214
"YLR436C",138,2.14301480025409
"YLR437C",30,1.49136169383427
"YLR437C-A",10,1.04139268515822
"YLR438C-A",39,1.60205999132796
"YLR438W",77,1.89209460269048
"YLR439W",28,1.46239799789896
"YLR440C",30,1.49136169383427
"YLR441C",830,2.91960102378411
"YLR442C",66,1.82607480270083
"YLR443W",41,1.6232492903979
"YLR444C",12,1.11394335230684
"YLR445W",4,0.698970004336019
"YLR446W",13,1.14612803567824
"YLR447C",351,2.54654266347813
"YLR448W",215,2.33445375115093
"YLR449W",44,1.65321251377534
"YLR450W",121,2.08635983067475
"YLR451W",67,1.83250891270624
"YLR452C",30,1.49136169383427
"YLR453C",23,1.38021124171161
"YLR454W",442,2.64640372622307
"YLR455W",65,1.81954393554187
"YLR456W",28,1.46239799789896
"YLR457C",35,1.55630250076729
"YLR458W",5,0.778151250383644
"YLR459W",45,1.66275783168157
"YLR460C",0,0
"YLR461W",0,0
"YLR462W",0,0
"YLR463C",0,0
"YLR464W",0,0
"YLR465C",0,0
"YLR466C-A",0,0
"YLR466C-B",0,0
"YLR466W",0,0
"YLR467C-A",0,0
"YLR467W",0,0
"YML001W",166,2.22271647114758
"YML002W",37,1.57978359661681
"YML003W",18,1.27875360095283
"YML004C",252,2.40312052117582
"YML005W",53,1.73239375982297
"YML006C",32,1.51851393987789
"YML007C-A",15,1.20411998265592
"YML007W",255,2.40823996531185
"YML008C",59,1.77815125038364
"YML009C",126,2.10380372095596
"YML009C-A",10,1.04139268515822
"YML009W-B",1,0.301029995663981
"YML010W",63,1.80617997398389
"YML011C",29,1.47712125471966
"YML012C-A",13,1.14612803567824
"YML012W",323,2.51054501020661
"YML013W",46,1.67209785793572
"YML014W",22,1.36172783601759
"YML015C",27,1.44715803134222
"YML016C",122,2.0899051114394
"YML017W",66,1.82607480270083
"YML018C",86,1.93951925261862
"YML019W",27,1.44715803134222
"YML020W",63,1.80617997398389
"YML021C",40,1.61278385671974
"YML022W",109,2.04139268515822
"YML023C",34,1.54406804435028
"YML024W",338,2.53019969820308
"YML025C",121,2.08635983067475
"YML026C",183,2.26481782300954
"YML027W",18,1.27875360095283
"YML028W",1677,3.22479195649268
"YML029W",46,1.67209785793572
"YML030W",98,1.99563519459755
"YML031C-A",11,1.07918124604762
"YML031W",99,2
"YML032C",66,1.82607480270083
"YML034C-A",8,0.954242509439325
"YML034W",121,2.08635983067475
"YML035C",89,1.95424250943932
"YML036W",21,1.34242268082221
"YML037C",19,1.30102999566398
"YML038C",53,1.73239375982297
"YML039W",0,0
"YML040W",0,0
"YML041C",50,1.70757017609794
"YML042W",205,2.31386722036915
"YML043C",31,1.50514997831991
"YML045W",0,0
"YML045W-A",0,0
"YML046W",29,1.47712125471966
"YML047C",0,0
"YML047W-A",0,0
"YML048W",340,2.5327543789925
"YML049C",108,2.03742649794062
"YML050W",14,1.17609125905568
"YML051W",85,1.93449845124357
"YML052W",49,1.69897000433602
"YML053C",16,1.23044892137827
"YML054C",299,2.47712125471966
"YML054C-A",0,0
"YML055W",67,1.83250891270624
"YML056C",39,1.60205999132796
"YML057C-A",13,1.14612803567824
"YML057W",95,1.98227123303957
"YML058W",178,2.25285303097989
"YML058W-A",2,0.477121254719662
"YML059C",170,2.23299611039215
"YML060W",10,1.04139268515822
"YML061C",82,1.91907809237607
"YML062C",70,1.85125834871908
"YML063W",784,2.89486965674525
"YML064C",17,1.25527250510331
"YML065W",83,1.92427928606188
"YML066C",24,1.39794000867204
"YML067C",87,1.94448267215017
"YML068W",47,1.68124123737559
"YML069W",102,2.01283722470517
"YML070W",192,2.28555730900777
"YML071C",35,1.55630250076729
"YML072C",478,2.68033551341456
"YML073C",287,2.45939248775923
"YML074C",129,2.11394335230684
"YML075C",80,1.90848501887865
"YML076C",90,1.95904139232109
"YML077W",18,1.27875360095283
"YML078W",272,2.43616264704076
"YML079W",36,1.56820172406699
"YML080W",27,1.44715803134222
"YML081C-A",704,2.8481891169914
"YML081W",172,2.2380461031288
"YML082W",27,1.44715803134222
"YML083C",7,0.903089986991944
"YML084W",0,0
"YML085C",109,2.04139268515822
"YML086C",76,1.88649072517248
"YML087C",244,2.38916608436453
"YML088W",131,2.12057393120585
"YML089C",30,1.49136169383427
"YML090W",95,1.98227123303957
"YML091C",1213,3.08421868673924
"YML092C",181,2.26007138798507
"YML093W",112,2.05307844348342
"YML094C-A",18,1.27875360095283
"YML094W",47,1.68124123737559
"YML095C",25,1.41497334797082
"YML096W",68,1.83884909073726
"YML097C",63,1.80617997398389
"YML098W",57,1.76342799356294
"YML099C",70,1.85125834871908
"YML099W-A",21,1.34242268082221
"YML100W",205,2.31386722036915
"YML100W-A",1,0.301029995663981
"YML101C",30,1.49136169383427
"YML101C-A",8,0.954242509439325
"YML102W",27,1.44715803134222
"YML103C",159,2.20411998265593
"YML104C",43,1.64345267648619
"YML105C",33,1.53147891704226
"YML106W",134,2.13033376849501
"YML107C",30,1.49136169383427
"YML108W",30,1.49136169383427
"YML109W",60,1.78532983501077
"YML110C",227,2.35793484700045
"YML111W",67,1.83250891270624
"YML112W",24,1.39794000867204
"YML113W",17,1.25527250510331
"YML114C",39,1.60205999132796
"YML115C",71,1.85733249643127
"YML116W",124,2.09691001300806
"YML116W-A",14,1.17609125905568
"YML117W",196,2.29446622616159
"YML118W",51,1.7160033436348
"YML119W",44,1.65321251377534
"YML120C",617,2.79098847508882
"YML121W",63,1.80617997398389
"YML122C",2,0.477121254719662
"YML123C",20,1.32221929473392
"YML124C",85,1.93449845124357
"YML125C",147,2.17026171539496
"YML126C",307,2.48855071650044
"YML127W",75,1.88081359228079
"YML128C",164,2.21748394421391
"YML129C",121,2.08635983067475
"YML130C",656,2.81756536955978
"YML131W",857,2.93348728784871
"YML132W",0,0
"YML133C",0,0
"YML133W-A",0,0
"YML133W-B",0,0
"YMR001C",53,1.73239375982297
"YMR001C-A",0,0
"YMR002W",527,2.72263392253381
"YMR003W",13,1.14612803567824
"YMR004W",96,1.98677173426624
"YMR005W",60,1.78532983501077
"YMR006C",66,1.82607480270083
"YMR007W",8,0.954242509439325
"YMR008C",181,2.26007138798507
"YMR009W",52,1.72427586960079
"YMR010W",63,1.80617997398389
"YMR011W",23,1.38021124171161
"YMR012W",799,2.90308998699194
"YMR013C",35,1.55630250076729
"YMR013C-A",0,0
"YMR013W-A",0,0
"YMR014W",57,1.76342799356294
"YMR015C",393,2.59549622182557
"YMR016C",66,1.82607480270083
"YMR017W",4,0.698970004336019
"YMR018W",5,0.778151250383644
"YMR019W",82,1.91907809237607
"YMR020W",125,2.10037054511756
"YMR021C",68,1.83884909073726
"YMR022W",95,1.98227123303957
"YMR023C",33,1.53147891704226
"YMR024W",120,2.08278537031645
"YMR025W",8,0.954242509439325
"YMR026C",44,1.65321251377534
"YMR027W",223,2.35024801833416
"YMR028W",61,1.79239168949825
"YMR029C",98,1.99563519459755
"YMR030W",32,1.51851393987789
"YMR030W-A",1,0.301029995663981
"YMR031C",235,2.37291200297011
"YMR031W-A",6,0.845098040014257
"YMR032W",10,1.04139268515822
"YMR033W",78,1.89762709129044
"YMR034C",38,1.5910646070265
"YMR035W",53,1.73239375982297
"YMR036C",50,1.70757017609794
"YMR037C",115,2.06445798922692
"YMR038C",58,1.77085201164214
"YMR039C",103,2.01703333929878
"YMR040W",119,2.07918124604762
"YMR041C",57,1.76342799356294
"YMR042W",6,0.845098040014257
"YMR043W",86,1.93951925261862
"YMR044W",87,1.94448267215017
"YMR045C",0,0
"YMR046C",0,0
"YMR046W-A",0,0
"YMR047C",73,1.86923171973098
"YMR048W",26,1.43136376415899
"YMR049C",67,1.83250891270624
"YMR050C",0,0
"YMR051C",0,0
"YMR052C-A",6,0.845098040014257
"YMR052W",16,1.23044892137827
"YMR053C",35,1.55630250076729
"YMR054W",194,2.29003461136252
"YMR055C",13,1.14612803567824
"YMR056C",41,1.6232492903979
"YMR057C",3,0.602059991327962
"YMR058W",123,2.09342168516224
"YMR059W",14,1.17609125905568
"YMR060C",65,1.81954393554187
"YMR061W",89,1.95424250943932
"YMR062C",99,2
"YMR063W",15,1.20411998265592
"YMR064W",111,2.04921802267018
"YMR065W",25,1.41497334797082
"YMR066W",60,1.78532983501077
"YMR067C",52,1.72427586960079
"YMR068W",16,1.23044892137827
"YMR069W",2,0.477121254719662
"YMR070W",36,1.56820172406699
"YMR071C",52,1.72427586960079
"YMR072W",227,2.35793484700045
"YMR073C",32,1.51851393987789
"YMR074C",68,1.83884909073726
"YMR075C-A",24,1.39794000867204
"YMR075W",67,1.83250891270624
"YMR076C",66,1.82607480270083
"YMR077C",45,1.66275783168157
"YMR078C",27,1.44715803134222
"YMR079W",85,1.93449845124357
"YMR080C",144,2.16136800223497
"YMR081C",134,2.13033376849501
"YMR082C",0,0
"YMR083W",439,2.64345267648619
"YMR084W",9,1
"YMR085W",12,1.11394335230684
"YMR086C-A",16,1.23044892137827
"YMR086W",122,2.0899051114394
"YMR087W",19,1.30102999566398
"YMR088C",222,2.34830486304816
"YMR089C",287,2.45939248775923
"YMR090W",899,2.95424250943932
"YMR091C",109,2.04139268515822
"YMR092C",119,2.07918124604762
"YMR093W",36,1.56820172406699
"YMR094W",16,1.23044892137827
"YMR095C",6,0.845098040014257
"YMR096W",57,1.76342799356294
"YMR097C",36,1.56820172406699
"YMR098C",96,1.98677173426624
"YMR099C",129,2.11394335230684
"YMR100W",165,2.22010808804005
"YMR101C",5,0.778151250383644
"YMR102C",130,2.11727129565576
"YMR103C",23,1.38021124171161
"YMR104C",72,1.86332286012046
"YMR105C",75,1.88081359228079
"YMR105W-A",10,1.04139268515822
"YMR106C",20,1.32221929473392
"YMR107W",8,0.954242509439325
"YMR108W",400,2.60314437262018
"YMR109W",60,1.78532983501077
"YMR110C",201,2.30535136944662
"YMR111C",29,1.47712125471966
"YMR112C",48,1.69019608002851
"YMR113W",33,1.53147891704226
"YMR114C",48,1.69019608002851
"YMR115W",60,1.78532983501077
"YMR116C",770,2.88705437805096
"YMR117C",10,1.04139268515822
"YMR118C",34,1.54406804435028
"YMR119W",92,1.96848294855394
"YMR119W-A",8,0.954242509439325
"YMR120C",293,2.46834733041216
"YMR121C",20,1.32221929473392
"YMR122C",3,0.602059991327962
"YMR122W-A",408,2.61172330800734
"YMR123W",41,1.6232492903979
"YMR124W",99,2
"YMR125W",250,2.39967372148104
"YMR126C",33,1.53147891704226
"YMR127C",30,1.49136169383427
"YMR128W",93,1.9731278535997
"YMR129W",147,2.17026171539496
"YMR130W",40,1.61278385671974
"YMR131C",123,2.09342168516224
"YMR132C",13,1.14612803567824
"YMR133W",27,1.44715803134222
"YMR134W",37,1.57978359661681
"YMR135C",82,1.91907809237607
"YMR135W-A",5,0.778151250383644
"YMR136W",51,1.7160033436348
"YMR137C",39,1.60205999132796
"YMR138W",17,1.25527250510331
"YMR139W",70,1.85125834871908
"YMR140W",72,1.86332286012046
"YMR141C",16,1.23044892137827
"YMR141W-A",2,0.477121254719662
"YMR142C",350,2.54530711646582
"YMR143W",325,2.51321760006794
"YMR144W",12,1.11394335230684
"YMR145C",430,2.63447727016073
"YMR146C",212,2.32837960343874
"YMR147W",12,1.11394335230684
"YMR148W",51,1.7160033436348
"YMR149W",120,2.08278537031645
"YMR150C",22,1.36172783601759
"YMR151W",3,0.602059991327962
"YMR152W",123,2.09342168516224
"YMR153C-A",15,1.20411998265592
"YMR153W",35,1.55630250076729
"YMR154C",12,1.11394335230684
"YMR155W",64,1.81291335664286
"YMR156C",18,1.27875360095283
"YMR157C",140,2.14921911265538
"YMR158C-A",3,0.602059991327962
"YMR158W",92,1.96848294855394
"YMR158W-B",8,0.954242509439325
"YMR159C",19,1.30102999566398
"YMR160W",74,1.8750612633917
"YMR161W",60,1.78532983501077
"YMR162C",93,1.9731278535997
"YMR163C",21,1.34242268082221
"YMR164C",48,1.69019608002851
"YMR165C",22,1.36172783601759
"YMR166C",11,1.07918124604762
"YMR167W",46,1.67209785793572
"YMR168C",44,1.65321251377534
"YMR169C",11,1.07918124604762
"YMR170C",21,1.34242268082221
"YMR171C",94,1.97772360528885
"YMR172C-A",15,1.20411998265592
"YMR172W",40,1.61278385671974
"YMR173W",123,2.09342168516224
"YMR173W-A",15,1.20411998265592
"YMR174C",45,1.66275783168157
"YMR175W",293,2.46834733041216
"YMR175W-A",20,1.32221929473392
"YMR176W",92,1.96848294855394
"YMR177W",34,1.54406804435028
"YMR178W",124,2.09691001300806
"YMR179W",54,1.74036268949424
"YMR180C",40,1.61278385671974
"YMR181C",238,2.37839790094814
"YMR182C",25,1.41497334797082
"YMR182W-A",4,0.698970004336019
"YMR183C",54,1.74036268949424
"YMR184W",80,1.90848501887865
"YMR185W",107,2.03342375548695
"YMR186W",1159,3.06445798922692
"YMR187C",16,1.23044892137827
"YMR188C",152,2.1846914308176
"YMR189W",95,1.98227123303957
"YMR190C",93,1.9731278535997
"YMR191W",212,2.32837960343874
"YMR192W",26,1.43136376415899
"YMR193C-A",17,1.25527250510331
"YMR193W",123,2.09342168516224
"YMR194C-A",1,0.301029995663981
"YMR194C-B",31,1.50514997831991
"YMR194W",130,2.11727129565576
"YMR195W",138,2.14301480025409
"YMR196W",164,2.21748394421391
"YMR197C",69,1.84509804001426
"YMR198W",22,1.36172783601759
"YMR199W",49,1.69897000433602
"YMR200W",128,2.11058971029925
"YMR201C",46,1.67209785793572
"YMR202W",112,2.05307844348342
"YMR203W",210,2.32428245529769
"YMR204C",12,1.11394335230684
"YMR205C",336,2.52762990087134
"YMR206W",8,0.954242509439325
"YMR207C",104,2.02118929906994
"YMR208W",59,1.77815125038364
"YMR209C",27,1.44715803134222
"YMR210W",61,1.79239168949825
"YMR211W",24,1.39794000867204
"YMR212C",76,1.88649072517248
"YMR213W",37,1.57978359661681
"YMR214W",48,1.69019608002851
"YMR215W",93,1.9731278535997
"YMR216C",128,2.11058971029925
"YMR217W",149,2.17609125905568
"YMR218C",68,1.83884909073726
"YMR219W",116,2.06818586174616
"YMR220W",39,1.60205999132796
"YMR221C",111,2.04921802267018
"YMR222C",19,1.30102999566398
"YMR223W",27,1.44715803134222
"YMR224C",21,1.34242268082221
"YMR225C",72,1.86332286012046
"YMR226C",344,2.53781909507327
"YMR227C",48,1.69019608002851
"YMR228W",45,1.66275783168157
"YMR229C",259,2.41497334797082
"YMR230W",253,2.40483371661994
"YMR230W-A",1,0.301029995663981
"YMR231W",60,1.78532983501077
"YMR232W",3,0.602059991327962
"YMR233W",16,1.23044892137827
"YMR234W",26,1.43136376415899
"YMR235C",73,1.86923171973098
"YMR236W",56,1.75587485567249
"YMR237W",92,1.96848294855394
"YMR238W",87,1.94448267215017
"YMR239C",45,1.66275783168157
"YMR240C",63,1.80617997398389
"YMR241W",318,2.50379068305718
"YMR242C",221,2.34635297445064
"YMR242W-A",0,0
"YMR243C",213,2.33041377334919
"YMR244C-A",64,1.81291335664286
"YMR244W",13,1.14612803567824
"YMR245W",55,1.7481880270062
"YMR246W",236,2.3747483460101
"YMR247C",199,2.30102999566398
"YMR247W-A",0,0
"YMR250W",53,1.73239375982297
"YMR251W",10,1.04139268515822
"YMR251W-A",3669,3.56466606425209
"YMR252C",19,1.30102999566398
"YMR253C",64,1.81291335664286
"YMR254C",2,0.477121254719662
"YMR255W",76,1.88649072517248
"YMR256C",1016,3.00732095292274
"YMR257C",108,2.03742649794062
"YMR258C",41,1.6232492903979
"YMR259C",99,2
"YMR260C",292,2.46686762035411
"YMR261C",138,2.14301480025409
"YMR262W",18,1.27875360095283
"YMR263W",36,1.56820172406699
"YMR264W",79,1.90308998699194
"YMR265C",28,1.46239799789896
"YMR266W",187,2.27415784926368
"YMR267W",31,1.50514997831991
"YMR268C",25,1.41497334797082
"YMR269W",14,1.17609125905568
"YMR270C",49,1.69897000433602
"YMR271C",32,1.51851393987789
"YMR272C",210,2.32428245529769
"YMR272W-A",11,1.07918124604762
"YMR272W-B",1,0.301029995663981
"YMR273C",38,1.5910646070265
"YMR274C",17,1.25527250510331
"YMR275C",57,1.76342799356294
"YMR276W",28,1.46239799789896
"YMR277W",43,1.64345267648619
"YMR278W",118,2.07554696139253
"YMR279C",29,1.47712125471966
"YMR280C",170,2.23299611039215
"YMR281W",43,1.64345267648619
"YMR282C",150,2.17897694729317
"YMR283C",43,1.64345267648619
"YMR284W",34,1.54406804435028
"YMR285C",87,1.94448267215017
"YMR286W",166,2.22271647114758
"YMR287C",108,2.03742649794062
"YMR288W",97,1.99122607569249
"YMR289W",27,1.44715803134222
"YMR290C",68,1.83884909073726
"YMR290W-A",5,0.778151250383644
"YMR291W",79,1.90308998699194
"YMR292W",54,1.74036268949424
"YMR293C",40,1.61278385671974
"YMR294W",48,1.69019608002851
"YMR294W-A",247,2.39445168082622
"YMR295C",421,2.62531245096167
"YMR296C",55,1.7481880270062
"YMR297W",513,2.71096311899528
"YMR298W",133,2.12710479836481
"YMR299C",42,1.63346845557959
"YMR300C",41,1.6232492903979
"YMR301C",49,1.69897000433602
"YMR302C",383,2.58433122436753
"YMR303C",13,1.14612803567824
"YMR304C-A",33,1.53147891704226
"YMR304W",227,2.35793484700045
"YMR305C",496,2.69635638873333
"YMR306C-A",5,0.778151250383644
"YMR306W",47,1.68124123737559
"YMR307C-A",82,1.91907809237607
"YMR307W",699,2.84509804001426
"YMR308C",164,2.21748394421391
"YMR309C",193,2.28780172993023
"YMR310C",28,1.46239799789896
"YMR311C",232,2.36735592102602
"YMR312W",34,1.54406804435028
"YMR313C",71,1.85733249643127
"YMR314W",195,2.29225607135648
"YMR315W",147,2.17026171539496
"YMR315W-A",0,0
"YMR316C-A",9,1
"YMR316C-B",6,0.845098040014257
"YMR316W",24,1.39794000867204
"YMR317W",42,1.63346845557959
"YMR318C",94,1.97772360528885
"YMR319C",28,1.46239799789896
"YMR320W",8,0.954242509439325
"YMR321C",1,0.301029995663981
"YMR322C",0,0
"YMR323W",0,0
"YMR324C",0,0
"YMR325W",0,0
"YMR326C",0,0
"YNL001W",65,1.81954393554187
"YNL002C",146,2.16731733474818
"YNL003C",24,1.39794000867204
"YNL004W",111,2.04921802267018
"YNL005C",262,2.41995574848976
"YNL006W",111,2.04921802267018
"YNL007C",377,2.57749179983723
"YNL008C",59,1.77815125038364
"YNL009W",40,1.61278385671974
"YNL010W",176,2.24797326636181
"YNL011C",44,1.65321251377534
"YNL012W",14,1.17609125905568
"YNL013C",7,0.903089986991944
"YNL014W",41,1.6232492903979
"YNL015W",707,2.85003325768977
"YNL016W",203,2.3096301674259
"YNL017C",0,0
"YNL018C",0,0
"YNL019C",0,0
"YNL020C",60,1.78532983501077
"YNL021W",62,1.79934054945358
"YNL022C",77,1.89209460269048
"YNL023C",74,1.8750612633917
"YNL024C",5,0.778151250383644
"YNL024C-A",61,1.79239168949825
"YNL025C",21,1.34242268082221
"YNL026W",72,1.86332286012046
"YNL027W",74,1.8750612633917
"YNL028W",1,0.301029995663981
"YNL029C",74,1.8750612633917
"YNL030W",165,2.22010808804005
"YNL031C",1030,3.01325866528352
"YNL032W",47,1.68124123737559
"YNL033W",0,0
"YNL034W",0,0
"YNL035C",18,1.27875360095283
"YNL036W",767,2.88536122003151
"YNL037C",919,2.96378782734556
"YNL038W",48,1.69019608002851
"YNL039W",91,1.96378782734556
"YNL040W",16,1.23044892137827
"YNL041C",80,1.90848501887865
"YNL042W",16,1.23044892137827
"YNL042W-B",0,0
"YNL043C",62,1.79934054945358
"YNL044W",94,1.97772360528885
"YNL045W",60,1.78532983501077
"YNL046W",19,1.30102999566398
"YNL047C",44,1.65321251377534
"YNL048W",76,1.88649072517248
"YNL049C",45,1.66275783168157
"YNL050C",39,1.60205999132796
"YNL051W",44,1.65321251377534
"YNL052W",2001,3.3014640731433
"YNL053W",46,1.67209785793572
"YNL054W",101,2.00860017176192
"YNL054W-A",0,0
"YNL054W-B",0,0
"YNL055C",1384,3.14144977340047
"YNL056W",44,1.65321251377534
"YNL057W",8,0.954242509439325
"YNL058C",12,1.11394335230684
"YNL059C",86,1.93951925261862
"YNL061W",50,1.70757017609794
"YNL062C",19,1.30102999566398
"YNL063W",35,1.55630250076729
"YNL064C",485,2.68663626926229
"YNL065W",57,1.76342799356294
"YNL066W",83,1.92427928606188
"YNL067W",328,2.51719589794997
"YNL067W-A",0,0
"YNL067W-B",0,0
"YNL068C",83,1.92427928606188
"YNL069C",461,2.66464197555613
"YNL070W",123,2.09342168516224
"YNL071W",220,2.34439227368511
"YNL072W",10,1.04139268515822
"YNL073W",98,1.99563519459755
"YNL074C",82,1.91907809237607
"YNL075W",39,1.60205999132796
"YNL076W",50,1.70757017609794
"YNL077W",153,2.18752072083646
"YNL078W",18,1.27875360095283
"YNL079C",513,2.71096311899528
"YNL080C",36,1.56820172406699
"YNL081C",128,2.11058971029925
"YNL082W",50,1.70757017609794
"YNL083W",47,1.68124123737559
"YNL084C",133,2.12710479836481
"YNL085W",146,2.16731733474818
"YNL086W",14,1.17609125905568
"YNL087W",102,2.01283722470517
"YNL088W",200,2.30319605742049
"YNL089C",36,1.56820172406699
"YNL090W",43,1.64345267648619
"YNL091W",145,2.16435285578444
"YNL092W",23,1.38021124171161
"YNL093W",25,1.41497334797082
"YNL094W",48,1.69019608002851
"YNL095C",26,1.43136376415899
"YNL096C",236,2.3747483460101
"YNL097C",68,1.83884909073726
"YNL097C-B",2,0.477121254719662
"YNL097W-A",17,1.25527250510331
"YNL098C",159,2.20411998265593
"YNL099C",59,1.77815125038364
"YNL100W",194,2.29003461136252
"YNL101W",230,2.36361197989214
"YNL102W",94,1.97772360528885
"YNL103W",82,1.91907809237607
"YNL103W-A",27,1.44715803134222
"YNL104C",712,2.85308952985187
"YNL105W",3,0.602059991327962
"YNL106C",12,1.11394335230684
"YNL107W",46,1.67209785793572
"YNL108C",23,1.38021124171161
"YNL109W",20,1.32221929473392
"YNL110C",58,1.77085201164214
"YNL111C",78,1.89762709129044
"YNL112W",77,1.89209460269048
"YNL113W",90,1.95904139232109
"YNL114C",48,1.69019608002851
"YNL115C",148,2.17318626841227
"YNL116W",38,1.5910646070265
"YNL117W",534,2.72835378202123
"YNL118C",158,2.20139712432045
"YNL119W",65,1.81954393554187
"YNL120C",8,0.954242509439325
"YNL121C",531,2.72591163229505
"YNL122C",32,1.51851393987789
"YNL123W",121,2.08635983067475
"YNL124W",41,1.6232492903979
"YNL125C",181,2.26007138798507
"YNL126W",46,1.67209785793572
"YNL127W",31,1.50514997831991
"YNL128W",10,1.04139268515822
"YNL129W",27,1.44715803134222
"YNL130C",119,2.07918124604762
"YNL130C-A",3,0.602059991327962
"YNL131W",212,2.32837960343874
"YNL132W",80,1.90848501887865
"YNL133C",50,1.70757017609794
"YNL134C",766,2.88479536394898
"YNL135C",220,2.34439227368511
"YNL136W",48,1.69019608002851
"YNL137C",215,2.33445375115093
"YNL138W",76,1.88649072517248
"YNL138W-A",19,1.30102999566398
"YNL139C",119,2.07918124604762
"YNL140C",0,0
"YNL141W",40,1.61278385671974
"YNL142W",912,2.9604707775343
"YNL143C",9,1
"YNL144C",83,1.92427928606188
"YNL144W-A",11,1.07918124604762
"YNL145W",15,1.20411998265592
"YNL146C-A",9,1
"YNL146W",11,1.07918124604762
"YNL147W",66,1.82607480270083
"YNL148C",16,1.23044892137827
"YNL149C",134,2.13033376849501
"YNL150W",128,2.11058971029925
"YNL151C",39,1.60205999132796
"YNL152W",36,1.56820172406699
"YNL153C",49,1.69897000433602
"YNL154C",121,2.08635983067475
"YNL155W",93,1.9731278535997
"YNL156C",147,2.17026171539496
"YNL157W",138,2.14301480025409
"YNL158W",35,1.55630250076729
"YNL159C",49,1.69897000433602
"YNL160W",3310,3.51995918075207
"YNL161W",75,1.88081359228079
"YNL162W",51,1.7160033436348
"YNL162W-A",13,1.14612803567824
"YNL163C",84,1.92941892571429
"YNL164C",23,1.38021124171161
"YNL165W",40,1.61278385671974
"YNL166C",50,1.70757017609794
"YNL167C",77,1.89209460269048
"YNL168C",93,1.9731278535997
"YNL169C",77,1.89209460269048
"YNL170W",25,1.41497334797082
"YNL171C",17,1.25527250510331
"YNL172W",99,2
"YNL173C",48,1.69019608002851
"YNL174W",45,1.66275783168157
"YNL175C",97,1.99122607569249
"YNL176C",185,2.26951294421792
"YNL177C",135,2.13353890837022
"YNL178W",908,2.95856388322197
"YNL179C",16,1.23044892137827
"YNL180C",104,2.02118929906994
"YNL181W",118,2.07554696139253
"YNL182C",45,1.66275783168157
"YNL183C",269,2.43136376415899
"YNL184C",6,0.845098040014257
"YNL185C",45,1.66275783168157
"YNL186W",161,2.20951501454263
"YNL187W",11,1.07918124604762
"YNL188W",43,1.64345267648619
"YNL189W",147,2.17026171539496
"YNL190W",106,2.02938377768521
"YNL191W",77,1.89209460269048
"YNL192W",190,2.28103336724773
"YNL193W",72,1.86332286012046
"YNL194C",39,1.60205999132796
"YNL195C",48,1.69019608002851
"YNL196C",7,0.903089986991944
"YNL197C",104,2.02118929906994
"YNL198C",2,0.477121254719662
"YNL199C",51,1.7160033436348
"YNL200C",137,2.13987908640124
"YNL201C",83,1.92427928606188
"YNL202W",12,1.11394335230684
"YNL203C",2,0.477121254719662
"YNL204C",3,0.602059991327962
"YNL205C",1,0.301029995663981
"YNL206C",60,1.78532983501077
"YNL207W",47,1.68124123737559
"YNL208W",725,2.86093662070009
"YNL209W",270,2.43296929087441
"YNL210W",1,0.301029995663981
"YNL211C",13,1.14612803567824
"YNL212W",247,2.39445168082622
"YNL213C",98,1.99563519459755
"YNL214W",21,1.34242268082221
"YNL215W",43,1.64345267648619
"YNL216W",41,1.6232492903979
"YNL217W",372,2.57170883180869
"YNL218W",54,1.74036268949424
"YNL219C",101,2.00860017176192
"YNL220W",347,2.54157924394658
"YNL221C",66,1.82607480270083
"YNL222W",11,1.07918124604762
"YNL223W",65,1.81954393554187
"YNL224C",60,1.78532983501077
"YNL225C",63,1.80617997398389
"YNL226W",3,0.602059991327962
"YNL227C",44,1.65321251377534
"YNL228W",15,1.20411998265592
"YNL229C",77,1.89209460269048
"YNL230C",19,1.30102999566398
"YNL231C",369,2.56820172406699
"YNL232W",61,1.79239168949825
"YNL233W",88,1.94939000664491
"YNL234W",102,2.01283722470517
"YNL235C",14,1.17609125905568
"YNL236W",74,1.8750612633917
"YNL237W",66,1.82607480270083
"YNL238W",77,1.89209460269048
"YNL239W",279,2.44715803134222
"YNL240C",56,1.75587485567249
"YNL241C",192,2.28555730900777
"YNL242W",78,1.89762709129044
"YNL243W",155,2.19312459835446
"YNL244C",297,2.47421626407626
"YNL245C",34,1.54406804435028
"YNL246W",51,1.7160033436348
"YNL247W",103,2.01703333929878
"YNL248C",61,1.79239168949825
"YNL249C",44,1.65321251377534
"YNL250W",80,1.90848501887865
"YNL251C",151,2.18184358794477
"YNL252C",70,1.85125834871908
"YNL253W",28,1.46239799789896
"YNL254C",39,1.60205999132796
"YNL255C",254,2.40654018043396
"YNL256W",88,1.94939000664491
"YNL257C",94,1.97772360528885
"YNL258C",86,1.93951925261862
"YNL259C",38,1.5910646070265
"YNL260C",19,1.30102999566398
"YNL261W",48,1.69019608002851
"YNL262W",125,2.10037054511756
"YNL263C",61,1.79239168949825
"YNL264C",20,1.32221929473392
"YNL265C",76,1.88649072517248
"YNL266W",32,1.51851393987789
"YNL267W",89,1.95424250943932
"YNL268W",207,2.31806333496276
"YNL269W",4,0.698970004336019
"YNL270C",14,1.17609125905568
"YNL271C",231,2.3654879848909
"YNL272C",68,1.83884909073726
"YNL273W",107,2.03342375548695
"YNL274C",330,2.51982799377572
"YNL275W",57,1.76342799356294
"YNL276C",51,1.7160033436348
"YNL277W",176,2.24797326636181
"YNL277W-A",6,0.845098040014257
"YNL278W",35,1.55630250076729
"YNL279W",18,1.27875360095283
"YNL280C",76,1.88649072517248
"YNL281W",149,2.17609125905568
"YNL282W",7,0.903089986991944
"YNL283C",30,1.49136169383427
"YNL284C",125,2.10037054511756
"YNL284C-A",0,0
"YNL284C-B",0,0
"YNL285W",0,0
"YNL286W",23,1.38021124171161
"YNL287W",183,2.26481782300954
"YNL288W",60,1.78532983501077
"YNL289W",39,1.60205999132796
"YNL290W",40,1.61278385671974
"YNL291C",37,1.57978359661681
"YNL292W",38,1.5910646070265
"YNL293W",32,1.51851393987789
"YNL294C",68,1.83884909073726
"YNL295W",45,1.66275783168157
"YNL296W",5,0.778151250383644
"YNL297C",140,2.14921911265538
"YNL298W",37,1.57978359661681
"YNL299W",53,1.73239375982297
"YNL300W",8,0.954242509439325
"YNL301C",46,1.67209785793572
"YNL302C",220,2.34439227368511
"YNL303W",5,0.778151250383644
"YNL304W",25,1.41497334797082
"YNL305C",184,2.26717172840301
"YNL306W",178,2.25285303097989
"YNL307C",108,2.03742649794062
"YNL308C",113,2.05690485133647
"YNL309W",16,1.23044892137827
"YNL310C",49,1.69897000433602
"YNL311C",77,1.89209460269048
"YNL312W",49,1.69897000433602
"YNL313C",66,1.82607480270083
"YNL314W",36,1.56820172406699
"YNL315C",100,2.00432137378264
"YNL316C",29,1.47712125471966
"YNL317W",29,1.47712125471966
"YNL318C",1,0.301029995663981
"YNL319W",0,0
"YNL320W",31,1.50514997831991
"YNL321W",48,1.69019608002851
"YNL322C",69,1.84509804001426
"YNL323W",87,1.94448267215017
"YNL324W",3,0.602059991327962
"YNL325C",34,1.54406804435028
"YNL326C",26,1.43136376415899
"YNL327W",90,1.95904139232109
"YNL328C",5,0.778151250383644
"YNL329C",104,2.02118929906994
"YNL330C",89,1.95424250943932
"YNL331C",20,1.32221929473392
"YNL332W",0,0
"YNL333W",0,0
"YNL334C",0,0
"YNL335W",0,0
"YNL336W",0,0
"YNL337W",0,0
"YNL338W",0,0
"YNL339C",0,0
"YNL339W-A",0,0
"YNL339W-B",0,0
"YNR001C",1951,3.29047981333067
"YNR001W-A",0,0
"YNR002C",11,1.07918124604762
"YNR003C",23,1.38021124171161
"YNR003W-A",3,0.602059991327962
"YNR004W",15,1.20411998265592
"YNR005C",9,1
"YNR006W",96,1.98677173426624
"YNR007C",36,1.56820172406699
"YNR008W",33,1.53147891704226
"YNR009W",26,1.43136376415899
"YNR010W",28,1.46239799789896
"YNR011C",44,1.65321251377534
"YNR012W",65,1.81954393554187
"YNR013C",49,1.69897000433602
"YNR014W",19,1.30102999566398
"YNR015W",17,1.25527250510331
"YNR016C",1094,3.03941411917614
"YNR017W",51,1.7160033436348
"YNR018W",266,2.42651126136458
"YNR019W",33,1.53147891704226
"YNR020C",54,1.74036268949424
"YNR021W",94,1.97772360528885
"YNR022C",119,2.07918124604762
"YNR023W",53,1.73239375982297
"YNR024W",40,1.61278385671974
"YNR025C",33,1.53147891704226
"YNR026C",72,1.86332286012046
"YNR027W",14,1.17609125905568
"YNR028W",82,1.91907809237607
"YNR029C",53,1.73239375982297
"YNR030W",76,1.88649072517248
"YNR031C",137,2.13987908640124
"YNR032C-A",36,1.56820172406699
"YNR032W",30,1.49136169383427
"YNR033W",56,1.75587485567249
"YNR034W",28,1.46239799789896
"YNR034W-A",3491,3.54307423503353
"YNR035C",94,1.97772360528885
"YNR036C",222,2.34830486304816
"YNR037C",26,1.43136376415899
"YNR038W",41,1.6232492903979
"YNR039C",43,1.64345267648619
"YNR040W",23,1.38021124171161
"YNR041C",53,1.73239375982297
"YNR042W",13,1.14612803567824
"YNR043W",105,2.02530586526477
"YNR044W",31,1.50514997831991
"YNR045W",96,1.98677173426624
"YNR046W",25,1.41497334797082
"YNR047W",108,2.03742649794062
"YNR048W",26,1.43136376415899
"YNR049C",37,1.57978359661681
"YNR050C",133,2.12710479836481
"YNR051C",145,2.16435285578444
"YNR052C",38,1.5910646070265
"YNR053C",75,1.88081359228079
"YNR054C",28,1.46239799789896
"YNR055C",99,2
"YNR056C",15,1.20411998265592
"YNR057C",6,0.845098040014257
"YNR058W",5,0.778151250383644
"YNR059W",28,1.46239799789896
"YNR060W",8,0.954242509439325
"YNR061C",53,1.73239375982297
"YNR062C",20,1.32221929473392
"YNR063W",17,1.25527250510331
"YNR064C",26,1.43136376415899
"YNR065C",79,1.90308998699194
"YNR066C",45,1.66275783168157
"YNR067C",207,2.31806333496276
"YNR068C",110,2.04532297878666
"YNR069C",167,2.22530928172586
"YNR070W",26,1.43136376415899
"YNR071C",230,2.36361197989214
"YNR072W",86,1.93951925261862
"YNR073C",49,1.69897000433602
"YNR074C",2,0.477121254719662
"YNR075C-A",0,0
"YNR075W",0,0
"YNR076W",0,0
"YNR077C",0,0
"YOL001W",46,1.67209785793572
"YOL002C",89,1.95424250943932
"YOL003C",37,1.57978359661681
"YOL004W",167,2.22530928172586
"YOL005C",51,1.7160033436348
"YOL006C",162,2.21218760440396
"YOL007C",22,1.36172783601759
"YOL008W",13,1.14612803567824
"YOL009C",34,1.54406804435028
"YOL010W",46,1.67209785793572
"YOL011W",154,2.19033169817029
"YOL012C",73,1.86923171973098
"YOL013C",85,1.93449845124357
"YOL013W-A",0,0
"YOL013W-B",0,0
"YOL014W",6,0.845098040014257
"YOL015W",17,1.25527250510331
"YOL016C",167,2.22530928172586
"YOL017W",43,1.64345267648619
"YOL018C",78,1.89762709129044
"YOL019W",46,1.67209785793572
"YOL019W-A",0,0
"YOL020W",8,0.954242509439325
"YOL021C",69,1.84509804001426
"YOL022C",72,1.86332286012046
"YOL023W",71,1.85733249643127
"YOL024W",4,0.698970004336019
"YOL025W",48,1.69019608002851
"YOL026C",57,1.76342799356294
"YOL027C",190,2.28103336724773
"YOL028C",21,1.34242268082221
"YOL029C",26,1.43136376415899
"YOL030W",310,2.49276038902684
"YOL031C",79,1.90308998699194
"YOL032W",80,1.90848501887865
"YOL033W",23,1.38021124171161
"YOL034W",93,1.9731278535997
"YOL035C",39,1.60205999132796
"YOL036W",242,2.38560627359831
"YOL037C",33,1.53147891704226
"YOL038C-A",1,0.301029995663981
"YOL038W",203,2.3096301674259
"YOL039W",181,2.26007138798507
"YOL040C",499,2.69897000433602
"YOL041C",71,1.85733249643127
"YOL042W",43,1.64345267648619
"YOL043C",26,1.43136376415899
"YOL044W",47,1.68124123737559
"YOL045W",66,1.82607480270083
"YOL046C",4,0.698970004336019
"YOL047C",2,0.477121254719662
"YOL048C",26,1.43136376415899
"YOL049W",132,2.12385164096709
"YOL050C",21,1.34242268082221
"YOL051W",168,2.22788670461367
"YOL052C",58,1.77085201164214
"YOL052C-A",358,2.55509444857832
"YOL053W",40,1.61278385671974
"YOL054W",63,1.80617997398389
"YOL055C",30,1.49136169383427
"YOL056W",18,1.27875360095283
"YOL057W",97,1.99122607569249
"YOL058W",595,2.77524625974024
"YOL059W",69,1.84509804001426
"YOL060C",149,2.17609125905568
"YOL061W",101,2.00860017176192
"YOL062C",85,1.93449845124357
"YOL063C",44,1.65321251377534
"YOL064C",180,2.25767857486918
"YOL065C",53,1.73239375982297
"YOL066C",54,1.74036268949424
"YOL067C",17,1.25527250510331
"YOL068C",75,1.88081359228079
"YOL069W",20,1.32221929473392
"YOL070C",42,1.63346845557959
"YOL071W",87,1.94448267215017
"YOL072W",35,1.55630250076729
"YOL073C",29,1.47712125471966
"YOL075C",57,1.76342799356294
"YOL076W",53,1.73239375982297
"YOL077C",83,1.92427928606188
"YOL077W-A",552,2.7427251313047
"YOL078W",93,1.9731278535997
"YOL079W",9,1
"YOL080C",25,1.41497334797082
"YOL081W",608,2.78461729263288
"YOL082W",162,2.21218760440396
"YOL083C-A",9,1
"YOL083W",45,1.66275783168157
"YOL084W",32,1.51851393987789
"YOL085C",4,0.698970004336019
"YOL085W-A",2,0.477121254719662
"YOL086C",442,2.64640372622307
"YOL086W-A",60,1.78532983501077
"YOL087C",128,2.11058971029925
"YOL088C",44,1.65321251377534
"YOL089C",101,2.00860017176192
"YOL090W",57,1.76342799356294
"YOL091W",9,1
"YOL092W",86,1.93951925261862
"YOL093W",44,1.65321251377534
"YOL094C",31,1.50514997831991
"YOL095C",24,1.39794000867204
"YOL096C",61,1.79239168949825
"YOL097C",84,1.92941892571429
"YOL097W-A",0,0
"YOL098C",116,2.06818586174616
"YOL099C",38,1.5910646070265
"YOL100W",167,2.22530928172586
"YOL101C",3,0.602059991327962
"YOL102C",28,1.46239799789896
"YOL103W",78,1.89762709129044
"YOL103W-A",0,0
"YOL103W-B",0,0
"YOL104C",6,0.845098040014257
"YOL105C",34,1.54406804435028
"YOL106W",0,0
"YOL107W",25,1.41497334797082
"YOL108C",71,1.85733249643127
"YOL109W",845,2.92737036303902
"YOL110W",12,1.11394335230684
"YOL111C",64,1.81291335664286
"YOL112W",91,1.96378782734556
"YOL113W",70,1.85125834871908
"YOL114C",6,0.845098040014257
"YOL115W",62,1.79934054945358
"YOL116W",60,1.78532983501077
"YOL117W",51,1.7160033436348
"YOL118C",11,1.07918124604762
"YOL119C",159,2.20411998265593
"YOL120C",211,2.32633586092875
"YOL121C",131,2.12057393120585
"YOL122C",82,1.91907809237607
"YOL123W",258,2.41329976408125
"YOL124C",27,1.44715803134222
"YOL125W",30,1.49136169383427
"YOL126C",93,1.9731278535997
"YOL127W",903,2.95616843047536
"YOL128C",44,1.65321251377534
"YOL129W",130,2.11727129565576
"YOL130W",70,1.85125834871908
"YOL131W",8,0.954242509439325
"YOL132W",15,1.20411998265592
"YOL133W",81,1.91381385238372
"YOL134C",40,1.61278385671974
"YOL135C",19,1.30102999566398
"YOL136C",119,2.07918124604762
"YOL137W",73,1.86923171973098
"YOL138C",90,1.95904139232109
"YOL139C",225,2.3541084391474
"YOL140W",98,1.99563519459755
"YOL141W",20,1.32221929473392
"YOL142W",60,1.78532983501077
"YOL143C",103,2.01703333929878
"YOL144W",28,1.46239799789896
"YOL145C",144,2.16136800223497
"YOL146W",14,1.17609125905568
"YOL147C",97,1.99122607569249
"YOL148C",67,1.83250891270624
"YOL149W",52,1.72427586960079
"YOL150C",150,2.17897694729317
"YOL151W",449,2.65321251377534
"YOL152W",32,1.51851393987789
"YOL154W",5,0.778151250383644
"YOL155C",261,2.41830129131975
"YOL155W-A",0,0
"YOL156W",0,0
"YOL157C",0,0
"YOL158C",0,0
"YOL159C",1,0.301029995663981
"YOL159C-A",1,0.301029995663981
"YOL160W",0,0
"YOL161C",0,0
"YOL162W",0,0
"YOL163W",0,0
"YOL164W",0,0
"YOL164W-A",0,0
"YOL165C",0,0
"YOL166C",0,0
"YOL166W-A",0,0
"YOR001W",56,1.75587485567249
"YOR002W",131,2.12057393120585
"YOR003W",76,1.88649072517248
"YOR004W",23,1.38021124171161
"YOR005C",48,1.69019608002851
"YOR006C",53,1.73239375982297
"YOR007C",640,2.80685802951882
"YOR008C",175,2.24551266781415
"YOR008C-A",4,0.698970004336019
"YOR008W-B",3,0.602059991327962
"YOR009W",2,0.477121254719662
"YOR010C",14,1.17609125905568
"YOR011W",33,1.53147891704226
"YOR011W-A",0,0
"YOR012W",0,0
"YOR013W",1,0.301029995663981
"YOR014W",178,2.25285303097989
"YOR015W",42,1.63346845557959
"YOR016C",78,1.89762709129044
"YOR017W",51,1.7160033436348
"YOR018W",40,1.61278385671974
"YOR019W",15,1.20411998265592
"YOR020C",506,2.70500795933334
"YOR020W-A",120,2.08278537031645
"YOR021C",97,1.99122607569249
"YOR022C",49,1.69897000433602
"YOR023C",66,1.82607480270083
"YOR024W",0,0
"YOR025W",9,1
"YOR026W",30,1.49136169383427
"YOR027W",296,2.47275644931721
"YOR028C",48,1.69019608002851
"YOR029W",1,0.301029995663981
"YOR030W",94,1.97772360528885
"YOR032C",83,1.92427928606188
"YOR032W-A",9,1
"YOR033C",73,1.86923171973098
"YOR034C",60,1.78532983501077
"YOR034C-A",9,1
"YOR035C",100,2.00432137378264
"YOR036W",125,2.10037054511756
"YOR037W",38,1.5910646070265
"YOR038C",42,1.63346845557959
"YOR039W",125,2.10037054511756
"YOR040W",55,1.7481880270062
"YOR041C",10,1.04139268515822
"YOR042W",57,1.76342799356294
"YOR043W",90,1.95904139232109
"YOR044W",71,1.85733249643127
"YOR045W",188,2.27646180417324
"YOR046C",82,1.91907809237607
"YOR047C",25,1.41497334797082
"YOR048C",159,2.20411998265593
"YOR049C",51,1.7160033436348
"YOR050C",4,0.698970004336019
"YOR051C",158,2.20139712432045
"YOR052C",441,2.64542226934909
"YOR053W",23,1.38021124171161
"YOR054C",97,1.99122607569249
"YOR055W",8,0.954242509439325
"YOR056C",59,1.77815125038364
"YOR057W",74,1.8750612633917
"YOR058C",232,2.36735592102602
"YOR059C",94,1.97772360528885
"YOR060C",26,1.43136376415899
"YOR061W",118,2.07554696139253
"YOR062C",23,1.38021124171161
"YOR063W",284,2.45484486000851
"YOR064C",89,1.95424250943932
"YOR065W",285,2.45636603312904
"YOR066W",61,1.79239168949825
"YOR067C",105,2.02530586526477
"YOR068C",4,0.698970004336019
"YOR069W",45,1.66275783168157
"YOR070C",54,1.74036268949424
"YOR071C",19,1.30102999566398
"YOR072W",1,0.301029995663981
"YOR072W-A",0,0
"YOR072W-B",0,0
"YOR073W",22,1.36172783601759
"YOR073W-A",7,0.903089986991944
"YOR074C",28,1.46239799789896
"YOR075W",90,1.95904139232109
"YOR076C",61,1.79239168949825
"YOR077W",10,1.04139268515822
"YOR078W",47,1.68124123737559
"YOR079C",27,1.44715803134222
"YOR080W",33,1.53147891704226
"YOR081C",21,1.34242268082221
"YOR082C",1,0.301029995663981
"YOR083W",12,1.11394335230684
"YOR084W",17,1.25527250510331
"YOR085W",188,2.27646180417324
"YOR086C",456,2.65991620006985
"YOR087W",67,1.83250891270624
"YOR089C",226,2.35602585719312
"YOR090C",67,1.83250891270624
"YOR091W",26,1.43136376415899
"YOR092W",100,2.00432137378264
"YOR093C",80,1.90848501887865
"YOR094W",39,1.60205999132796
"YOR095C",48,1.69019608002851
"YOR096W",348,2.54282542695918
"YOR097C",46,1.67209785793572
"YOR098C",95,1.98227123303957
"YOR099W",350,2.54530711646582
"YOR100C",19,1.30102999566398
"YOR101W",21,1.34242268082221
"YOR102W",82,1.91907809237607
"YOR103C",83,1.92427928606188
"YOR104W",19,1.30102999566398
"YOR105W",0,0
"YOR106W",38,1.5910646070265
"YOR107W",42,1.63346845557959
"YOR108C-A",10,1.04139268515822
"YOR108W",26,1.43136376415899
"YOR109W",68,1.83884909073726
"YOR110W",38,1.5910646070265
"YOR111W",52,1.72427586960079
"YOR112W",36,1.56820172406699
"YOR113W",54,1.74036268949424
"YOR114W",16,1.23044892137827
"YOR115C",83,1.92427928606188
"YOR116C",147,2.17026171539496
"YOR117W",223,2.35024801833416
"YOR118W",82,1.91907809237607
"YOR119C",49,1.69897000433602
"YOR120W",211,2.32633586092875
"YOR121C",95,1.98227123303957
"YOR122C",288,2.46089784275655
"YOR123C",115,2.06445798922692
"YOR124C",199,2.30102999566398
"YOR125C",73,1.86923171973098
"YOR126C",15,1.20411998265592
"YOR127W",54,1.74036268949424
"YOR128C",174,2.24303804868629
"YOR129C",17,1.25527250510331
"YOR130C",43,1.64345267648619
"YOR131C",34,1.54406804435028
"YOR132W",53,1.73239375982297
"YOR133W",46,1.67209785793572
"YOR134W",22,1.36172783601759
"YOR135C",223,2.35024801833416
"YOR136W",950,2.97818051693741
"YOR137C",70,1.85125834871908
"YOR138C",80,1.90848501887865
"YOR139C",2,0.477121254719662
"YOR140W",32,1.51851393987789
"YOR141C",144,2.16136800223497
"YOR142W",412,2.6159500516564
"YOR142W-A",0,0
"YOR142W-B",0,0
"YOR143C",71,1.85733249643127
"YOR144C",46,1.67209785793572
"YOR145C",102,2.01283722470517
"YOR146W",35,1.55630250076729
"YOR147W",199,2.30102999566398
"YOR148C",59,1.77815125038364
"YOR149C",31,1.50514997831991
"YOR150W",101,2.00860017176192
"YOR151C",278,2.4456042032736
"YOR152C",35,1.55630250076729
"YOR153W",773,2.88874096068289
"YOR154W",71,1.85733249643127
"YOR155C",55,1.7481880270062
"YOR156C",29,1.47712125471966
"YOR157C",169,2.23044892137827
"YOR158W",86,1.93951925261862
"YOR159C",31,1.50514997831991
"YOR160W",50,1.70757017609794
"YOR161C",35,1.55630250076729
"YOR161C-C",0,0
"YOR161W-A",0,0
"YOR161W-B",7,0.903089986991944
"YOR162C",67,1.83250891270624
"YOR163W",72,1.86332286012046
"YOR164C",72,1.86332286012046
"YOR165W",135,2.13353890837022
"YOR166C",25,1.41497334797082
"YOR167C",274,2.43933269383026
"YOR168W",71,1.85733249643127
"YOR169C",18,1.27875360095283
"YOR170W",28,1.46239799789896
"YOR171C",143,2.15836249209525
"YOR172W",92,1.96848294855394
"YOR173W",106,2.02938377768521
"YOR174W",24,1.39794000867204
"YOR175C",122,2.0899051114394
"YOR176W",65,1.81954393554187
"YOR177C",6,0.845098040014257
"YOR178C",489,2.69019608002851
"YOR179C",41,1.6232492903979
"YOR180C",6,0.845098040014257
"YOR181W",15,1.20411998265592
"YOR182C",334,2.52504480703685
"YOR183W",0,0
"YOR184W",174,2.24303804868629
"YOR185C",88,1.94939000664491
"YOR186C-A",17,1.25527250510331
"YOR186W",35,1.55630250076729
"YOR187W",869,2.93951925261862
"YOR188W",45,1.66275783168157
"YOR189W",27,1.44715803134222
"YOR190W",35,1.55630250076729
"YOR191W",178,2.25285303097989
"YOR192C",17,1.25527250510331
"YOR192C-A",0,0
"YOR192C-B",0,0
"YOR192C-C",0,0
"YOR193W",61,1.79239168949825
"YOR194C",109,2.04139268515822
"YOR195W",127,2.10720996964787
"YOR196C",198,2.29885307640971
"YOR197W",115,2.06445798922692
"YOR198C",230,2.36361197989214
"YOR199W",3,0.602059991327962
"YOR200W",11,1.07918124604762
"YOR201C",82,1.91907809237607
"YOR202W",67,1.83250891270624
"YOR203W",3,0.602059991327962
"YOR204W",236,2.3747483460101
"YOR205C",35,1.55630250076729
"YOR206W",126,2.10380372095596
"YOR207C",119,2.07918124604762
"YOR208W",55,1.7481880270062
"YOR209C",156,2.19589965240923
"YOR210W",104,2.02118929906994
"YOR211C",95,1.98227123303957
"YOR212W",40,1.61278385671974
"YOR213C",55,1.7481880270062
"YOR214C",6,0.845098040014257
"YOR215C",260,2.41664050733828
"YOR216C",64,1.81291335664286
"YOR217W",63,1.80617997398389
"YOR218C",10,1.04139268515822
"YOR219C",103,2.01703333929878
"YOR220W",101,2.00860017176192
"YOR221C",49,1.69897000433602
"YOR222W",105,2.02530586526477
"YOR223W",14,1.17609125905568
"YOR224C",82,1.91907809237607
"YOR225W",41,1.6232492903979
"YOR226C",95,1.98227123303957
"YOR227W",175,2.24551266781415
"YOR228C",28,1.46239799789896
"YOR229W",51,1.7160033436348
"YOR230W",110,2.04532297878666
"YOR231C-A",3,0.602059991327962
"YOR231W",32,1.51851393987789
"YOR232W",257,2.41161970596323
"YOR233W",62,1.79934054945358
"YOR234C",165,2.22010808804005
"YOR235W",2,0.477121254719662
"YOR236W",72,1.86332286012046
"YOR237W",9,1
"YOR238W",27,1.44715803134222
"YOR239W",115,2.06445798922692
"YOR241W",91,1.96378782734556
"YOR242C",11,1.07918124604762
"YOR243C",104,2.02118929906994
"YOR244W",98,1.99563519459755
"YOR245C",143,2.15836249209525
"YOR246C",29,1.47712125471966
"YOR247W",87,1.94448267215017
"YOR248W",0,0
"YOR249C",30,1.49136169383427
"YOR250C",30,1.49136169383427
"YOR251C",38,1.5910646070265
"YOR252W",59,1.77815125038364
"YOR253W",36,1.56820172406699
"YOR254C",188,2.27646180417324
"YOR255W",0,0
"YOR256C",127,2.10720996964787
"YOR257W",94,1.97772360528885
"YOR258W",28,1.46239799789896
"YOR259C",265,2.42488163663107
"YOR260W",93,1.9731278535997
"YOR261C",262,2.41995574848976
"YOR262W",87,1.94448267215017
"YOR263C",8,0.954242509439325
"YOR264W",26,1.43136376415899
"YOR265W",43,1.64345267648619
"YOR266W",47,1.68124123737559
"YOR267C",150,2.17897694729317
"YOR268C",0,0
"YOR269W",23,1.38021124171161
"YOR270C",627,2.7979596437372
"YOR271C",47,1.68124123737559
"YOR272W",65,1.81954393554187
"YOR273C",110,2.04532297878666
"YOR274W",47,1.68124123737559
"YOR275C",72,1.86332286012046
"YOR276W",134,2.13033376849501
"YOR277C",122,2.0899051114394
"YOR278W",30,1.49136169383427
"YOR279C",22,1.36172783601759
"YOR280C",64,1.81291335664286
"YOR281C",72,1.86332286012046
"YOR282W",8,0.954242509439325
"YOR283W",83,1.92427928606188
"YOR284W",18,1.27875360095283
"YOR285W",209,2.32221929473392
"YOR286W",134,2.13033376849501
"YOR287C",25,1.41497334797082
"YOR288C",67,1.83250891270624
"YOR289W",81,1.91381385238372
"YOR290C",96,1.98677173426624
"YOR291W",101,2.00860017176192
"YOR292C",29,1.47712125471966
"YOR293C-A",4,0.698970004336019
"YOR293W",406,2.60959440922522
"YOR294W",67,1.83250891270624
"YOR295W",19,1.30102999566398
"YOR296W",58,1.77085201164214
"YOR297C",21,1.34242268082221
"YOR298C-A",859,2.93449845124357
"YOR298W",34,1.54406804435028
"YOR299W",57,1.76342799356294
"YOR300W",1,0.301029995663981
"YOR301W",7,0.903089986991944
"YOR302W",85,1.93449845124357
"YOR303W",1383,3.14113609012074
"YOR304C-A",27,1.44715803134222
"YOR304W",105,2.02530586526477
"YOR305W",26,1.43136376415899
"YOR306C",72,1.86332286012046
"YOR307C",67,1.83250891270624
"YOR308C",54,1.74036268949424
"YOR309C",0,0
"YOR310C",69,1.84509804001426
"YOR311C",117,2.07188200730613
"YOR312C",372,2.57170883180869
"YOR313C",8,0.954242509439325
"YOR314W",5,0.778151250383644
"YOR314W-A",0,0
"YOR315W",10,1.04139268515822
"YOR316C",20,1.32221929473392
"YOR316C-A",2,0.477121254719662
"YOR317W",186,2.2718416065365
"YOR318C",2,0.477121254719662
"YOR319W",73,1.86923171973098
"YOR320C",136,2.13672056715641
"YOR321W",56,1.75587485567249
"YOR322C",67,1.83250891270624
"YOR323C",119,2.07918124604762
"YOR324C",42,1.63346845557959
"YOR325W",12,1.11394335230684
"YOR326W",313,2.49692964807321
"YOR327C",151,2.18184358794477
"YOR328W",60,1.78532983501077
"YOR329C",51,1.7160033436348
"YOR329W-A",0,0
"YOR330C",136,2.13672056715641
"YOR331C",145,2.16435285578444
"YOR332W",283,2.45331834004704
"YOR333C",5,0.778151250383644
"YOR334W",43,1.64345267648619
"YOR335C",291,2.46538285144842
"YOR335W-A",19,1.30102999566398
"YOR336W",156,2.19589965240923
"YOR337W",73,1.86923171973098
"YOR338W",89,1.95424250943932
"YOR339C",4,0.698970004336019
"YOR340C",29,1.47712125471966
"YOR341W",277,2.44404479591808
"YOR342C",29,1.47712125471966
"YOR343C",5,0.778151250383644
"YOR343W-A",0,0
"YOR343W-B",0,0
"YOR344C",235,2.37291200297011
"YOR345C",1,0.301029995663981
"YOR346W",25,1.41497334797082
"YOR347C",12,1.11394335230684
"YOR348C",215,2.33445375115093
"YOR349W",55,1.7481880270062
"YOR350C",164,2.21748394421391
"YOR351C",13,1.14612803567824
"YOR352W",41,1.6232492903979
"YOR353C",82,1.91907809237607
"YOR354C",188,2.27646180417324
"YOR355W",141,2.15228834438306
"YOR356W",113,2.05690485133647
"YOR357C",43,1.64345267648619
"YOR358W",12,1.11394335230684
"YOR359W",20,1.32221929473392
"YOR360C",80,1.90848501887865
"YOR361C",111,2.04921802267018
"YOR362C",234,2.37106786227174
"YOR363C",34,1.54406804435028
"YOR364W",8,0.954242509439325
"YOR365C",20,1.32221929473392
"YOR366W",3,0.602059991327962
"YOR367W",21,1.34242268082221
"YOR368W",29,1.47712125471966
"YOR369C",760,2.88138465677057
"YOR370C",144,2.16136800223497
"YOR371C",48,1.69019608002851
"YOR372C",40,1.61278385671974
"YOR373W",22,1.36172783601759
"YOR374W",334,2.52504480703685
"YOR375C",1031,3.01367969729119
"YOR376W",3,0.602059991327962
"YOR376W-A",5,0.778151250383644
"YOR377W",66,1.82607480270083
"YOR378W",16,1.23044892137827
"YOR379C",2,0.477121254719662
"YOR380W",28,1.46239799789896
"YOR381W",17,1.25527250510331
"YOR381W-A",0,0
"YOR382W",0,0
"YOR383C",0,0
"YOR384W",2,0.477121254719662
"YOR385W",7,0.903089986991944
"YOR386W",2,0.477121254719662
"YOR387C",1,0.301029995663981
"YOR388C",0,0
"YOR389W",6,0.845098040014257
"YOR390W",8,0.954242509439325
"YOR391C",1,0.301029995663981
"YOR392W",0,0
"YOR393W",0,0
"YOR394C-A",0,0
"YOR394W",0,0
"YOR396C-A",0,0
"YOR396W",0,0
"YPL001W",23,1.38021124171161
"YPL002C",55,1.7481880270062
"YPL003W",41,1.6232492903979
"YPL004C",306,2.48713837547719
"YPL005W",48,1.69019608002851
"YPL006W",136,2.13672056715641
"YPL007C",50,1.70757017609794
"YPL008W",54,1.74036268949424
"YPL009C",149,2.17609125905568
"YPL010W",122,2.0899051114394
"YPL011C",66,1.82607480270083
"YPL012W",118,2.07554696139253
"YPL013C",119,2.07918124604762
"YPL014W",58,1.77085201164214
"YPL015C",48,1.69019608002851
"YPL016W",190,2.28103336724773
"YPL017C",28,1.46239799789896
"YPL018W",26,1.43136376415899
"YPL019C",90,1.95904139232109
"YPL020C",87,1.94448267215017
"YPL021W",2,0.477121254719662
"YPL022W",101,2.00860017176192
"YPL023C",39,1.60205999132796
"YPL024W",61,1.79239168949825
"YPL025C",3,0.602059991327962
"YPL026C",268,2.42975228000241
"YPL027W",4,0.698970004336019
"YPL028W",143,2.15836249209525
"YPL029W",66,1.82607480270083
"YPL030W",25,1.41497334797082
"YPL031C",90,1.95904139232109
"YPL032C",243,2.38738982633873
"YPL033C",0,0
"YPL034W",22,1.36172783601759
"YPL035C",11,1.07918124604762
"YPL036W",13,1.14612803567824
"YPL037C",230,2.36361197989214
"YPL038W",19,1.30102999566398
"YPL038W-A",2,0.477121254719662
"YPL039W",43,1.64345267648619
"YPL040C",55,1.7481880270062
"YPL041C",19,1.30102999566398
"YPL042C",93,1.9731278535997
"YPL043W",92,1.96848294855394
"YPL044C",27,1.44715803134222
"YPL045W",94,1.97772360528885
"YPL046C",25,1.41497334797082
"YPL047W",23,1.38021124171161
"YPL048W",56,1.75587485567249
"YPL049C",29,1.47712125471966
"YPL050C",138,2.14301480025409
"YPL051W",23,1.38021124171161
"YPL052W",78,1.89762709129044
"YPL053C",153,2.18752072083646
"YPL054W",31,1.50514997831991
"YPL055C",36,1.56820172406699
"YPL056C",11,1.07918124604762
"YPL057C",219,2.34242268082221
"YPL058C",1371,3.13735411137073
"YPL059W",118,2.07554696139253
"YPL060C-A",0,0
"YPL060W",26,1.43136376415899
"YPL061W",557,2.74663419893758
"YPL062W",1,0.301029995663981
"YPL063W",78,1.89762709129044
"YPL064C",39,1.60205999132796
"YPL065W",37,1.57978359661681
"YPL066W",46,1.67209785793572
"YPL067C",4,0.698970004336019
"YPL068C",8,0.954242509439325
"YPL069C",32,1.51851393987789
"YPL070W",83,1.92427928606188
"YPL071C",46,1.67209785793572
"YPL072W",27,1.44715803134222
"YPL073C",6,0.845098040014257
"YPL074W",69,1.84509804001426
"YPL075W",70,1.85125834871908
"YPL076W",18,1.27875360095283
"YPL077C",21,1.34242268082221
"YPL078C",1344,3.12872228433843
"YPL079W",176,2.24797326636181
"YPL080C",10,1.04139268515822
"YPL081W",137,2.13987908640124
"YPL082C",241,2.38381536598043
"YPL083C",32,1.51851393987789
"YPL084W",56,1.75587485567249
"YPL085W",149,2.17609125905568
"YPL086C",87,1.94448267215017
"YPL087W",292,2.46686762035411
"YPL088W",90,1.95904139232109
"YPL089C",32,1.51851393987789
"YPL090C",29,1.47712125471966
"YPL091W",603,2.78103693862113
"YPL092W",237,2.37657695705651
"YPL093W",139,2.14612803567824
"YPL094C",144,2.16136800223497
"YPL095C",83,1.92427928606188
"YPL096C-A",29,1.47712125471966
"YPL096W",51,1.7160033436348
"YPL097W",52,1.72427586960079
"YPL098C",27,1.44715803134222
"YPL099C",30,1.49136169383427
"YPL100W",60,1.78532983501077
"YPL101W",35,1.55630250076729
"YPL102C",2,0.477121254719662
"YPL103C",29,1.47712125471966
"YPL104W",69,1.84509804001426
"YPL105C",94,1.97772360528885
"YPL106C",872,2.94101424370557
"YPL107W",87,1.94448267215017
"YPL108W",11,1.07918124604762
"YPL109C",74,1.8750612633917
"YPL110C",83,1.92427928606188
"YPL111W",164,2.21748394421391
"YPL112C",74,1.8750612633917
"YPL113C",23,1.38021124171161
"YPL114W",8,0.954242509439325
"YPL115C",118,2.07554696139253
"YPL116W",54,1.74036268949424
"YPL117C",198,2.29885307640971
"YPL118W",123,2.09342168516224
"YPL119C",25,1.41497334797082
"YPL119C-A",6,0.845098040014257
"YPL120W",27,1.44715803134222
"YPL121C",0,0
"YPL122C",50,1.70757017609794
"YPL123C",93,1.9731278535997
"YPL124W",13,1.14612803567824
"YPL125W",88,1.94939000664491
"YPL126W",129,2.11394335230684
"YPL127C",77,1.89209460269048
"YPL128C",51,1.7160033436348
"YPL129W",83,1.92427928606188
"YPL130W",1,0.301029995663981
"YPL131W",656,2.81756536955978
"YPL132W",74,1.8750612633917
"YPL133C",32,1.51851393987789
"YPL134C",161,2.20951501454263
"YPL135C-A",142,2.15533603746506
"YPL135W",665,2.8234742291703
"YPL136W",21,1.34242268082221
"YPL137C",310,2.49276038902684
"YPL138C",63,1.80617997398389
"YPL139C",59,1.77815125038364
"YPL140C",70,1.85125834871908
"YPL141C",61,1.79239168949825
"YPL142C",434,2.63848925695464
"YPL143W",385,2.58658730467176
"YPL144W",12,1.11394335230684
"YPL145C",169,2.23044892137827
"YPL146C",72,1.86332286012046
"YPL147W",47,1.68124123737559
"YPL148C",17,1.25527250510331
"YPL149W",48,1.69019608002851
"YPL150W",109,2.04139268515822
"YPL151C",38,1.5910646070265
"YPL152W",105,2.02530586526477
"YPL152W-A",0,0
"YPL153C",40,1.61278385671974
"YPL154C",725,2.86093662070009
"YPL155C",38,1.5910646070265
"YPL156C",28,1.46239799789896
"YPL157W",22,1.36172783601759
"YPL158C",64,1.81291335664286
"YPL159C",94,1.97772360528885
"YPL160W",295,2.47129171105894
"YPL161C",40,1.61278385671974
"YPL162C",22,1.36172783601759
"YPL163C",21,1.34242268082221
"YPL164C",32,1.51851393987789
"YPL165C",51,1.7160033436348
"YPL166W",27,1.44715803134222
"YPL167C",58,1.77085201164214
"YPL168W",47,1.68124123737559
"YPL169C",117,2.07188200730613
"YPL170W",49,1.69897000433602
"YPL171C",706,2.8494194137969
"YPL172C",46,1.67209785793572
"YPL173W",87,1.94448267215017
"YPL174C",73,1.86923171973098
"YPL175W",57,1.76342799356294
"YPL176C",63,1.80617997398389
"YPL177C",68,1.83884909073726
"YPL178W",61,1.79239168949825
"YPL179W",359,2.55630250076729
"YPL180W",38,1.5910646070265
"YPL181W",56,1.75587485567249
"YPL182C",9,1
"YPL183C",54,1.74036268949424
"YPL183W-A",82,1.91907809237607
"YPL184C",88,1.94939000664491
"YPL185W",69,1.84509804001426
"YPL186C",239,2.38021124171161
"YPL187W",33,1.53147891704226
"YPL188W",63,1.80617997398389
"YPL189C-A",158,2.20139712432045
"YPL189W",27,1.44715803134222
"YPL190C",85,1.93449845124357
"YPL191C",22,1.36172783601759
"YPL192C",11,1.07918124604762
"YPL193W",33,1.53147891704226
"YPL194W",10,1.04139268515822
"YPL195W",140,2.14921911265538
"YPL196W",59,1.77815125038364
"YPL197C",22,1.36172783601759
"YPL198W",41,1.6232492903979
"YPL199C",55,1.7481880270062
"YPL200W",4,0.698970004336019
"YPL201C",52,1.72427586960079
"YPL202C",93,1.9731278535997
"YPL203W",95,1.98227123303957
"YPL204W",130,2.11727129565576
"YPL205C",23,1.38021124171161
"YPL206C",137,2.13987908640124
"YPL207W",216,2.33645973384853
"YPL208W",56,1.75587485567249
"YPL209C",8,0.954242509439325
"YPL210C",102,2.01283722470517
"YPL211W",54,1.74036268949424
"YPL212C",89,1.95424250943932
"YPL213W",63,1.80617997398389
"YPL214C",53,1.73239375982297
"YPL215W",71,1.85733249643127
"YPL216W",62,1.79934054945358
"YPL217C",203,2.3096301674259
"YPL218W",351,2.54654266347813
"YPL219W",59,1.77815125038364
"YPL220W",16,1.23044892137827
"YPL221W",366,2.56466606425209
"YPL222C-A",14,1.17609125905568
"YPL222W",77,1.89209460269048
"YPL223C",48,1.69019608002851
"YPL224C",72,1.86332286012046
"YPL225W",291,2.46538285144842
"YPL226W",283,2.45331834004704
"YPL227C",22,1.36172783601759
"YPL228W",31,1.50514997831991
"YPL229W",52,1.72427586960079
"YPL230W",28,1.46239799789896
"YPL231W",872,2.94101424370557
"YPL232W",108,2.03742649794062
"YPL233W",20,1.32221929473392
"YPL234C",204,2.31175386105575
"YPL235W",50,1.70757017609794
"YPL236C",47,1.68124123737559
"YPL237W",361,2.55870857053317
"YPL238C",160,2.20682587603185
"YPL239W",92,1.96848294855394
"YPL240C",685,2.83632411570675
"YPL241C",19,1.30102999566398
"YPL242C",108,2.03742649794062
"YPL243W",124,2.09691001300806
"YPL244C",43,1.64345267648619
"YPL245W",96,1.98677173426624
"YPL246C",51,1.7160033436348
"YPL247C",25,1.41497334797082
"YPL248C",31,1.50514997831991
"YPL249C",79,1.90308998699194
"YPL249C-A",290,2.46389298898591
"YPL250C",122,2.0899051114394
"YPL250W-A",251,2.40140054078154
"YPL251W",10,1.04139268515822
"YPL252C",36,1.56820172406699
"YPL253C",23,1.38021124171161
"YPL254W",36,1.56820172406699
"YPL255W",12,1.11394335230684
"YPL256C",34,1.54406804435028
"YPL257W",6,0.845098040014257
"YPL257W-A",0,0
"YPL257W-B",0,0
"YPL258C",16,1.23044892137827
"YPL259C",40,1.61278385671974
"YPL260W",272,2.43616264704076
"YPL261C",16,1.23044892137827
"YPL262W",712,2.85308952985187
"YPL263C",96,1.98677173426624
"YPL264C",46,1.67209785793572
"YPL265W",650,2.81358098856819
"YPL266W",113,2.05690485133647
"YPL267W",27,1.44715803134222
"YPL268W",80,1.90848501887865
"YPL269W",43,1.64345267648619
"YPL270W",142,2.15533603746506
"YPL271W",1476,3.16938049531195
"YPL272C",31,1.50514997831991
"YPL273W",65,1.81954393554187
"YPL274W",69,1.84509804001426
"YPL275W",0,0
"YPL276W",0,0
"YPL277C",8,0.954242509439325
"YPL278C",0,0
"YPL279C",0,0
"YPL280W",0,0
"YPL281C",0,0
"YPL282C",0,0
"YPL283C",0,0
"YPL283W-A",0,0
"YPL283W-B",0,0
"YPR001W",64,1.81291335664286
"YPR002C-A",0,0
"YPR002W",148,2.17318626841227
"YPR003C",55,1.7481880270062
"YPR004C",141,2.15228834438306
"YPR005C",52,1.72427586960079
"YPR006C",115,2.06445798922692
"YPR007C",4,0.698970004336019
"YPR008W",261,2.41830129131975
"YPR009W",32,1.51851393987789
"YPR010C",215,2.33445375115093
"YPR010C-A",1325,3.12254352406875
"YPR011C",35,1.55630250076729
"YPR012W",5,0.778151250383644
"YPR013C",37,1.57978359661681
"YPR014C",0,0
"YPR015C",19,1.30102999566398
"YPR016C",146,2.16731733474818
"YPR016W-A",14,1.17609125905568
"YPR017C",29,1.47712125471966
"YPR018W",62,1.79934054945358
"YPR019W",97,1.99122607569249
"YPR020W",552,2.7427251313047
"YPR021C",143,2.15836249209525
"YPR022C",142,2.15533603746506
"YPR023C",132,2.12385164096709
"YPR024W",168,2.22788670461367
"YPR025C",85,1.93449845124357
"YPR026W",66,1.82607480270083
"YPR027C",5,0.778151250383644
"YPR028W",271,2.4345689040342
"YPR029C",138,2.14301480025409
"YPR030W",106,2.02938377768521
"YPR031W",53,1.73239375982297
"YPR032W",79,1.90308998699194
"YPR033C",177,2.25042000230889
"YPR034W",42,1.63346845557959
"YPR035W",582,2.76566855475901
"YPR036W",296,2.47275644931721
"YPR036W-A",1773,3.24895361549571
"YPR037C",31,1.50514997831991
"YPR038W",7,0.903089986991944
"YPR039W",0,0
"YPR040W",38,1.5910646070265
"YPR041W",96,1.98677173426624
"YPR042C",102,2.01283722470517
"YPR043W",428,2.63245729218472
"YPR044C",402,2.60530504614111
"YPR045C",63,1.80617997398389
"YPR046W",18,1.27875360095283
"YPR047W",85,1.93449845124357
"YPR048W",85,1.93449845124357
"YPR049C",144,2.16136800223497
"YPR050C",30,1.49136169383427
"YPR051W",46,1.67209785793572
"YPR052C",49,1.69897000433602
"YPR053C",4,0.698970004336019
"YPR054W",7,0.903089986991944
"YPR055W",81,1.91381385238372
"YPR056W",46,1.67209785793572
"YPR057W",51,1.7160033436348
"YPR058W",93,1.9731278535997
"YPR059C",45,1.66275783168157
"YPR060C",71,1.85733249643127
"YPR061C",104,2.02118929906994
"YPR062W",195,2.29225607135648
"YPR063C",89,1.95424250943932
"YPR064W",2,0.477121254719662
"YPR065W",257,2.41161970596323
"YPR066W",11,1.07918124604762
"YPR067W",84,1.92941892571429
"YPR068C",12,1.11394335230684
"YPR069C",213,2.33041377334919
"YPR070W",52,1.72427586960079
"YPR071W",15,1.20411998265592
"YPR072W",133,2.12710479836481
"YPR073C",70,1.85125834871908
"YPR074C",300,2.47856649559384
"YPR074W-A",0,0
"YPR075C",127,2.10720996964787
"YPR076W",21,1.34242268082221
"YPR077C",0,0
"YPR078C",2,0.477121254719662
"YPR079W",49,1.69897000433602
"YPR080W",98,1.99563519459755
"YPR081C",41,1.6232492903979
"YPR082C",75,1.88081359228079
"YPR083W",122,2.0899051114394
"YPR084W",40,1.61278385671974
"YPR085C",45,1.66275783168157
"YPR086W",163,2.2148438480477
"YPR087W",38,1.5910646070265
"YPR088C",127,2.10720996964787
"YPR089W",93,1.9731278535997
"YPR091C",95,1.98227123303957
"YPR092W",12,1.11394335230684
"YPR093C",16,1.23044892137827
"YPR094W",24,1.39794000867204
"YPR095C",69,1.84509804001426
"YPR096C",4,0.698970004336019
"YPR097W",94,1.97772360528885
"YPR098C",178,2.25285303097989
"YPR099C",156,2.19589965240923
"YPR100W",247,2.39445168082622
"YPR101W",39,1.60205999132796
"YPR102C",80,1.90848501887865
"YPR103W",198,2.29885307640971
"YPR104C",89,1.95424250943932
"YPR105C",71,1.85733249643127
"YPR106W",54,1.74036268949424
"YPR107C",48,1.69019608002851
"YPR108W",255,2.40823996531185
"YPR108W-A",0,0
"YPR109W",87,1.94448267215017
"YPR110C",140,2.14921911265538
"YPR111W",85,1.93449845124357
"YPR112C",100,2.00432137378264
"YPR113W",123,2.09342168516224
"YPR114W",37,1.57978359661681
"YPR115W",159,2.20411998265593
"YPR116W",14,1.17609125905568
"YPR117W",285,2.45636603312904
"YPR118W",82,1.91907809237607
"YPR119W",11,1.07918124604762
"YPR120C",30,1.49136169383427
"YPR121W",3,0.602059991327962
"YPR122W",53,1.73239375982297
"YPR123C",27,1.44715803134222
"YPR124W",82,1.91907809237607
"YPR125W",93,1.9731278535997
"YPR126C",41,1.6232492903979
"YPR127W",86,1.93951925261862
"YPR128C",54,1.74036268949424
"YPR129W",66,1.82607480270083
"YPR130C",38,1.5910646070265
"YPR131C",33,1.53147891704226
"YPR132W",348,2.54282542695918
"YPR133C",100,2.00432137378264
"YPR133W-A",96,1.98677173426624
"YPR134W",35,1.55630250076729
"YPR135W",57,1.76342799356294
"YPR136C",12,1.11394335230684
"YPR137C-A",0,0
"YPR137C-B",0,0
"YPR137W",70,1.85125834871908
"YPR138C",141,2.15228834438306
"YPR139C",44,1.65321251377534
"YPR140W",51,1.7160033436348
"YPR141C",58,1.77085201164214
"YPR142C",28,1.46239799789896
"YPR143W",67,1.83250891270624
"YPR144C",51,1.7160033436348
"YPR145C-A",9,1
"YPR145W",285,2.45636603312904
"YPR146C",9,1
"YPR147C",32,1.51851393987789
"YPR148C",227,2.35793484700045
"YPR149W",524,2.72015930340596
"YPR150W",38,1.5910646070265
"YPR151C",61,1.79239168949825
"YPR152C",20,1.32221929473392
"YPR153W",13,1.14612803567824
"YPR154W",115,2.06445798922692
"YPR155C",76,1.88649072517248
"YPR156C",71,1.85733249643127
"YPR157W",41,1.6232492903979
"YPR158C-C",0,0
"YPR158C-D",0,0
"YPR158W",216,2.33645973384853
"YPR158W-A",0,0
"YPR158W-B",0,0
"YPR159C-A",0,0
"YPR159W",312,2.49554433754645
"YPR160C-A",64,1.81291335664286
"YPR160W",699,2.84509804001426
"YPR160W-A",0,0
"YPR161C",46,1.67209785793572
"YPR162C",39,1.60205999132796
"YPR163C",143,2.15836249209525
"YPR164W",72,1.86332286012046
"YPR165W",534,2.72835378202123
"YPR166C",126,2.10380372095596
"YPR167C",107,2.03342375548695
"YPR168W",15,1.20411998265592
"YPR169W",89,1.95424250943932
"YPR169W-A",0,0
"YPR170C",46,1.67209785793572
"YPR170W-A",0,0
"YPR170W-B",30,1.49136169383427
"YPR171W",34,1.54406804435028
"YPR172W",31,1.50514997831991
"YPR173C",125,2.10037054511756
"YPR174C",35,1.55630250076729
"YPR175W",24,1.39794000867204
"YPR176C",35,1.55630250076729
"YPR177C",3,0.602059991327962
"YPR178W",30,1.49136169383427
"YPR179C",24,1.39794000867204
"YPR180W",31,1.50514997831991
"YPR181C",217,2.3384564936046
"YPR182W",37,1.57978359661681
"YPR183W",76,1.88649072517248
"YPR184W",135,2.13353890837022
"YPR185W",53,1.73239375982297
"YPR186C",29,1.47712125471966
"YPR187W",107,2.03342375548695
"YPR188C",51,1.7160033436348
"YPR189W",117,2.07188200730613
"YPR190C",61,1.79239168949825
"YPR191W",882,2.94596070357757
"YPR192W",2,0.477121254719662
"YPR193C",28,1.46239799789896
"YPR194C",2593,3.41396997174806
"YPR195C",2,0.477121254719662
"YPR196W",22,1.36172783601759
"YPR197C",9,1
"YPR198W",59,1.77815125038364
"YPR199C",39,1.60205999132796
"YPR200C",28,1.46239799789896
"YPR201W",31,1.50514997831991
"YPR202W",0,0
"YPR203W",0,0
"YPR204C-A",0,0
"YPR204W",0,0
"ZOD1",0,0
"snR10",2,0.477121254719662
"snR11",426,2.63042787502502
"snR128",179,2.25527250510331
"snR13",87,1.94448267215017
"snR14",139,2.14612803567824
"snR161",115,2.06445798922692
"snR17a",1193,3.07700432679335
"snR17b",184,2.26717172840301
"snR18",16,1.23044892137827
"snR189",209,2.32221929473392
"snR19",2217,3.34596154181314
"snR190",62,1.79934054945358
"snR191",44,1.65321251377534
"snR24",25,1.41497334797082
"snR3",227,2.35793484700045
"snR30",346,2.54032947479087
"snR31",195,2.29225607135648
"snR32",269,2.43136376415899
"snR33",109,2.04139268515822
"snR34",474,2.67669360962487
"snR35",437,2.6414741105041
"snR36",85,1.93449845124357
"snR37",1706,3.23223352111473
"snR38",6,0.845098040014257
"snR39",6,0.845098040014257
"snR39B",17,1.25527250510331
"snR4",220,2.34439227368511
"snR40",166,2.22271647114758
"snR41",42,1.63346845557959
"snR42",122,2.0899051114394
"snR43",71,1.85733249643127
"snR44",190,2.28103336724773
"snR45",308,2.48995847942483
"snR46",418,2.6222140229663
"snR47",20,1.32221929473392
"snR48",7,0.903089986991944
"snR49",25,1.41497334797082
"snR5",223,2.35024801833416
"snR50",3,0.602059991327962
"snR51",16,1.23044892137827
"snR52",2,0.477121254719662
"snR53",3,0.602059991327962
"snR54",1,0.301029995663981
"snR55",13,1.14612803567824
"snR56",5,0.778151250383644
"snR57",5,0.778151250383644
"snR58",0,0
"snR59",0,0
"snR6",67,1.83250891270624
"snR60",3,0.602059991327962
"snR61",6,0.845098040014257
"snR62",6,0.845098040014257
"snR63",140,2.14921911265538
"snR64",10,1.04139268515822
"snR65",0,0
"snR66",18,1.27875360095283
"snR67",4,0.698970004336019
"snR68",19,1.30102999566398
"snR69",53,1.73239375982297
"snR7-L",0,0
"snR7-S",0,0
"snR70",73,1.86923171973098
"snR71",1,0.301029995663981
"snR72",1,0.301029995663981
"snR73",0,0
"snR74",1,0.301029995663981
"snR75",0,0
"snR76",0,0
"snR77",12,1.11394335230684
"snR78",0,0
"snR79",2,0.477121254719662
"snR8",190,2.28103336724773
"snR80",91,1.96378782734556
"snR81",84,1.92941892571429
"snR82",549,2.74036268949424
"snR83",183,2.26481782300954
"snR84",76,1.88649072517248
"snR85",82,1.91907809237607
"snR86",395,2.59769518592551
"snR87",4,0.698970004336019
"snR9",658,2.81888541459401
"tA(AGC)D",0,0
"tA(AGC)F",0,0
"tA(AGC)G",0,0
"tA(AGC)H",0,0
"tA(AGC)J",0,0
"tA(AGC)K1",0,0
"tA(AGC)K2",0,0
"tA(AGC)L",0,0
"tA(AGC)M1",0,0
"tA(AGC)M2",0,0
"tA(AGC)P",0,0
"tA(UGC)A",0,0
"tA(UGC)E",0,0
"tA(UGC)G",0,0
"tA(UGC)L",0,0
"tA(UGC)O",2,0.477121254719662
"tA(UGC)Q",2,0.477121254719662
"tC(GCA)B",0,0
"tC(GCA)G",0,0
"tC(GCA)P1",2,0.477121254719662
"tC(GCA)P2",0,0
"tC(GCA)Q",4,0.698970004336019
"tD(GUC)B",0,0
"tD(GUC)D",0,0
"tD(GUC)G1",0,0
"tD(GUC)G2",2,0.477121254719662
"tD(GUC)I1",1,0.301029995663981
"tD(GUC)I2",0,0
"tD(GUC)J1",1,0.301029995663981
"tD(GUC)J2",0,0
"tD(GUC)J3",0,0
"tD(GUC)J4",0,0
"tD(GUC)K",0,0
"tD(GUC)L1",0,0
"tD(GUC)L2",0,0
"tD(GUC)M",0,0
"tD(GUC)N",0,0
"tD(GUC)O",0,0
"tD(GUC)Q",0,0
"tE(CUC)D",0,0
"tE(CUC)I",0,0
"tE(UUC)B",0,0
"tE(UUC)C",0,0
"tE(UUC)E1",0,0
"tE(UUC)E2",0,0
"tE(UUC)E3",0,0
"tE(UUC)G1",0,0
"tE(UUC)G2",0,0
"tE(UUC)G3",0,0
"tE(UUC)I",0,0
"tE(UUC)J",0,0
"tE(UUC)K",0,0
"tE(UUC)L",1,0.301029995663981
"tE(UUC)M",0,0
"tE(UUC)P",0,0
"tE(UUC)Q",1,0.301029995663981
"tF(GAA)B",0,0
"tF(GAA)D",0,0
"tF(GAA)F",0,0
"tF(GAA)G",0,0
"tF(GAA)H1",0,0
"tF(GAA)H2",0,0
"tF(GAA)M",0,0
"tF(GAA)N",0,0
"tF(GAA)P1",2,0.477121254719662
"tF(GAA)P2",0,0
"tF(GAA)Q",1,0.301029995663981
"tG(CCC)D",0,0
"tG(CCC)O",22,1.36172783601759
"tG(GCC)B",0,0
"tG(GCC)C",0,0
"tG(GCC)D1",0,0
"tG(GCC)D2",0,0
"tG(GCC)E",0,0
"tG(GCC)F1",0,0
"tG(GCC)F2",0,0
"tG(GCC)G1",1,0.301029995663981
"tG(GCC)G2",0,0
"tG(GCC)J1",0,0
"tG(GCC)J2",0,0
"tG(GCC)M",0,0
"tG(GCC)O1",1,0.301029995663981
"tG(GCC)O2",0,0
"tG(GCC)P1",1,0.301029995663981
"tG(GCC)P2",1,0.301029995663981
"tG(UCC)G",0,0
"tG(UCC)N",0,0
"tG(UCC)O",0,0
"tG(UCC)Q",0,0
"tH(GUG)E1",1,0.301029995663981
"tH(GUG)E2",3,0.602059991327962
"tH(GUG)G1",4,0.698970004336019
"tH(GUG)G2",0,0
"tH(GUG)H",0,0
"tH(GUG)K",0,0
"tH(GUG)M",0,0
"tH(GUG)Q",2,0.477121254719662
"tI(AAU)B",0,0
"tI(AAU)D",0,0
"tI(AAU)E1",0,0
"tI(AAU)E2",0,0
"tI(AAU)G",0,0
"tI(AAU)I1",0,0
"tI(AAU)I2",0,0
"tI(AAU)L1",0,0
"tI(AAU)L2",0,0
"tI(AAU)N1",1,0.301029995663981
"tI(AAU)N2",0,0
"tI(AAU)P1",0,0
"tI(AAU)P2",0,0
"tI(GAU)Q",2,0.477121254719662
"tI(UAU)D",0,0
"tI(UAU)L",0,0
"tK(CUU)C",1,0.301029995663981
"tK(CUU)D1",0,0
"tK(CUU)D2",0,0
"tK(CUU)E1",0,0
"tK(CUU)E2",0,0
"tK(CUU)F",0,0
"tK(CUU)G1",0,0
"tK(CUU)G2",0,0
"tK(CUU)G3",0,0
"tK(CUU)I",0,0
"tK(CUU)J",0,0
"tK(CUU)K",0,0
"tK(CUU)M",0,0
"tK(CUU)P",1,0.301029995663981
"tK(UUU)D",2,0.477121254719662
"tK(UUU)G1",0,0
"tK(UUU)G2",1,0.301029995663981
"tK(UUU)K",0,0
"tK(UUU)L",0,0
"tK(UUU)O",0,0
"tK(UUU)P",0,0
"tK(UUU)Q",5,0.778151250383644
"tL(CAA)A",1,0.301029995663981
"tL(CAA)C",0,0
"tL(CAA)D",0,0
"tL(CAA)G1",0,0
"tL(CAA)G2",0,0
"tL(CAA)G3",0,0
"tL(CAA)K",0,0
"tL(CAA)L",0,0
"tL(CAA)M",0,0
"tL(CAA)N",0,0
"tL(GAG)G",1,0.301029995663981
"tL(UAA)B1",0,0
"tL(UAA)B2",0,0
"tL(UAA)D",0,0
"tL(UAA)J",0,0
"tL(UAA)K",0,0
"tL(UAA)L",0,0
"tL(UAA)N",0,0
"tL(UAA)Q",0,0
"tL(UAG)J",0,0
"tL(UAG)L1",0,0
"tL(UAG)L2",0,0
"tM(CAU)C",0,0
"tM(CAU)D",0,0
"tM(CAU)E",1,0.301029995663981
"tM(CAU)J1",0,0
"tM(CAU)J2",0,0
"tM(CAU)J3",0,0
"tM(CAU)M",0,0
"tM(CAU)O1",0,0
"tM(CAU)O2",1,0.301029995663981
"tM(CAU)P",0,0
"tM(CAU)Q1",2,0.477121254719662
"tM(CAU)Q2",0,0
"tN(GUU)C",0,0
"tN(GUU)F",0,0
"tN(GUU)G",1,0.301029995663981
"tN(GUU)K",0,0
"tN(GUU)L",0,0
"tN(GUU)N1",0,0
"tN(GUU)N2",0,0
"tN(GUU)O1",0,0
"tN(GUU)O2",0,0
"tN(GUU)P",0,0
"tN(GUU)Q",0,0
"tP(AGG)C",0,0
"tP(AGG)N",0,0
"tP(UGG)A",0,0
"tP(UGG)F",0,0
"tP(UGG)H",0,0
"tP(UGG)L",0,0
"tP(UGG)M",0,0
"tP(UGG)N1",0,0
"tP(UGG)N2",0,0
"tP(UGG)O1",0,0
"tP(UGG)O2",0,0
"tP(UGG)O3",0,0
"tP(UGG)Q",0,0
"tQ(CUG)M",1,0.301029995663981
"tQ(UUG)B",1,0.301029995663981
"tQ(UUG)C",0,0
"tQ(UUG)D1",0,0
"tQ(UUG)D2",0,0
"tQ(UUG)D3",0,0
"tQ(UUG)E1",0,0
"tQ(UUG)E2",0,0
"tQ(UUG)H",0,0
"tQ(UUG)L",0,0
"tQ(UUG)Q",0,0
"tR(ACG)D",2,0.477121254719662
"tR(ACG)E",0,0
"tR(ACG)J",0,0
"tR(ACG)K",1,0.301029995663981
"tR(ACG)L",0,0
"tR(ACG)O",0,0
"tR(ACG)Q2",0,0
"tR(CCG)L",1,0.301029995663981
"tR(CCU)J",1,0.301029995663981
"tR(UCU)B",0,0
"tR(UCU)D",0,0
"tR(UCU)E",0,0
"tR(UCU)G1",0,0
"tR(UCU)G2",2,0.477121254719662
"tR(UCU)G3",0,0
"tR(UCU)J1",0,0
"tR(UCU)J2",0,0
"tR(UCU)K",1,0.301029995663981
"tR(UCU)M1",1,0.301029995663981
"tR(UCU)M2",0,0
"tR(UCU)Q1",0,0
"tS(AGA)A",0,0
"tS(AGA)B",0,0
"tS(AGA)D1",0,0
"tS(AGA)D2",0,0
"tS(AGA)D3",0,0
"tS(AGA)E",0,0
"tS(AGA)G",0,0
"tS(AGA)H",0,0
"tS(AGA)J",2,0.477121254719662
"tS(AGA)L",0,0
"tS(AGA)M",0,0
"tS(CGA)C",0,0
"tS(GCU)F",0,0
"tS(GCU)O",0,0
"tS(GCU)Q1",4,0.698970004336019
"tS(UGA)E",0,0
"tS(UGA)I",0,0
"tS(UGA)P",0,0
"tS(UGA)Q2",3,0.602059991327962
"tT(AGU)B",1,0.301029995663981
"tT(AGU)C",0,0
"tT(AGU)D",0,0
"tT(AGU)H",0,0
"tT(AGU)I1",0,0
"tT(AGU)I2",0,0
"tT(AGU)J",0,0
"tT(AGU)N1",0,0
"tT(AGU)N2",0,0
"tT(AGU)O1",0,0
"tT(AGU)O2",0,0
"tT(CGU)K",1,0.301029995663981
"tT(UAG)Q2",2,0.477121254719662
"tT(UGU)G1",0,0
"tT(UGU)G2",0,0
"tT(UGU)H",0,0
"tT(UGU)P",0,0
"tT(UGU)Q1",0,0
"tV(AAC)E1",0,0
"tV(AAC)E2",1,0.301029995663981
"tV(AAC)G1",0,0
"tV(AAC)G2",0,0
"tV(AAC)G3",0,0
"tV(AAC)H",0,0
"tV(AAC)J",0,0
"tV(AAC)K1",0,0
"tV(AAC)K2",0,0
"tV(AAC)L",0,0
"tV(AAC)M1",0,0
"tV(AAC)M2",0,0
"tV(AAC)M3",0,0
"tV(AAC)O",0,0
"tV(CAC)D",0,0
"tV(CAC)H",0,0
"tV(UAC)B",0,0
"tV(UAC)D",1,0.301029995663981
"tV(UAC)Q",4,0.698970004336019
"tW(CCA)G1",0,0
"tW(CCA)G2",0,0
"tW(CCA)J",0,0
"tW(CCA)K",0,0
"tW(CCA)M",0,0
"tW(CCA)P",0,0
"tW(UCA)Q",0,0
"tX(XXX)D",0,0
"tX(XXX)L",0,0
"tY(GUA)D",0,0
"tY(GUA)F1",0,0
"tY(GUA)F2",0,0
"tY(GUA)J1",0,0
"tY(GUA)J2",0,0
"tY(GUA)M1",1,0.301029995663981
"tY(GUA)M2",0,0
"tY(GUA)O",0,0
"tY(GUA)Q",1,0.301029995663981
