"gene_id","baseMean","log2FoldChange","lfcSE","pvalue","padj"
"YGR087C",459.39711109665,-4.93041115124751,0.269708091008549,5.6537861566872e-76,3.44598266250085e-72
"YCR105W",562.003375428933,7.28991155578506,0.405207431778977,3.03526831630997e-73,9.24998019395462e-70
"YGR088W",664.141593276478,-4.81550140161393,0.276314555161223,2.47320242678369e-69,5.02472293041553e-66
"YHR094C",486.763393214133,-4.30912855850497,0.2564516397691,1.04405433443639e-64,1.59087779209745e-61
"YKR097W",251.43965425522,5.23076224922717,0.335364675762465,1.23605771432179e-55,1.50675435375826e-52
"YPL095C",375.361534043276,-3.67470199862577,0.257048961856054,1.44746172326067e-47,1.4703798672123e-44
"YLR377C",299.906336209961,4.591651827738,0.325716429358498,2.86320974797361e-46,2.49303763055702e-43
"YPR036W-A",899.714197049792,3.93965554354186,0.304626166710882,1.75781526417194e-39,1.339235504391e-36
"YOR273C",398.967474246298,-3.09894306263995,0.243124651739763,1.56882061392654e-38,1.06244018243137e-35
"YNR034W-A",1713.46872503068,4.80494814400923,0.383715418910567,3.2558666688098e-37,1.98445073463958e-34
"YBR072W",1166.77207910643,3.86093064748054,0.31656805409773,2.06118679148059e-35,1.14208486309766e-32
"YNL036W",276.605303911409,3.44299233545453,0.283021492500953,3.89114092096347e-35,1.97637532610603e-32
"YDL243C",194.147026316332,4.02432145218499,0.334181976588749,1.31095809584814e-34,6.14637661091878e-32
"YGR201C",144.784793646003,-3.79113890710121,0.31861998378337,6.83570241409382e-34,2.97597187242156e-31
"YNL141W",180.827497402592,-3.38130462723049,0.28726568384972,3.56315641991364e-33,1.44782922529157e-30
"YJL052W",7723.68346575748,-2.7367385332792,0.246198892168565,6.80138091436864e-30,2.59090104206731e-27
"YIL155C",266.981233026421,3.58682036182102,0.328132109037705,5.89775517148034e-29,2.1145186923631e-26
"YIR019C",1355.667211734,3.13980900120565,0.29070580560899,2.24646106493915e-28,7.60676677266896e-26
"YGL117W",145.225666500801,4.32753588668632,0.400952156783975,2.57698544759058e-28,8.26669805424453e-26
"YNR071C",109.416597789838,5.67399738640401,0.525279790094211,6.30122362408628e-28,1.92029789944029e-25
"YMR319C",136.547168589162,-3.19905987186686,0.308269856500332,1.50621524918046e-26,4.37161044940709e-24
"YDR345C",1258.35030532113,-2.33998668547055,0.225882710139356,2.64121452383761e-26,7.31736478308648e-24
"YOL128C",188.554058827942,-2.98350507145145,0.290425439702852,3.62452785998349e-26,9.60499882895625e-24
"YDR406W",438.77320564039,-2.65193285496791,0.259968672402059,1.05266882151378e-25,2.67334019463603e-23
"YJL212C",247.474036281249,-2.88554480514502,0.289760782290688,8.96499066899611e-25,2.18566472510125e-22
"YCL025C",604.447537564512,3.36174810956523,0.336401563746439,9.62325771352675e-25,2.25591368322867e-22
"YBL049W",273.642757743601,-2.60688254076153,0.263428516664582,2.14929851851179e-24,4.85184239641828e-22
"YDL210W",102.709490216651,-3.26624803624218,0.335984538769899,8.18035996270603e-24,1.73036273372888e-21
"YDR536W",164.13670871592,2.9933677092725,0.306086741947866,8.51696177389111e-24,1.73036273372888e-21
"YJL034W",962.808774483775,2.26016629960792,0.230389071887249,8.26296632516526e-24,1.73036273372888e-21
"YKL071W",350.900113273891,3.08079832928008,0.315218533502556,8.97099220973235e-24,1.76381282317157e-21
"YMR145C",189.008098421723,2.56865850943351,0.264344494270066,1.84423219758114e-23,3.51268601383032e-21
"YDL039C",65.4646796131009,4.10249654629438,0.421055085143569,3.09866233209036e-23,5.72313542851235e-21
"YIL045W",160.116357328359,-3.07295075556886,0.322976324943286,1.82786054267127e-22,3.27670882575923e-20
"YGR142W",523.487252916085,4.02412749919121,0.428075454292287,3.19822690582737e-22,5.56948371171938e-20
"YPR002W",65.2643111382334,4.0813055824706,0.433576065702619,6.24736138530634e-22,1.05771299009561e-19
"YJL116C",974.162536520768,-2.81930657519986,0.309886435697494,5.15506155035047e-21,8.49191895929355e-19
"YAL060W",195.48373997199,-2.54399606691907,0.279907359511618,7.4242280739171e-21,1.1908071081717e-18
"YKR034W",291.359907065794,-2.25850012138379,0.24964097003951,1.33545125883428e-20,2.08707062117819e-18
"YGL055W",2148.50083033627,-2.00943611416828,0.222789001674146,1.56053595761156e-20,2.37786666541062e-18
"YPL262W",322.139143530593,2.39977580088444,0.268453028061837,2.86434817120892e-20,4.25809807402886e-18
"YMR305C",206.593602597344,3.70632488309362,0.425818832711405,1.77068289016512e-19,2.56959814656106e-17
"YKR033C",114.192248316968,-2.55749785742639,0.295781315139836,4.76270031940383e-19,6.75085080157357e-17
"YLR327C",212.892717197883,4.00549332467187,0.471622029474873,1.29277068420052e-18,1.79078120913686e-16
"YML128C",308.051317304747,-1.99413114127308,0.234800607263727,1.90661904873421e-18,2.58240957823e-16
"YKL165C",101.357454179573,2.84627576132437,0.336820104517891,1.9864443022274e-18,2.6320387004513e-16
"YKR009C",87.380525798356,-2.67986041793186,0.316261312645237,2.30596871580008e-18,2.99039985591522e-16
"SCR1",2649.73948252183,2.96509862798885,0.351818993649531,2.40333080683057e-18,3.05172943075673e-16
"YLR004C",78.0341369429868,-2.97053327431573,0.356441430530485,3.57902281928435e-18,4.45186613949758e-16
"YHR092C",90.2523443549886,-2.536641529853,0.302656163733938,3.70804820314287e-18,4.52011075963116e-16
"YBL048W",144.00013960643,-2.71316897032839,0.326348571169575,4.91542679207805e-18,5.87441692112073e-16
"YDR089W",99.6049562789156,-2.46862904555194,0.296251190149882,6.28869844361901e-18,7.37108019497267e-16
"YCR012W",5137.518786352,-2.06578904106061,0.250029834330156,1.08513951485965e-17,1.22480098945732e-15
"YOR348C",643.190568148782,-2.25965067598779,0.273810007188935,1.06754064953141e-17,1.22480098945732e-15
"YLR044C",875.318562804405,-2.07406814437072,0.252770680519274,1.88375019195556e-17,2.08753771272166e-15
"YOR047C",74.0667895766882,-2.65525723576476,0.323549414156427,2.01135141766871e-17,2.18914051619478e-15
"YPL171C",371.805882330824,2.4175102418778,0.295910026190725,2.21922695737209e-17,2.37301549213735e-15
"YDR070C",337.584011238697,-2.69993443253951,0.330088479122732,2.36741259127985e-17,2.48782409376736e-15
"YMR122W-A",188.93605111953,2.6769534940582,0.328865212665933,2.47890550566878e-17,2.56083543339851e-15
"YCR013C",2849.05261773911,-2.05106139631259,0.253294960934586,4.59047733708535e-17,4.66315989492254e-15
"YMR118C",90.045828581673,-2.49034044851679,0.308348496903108,4.83792677630113e-17,4.83396126255007e-15
"YOR092W",206.981444747906,-2.17914932198973,0.274419825695682,1.45633267443796e-16,1.43166897591925e-14
"YHL028W",129.749493453237,-2.64377074801054,0.333392800437431,1.6814888572145e-16,1.62677374360673e-14
"YGR248W",78.818474730944,-2.46959168610203,0.312768952262875,2.28335309310097e-16,2.17453704725788e-14
"YEL071W",243.72415899909,2.0924719193421,0.265761642468478,2.84257639343544e-16,2.66546201815216e-14
"YLR174W",161.374460323396,2.72508020551619,0.349132987685432,3.76339072337692e-16,3.47543431196702e-14
"YJR095W",50.8840848800698,3.61082548130751,0.465303142392484,8.19673138351515e-16,7.45657877351117e-14
"YOR386W",38.8769411244933,-4.56588685891547,0.585966130339513,1.20638360283573e-15,1.08131000871821e-13
"YIL053W",92.1557852103664,-2.63192309578564,0.341714032375679,1.33979865774202e-15,1.18348881433878e-13
"YEL069C",81.9449771236728,10.8021509426916,2.93556354448834,1.41719433631635e-15,1.23397135426402e-13
"YLR257W",472.593364329659,-1.72908390169299,0.22556456187244,1.76931959917715e-15,1.51887365591334e-13
"YDL223C",529.798376783455,-1.90674257204386,0.250982120269481,2.98032851150694e-15,2.52293087189372e-13
"YNR072W",40.8397821056707,4.95100271336698,0.645851041037692,4.29107922463696e-15,3.58275724303593e-13
"YPL106C",504.534991090152,1.83955067219772,0.243858685582231,4.47537866029991e-15,3.68613958574702e-13
"YLR303W",446.182217556033,2.24335924500498,0.298826921326572,4.58437090694564e-15,3.72556542371116e-13
"YKR076W",193.200706360334,2.03369022084259,0.274106486736323,9.85017473717444e-15,7.89958092408924e-13
"YOR161C",93.402854092594,-2.45349987766697,0.334035797787775,1.09637675039883e-14,8.67846271906608e-13
"YOL086C",837.515010024008,-1.68619956951485,0.230565515141789,2.66766211243703e-14,2.08453853529534e-12
"YDR524C-B",1458.6138364553,1.50678336848233,0.205662069443411,2.98502260328467e-14,2.27421409587751e-12
"YGR067C",50.0058793713665,2.83542266808828,0.39050460157689,2.98333115896913e-14,2.27421409587751e-12
"YER103W",267.923095480535,2.36180331830557,0.325669240544318,3.23359971316254e-14,2.43318398169453e-12
"YGR256W",215.090653101055,-2.05474722180592,0.288193209925276,6.91525691770482e-14,5.14005986748913e-12
"YMR002W",223.941788559977,1.8739427700867,0.263049260723863,1.0610968278883e-13,7.79203032045682e-12
"YPL271W",788.761305367063,1.72253432483087,0.242484280410173,1.28792746906669e-13,9.34514038566845e-12
"YPL223C",146.683938345622,-2.35673589173385,0.333611617825161,1.48530909529135e-13,1.06505399244715e-11
"YFR015C",69.4628240276988,2.52979507556763,0.360301826911024,1.66328430853255e-13,1.17880440238441e-11
"YOR375C",531.299693109921,1.60180237487355,0.22789786185134,2.36396476822446e-13,1.65613393819863e-11
"YOR020C",262.010696329523,1.65562463732817,0.235747095780212,2.44596263967607e-13,1.69410707827564e-11
"YNR067C",103.828916873096,2.00785636144561,0.289777651056559,3.66992917108628e-13,2.51328295480572e-11
"YNR001C",1011.81324793738,1.58156170013064,0.227248619613075,3.93697501410952e-13,2.66620696788862e-11
"YPR035W",747.489129558788,-1.63443298802459,0.235106200363861,4.00377772752643e-13,2.6816511262938e-11
"YJR094W-A",91.865563308136,2.14478972523939,0.312115659552827,5.4408589167282e-13,3.60456903233244e-11
"YJL159W",256.337341472035,2.09160280673365,0.304998448756775,5.54087461737734e-13,3.6313581497758e-11
"YPL250C",64.958041201667,2.44816144812604,0.358636331826934,6.92263559995739e-13,4.4886663810362e-11
"YBR162C",178.64923572121,2.50154925410308,0.368961756749226,7.82989021359341e-13,5.02349272124756e-11
"YLR216C",125.887569702213,2.30055256203276,0.337523576118562,7.9334759966689e-13,5.0369308541351e-11
"YNL030W",70.4390730017482,2.15577688326234,0.31634648580073,8.88804313138498e-13,5.52781866181546e-11
"YOL002C",172.549975446071,-1.78355366715901,0.262293015090979,8.87548502426462e-13,5.52781866181546e-11
"YGR125W",801.395240839537,-1.43313050341951,0.208947304951633,8.9885339447696e-13,5.53384993872432e-11
"YJR138W",196.089748786112,-1.64524007466796,0.240899108413973,9.47712303469847e-13,5.77630648964872e-11
"YJL190C",100.864340148402,2.11171708697257,0.311616242981292,1.06533184476695e-12,6.42890850876686e-11
"YOL126C",193.030898959608,-1.88624849078749,0.279478993023965,1.12184267561998e-12,6.70355990970957e-11
"YPL111W",71.4377874441143,2.22154218023225,0.328875090719667,1.16130994176632e-12,6.87202339326767e-11
"YDL055C",272.13270686614,1.64720964538362,0.242824294084984,1.26961940600715e-12,7.44070219193614e-11
"YJL158C",56.0697771849859,2.35380200928216,0.350040024054373,1.48705214290489e-12,8.63198362952889e-11
"YLR403W",148.891631198025,-1.82494070928802,0.272191446874317,1.72119013220316e-12,9.86784865621907e-11
"YMR250W",110.890581490358,-1.88870990940491,0.281064201407354,1.73233766401221e-12,9.86784865621907e-11
"YBR294W",120.239298760257,2.15463605621994,0.324425203315165,2.49553775049138e-12,1.40836135085602e-10
"YJL079C",279.434713760259,-1.95005049800617,0.293943822072279,2.69844575818847e-12,1.50890155010631e-10
"YAL012W",55.5664993655957,2.64150016852933,0.401377933573476,3.10118537478143e-12,1.71833862357207e-10
"YML087C",130.451549095861,1.86548030830125,0.282360319038839,3.7410696055379e-12,2.05421795006788e-10
"YMR271C",90.2702682232382,-2.0797954850755,0.317793468017482,4.05974258224068e-12,2.20929741417473e-10
"YGR052W",36.9888339271165,-3.03109510803246,0.456382095772453,4.47925938226742e-12,2.39483209955438e-10
"YLR446W",58.1809589153777,-2.48444056824841,0.383395495908855,4.4767517001675e-12,2.39483209955438e-10
"YOR274W",97.577457629358,-1.88012867689441,0.286463951355671,4.84023350787518e-12,2.56532375917384e-10
"YBR068C",126.266023856408,1.96367035919548,0.302121070287615,6.79018540677604e-12,3.50912091718181e-10
"YKL016C",598.414585946505,1.52744002322634,0.232959714815662,6.79370415467521e-12,3.50912091718181e-10
"YPL135W",339.332175733786,1.50588595093504,0.229647410647106,6.78533564622331e-12,3.50912091718181e-10
"YPL201C",26.969819142803,3.79368425021803,0.579573399018839,9.34538211090554e-12,4.78656335848481e-10
"YDR223W",75.316818793407,-2.0432845681774,0.319959997645179,1.25827894846142e-11,6.35790622562148e-10
"YIL119C",194.566476288033,-2.24428713972154,0.349736761982355,1.26219303248597e-11,6.35790622562148e-10
"YJR096W",547.36597079285,-1.43970149682019,0.223187038907491,1.38216410438176e-11,6.90515591492364e-10
"YOL055C",74.2422919875361,-2.0983900689519,0.333283555255972,1.91467580581848e-11,9.48776344427936e-10
"YDR032C",217.763226511387,1.56314365984515,0.245198599231175,2.12122210148944e-11,1.04264908940146e-09
"YHL032C",122.983729340174,2.07416519958992,0.328948870247147,2.53493100719245e-11,1.23603235910704e-09
"YCR098C",126.245014782304,1.77362800775125,0.28298481929833,3.5004207435104e-11,1.68546870573837e-09
"YJR009C",286.371976311425,-1.59762631165905,0.254563478295205,3.51196924739578e-11,1.68546870573837e-09
"YLR164W",44.7507194570191,-2.65881041399355,0.433336233432892,3.64475459636668e-11,1.73552963006679e-09
"YHR140W",48.4888485898979,-2.40628010984041,0.388494752952383,3.76524702915815e-11,1.7772407417009e-09
"YKL096W-A",2646.63435421076,-1.35894272936867,0.215296040286469,3.79066934243015e-11,1.7772407417009e-09
"YCR032W",119.849404666615,-1.69413764751095,0.270722762143654,4.10748481610763e-11,1.91107785909741e-09
"YOR384W",25.2537137626721,-5.04321598112773,0.778318363071225,4.5042958339623e-11,2.0798244778788e-09
"YNL195C",101.22845315212,-1.9393530460371,0.311172063301672,4.79416516468681e-11,2.19702531419294e-09
"YML075C",156.178031305193,-1.87562505459373,0.303961666097763,5.05089225040633e-11,2.29740210941989e-09
"YPR124W",118.219972568829,-1.74332441939941,0.282966952127718,8.44319334313162e-11,3.81194543899164e-09
"YKL009W",80.7663031676733,2.36364282586772,0.389796953494553,1.10438510110358e-10,4.94943175825466e-09
"YCR011C",249.815363799565,-1.44234104190916,0.23553902926357,1.14596096341708e-10,5.09827158542124e-09
"YKR031C",233.711979509307,-1.55699654604775,0.254589987086352,1.21460027437216e-10,5.36448454514369e-09
"snR44",127.059263228126,2.15438843432469,0.358058675699618,1.30536396288845e-10,5.72388011065114e-09
"YDR322C-A",276.024727093638,1.44199558070135,0.236646108442133,1.48802153447758e-10,6.47820803760062e-09
"YHR174W",197.795460500174,-1.57421823414199,0.261695695079185,1.90078842700691e-10,8.21652869688449e-09
"YNL052W",1150.49250104031,1.42727174463272,0.236171075979965,1.98636049817297e-10,8.52596284251002e-09
"YOR317W",343.611088823079,-1.48183616776529,0.246139484857895,2.00276891889472e-10,8.53627731514916e-09
"YER169W",136.309072649295,-1.57242528358662,0.26211328376266,2.09563280122352e-10,8.87005689128981e-09
"YPL061W",311.600285300327,1.40521583805301,0.23308856020369,2.22808209448063e-10,9.36562783852375e-09
"YOL058W",300.036313627817,1.56490276602847,0.261150883268838,2.33253271562021e-10,9.73752527514052e-09
"YKL152C",1722.60377123828,-1.36501967728849,0.22692360832207,2.45229517676884e-10,1.01678497295279e-08
"YLR178C",246.721335739411,-1.74887718408663,0.294916612206273,2.87661105273461e-10,1.18465840313631e-08
"YDR242W",97.1880578432746,-1.67213355514537,0.283092572867382,3.49961183345427e-10,1.43155262583247e-08
"YGR019W",66.0470657133857,-1.85698003888804,0.315319108979462,3.709411000566e-10,1.50725733656332e-08
"YDR074W",446.311862915738,-1.3999477269385,0.236466684713396,4.05788957315243e-10,1.63793622174596e-08
"YGL062W",372.624843523531,1.39538922180746,0.235579456689616,4.27242559336056e-10,1.71318644681136e-08
"YGR189C",82.5608375415065,2.07516567853277,0.357308516249896,4.86260992600025e-10,1.93709852934454e-08
"YCR079W",85.1356069515317,-1.96654378643884,0.343124609370947,6.36773626716896e-10,2.52021769794771e-08
"YGR234W",1409.24223172421,1.35785348337069,0.233091229735554,8.07829792925932e-10,3.17659521798939e-08
"YKL081W",84.2281456215736,1.69599529160341,0.29498118212478,9.42778238473443e-10,3.68348292531772e-08
"YOR247W",32.2294339015657,2.5507597259964,0.447439908792727,1.23437632785521e-09,4.79205332374363e-08
"YLR237W",95.0752695542961,-1.67934069830242,0.295354426252401,1.27909971264868e-09,4.93424857505929e-08
"YLR168C",215.66396963413,1.64098789806928,0.288212465956684,1.38772051751265e-09,5.31959531713181e-08
"YKL153W",1011.27034877784,-1.32602555787847,0.231249226954815,1.40614781625933e-09,5.35654433756287e-08
"YPR167C",67.9074422550126,2.02102540504811,0.359399547842733,1.70323410728127e-09,6.4479576918505e-08
"YLR231C",44.463895082723,-2.14485566006595,0.3857097634438,1.73680793796645e-09,6.53447184068241e-08
"YLR053C",65.4141778938325,-2.10941710661889,0.374639874347785,1.9271995164192e-09,7.20630739421779e-08
"YNL134C",477.243401537746,1.32104646137243,0.232489116279189,1.94943417998388e-09,7.24500080914742e-08
"YGR035C",40.9143171720198,-2.49110753805413,0.443239281355506,1.98233341043482e-09,7.32261947672741e-08
"YOL138C",140.485985228733,-1.49175511619904,0.264515873032031,2.18716787434654e-09,8.03059529767601e-08
"YLR075W",1096.44241566567,1.52588061995753,0.271491671954871,2.25428079476799e-09,8.22744996653348e-08
"YNL129W",46.5930156951371,-2.13595303345454,0.38131093258857,2.35996944565948e-09,8.56191295910389e-08
"YFL021W",138.323674345928,-1.58401967331953,0.283439090860702,2.50240300905967e-09,9.02493866285129e-08
"YMR040W",68.6940588689956,2.67193661952303,0.484298494038931,2.54257760365694e-09,9.11588852605237e-08
"YLR076C",723.472024725178,1.55687772756406,0.279152624421753,2.79192959442273e-09,9.9513513906471e-08
"YNL074C",136.288538620656,-1.47220804929195,0.2636784580402,2.82968264980116e-09,1.002727659915e-07
"YML012W",155.595684380798,1.40043428280662,0.250115985381165,2.9818435604766e-09,1.05053968214479e-07
"YMR272C",287.165682497101,-1.29645386817929,0.232388236023778,3.5368096309855e-09,1.23889969545153e-07
"YDL239C",206.10974598892,-1.99548690530707,0.363398617319466,3.60344625211519e-09,1.25502885180812e-07
"YFR032C-A",172.888169359716,1.56721681008006,0.284471973324893,4.3261296889069e-09,1.49816820760725e-07
"YNL037C",493.55889355774,1.33613980137428,0.241578109759275,4.5416868745266e-09,1.56393115820563e-07
"YPR006C",56.3992760904136,1.97253324252789,0.363000983183404,4.60308079732269e-09,1.57616727301583e-07
"YER132C",140.856949743145,-1.39826062760508,0.253672662645593,4.77429320090202e-09,1.62566017092167e-07
"YFR011C",106.062878075198,1.77813603914357,0.325750357200079,5.0424412252883e-09,1.70358823611211e-07
"YMR315W",206.411915773782,-1.32782008469141,0.240906583809046,5.05905612364712e-09,1.70358823611211e-07
"YBR189W",162.96387611705,1.37826409234888,0.251212119742838,5.78262934541813e-09,1.92075910821775e-07
"YIL113W",37.7732576098308,-2.12673428823238,0.394462923903669,5.79851806254416e-09,1.92075910821775e-07
"YLR024C",200.617948197181,-1.36623920620528,0.249456498682578,5.74505794113793e-09,1.92075910821775e-07
"YDL168W",409.526627573973,1.21283788737202,0.221638605075647,7.55206804221985e-09,2.48810025499081e-07
"YAL061W",130.786051410096,-1.4463713988035,0.268103011962343,8.24574658053764e-09,2.70203362410629e-07
"YML063W",357.771765680436,1.39896162009226,0.258710181145825,8.47538646874396e-09,2.76243211374302e-07
"YGL205W",55.6394978566243,-1.86017756727161,0.350050374374233,8.56992840424562e-09,2.77838902254665e-07
"YHR205W",221.450139327211,-1.52323697189582,0.283955788782015,8.90035667659139e-09,2.87024729861505e-07
"YPL265W",295.372372722416,1.6141649149312,0.30160908229308,9.23760980922395e-09,2.96332798880105e-07
"YML091C",518.232047132273,1.54328921206556,0.287521738662134,9.39386651295615e-09,2.99767625112397e-07
"YGR211W",109.284072975241,1.5727363049611,0.294440181437373,1.02147800249868e-08,3.24266063814036e-07
"YJR036C",32.3223780912752,-2.22350895605424,0.420827723498924,1.0498509848512e-08,3.31546204801453e-07
"YGR144W",32.7004659810793,-2.2639828029436,0.434121819549497,1.15952836796e-08,3.64295123851351e-07
"YAL038W",1824.2000049577,-1.22714425839743,0.228102321665326,1.19688928130817e-08,3.74104624080681e-07
"YPR026W",99.7401261028941,-1.47090330463397,0.277976857728807,1.56416465302682e-08,4.86407324499921e-07
"YGR049W",44.184029207583,-1.909469617329,0.36414359281607,1.69255671623885e-08,5.21016827549283e-07
"YJR048W",360.960986072749,1.21252140503828,0.227482757462182,1.68860741965377e-08,5.21016827549283e-07
"YLR436C",165.931922132701,-1.34215476365364,0.253622100045923,1.75521871917168e-08,5.37590858962383e-07
"YOR003W",112.908492607718,-1.49114339992807,0.285046299917472,1.86632449559852e-08,5.68762390033649e-07
"YER052C",148.423394454133,1.49754548758812,0.286150940895608,1.92808238993092e-08,5.84659809285022e-07
"YCL048W-A",16.5605637391345,-3.57115386161273,0.677832703985764,2.1093079052067e-08,6.36447112981922e-07
"YDL067C",476.13709697753,1.16413451835886,0.219754347645047,2.12821523090822e-08,6.38988760216039e-07
"YGR124W",98.9036515466134,1.53472577698608,0.294797760893753,2.17038896589007e-08,6.48456899367645e-07
"YPR001W",29.4884353722885,2.51508494478435,0.48996470580889,2.21603294105478e-08,6.58864428084335e-07
"YHR010W",206.654068803168,1.33292122477986,0.25395817839529,2.25459650636885e-08,6.67076005161075e-07
"YMR241W",153.853120627007,1.49499470209336,0.288731480238897,2.61232762972403e-08,7.69185357640965e-07
"YIL162W",58.9808504701161,1.68843393469136,0.327452556172823,2.65922871954836e-08,7.79230723348425e-07
"YKL060C",6845.32773038864,-1.10384184964932,0.210131557359266,2.86436473020461e-08,8.3532550385632e-07
"YLL012W",44.1286510419832,-1.98846451925658,0.392329315625969,2.95263690903169e-08,8.56967712407056e-07
"YKL001C",56.4404781168424,1.67574185266647,0.326935686968944,3.17315205864102e-08,9.16604824522134e-07
"YLL024C",159.629207693024,1.41866186169695,0.275255132939813,3.24046519878521e-08,9.31633744650749e-07
"YBR196C",852.329300410745,-1.31525426290121,0.254679095334464,3.34743753597301e-08,9.57870036702136e-07
"YHR193C",167.398751135823,1.26596397992457,0.244468702186889,3.55644474239354e-08,1.00917160340803e-06
"YMR173W-A",45.5104092253521,-2.2575884750042,0.443198945869273,3.55983420398238e-08,1.00917160340803e-06
"YKL217W",95.5381011910563,1.56822219051792,0.308588693967989,4.02536297455976e-08,1.13586052453434e-06
"YLR256W",240.500079723687,-1.31295392024898,0.25689423418505,4.43416063867346e-08,1.24544742362741e-06
"YLR152C",131.970306903734,-1.41207572690521,0.277848748099475,4.4682527493315e-08,1.2492660783108e-06
"YHR179W",543.844290999488,1.21667571035912,0.236983678444053,4.68974259003521e-08,1.30520461581117e-06
"YMR088C",406.017866681729,-1.66735549091471,0.33234202515431,4.80238110050013e-08,1.33047785488856e-06
"YPL230W",52.9208681166524,-1.75907479427822,0.348547993935525,4.93744021236119e-08,1.36170579612405e-06
"YJR121W",1832.0000446375,1.08124009784711,0.209548480638134,4.99692484803764e-08,1.37190346616169e-06
"YER037W",142.925923969147,-1.36964195971341,0.270971716705647,6.20469206674114e-08,1.69585641913844e-06
"YOL059W",90.749695965757,-1.46955361519795,0.293131184488279,6.40100185684036e-08,1.7417011748858e-06
"YMR173W",144.075528337768,-1.6534076296575,0.331846376346361,6.43360910973174e-08,1.74279322328067e-06
"YCL018W",247.72969582221,-1.62284273204781,0.328993660719258,7.45226556124304e-08,2.00980347768922e-06
"YIL111W",67.8312014151123,-1.84085763590407,0.371271217832029,7.6920928173215e-08,2.06534386438654e-06
"YJR066W",268.792569574924,-1.41910039310224,0.285674064026538,7.96171243107995e-08,2.12836128365931e-06
"YKL073W",157.592439994743,1.36979935747844,0.274276421285243,8.31063968261103e-08,2.21193663168184e-06
"YHR080C",166.299698436967,-1.48487432614646,0.298832418885266,8.78268815178346e-08,2.31733698203984e-06
"YMR304W",276.821844901595,-1.13953360232509,0.226409836727056,8.74678728352324e-08,2.31733698203984e-06
"YLR104W",55.4335321047427,2.08339548727699,0.427225421041845,9.24808316575003e-08,2.42961495238131e-06
"YJR039W",59.9732965690355,-1.62169131071094,0.330636452610306,9.34539568617295e-08,2.44464320631863e-06
"YLR346C",27.9940235102966,2.17002573905689,0.443043014089081,9.45413127185112e-08,2.46251838042447e-06
"YPL075W",122.752942380739,-1.53089677835868,0.31081202590375,1.04021014503486e-07,2.69790673786702e-06
"YDL037C",17.169258107149,3.73675974737138,0.756429627551702,1.04712072495587e-07,2.70432238076526e-06
"YBR183W",112.097386679726,-1.33111207171163,0.26983901701055,1.10338035008826e-07,2.83759630117635e-06
"YDL020C",436.939072999888,1.14445879132653,0.229715037093173,1.16757971115442e-07,2.99008333591857e-06
"YDL004W",527.683896161231,1.09254829749935,0.219492900050625,1.27528706057446e-07,3.25224880092106e-06
"YHR043C",53.3110245391279,1.85358780057899,0.38501497573043,1.41251877252929e-07,3.58720913273584e-06
"YJL082W",93.4352803388539,-1.43759734835685,0.297389656459837,1.50108359845681e-07,3.7963089346864e-06
"YLL009C",217.712643253993,2.09363004823665,0.439936768420643,1.51588469211338e-07,3.81789966877316e-06
"YHR029C",108.578477943462,-1.6481414860122,0.345656240608778,1.58406159384706e-07,3.97319152859993e-06
"YER062C",136.996296430578,-1.26596026191077,0.260718089900881,1.75377059168964e-07,4.38083268702801e-06
"YOR385W",20.5150978474671,-2.46014159714627,0.516656277033695,1.79184051291745e-07,4.45766037805381e-06
"YLR189C",227.140710228183,-1.18192551485551,0.24186616001471,1.80135229933685e-07,4.46310661156835e-06
"YAL007C",45.5149055540971,1.72045543398361,0.360653620786905,1.80881087728538e-07,4.46344222552809e-06
"YAL037C-B",1161.27721114046,-1.12830550491106,0.230715027442061,1.8413417877106e-07,4.52539443390973e-06
"YML070W",276.216325274819,-1.45134089224573,0.303269778829988,1.92042499963969e-07,4.70079934650758e-06
"YMR170C",46.7415683217426,-1.81480764808829,0.388567070085932,2.24697382230039e-07,5.47812217876835e-06
"YFL033C",234.124752534737,-1.12176191115879,0.231467949221698,2.33330307997151e-07,5.66592919220172e-06
"YDL022W",212.009819819975,-1.20715316421647,0.25050238915101,2.39208273846226e-07,5.78561281386012e-06
"YLR005W",143.6632431524,-1.24713992118665,0.260298718289345,2.46183709077514e-07,5.9307893550492e-06
"YBL030C",328.010633890328,1.16433346557824,0.241762217592666,2.56223796797723e-07,6.14836236803984e-06
"YPL054W",49.9356880016873,-1.61930343126386,0.342661840341904,2.58551399333115e-07,6.17988540758956e-06
"YLR295C",269.298334266596,1.5399688151919,0.325677686862188,2.62372170915742e-07,6.24671242863847e-06
"YBR009C",82.8323729231426,1.39055623412887,0.29215129021463,2.66700449182576e-07,6.32505539987471e-06
"YBR140C",525.183950745867,-1.20201932846886,0.251064265173226,2.6908359696728e-07,6.33359862705333e-06
"YDR077W",1356.72268037584,-1.17179309390396,0.244216665631259,2.69138973651651e-07,6.33359862705333e-06
"YGR175C",513.720426316241,-1.55667486163958,0.331913923454446,2.79431432271491e-07,6.55051761421054e-06
"YOR136W",529.293628648209,1.05292048927095,0.218178206037864,2.91980403899018e-07,6.81846958530466e-06
"YBR067C",110.240006676256,1.29309805969086,0.271944021750048,3.02317652028941e-07,7.00618284835131e-06
"YIR028W",34.692224478203,-1.87590023312134,0.402302437372011,3.02258553486727e-07,7.00618284835131e-06
"YDL238C",49.5086671900571,-1.69258921332032,0.362094637825783,3.04640844578784e-07,7.03328010495337e-06
"YAR027W",16.6507530710149,5.19443228418591,1.03259108027125,3.36016297004723e-07,7.72837483110864e-06
"YJR148W",31.2860380638537,-1.88104464917161,0.404183585810864,3.38128580319145e-07,7.74772066558342e-06
"YDR293C",687.854580914962,-1.20578972476303,0.254507673100817,3.40426365629579e-07,7.77115617420331e-06
"YLR142W",2098.87634283642,-0.971986223509224,0.201718289011186,3.42147699311827e-07,7.78130681830443e-06
"YKL043W",175.009467827855,-1.2154703494886,0.256694188246294,3.57291147570898e-07,8.06551683127637e-06
"YLR312C",144.953103067297,-1.2592907256042,0.266210655504461,3.55973509019972e-07,8.06551683127637e-06
"YGR243W",143.070619871256,1.44457835346831,0.309504994726312,3.75140531537704e-07,8.43720125358784e-06
"YLR378C",84.6914203853393,1.46601418682391,0.31542497525388,3.93506949673916e-07,8.81773844949455e-06
"YNL217W",192.246629343434,1.36979449005351,0.292739593019684,3.95718997802457e-07,8.83482524397792e-06
"YGL200C",146.958081873607,1.3032821491568,0.278300438675283,4.02447749018824e-07,8.94476144137249e-06
"YGL215W",80.8285517721814,-1.50348393195152,0.324336622322374,4.03578243868324e-07,8.94476144137249e-06
"YJR045C",609.964079985818,1.05574028127893,0.222021978896402,4.15893448239431e-07,9.18431364862077e-06
"YDR050C",1938.77160574928,-1.01431205997647,0.213017745886456,4.19035241536422e-07,9.22028807640612e-06
"YER053C",1327.73644102204,1.1151243406822,0.236109461362932,4.46353388211403e-07,9.78605719837591e-06
"YOR187W",471.169876131586,1.2778232128247,0.273883520720761,4.55311273928663e-07,9.91495206180343e-06
"YPR123C",40.312960262444,-1.68245735909631,0.366089981515051,4.55485902757172e-07,9.91495206180343e-06
"YML081C-A",414.667378887879,1.22532517519396,0.26166365816429,4.6225559703552e-07,1.00265048538487e-05
"YDR529C",879.633512141308,1.32267964732489,0.284190481909117,4.65004471467228e-07,1.00503626013927e-05
"YLR372W",44.4978587946213,1.63417519377338,0.357252470063034,5.1580714702288e-07,1.11089913819945e-05
"YOR327C",85.126747317496,1.68922252194289,0.370598637407383,5.34276331463377e-07,1.14662473248918e-05
"YML078W",152.438908136959,1.41744880893677,0.309477278171981,5.62706148297429e-07,1.20340139434134e-05
"YFL056C",17.1319422403631,3.6803666011331,0.811341252325117,5.6885287609475e-07,1.2122931048243e-05
"YMR278W",136.562884614484,-1.20282458673763,0.260019963653352,6.08002836927445e-07,1.29121159967693e-05
"YER117W",158.422468724154,1.26338470613713,0.274014664861331,6.1436788640194e-07,1.30019870403466e-05
"YNL241C",136.018657113273,1.47032724944903,0.323666419519761,6.3049872276381e-07,1.3297196246524e-05
"YNL289W",15.8243549605875,2.73369478085416,0.605538059800423,6.35518416966199e-07,1.33568439703758e-05
"YDL100C",149.089949283341,1.16629062392174,0.251759189450365,6.47905312210241e-07,1.35703878966372e-05
"YDR380W",37.4317949627878,1.92641729319449,0.430541343316098,7.06149919417141e-07,1.47396704070119e-05
"YOR173W",168.724185331519,-1.20945502205932,0.263749206766038,7.26988925615087e-07,1.51228583673173e-05
"YOR381W",35.22193545606,-1.92273707732162,0.436626499125788,7.60848823303274e-07,1.57733795171206e-05
"YLR217W",24.989850111173,2.03328254534462,0.45677049284903,7.6699731738137e-07,1.57934075994576e-05
"YMR184W",46.049581561268,1.69196530407112,0.377494186859421,7.64506568102085e-07,1.57934075994576e-05
"YLL016W",66.3813041852256,-1.44369086374467,0.320399230294666,7.77453371925292e-07,1.59548090972547e-05
"YMR012W",393.346958432626,1.12194498842703,0.243826359055504,7.86141546264366e-07,1.60789688740984e-05
"YHR104W",234.630834643282,-1.21011467528073,0.2657232936173,7.9855902753478e-07,1.6278318638209e-05
"YMR015C",493.605048605336,-1.27236158809912,0.280545047872662,8.18376000945456e-07,1.6620855605285e-05
"YPL006W",206.407566147429,-1.33814408210197,0.296921514784583,8.20816659096111e-07,1.6620855605285e-05
"YHR008C",638.887766641363,0.998307919739592,0.215765508499948,8.50812305996523e-07,1.71711953809563e-05
"YGL180W",124.056009356205,-1.24343684988158,0.274450156797724,8.98368196076094e-07,1.80711358253591e-05
"YDL130W",175.521715186095,1.12413746115673,0.246005455861383,9.03819522657675e-07,1.81209868111794e-05
"YLR087C",235.863845112459,-1.10224286387111,0.241688166437365,9.38816596153504e-07,1.87609414870676e-05
"YER074W",85.9215608723866,1.34575322140212,0.298986604268653,9.48377465356307e-07,1.88900674880611e-05
"YHR005C-A",121.964240612369,1.34645113450197,0.298949932371313,9.6264689196889e-07,1.91118332460925e-05
"YEL060C",997.585789823991,-1.36179175057308,0.304580393236172,9.88452386756987e-07,1.94971433569056e-05
"YER131W",97.1641181236355,1.35552168189561,0.301417748382843,9.86934692652023e-07,1.94971433569056e-05
"YLL040C",526.7383558736,-1.10129044216224,0.242054389195037,9.94079454828437e-07,1.95053370432852e-05
"YPL187W",14.7430823605114,2.75638848880596,0.622864163430108,9.95268223209468e-07,1.95053370432852e-05
"YLR038C",482.688848680614,1.35841891131398,0.303110863972097,1.01062696081906e-06,1.97428568147185e-05
"YLR364W",13.4207827616417,3.13457058609407,0.704775212514449,1.05518028893971e-06,2.05473605785545e-05
"YPL037C",126.800479106838,1.17700716560481,0.260960333370692,1.11771266956036e-06,2.16920009402193e-05
"YPR184W",227.938521149808,-1.27486821676858,0.285985807480048,1.12107962201298e-06,2.16920009402193e-05
"YKL062W",339.262443059945,-1.02592928752044,0.226273895840629,1.22296893716173e-06,2.35885938987366e-05
"YER158C",224.018211645044,-1.0920842181738,0.242713198720708,1.27641874285144e-06,2.45418682576642e-05
"YLR259C",348.752005495958,1.12971646959317,0.251637500493225,1.29180454915837e-06,2.47595871922021e-05
"YBR158W",23.3644252420074,2.16512329788467,0.502387879896607,1.35516474620399e-06,2.58925677997282e-05
"snR47",51.0137071839593,-1.86278328059214,0.438705033247205,1.36685847580982e-06,2.60343825314403e-05
"YML024W",163.169092032596,1.16546278097492,0.261507782287449,1.4400003330476e-06,2.73420623985207e-05
"YCL064C",82.8081936272682,-1.41575930602538,0.325263086827698,1.46825059027158e-06,2.77918861729978e-05
"YGR260W",106.274046150509,-1.29055090239688,0.293757273069821,1.47634904128265e-06,2.78316635814787e-05
"YHR208W",136.042516825237,-1.28068667201403,0.290557361036853,1.47948465962249e-06,2.78316635814787e-05
"YNR019W",66.9766092560718,-1.4466018157364,0.331722018883681,1.52678492753444e-06,2.86330896409921e-05
"YNR073C",31.5004652581063,6.73770350370364,1.67213237217029,1.55622242811457e-06,2.90956309796266e-05
"YER065C",104.912956574158,1.21613984463248,0.275069893091185,1.60376433755519e-06,2.98927939981617e-05
"YML028W",1025.18895082964,0.995502918799413,0.221780857092018,1.64120224754834e-06,3.04973405451437e-05
"YMR207C",144.610891570766,-1.23034037209998,0.278891169768363,1.68165397497703e-06,3.11540455242705e-05
"YGR060W",466.754992971678,-0.972410533268384,0.216874001062017,1.71642955647641e-06,3.17019337779506e-05
"YOR306C",103.471244930866,-1.25623464621897,0.287114520648757,1.73149188878866e-06,3.18835137829815e-05
"YDR391C",31.2411796285891,-1.73620579335702,0.404999166754269,1.79262082255611e-06,3.29097105827695e-05
"YNL178W",416.092741313261,1.12279569899528,0.253954272694026,1.81531247659213e-06,3.32262148493365e-05
"YNL234W",126.246774439024,-1.13116284716315,0.25613080442431,1.83313479964384e-06,3.34519658797282e-05
"YDL081C",183.561806474256,1.10780225884653,0.251728569032162,2.02984469955256e-06,3.69310550560383e-05
"YGL187C",686.291625472971,0.935880801824855,0.209588175367162,2.0411205573968e-06,3.70256839206355e-05
"YIL146C",91.6563541863186,-1.28219133907104,0.296155540045796,2.05057377175535e-06,3.70867867621628e-05
"YER075C",65.2061564412136,-1.39406452809582,0.321689565101114,2.05812814627593e-06,3.71132871347686e-05
"YDL075W",160.306937260857,1.16152926721901,0.264854609817407,2.08063984595749e-06,3.74085541625691e-05
"YLR320W",77.5159069452042,-1.26288645997807,0.29096714461227,2.10768971017309e-06,3.7783437598544e-05
"YPR044C",211.862976706778,1.04255799135977,0.236249376038732,2.15205481736746e-06,3.84656132312454e-05
"YNL117W",283.35047171656,1.08156241992197,0.246169446151879,2.17452429812541e-06,3.86405994083801e-05
"YPR042C",116.28016256915,-1.150515044756,0.262830965501655,2.16869474468168e-06,3.86405994083801e-05
"YFR049W",152.858247176677,1.16570136056423,0.266686127706652,2.18406038341241e-06,3.86972326654031e-05
"YMR317W",64.0485432093797,-1.32925622864983,0.309159431606311,2.29038669307623e-06,4.04634982443467e-05
"YGR259C",25.4139500549834,-1.9215883626308,0.460178658787579,2.31552512662639e-06,4.07893804820458e-05
"YDL003W",21.2782753065932,2.20109421079476,0.524239676225263,2.32359624150526e-06,4.08135996886875e-05
"YJL164C",147.717073261603,-1.15253533634419,0.265747979147683,2.38267139315197e-06,4.17309831645438e-05
"YJL208C",37.6557564113383,1.61273020931324,0.38079287479464,2.56806270065095e-06,4.48491179383025e-05
"YNL067W",150.355343451299,1.42132948778318,0.334544252918886,2.58393177382966e-06,4.4965826646614e-05
"YOL152W",47.6644868719188,-1.47157528132631,0.347874546253686,2.5895004352685e-06,4.4965826646614e-05
"YCR102C",36.3377295924037,1.64672829443086,0.390577024997349,2.68510464649635e-06,4.64935023306683e-05
"YBL015W",167.737303020592,1.30263560600243,0.305098555573252,2.7677347937199e-06,4.77885086904329e-05
"YDL181W",262.872498159049,1.0915423814403,0.251562626136403,2.80780876764855e-06,4.83434871153048e-05
"YDR507C",70.8421818597322,1.41079098485745,0.332523986367161,2.9192802031695e-06,4.9980373141343e-05
"YPR115W",200.065906333067,-1.07734178925988,0.249246683131726,2.91493959488067e-06,4.9980373141343e-05
"YLR395C",422.647374239911,1.17080001334225,0.27230093030428,2.97246973639571e-06,5.07484679084926e-05
"YGL069C",80.0814858966241,1.3879686972337,0.329071792241928,3.11008528060077e-06,5.28021442486398e-05
"YMR215W",55.8352765594603,1.54403421674293,0.36996650876706,3.10394555679348e-06,5.28021442486398e-05
"YOR058C",115.387848418627,1.20187134829974,0.280806543843101,3.14640443655242e-06,5.32703751132973e-05
"YMR176W",108.895663018321,-1.13822356184978,0.265630316266177,3.24752577019057e-06,5.48301096102812e-05
"YNL101W",297.930492391836,-1.17722163640843,0.27660664631672,3.29807155443337e-06,5.5529685426164e-05
"YJL163C",93.4020957021146,-1.2820347017145,0.304252918333639,3.34605939696326e-06,5.61824573677439e-05
"YML009C",77.462993976413,1.41475992456949,0.337576083934335,3.56798319751328e-06,5.97441142550644e-05
"YPL222W",133.159272063195,-1.26517155684941,0.301728040451632,3.70855967964929e-06,6.19278664314039e-05
"YAR002C-A",79.7375820992472,1.34427009123654,0.321490211050683,3.76315984664054e-06,6.266792148982e-05
"YGR079W",94.0235097726226,-1.30290072264818,0.311406190699586,3.77827174961118e-06,6.27481370950413e-05
"YKL197C",52.1039568043091,-1.42768516222635,0.344224398355948,3.78877219048253e-06,6.27515394048669e-05
"YIL071C",81.9353459643965,-1.2936628577958,0.30660642550778,3.80566142736032e-06,6.28604509478621e-05
"YDR487C",247.623715135122,1.01623282837128,0.236936654529791,3.90502298635259e-06,6.43273381130244e-05
"YDR472W",78.7278058107538,1.33672485118841,0.320512628696075,3.97057541008236e-06,6.52308817370673e-05
"YOL075C",78.3482660531441,-1.26468683053013,0.302664864521153,4.05783363848043e-06,6.64852043724146e-05
"YAL067C",47.9581303252899,1.4297126979817,0.344881925292254,4.20028532305809e-06,6.8451173914543e-05
"YDR500C",151.4196002989,1.08567304638408,0.255287264601584,4.19136022828121e-06,6.8451173914543e-05
"YOR337W",106.268072437455,-1.24783046761286,0.299952319075645,4.51852928468899e-06,7.34411626404784e-05
"YNL264C",35.7813401638707,-1.5575240988992,0.381865695295124,4.70244819832459e-06,7.62271855552882e-05
"YPR191W",585.717499314839,1.05813523515244,0.250339828611006,4.81251486658537e-06,7.78044512250341e-05
"YOR288C",37.8132490511451,1.55732524466563,0.382742661180515,5.44347138518503e-06,8.7772375906621e-05
"YOL109W",430.478985087395,1.55705401934063,0.385655977999047,5.77371058666091e-06,9.28516253976207e-05
"YLR278C",156.813243464301,-1.04349273697655,0.249314720566693,5.96288100230397e-06,9.56414729185335e-05
"YMR175W-A",53.7532107143013,-1.66831740934539,0.4151028195092,6.14087752409143e-06,9.82379225966857e-05
"YDR226W",260.780800774833,1.06107208576716,0.254651077660543,6.1858103915203e-06,9.86976815086813e-05
"YKR066C",161.16352958219,-1.27535964893939,0.312981155072231,6.40301825509327e-06,0.000101896595991628
"YDR524W-C",431.716841433756,1.09155752437767,0.263091880984134,6.46884282556199e-06,0.000101930639841461
"YER048W-A",47.5124215243877,1.40303868370066,0.345931121697476,6.48877576021116e-06,0.000101930639841461
"YFL018C",330.57860111377,0.962987066682399,0.229463971904262,6.47468667969096e-06,0.000101930639841461
"YOL077W-A",293.960902556602,1.40651978143392,0.34727126046051,6.43952170451935e-06,0.000101930639841461
"YPL123C",102.350949581627,-1.26190168297901,0.309317900092657,6.44120151899304e-06,0.000101930639841461
"YJR120W",101.807875621589,1.13992258958128,0.276082009299401,6.54663791032147e-06,0.000102575213530615
"YNL031C",591.129331221707,0.890964218441103,0.211079745264151,6.69645252218328e-06,0.000104653533647967
"YDL023C",47.4071090615919,-1.49371579964187,0.375696833512997,6.75437212305832e-06,0.000105288741918262
"YBR052C",136.549233926547,1.09326660219526,0.264467688131219,6.90354002071561e-06,0.000107339480679239
"YBR084W",77.8536716651173,1.25366844952239,0.308119302741762,6.97076115645368e-06,0.000108108878495128
"YNL096C",123.496018238395,1.1042495270634,0.268029523879275,7.11860318145673e-06,0.000110121539063398
"YJL084C",114.79360480912,-1.08743285517257,0.263724867305491,7.21957146690339e-06,0.000111400729343737
"YHR202W",74.0393671561333,-1.27304526031663,0.315515411581061,7.24741580877666e-06,0.000111547978167914
"snR49",63.7721400734724,-1.59049376338323,0.405043004209294,7.30264116821033e-06,0.000112114856222272
"YGR043C",100.977973554554,-1.18048452613459,0.288563307389503,7.41618327838585e-06,0.000113571952466738
"YDR298C",343.070698468881,0.986434800406181,0.237993494563622,7.74934974206248e-06,0.000118197105964555
"YER010C",58.3259396214558,-1.27026055329134,0.313591596632522,7.75698808627101e-06,0.000118197105964555
"YDR064W",301.157322420602,1.0331403117822,0.250644496489385,7.85606349370504e-06,0.00011940824686816
"YLR264W",38.1524354839375,1.61929523848445,0.40864407159762,7.95584074508382e-06,0.000120324688191776
"YNL302C",103.015693975453,1.22073674535073,0.301502606315699,7.93989546835092e-06,0.000120324688191776
"YGR244C",381.442351926537,0.975612948893621,0.235586975958452,8.09352357124868e-06,0.000121963757045589
"YJR152W",1100.18188458758,-0.881431307072887,0.21104616850508,8.10423652230737e-06,0.000121963757045589
"YGL148W",106.210218707038,1.16246393697766,0.286427955586621,8.22555115761054e-06,0.000123484567255262
"YNL113W",43.5108265513044,1.39554248492293,0.348885349143157,8.39264005845803e-06,0.000125683393504427
"YIL074C",69.852610056773,1.32670118458444,0.331773534246753,8.47667898088466e-06,0.000125706468098521
"YKL164C",49.3643181597131,1.35168488397397,0.3372783921492,8.41539498303746e-06,0.000125706468098521
"YNL144C",112.655072225617,-1.1188865294257,0.27440831563745,8.45742963432223e-06,0.000125706468098521
"YOL052C-A",581.767646961323,-1.25841899518374,0.312879935636322,8.45705867139379e-06,0.000125706468098521
"YJR151C",47.7992053453135,-1.36106414050621,0.342381071135304,9.09921557292336e-06,0.000134610968245068
"YML054C",365.809353852882,-1.05002618949475,0.257779454834001,9.52758867836589e-06,0.000140606907977337
"YGR008C",183.415685490341,1.49273695692052,0.379838460727399,9.65581790149866e-06,0.000142155096883175
"YFR010W-A",51.1027874272142,1.58833277506588,0.405406807138188,9.87635135868442e-06,0.000145051473569112
"YKR021W",98.7315090089237,-1.12916435770635,0.281290771382356,1.01835079769202e-05,0.00014920307961377
"YNR022C",56.6491776163032,1.55447951980009,0.397057785111612,1.03199125488993e-05,0.000150839009557652
"YBR191W",83.5460720693081,1.23967924500864,0.31187895729421,1.05239180724626e-05,0.000153452824525502
"YFR042W",24.0730971386861,1.85933231856144,0.483897180352719,1.0617684727364e-05,0.00015445056900545
"YGR225W",18.8351821619233,-2.00425798508556,0.517117416129944,1.07558258768137e-05,0.000155619872491064
"YLR045C",36.7942306151663,1.52601781149087,0.390455885440488,1.07746654948694e-05,0.000155619872491064
"YPL078C",755.254660327735,0.967069556541384,0.237026475234775,1.0772272027324e-05,0.000155619872491064
"YCL074W",15.5332617061146,-2.13951832186854,0.556546469185705,1.12038336452199e-05,0.000161435853587743
"YBR173C",117.350044992403,1.0776456616819,0.26811986251124,1.13433191228246e-05,0.000163060212390603
"YDL021W",197.561804252803,-1.08963377455136,0.271261380677306,1.14786760594007e-05,0.000164617719016582
"YDL166C",23.8267570884993,1.77006187454023,0.459117421938607,1.15968248121874e-05,0.000165921707113339
"YOL132W",27.638136538111,-1.68675265497015,0.441355854006571,1.163003455576e-05,0.000166007167722148
"YGR148C",123.841495866369,1.11091437422627,0.277607218550301,1.18293080072896e-05,0.000168457084823435
"YJR077C",764.163586755748,1.10914506069024,0.278066623987648,1.21945213880046e-05,0.000173253165174564
"YJL193W",42.2013275049902,-1.43216474704457,0.369306388095998,1.22261520453131e-05,0.00017329859701438
"YMR058W",59.6987068478437,1.34768089432525,0.345759705823118,1.2587221832289e-05,0.000178002591804644
"YER145C",57.4841387121937,1.41050994729892,0.364468547076086,1.26208230194257e-05,0.000178064621072685
"YER055C",74.7271727600701,1.273144613873,0.325290514444612,1.27089615329356e-05,0.00017889404282504
"YGR085C",74.8680320958892,1.17302861818791,0.296474108140618,1.31632404924299e-05,0.000184861637791152
"YCR024C-B",576.78029201125,-0.978839692698495,0.243822833770276,1.32550770218875e-05,0.000185723435513573
"YOR349W",72.9720593329307,-1.18970852993567,0.301640327117465,1.33599276125127e-05,0.000186335832490308
"YOR356W",65.2370314370869,1.24212742274954,0.317008606471057,1.33543941261042e-05,0.000186335832490308
"YHR078W",74.8936156691278,-1.18018652044511,0.300627275781658,1.37777736941475e-05,0.000191724955858057
"YCL026C-B",30.8787909352628,1.52219322538634,0.395695002820749,1.39005454360642e-05,0.000192117515720661
"YNL069C",224.666527867348,1.16713928585158,0.296784014878696,1.38944001445613e-05,0.000192117515720661
"YPR043W",208.493321213195,0.973566678958276,0.242241735846104,1.38381186218261e-05,0.000192117515720661
"YDL192W",166.186552364591,1.0127474415715,0.253261311698618,1.41114913981102e-05,0.000194591719618737
"YCL043C",255.669956016972,0.976635513258786,0.243978198115873,1.43264754201108e-05,0.000196790581769032
"YLL060C",78.3304108386804,1.20748495323526,0.30876165476557,1.43653535792256e-05,0.000196790581769032
"YOR010C",19.647520329612,-1.97747608033125,0.521713620250961,1.4367811138182e-05,0.000196790581769032
"YGL102C",497.983042997002,1.05042871039063,0.264582923155381,1.44978778918134e-05,0.000198126829037226
"YIL160C",30.7356430104884,-1.61370224294301,0.425299232108365,1.45996712769984e-05,0.000199071580387707
"YER141W",738.653072287477,-1.14229808525846,0.292313416314535,1.51606887778254e-05,0.000206259817189388
"YPR132W",172.988212600829,1.06973086920305,0.271005800330988,1.55004231478349e-05,0.000210412202864263
"YDR363W-A",73.3409089319187,1.51237878766902,0.397124946310296,1.60436989831832e-05,0.000217302989561115
"YFR022W",36.6481776694754,-1.51884800886747,0.402960905515294,1.65364379568755e-05,0.000223480242454892
"YFL021C-A",40.7372950335569,-1.41053733583161,0.371548534973455,1.65796896330485e-05,0.000223569044941218
"YHR051W",515.92278898955,0.928375379250296,0.232669415790896,1.69042162732256e-05,0.000227441938598919
"YBR056C-B",16.7172868542488,2.06312862399548,0.554034895342612,1.72281350123549e-05,0.000231289609912562
"YGR240C",658.795939582238,-1.07543165494211,0.275485787263177,1.75602934985774e-05,0.000234797881267927
"YOR230W",154.260834254932,-1.24752752837681,0.326021265384034,1.75665026838679e-05,0.000234797881267927
"YIL072W",30.2323710536947,-1.50554575718242,0.399545815780607,1.79674317480838e-05,0.000239631283379804
"YHL024W",54.6655035701765,1.29719522042421,0.339509961292257,1.81843976817208e-05,0.000241995423297135
"YBR043C",63.5125859851485,-1.19500312946166,0.310624302397077,1.83134947969423e-05,0.000243182463589026
"YLR310C",275.974300247332,-0.933895032576307,0.235821805691408,1.86195390135271e-05,0.000246708891929234
"YEL054C",106.155054315768,1.30591450115874,0.343057651228571,1.88635027998669e-05,0.00024939923983772
"YGR161W-C",35.857511362415,1.44204727783303,0.382225711907388,1.91538185386932e-05,0.00025268944587302
"YBR240C",22.7094631701795,-1.73347687734152,0.468908658206863,1.96715874481735e-05,0.00025895966629939
"YPL002C",67.9863624381742,-1.30341242554631,0.345025177296583,2.01635671697314e-05,0.000264864098921364
"YER101C",43.5639147496765,-1.44253753966065,0.387931444856788,2.03477605759536e-05,0.000266136482211239
"YMR186W",721.981613327365,0.950079959455318,0.241451947459878,2.03265245933305e-05,0.000266136482211239
"YKR061W",69.6064676045076,1.2780434030513,0.336556133882455,2.04494189116807e-05,0.000266893379586068
"YCL049C",49.586774910753,-1.2984564817645,0.342174727410898,2.15035776830102e-05,0.000280051935850315
"YDR046C",18.8532479764957,1.91097196957422,0.520979003085486,2.16119745120827e-05,0.000280863506718857
"YDR475C",90.9149322557729,-1.0976520625702,0.286017841698817,2.20311738678711e-05,0.000285702137712073
"YLR300W",413.090141893517,-1.13701610195552,0.299181041508168,2.23484898016487e-05,0.000289201794779297
"YHR052W",58.1531877729269,1.2840335229262,0.33866713838916,2.23976682183932e-05,0.000289224126676073
"YNL070W",76.0859715085197,1.14915003940333,0.300142484326508,2.2453322974969e-05,0.000289329817193311
"YKL170W",53.998563873254,1.23292259092637,0.324032756741715,2.27259951375685e-05,0.000292225612581182
"YLR039C",85.3315396270267,1.25924457704641,0.332098937451922,2.27961651082437e-05,0.000292510792283675
"YDR262W",137.423791613285,-1.0394499201379,0.270317980973158,2.31389674483814e-05,0.000296285728146816
"YGR023W",45.7558659783864,-1.37995112337935,0.372359071590087,2.33008509315623e-05,0.000297110222652452
"YJL074C",94.4914475752989,1.32983147732492,0.353352339849712,2.32596400123319e-05,0.000297110222652452
"YDR122W",130.535259783622,-0.996506167417175,0.257329498442167,2.34435917188787e-05,0.000298306245358174
"YNL065W",64.6093903209178,-1.2647381775757,0.337002485771458,2.42161403123214e-05,0.000307494531674164
"YJL005W",311.652087380739,-0.920371720611996,0.23628747817978,2.43425545447536e-05,0.000308457110083729
"YKR094C",69.5446925095714,1.16024338538315,0.304681913901319,2.44654426624695e-05,0.000309371105866704
"YCR061W",26.7839264470619,-1.83815546334279,0.517441573475397,2.46417266557678e-05,0.000310952037619242
"YNL200C",165.158420236513,-0.955716152104516,0.246646874399981,2.46924997879759e-05,0.000310952037619242
"YOR030W",93.5859470530952,-1.11555994885262,0.29268829061014,2.511547245045e-05,0.000315626401207201
"YOR369C",456.068027440606,1.01204707163229,0.263377456732053,2.59161890214765e-05,0.000325018872604731
"YIL070C",116.678638265628,1.00415117887564,0.261076909100823,2.65644150497144e-05,0.000332464291022607
"YKR013W",48.0776628674622,1.47896285927522,0.402907680565195,2.67457694204994e-05,0.000334048083233492
"YKL215C",68.2031416324925,-1.25884604551548,0.340160701722874,2.78012881045831e-05,0.000346521167683914
"YBL043W",74.0485488448637,1.24187243925643,0.332211531493537,2.79383718166611e-05,0.00034751913514806
"YLL062C",25.0133175188626,1.62797327970361,0.446071626483496,2.80224724604384e-05,0.000347855335328661
"YKL038W",172.455114490792,-1.09165083237951,0.289591267216595,2.86802980487389e-05,0.000355297594729804
"YMR143W",180.220200471908,0.948951222440819,0.246918800574422,2.92408590744596e-05,0.000361507172533126
"YCR091W",33.712719363686,-1.5159329628776,0.412070115236462,2.96110042114425e-05,0.000365342248317291
"YOR293W",154.543261914575,1.17357061858519,0.312817893176481,2.97343213835058e-05,0.000366122603701955
"YGL131C",107.376665544785,-1.02338027819014,0.269693850254845,2.99748222452316e-05,0.000368339801582029
"YBL059C-A",95.8194503014605,1.16192829331532,0.310066021114328,3.10216301955557e-05,0.00038043628982276
"YBL099W",1406.57988193434,0.897528937690749,0.233654378026639,3.12832214426204e-05,0.000382873965246529
"YMR320W",15.8173051344865,-1.96273618484548,0.54809647731966,3.18239157655981e-05,0.000388710955092826
"YDR025W",76.5320975670017,1.11396184293112,0.297339909229369,3.26246092967985e-05,0.000397693987327974
"YMR174C",76.8672708562177,-1.54120446730865,0.425184000437857,3.290078566148e-05,0.000400260057099243
"YJL048C",156.071544649107,-1.12345426557221,0.302395542513351,3.29988826204638e-05,0.000400653764087105
"YLR007W",71.7515183653544,-1.17218674346909,0.316476545531119,3.32576719450159e-05,0.000402193473223952
"YNL271C",331.059977643559,-1.06493471389391,0.283255631249442,3.32121026299877e-05,0.000402193473223952
"YDL184C",114.079538135087,1.14071624344202,0.307296947358646,3.53369348316706e-05,0.000426492312473331
"YPR121W",15.6282727168134,-2.02494016832846,0.578764300730467,3.54992869493022e-05,0.000427605047343867
"YHR096C",35.0376043488703,-1.42197816161631,0.393900361824573,3.59805819147401e-05,0.000431696155059726
"YJL200C",80.8744975414612,1.2070105461492,0.328467774898333,3.59715408110959e-05,0.000431696155059726
"YKL035W",335.116775692036,-0.929511310931143,0.245270936624822,3.61784844171639e-05,0.000433217804563092
"YPR020W",262.369157386061,1.1467687425234,0.309318431379736,3.63902672831593e-05,0.000434899370766384
"YOR062C",33.6500275032927,-1.3972254957434,0.386738107127572,3.73321774698268e-05,0.000445283016983551
"YDR001C",362.047446752164,-0.903223898988243,0.238093135561622,3.76980138331958e-05,0.00044876834826822
"YPL249C-A",155.407814869101,0.965173989974845,0.255648417453192,3.78917692821079e-05,0.000450195582406331
"YDL029W",93.1957388703513,1.08943192774324,0.293437115930419,3.7999987207661e-05,0.00045041630431682
"YLR134W",390.752107656935,-1.07874888991452,0.291100097637447,3.8089210482775e-05,0.00045041630431682
"YPL250W-A",136.170652962503,0.968159206757056,0.256890650347198,3.81320447953206e-05,0.00045041630431682
"YMR158W",35.3854834687816,1.59888337638164,0.447069131413315,3.83245578224246e-05,0.000451814661368816
"YMR009W",61.6029805949656,-1.27380889770935,0.347495599203853,3.85126163294308e-05,0.000453155205652279
"YBR091C",24.2802293702549,1.56035674274631,0.437265718843552,3.94901888209569e-05,0.000463762429409889
"YPL206C",192.589892844655,-1.03472941322632,0.278842641996037,3.9618946154133e-05,0.000464379763095079
"YDR354W",30.7043609654914,1.44540101377004,0.403279188621295,3.99710782610809e-05,0.000465255447273839
"YHR131C",81.289229834214,-1.19211318743759,0.328295581430074,4.01838392997285e-05,0.000465255447273839
"YIL052C",158.975465245132,0.978773385546561,0.260447923627045,3.99588980117467e-05,0.000465255447273839
"YIR017C",39.380714837174,1.37320455004344,0.382553551803256,4.02590274688212e-05,0.000465255447273839
"YMR162C",115.88154785992,-0.994507859003549,0.266299606864022,4.02291996970252e-05,0.000465255447273839
"YNL006W",60.2400774149468,1.13545010661368,0.308078649716361,3.98677752135007e-05,0.000465255447273839
"YNL115C",166.545738734114,-0.908474475533187,0.240311304132548,4.03043275078895e-05,0.000465255447273839
"YPL026C",270.532863885951,-0.880445301047163,0.231735374568178,4.00661627288719e-05,0.000465255447273839
"YLR286C",344.106083293928,0.935784320532378,0.248418597313446,4.06588354616034e-05,0.000468460495535866
"YBR069C",22.827737487912,1.6453661829377,0.465606405273622,4.08539445716437e-05,0.000468935578463593
"YGL103W",563.725014968511,0.949382311064899,0.252521313985098,4.0787454944217e-05,0.000468935578463593
"snR13",71.315482873095,1.44083404018258,0.405932900449569,4.12913880343695e-05,0.000472178255289836
"YML130C",376.8107262382,0.831372744066454,0.217815169509228,4.12702933499942e-05,0.000472178255289836
"YLR058C",114.375985906419,1.00370662557396,0.269172986241024,4.20799540202474e-05,0.00048029460627979
"YIL059C",44.3214793197717,-1.48376209410371,0.418846704106138,4.41941433586056e-05,0.000502543477184144
"YLR264C-A",52.4952559600869,1.29305573585184,0.358423819328484,4.41684766909112e-05,0.000502543477184144
"YLR422W",197.110843390136,-0.95051290803775,0.255221502107196,4.45617341989683e-05,0.000505779832295553
"YOR161W-B",12.2761124214847,-2.31272610216826,0.665121056740733,4.48307413428094e-05,0.000507887302015656
"YLR167W",511.984153358664,0.967172122541799,0.259698356140851,4.52128844103654e-05,0.000511266290317583
"YOL120C",109.871566676654,1.03919215070468,0.281923196829113,4.5608962372051e-05,0.000514790047514168
"YOR128C",78.5922049730725,1.15080348139505,0.316240574736717,4.5945880779304e-05,0.000517634276062584
"YDR225W",133.615296129787,1.1735064489012,0.323980628783502,4.63792830334867e-05,0.000521553007544468
"YHR065C",22.5194905975587,1.61820989001634,0.458781758371174,4.65737592245933e-05,0.000522775437336825
"YDR033W",1068.35915388325,1.05040877604651,0.285700675798233,4.68661841023352e-05,0.000525090794308333
"YHR143W-A",24.6500228009494,1.53642345404129,0.435716533836825,4.7285678954319e-05,0.000528818739865274
"YGL008C",3706.21526981427,-1.00805906728566,0.273782684331228,4.87629427000158e-05,0.000544340907979114
"YMR155W",92.1794071055378,-1.17137461322942,0.326345122573662,4.89177007224959e-05,0.000545070175326531
"YBL105C",117.26188109613,-0.979560870724482,0.265712089833286,4.96176048820409e-05,0.00055085483015672
"YMR194W",65.1848876650882,1.14821173388425,0.315971005660381,4.9543036517134e-05,0.00055085483015672
"YBR203W",216.211533698692,-0.986731596745153,0.268540305828725,5.04612683123122e-05,0.000558187713908426
"YOR363C",46.6477241978733,-1.21977671032594,0.339361566576124,5.04301657549031e-05,0.000558187713908426
"YER056C-A",82.6987709190247,1.24904604921147,0.348473703588557,5.15453614644881e-05,0.000569146699503723
"YDL138W",56.2581112596446,-1.22078578114988,0.344237568772269,5.30057632053761e-05,0.000583190665060934
"YNL242W",106.064964056509,-1.13322576019507,0.316106628051251,5.30086346913466e-05,0.000583190665060934
"YPL135C-A",85.7361049991468,1.05740028768003,0.290785888273968,5.31916442132733e-05,0.000584149678342164
"YCR021C",2166.11975179166,-0.938448205314621,0.254254896678566,5.34527198084581e-05,0.000585961020202432
"YPL189C-A",101.745939326466,1.10082581489104,0.303845902646544,5.42294335790296e-05,0.000593408254334264
"YNL281W",85.6441481607252,1.06424409997732,0.292555825216976,5.46917945635774e-05,0.000597395139543019
"YOR009W",10.349393528115,-2.51105443179881,0.730933331867879,5.51935677661263e-05,0.000601797487539427
"YGL068W",116.489329486316,0.995070457616737,0.272137314842985,5.57994753451573e-05,0.000607317503979881
"YBR208C",628.558750248646,-1.20969150284516,0.340894637845281,5.629576431704e-05,0.000611626886831299
"YOR198C",115.094657406545,1.19124166327756,0.333077028568386,5.64197271728011e-05,0.000611882984196125
"YMR203W",121.967762305766,1.0314931951247,0.28441419483522,5.75507322439879e-05,0.00062304034285454
"YGL251C",36.2327380309878,-1.33022725046035,0.379761349529454,5.7932867388871e-05,0.000626065295629732
"YLR027C",170.670412736431,0.915734243076488,0.248714629669625,5.85706094353157e-05,0.000629608226645943
"YMR001C",26.7079738784173,1.45251066027978,0.416351384147477,5.85110703300369e-05,0.000629608226645943
"YNL327W",53.8296628353592,1.24942377392077,0.353518538169511,5.84405475620463e-05,0.000629608226645943
"YKR080W",76.6955482703491,1.10194321541231,0.305922488736789,5.89770937712547e-05,0.000632861596013728
"YJR010W",51.3530198993271,1.33020660292,0.380998724993191,6.06385490239142e-05,0.000649546496134898
"YKR093W",497.191216556977,-0.974213390250164,0.268194034528822,6.12545894239051e-05,0.000654994250067898
"YGR191W",83.0212421394471,-1.03560690767303,0.286420976615661,6.14250587369393e-05,0.000655666782840008
"YOR344C",324.289588440304,-1.16407406808079,0.32725206540672,6.16290894139317e-05,0.000656694580380967
"YJR155W",67.0037936358239,1.09859782249085,0.306945365131271,6.21708832797698e-05,0.000660666580838915
"YML090W",67.908270239861,1.82384951250829,0.542537209432384,6.2218641083107e-05,0.000660666580838915
"YDR400W",50.3218863393594,1.17642060612063,0.330868593516938,6.23629091229177e-05,0.000661046836702927
"YGR143W",202.388898655479,-0.962611460991997,0.265506088438607,6.36812914957002e-05,0.000673849777198425
"YDR447C",88.9641194640599,1.06576836544618,0.296991728863084,6.65099617436361e-05,0.000702561900914146
"YCR037C",63.245236794684,-1.14437953408362,0.325269866431428,6.76672446542564e-05,0.000713549924165559
"YJR127C",194.166370958245,-0.924382048433484,0.254142013249789,6.80058460833117e-05,0.000715881920341598
"YIL148W",101.381463733377,1.01233993621025,0.281780205745253,6.84146942071442e-05,0.000718944071021628
"YGL001C",152.386362127935,-1.18071348461239,0.337753399627051,6.87871554978681e-05,0.000721613963441491
"YEL020C-B",37.4065129857503,1.34001977428392,0.385106501679647,6.93322361894142e-05,0.000725555229910849
"YJR091C",158.218677291815,-0.955276338851916,0.264838830174278,6.94009350349507e-05,0.000725555229910849
"YOR107W",52.9019757593078,-1.1911995164712,0.339270981723823,7.1304904952892e-05,0.000744183896725816
"YDR135C",448.448681719347,1.13141316227064,0.321663050049899,7.40153537721829e-05,0.000771151420925564
"YBR238C",51.3844298940814,-1.28361142944122,0.372332747164522,7.66145096341747e-05,0.000796869345085827
"YLR194C",40.6433558733848,1.42548028227669,0.420898324539825,7.8420155601564e-05,0.000812875592502607
"YML002W",54.9320905886766,-1.19531335048395,0.345383008276736,7.84066970856927e-05,0.000812875592502607
"YNL142W",1303.21008272465,-1.10876973818788,0.316820683155851,7.93852771537397e-05,0.000821482621820107
"YGL012W",146.556598410292,-1.22967793405043,0.357522004947307,7.96615344210135e-05,0.00082294415643403
"YCL026C-A",6.90662611634939,4.48659377250367,1.39597048335507,7.98306591233135e-05,0.000823295883852108
"YLR447C",350.357697420274,-0.864219307139176,0.238968200123652,8.19092139521549e-05,0.000841883067518354
"YNL277W",117.630800890818,1.03972677973896,0.294682476056466,8.18333370738136e-05,0.000841883067518354
"YGL031C",157.915370207501,0.987772439426443,0.277690741443931,8.48264076710259e-05,0.000870398913728793
"YML104C",57.5420793432889,-1.08718604830414,0.311283091193816,8.64874402332604e-05,0.000885951173481886
"YNL055C",834.428697204945,0.834203222477647,0.230313190583116,8.77040439649429e-05,0.000896906288534105
"YKR085C",50.2736617248753,1.20310721690734,0.349047227323929,8.85005017875209e-05,0.000903452998196038
"YOR232W",135.818200717701,0.905713254868479,0.252711825289336,8.86406715211207e-05,0.000903452998196038
"YER028C",27.5897636638094,-1.4572704209807,0.431179957881399,8.98119147341999e-05,0.000913862471293736
"YLR355C",343.36431603445,0.898278903142118,0.251040418839283,9.0396570419611e-05,0.000916750576884407
"YOL136C",139.329334508908,-1.10188785529111,0.318321597334211,9.0361625508685e-05,0.000916750576884407
"YOL040C",290.363086932894,0.952569758833004,0.268587651021681,9.05569824604257e-05,0.000916851840691519
"snR67",8.740913570193,-2.66043045103828,0.800316625259685,9.10294919826089e-05,0.000920107385794364
"YKR039W",1565.45198372882,-0.743116996639342,0.203420826229987,9.17576196314348e-05,0.000925931608698005
"YOR045W",123.379008914364,0.992226515067141,0.281277351518859,9.25960306778959e-05,0.00093284761484591
"YOR257W",55.5436808106805,1.38559438799766,0.411086409945091,9.36954344456071e-05,0.000942365796940554
"YEL063C",569.13672435337,-0.929442689222858,0.262808477038103,9.61072087669818e-05,0.00096503037468658
"YML125C",72.0800112600073,1.10123038901042,0.318916073587201,9.82114746072756e-05,0.000984537726531817
"YLR001C",128.657128129441,-0.942103859716787,0.267404867100449,0.000100305814685842,0.00100388167571462
"YDR508C",16.5605757002724,1.75077174618771,0.53519721004608,0.00010095987743716,0.0010087712343926
"YDL161W",84.2983707069663,1.3933411861078,0.416972420431949,0.000102211369402381,0.00101955750257662
"YLR454W",393.673049227471,-0.883975029466808,0.248722684751595,0.000102406146746329,0.00101955750257662
"YMR199W",20.2456838629708,1.65433305239025,0.505191553896464,0.000102541222162341,0.00101955750257662
"YNL208W",481.614736697799,0.940613208126075,0.267330341401924,0.000103299384345308,0.00102542304166881
"YMR086W",128.645605644384,-1.01267086728837,0.290017823536171,0.00010443114117211,0.00103497204137238
"YLR294C",125.129265430525,1.37660079700838,0.413081842157789,0.00010496182856093,0.00103854276798518
"YML123C",26.1723608373083,-1.39384053568314,0.417695920095998,0.000105785964573996,0.00104500073594571
"YDR243C",42.3778568637132,-1.21289169107574,0.357791358111663,0.000107001069828902,0.00105488031103139
"YJL035C",51.5345423288599,1.3220403155177,0.394207662246686,0.000107132225189242,0.00105488031103139
"YOR096W",164.752612927242,1.03168852753533,0.298110589016521,0.000108501204842469,0.00106663684437879
"YGR181W",32.3650359291455,1.294995918285,0.385522340616818,0.000109643313631374,0.00107444232080056
"YLR304C",1269.83803975182,1.04552083209334,0.302931749582848,0.000109647764321239,0.00107444232080056
"Q0255",27.4298079498194,4.25041884262504,1.42689629374262,0.000114487112782671,0.00112006252393319
"YBR126C",275.27371275237,-0.859231280326743,0.244229395588728,0.000119491870659457,0.00116715216613685
"YOL121C",70.9663800933316,1.07325161274192,0.314786507189606,0.000120488005983813,0.00117499903435414
"YNR021W",48.1207629843263,1.13726795948146,0.336071215582964,0.000122249025151332,0.0011902680643728
"YLR183C",8.87114908451044,2.6389178201046,0.815231172504826,0.00012310434410654,0.001196684174369
"YGL116W",38.6850499465675,1.24280439453243,0.372218244777452,0.000124256752338266,0.00120596322532123
"YMR256C",558.539052167075,1.09572994335718,0.32319571937054,0.000126435441542928,0.00122515741844856
"YDR299W",45.9465928189909,1.42161811469383,0.434028355372509,0.000128766461592579,0.00124576441810598
"YBR048W",60.7428188467877,1.21842149249048,0.366580898144708,0.000129288444210155,0.00124883211958937
"YBR256C",114.757665460851,1.00246807761251,0.292018151585825,0.000130742876853372,0.0012608826494008
"YDR006C",161.565113335025,-0.83993534304947,0.239717357946981,0.000132442069474284,0.00127525183798699
"YAR035W",7.90782045024046,3.31716760755529,1.00973102536781,0.000136238449701577,0.00130973714657904
"YOR127W",64.0534700827909,-1.04544996145733,0.309100073815735,0.00013975673749849,0.00134144459063511
"YHR102W",124.8372373535,-0.897493236368429,0.259819580374876,0.000141138293536411,0.00135257531305727
"YDR519W",54.5219936240132,1.08826796040866,0.323989354258418,0.000142756765597522,0.0013637970004967
"YLR214W",46.0311652068784,-1.1390655781312,0.342736859140844,0.000142543488458532,0.0013637970004967
"YOR360C",92.1712417075856,-0.930466260358478,0.271267844472924,0.000144890702893985,0.00138201695483386
"YIL060W",31.826874753023,-1.33500853141061,0.408259258015657,0.00014572556919075,0.00138780835034003
"YGL078C",83.0694667767661,1.06599291864884,0.316346102282278,0.000146268241377126,0.00139080332479498
"YOL039W",89.2312913196664,1.14591216655831,0.345474796976485,0.000147046089707566,0.00139602167720812
"YOR005C",65.0756115940374,-1.05737999205747,0.31568367701969,0.000148552121673652,0.00140812625443376
"YLR448W",96.4819254857144,1.01317303054508,0.299479144795985,0.000149608072736042,0.00141593354553754
"YKL203C",150.609100386604,-0.971223372230156,0.286892058328257,0.000150516946224216,0.00142232680191721
"YKR096W",154.560900519504,-0.84369390572453,0.243687318245116,0.000154299797530918,0.00145581620116245
"YDL110C",298.985623151499,-0.912019950516542,0.266230545936191,0.000155212109738418,0.00145999056253972
"YOR387C",6.008598931716,-4.3511174176547,1.41452554004026,0.000155221310012426,0.00145999056253972
"YCL034W",81.3842319607562,-0.977645368588002,0.289890066769024,0.000157098329523026,0.00147536874952672
"YPL229W",60.1478633351109,-1.05736244157526,0.315049041566175,0.000158479262722191,0.00148604785583347
"YBR071W",35.1237135041029,1.33766893697894,0.416417637948973,0.00016067681879206,0.00150433980113303
"YPR160W",798.682693264835,-0.74454836485391,0.212540153917919,0.000161681805725274,0.00151142730965574
"YBR082C",254.323005122352,1.11795366192374,0.337694269605102,0.000162278813549381,0.00151468509737133
"YGR190C",21.6992063094476,-1.4792708466321,0.466000948322934,0.000162812776021416,0.00151734536674393
"YGL126W",29.9236559578048,1.35793380630031,0.424532016353673,0.000165908140605221,0.00154304221179953
"YOL127W",472.484545359184,0.778113006503829,0.223362042153406,0.000166076405404511,0.00154304221179953
"YER124C",77.6199084327132,0.991376175779463,0.294530213940604,0.000167755000615379,0.00155626594939229
"YOR222W",56.577165892709,1.09265976429483,0.330812706257005,0.000169861978970964,0.00157341757116721
"YDR273W",35.0670483339188,-1.42741511764405,0.44958198236948,0.000171862051057879,0.00158772736029028
"YDR438W",38.763872899195,-1.23788740603405,0.385047801513812,0.000172198864612694,0.00158772736029028
"YKL129C",102.68811230979,-0.965871925290624,0.286681340970789,0.000172448812553268,0.00158772736029028
"YLR441C",423.747222800491,0.781905019564268,0.22521437365,0.000172384069890948,0.00158772736029028
"YBR235W",211.487194621579,-1.00451250860732,0.301883462360801,0.000173173879202889,0.00158960059298435
"YGL263W",13.1101507909834,-2.05190711751303,0.684980007961336,0.000172977589429371,0.00158960059298435
"YHR131W-A",11.9532162945134,-1.96456844022621,0.635630409199724,0.000177118604848366,0.00162336525797111
"YDL130W-A",198.426512121125,1.33404764787498,0.418341643020253,0.000177953110501805,0.00162856487764039
"YIL138C",44.9015283530268,1.36390183515738,0.427162094954896,0.000179761419260467,0.00164018839879124
"YJR123W",396.819996889496,0.7935156753175,0.229841481857302,0.000179583124360976,0.00164018839879124
"YKL064W",219.633708664045,-0.806193415427798,0.234663430144841,0.000182508627248795,0.00166276544556264
"YHR079C",80.9440494214345,-0.97891397767286,0.294013531660196,0.000183693937719718,0.00167106649313684
"YPR041W",48.3526276602244,1.10201089203793,0.336046626272746,0.000184810480256253,0.00167871814778221
"YPL245W",51.9810048971902,1.29828345918403,0.408374616014292,0.000187338722962162,0.00169915106615235
"YLR035C",39.5850156723004,-1.1744775432277,0.364185682075094,0.000191043276368248,0.00173017647765895
"YPL010W",68.5689526586635,1.01632154858663,0.307489808068796,0.00019384631460842,0.00175295739990849
"YJR135W-A",46.5462870378804,1.11835998953601,0.342368760227202,0.000194842838233291,0.00175935866523246
"YDR377W",352.6751061081,0.763200738391393,0.221358096663941,0.000195478152842176,0.00176248423309625
"YHL015W",254.382597303845,0.909463933012399,0.270240047129285,0.000196070432149201,0.00176521312252493
"YGL071W",75.3462005408257,-1.08068836614272,0.329258249434227,0.000196706797976681,0.00176833028564583
"YPR074C",149.391823453483,0.989710079708278,0.298978489921604,0.000197381552518613,0.00177178286097341
"YDR497C",352.930255567776,0.772144557557157,0.22475683105699,0.000198597781439876,0.00178007864393536
"YLR325C",250.719513180146,1.07085423734953,0.327121617895834,0.000200388388376501,0.00179349078877353
"YBR230W-A",54.3968061431013,1.20978486566469,0.375995154997397,0.000200928151630866,0.00179568487417907
"YBR262C",72.294789527066,1.02842443352276,0.312735242474025,0.000203841649460205,0.00181905542234253
"YOR383C",5.56035450879503,-4.19227679060197,1.40116570524847,0.00020484202331451,0.00182531013465196
"YCR107W",30.5282140986069,1.41031822202682,0.453990490992446,0.000206197814539522,0.00183470902134071
"YAL002W",52.1381640265585,-1.04043399827805,0.318240749272856,0.000211148972558962,0.00187602476347941
"YDR146C",6.82108412280368,3.71737856073374,1.12201719594603,0.000213343957149075,0.00189276771298924
"YBR117C",20.1110551232551,-1.51031442156435,0.487656888658777,0.00021793355366868,0.00193067588606192
"YJL056C",38.2718612324472,-1.17397846271056,0.367608692358034,0.000219649767209943,0.00194305563301103
"YER033C",62.8174777582149,-1.0677671457183,0.329666153753857,0.000224848114791299,0.00198328402265263
"YKR058W",54.8236965298977,-1.23344756119279,0.388109932693146,0.000224709573400142,0.00198328402265263
"YDR060W",110.695527255022,1.00487252062401,0.306772581156889,0.000226877215631374,0.00199828992669541
"YOR254C",88.973618326337,0.946524276560307,0.28686206496798,0.000228886040107648,0.00201307419113436
"YCR106W",50.9631105861537,1.17630963665379,0.370598720902122,0.000230905298646699,0.00202790748595335
"YML100W",279.872743415792,-0.863186139150904,0.259537969512605,0.000233804701586742,0.00205041677146935
"YLR371W",139.72314752664,-0.883415325223218,0.265915231036855,0.000236359418886106,0.00206984289958451
"YJR122W",59.3712330734002,1.00629769093318,0.309401575695493,0.000239585336906287,0.00209508268069414
"YCR008W",128.710462525849,-0.834476200813339,0.249815458081642,0.000241936868924814,0.0021126149227747
"YIL156W-B",48.7059174146643,1.07739675104989,0.335987834876133,0.000242670170027138,0.00211598667570158
"YDR090C",64.29128335539,-1.04213455631315,0.324597298887073,0.000246019565101438,0.00213907168230138
"YHR182C-A",168.874503962624,-0.99935126754677,0.309310327791994,0.00024598971089077,0.00213907168230138
"YOL130W",77.4678571913634,-1.02727297642881,0.320199538214456,0.000251982423958045,0.00218779611684371
"YDR259C",34.5888517235579,1.48099955203231,0.486891966042507,0.000253830646027964,0.0022007080903847
"YER119C",17.164215316838,-1.71231536616865,0.578469825749049,0.000255511174141954,0.00221213154317502
"YCR034W",26.0705686299226,1.49746671058747,0.497186245751003,0.000257186185919612,0.00222248933468065
"YGL156W",490.838453558387,-0.784165087804562,0.234055755201066,0.000257436828594674,0.00222248933468065
"YHR049W",369.59705685151,0.805815817314991,0.24139937048325,0.000262026481030934,0.00225891287395126
"YDR144C",14.6083974099455,1.72997653502582,0.576880713535254,0.000263414934066983,0.0022676751739241
"YDL124W",228.153928071905,-0.76229608681268,0.227289611678337,0.000269171177470868,0.00231070186857034
"YOR019W",25.9190910363717,-1.3216634775205,0.428758850468875,0.000268869565732231,0.00231070186857034
"YKR057W",105.635314272675,0.912114957736838,0.279038361100358,0.000272718460872973,0.00233786078624581
"YLR061W",152.817036896559,0.951350841981245,0.292849378521557,0.000273438653261691,0.00234074240397473
"YGL123W",357.125629629031,0.874292354803957,0.266308932125573,0.000274447797311231,0.00234608600927343
"YDL180W",73.3495450501443,1.0064538532274,0.314469952295509,0.000276291310724478,0.00235853716927968
"YCR093W",242.332965977033,-0.782773428085897,0.235329219284699,0.00028043380818169,0.00239055113408028
"YHL036W",54.4305440200316,1.29137550938864,0.423592353772304,0.000282142098734874,0.00240175431814114
"YER003C",83.6998998839967,0.970724155371965,0.302505303796623,0.000288713092139007,0.00245227425647246
"YGL147C",22.1723029974665,1.40573329568812,0.464255989249323,0.000288881528490111,0.00245227425647246
"YDR419W",44.7914722333437,-1.07231212168544,0.339644847858539,0.000293493168509452,0.0024879566927192
"YFR053C",852.216194925209,-0.730271829859786,0.218374021114792,0.000298169250845302,0.00252408553319739
"YLR287C-A",198.888407549259,0.997350971283408,0.312896321958101,0.000307468344887847,0.00259919495435704
"YCR089W",20.9849691394824,-1.41447754687824,0.471473807716438,0.000307983383692339,0.00259994283047757
"YFL030W",264.176355483429,-0.790424624268523,0.240080386004351,0.00030988644536947,0.00261238988177997
"YLR350W",170.498344771923,0.86923947779901,0.267859811316896,0.000315442104660645,0.00265555197224673
"YDL086W",68.8498146868828,-0.943822495144316,0.294957633804685,0.000317818816397006,0.00267055239171317
"YML022W",64.3500923102135,1.24564412628729,0.410938479571173,0.000318100252072808,0.00267055239171317
"YDR281C",12.4307989135834,-1.76348268765174,0.604882651357143,0.000322207835132426,0.00270131603181862
"YKL180W",177.795259470254,0.835618811787509,0.256220542890962,0.000322869361575355,0.00270314389945301
"YOR310C",31.2167000759929,1.24418703475876,0.407482043008395,0.000323714405825605,0.00270650110220447
"YBR033W",48.6178536061357,1.04790395231777,0.334642327832828,0.00032941174069754,0.00275036241034453
"YOR032C",99.0285318926891,-1.00964977983872,0.31937921824786,0.000332753361494215,0.00277446202230813
"YHR028W-A",14.8117560915842,-1.60835628697474,0.549492078166622,0.000339688396266137,0.00282601297420786
"YNL106C",23.0051061117714,-1.38199632318978,0.466182236456283,0.000339863414289477,0.00282601297420786
"YER172C",149.129826692338,-0.880431877794622,0.275220574988061,0.000351139247587695,0.00291182818237688
"YGR055W",10.0608974800326,2.01326596306825,0.697839132136292,0.000350717614387628,0.00291182818237688
"YPL165C",55.448743410749,-0.983271555260047,0.312289379223945,0.000352288706070314,0.00291739084714479
"YFR041C",44.5923372910273,1.38464781185336,0.466506439448715,0.000358602555862686,0.00296564800269073
"YKL121W",57.3663646964472,-1.00718015697059,0.322527611150612,0.000360815169761125,0.00297990306191607
"YAL025C",27.7494011824868,1.31563646908925,0.437998115177746,0.00036327310277306,0.00299209400189432
"YHL027W",161.064757030726,-0.792650554471554,0.243845049361068,0.000363030633245954,0.00299209400189432
"YCL012C",35.7982115914174,-1.20483383747643,0.402139042844742,0.000366092443046362,0.00300226531933009
"YDL036C",33.4424814872446,1.19843423590298,0.395167607187163,0.000366297269386214,0.00300226531933009
"YER067W",323.008023773571,1.02172139881618,0.327901253536153,0.000366478326100343,0.00300226531933009
"YLL041C",540.643833886789,0.813291666917017,0.251251834398455,0.000366387755005077,0.00300226531933009
"YDR418W",252.843750677393,0.787236924727999,0.242029868984339,0.000367736019223443,0.0030085248821032
"YLR009W",42.740859195095,1.17559596522034,0.385801027542167,0.000373499023440471,0.00305157714191645
"YDL101C",23.224418352464,1.34912194835323,0.455610016144099,0.000384677645371875,0.00313870180527654
"YNL131W",92.5676199391842,0.964249391724287,0.306886727394856,0.000386251794924667,0.00314733247335006
"YBR239C",62.0903960993451,-0.961139832729196,0.307709539157671,0.000388454671209674,0.0031610563698571
"YBR185C",65.4975950529158,0.970819124037203,0.311039950057887,0.000397577057472988,0.00323097622039715
"YHR183W",540.852488160774,-0.817836144591362,0.255331326669627,0.000399931576774004,0.0032457829033789
"YPR110C",59.3908540819273,1.04453503322585,0.339089464770925,0.0004009184180365,0.0032494651036336
"YIL050W",65.1244143115713,-0.957945795557893,0.306857320963884,0.000405503449645111,0.00328226231817656
"YML042W",251.255292949986,-0.778534736644473,0.241670776022435,0.000410195748018127,0.00331583963417836
"YKL168C",49.4592952905862,-1.01002296370781,0.327554817596135,0.000411047305961446,0.0033183222911722
"YJL136C",166.184897997271,0.927633906879734,0.295607078672941,0.00041287395770933,0.00332865975163805
"YML026C",78.8730879323347,0.972103244067632,0.312389819386474,0.000414291884968969,0.00333567904740537
"YBL075C",142.094653112698,-0.824605172878563,0.258481079728472,0.000417260891210239,0.00335515188908497
"YHR157W",11.4793856732718,-1.80133266381281,0.642256686940656,0.000420027337012996,0.00337294679722557
"YMR053C",47.4642139315945,-1.04193991171336,0.341605377900261,0.000422430085444893,0.00338777811945608
"YGL178W",153.534191820431,-0.828262030573252,0.259727872755762,0.000423608410240981,0.00339276381132559
"YBL092W",406.258342211585,0.752929549654782,0.232517334513245,0.000425219782065682,0.0034012002253154
"YDL083C",76.9486439665996,0.91744349922821,0.293569258991165,0.000430456602826019,0.00343857535285004
"YMR260C",130.104389251837,0.957562897464838,0.307950593764926,0.000432117463935931,0.0034473245323161
"YDR201W",12.3640211674838,1.73871278784765,0.612564299144632,0.000433911127038096,0.00345710891411398
"YPL256C",19.4029178951535,1.44227168820941,0.500302612948682,0.000436333224159546,0.00347186814784913
"YBR059C",150.393333636057,-0.830069379836546,0.261473109465491,0.000438043064115404,0.00347639645284295
"YGL058W",57.6443465238417,1.02904549062308,0.33586033954308,0.000437519044726085,0.00347639645284295
"YKL117W",160.613778544069,0.892908472398024,0.284851805011171,0.000448924942777479,0.00355812422136377
"YFR055W",69.1898593673607,-1.15620975137189,0.392479479056265,0.000454280129846005,0.00359190667417924
"YML035C",92.9031302207003,-0.84848653903078,0.269034376674907,0.000454365881180015,0.00359190667417924
"YMR142C",194.611851517588,0.747864554425659,0.232517235269498,0.000457426728967306,0.00361141957649706
"YDL049C",23.8932743023711,-1.35604707900288,0.466754072675486,0.000458267691650623,0.00361337850014301
"YNR002C",29.9928541984806,-1.28389536357488,0.441671207650016,0.00046080344167362,0.0036286782648588
"YNR050C",71.651577802545,0.914378367529316,0.294561875230194,0.00046457843079968,0.00365368456222458
"YOL051W",175.234012399483,-0.820948892941968,0.259301889632009,0.000466652994105327,0.00366527061736078
"YHR067W",24.5578620767868,-1.30069617221965,0.450109961603548,0.000470106172852146,0.00368764108562912
"YPL018W",40.3451001553702,-1.07405144768362,0.358426842689796,0.000476781617168694,0.00373519788771618
"YAR015W",111.476037446687,0.835438459198339,0.265784911154506,0.000477926960717275,0.00373936434604851
"YEL053W-A",57.8032248055328,1.29868565845826,0.45111944391995,0.000484962370697832,0.00377985377161546
"YKR102W",29.1370022696841,-1.22677887413882,0.418184666055935,0.000484330773833156,0.00377985377161546
"YLR103C",15.9274162335374,1.51688294217042,0.534012831133837,0.000484430184259766,0.00377985377161546
"YLR435W",21.7505972512412,1.3479352476977,0.466856848305605,0.000499017857756408,0.00388443658113066
"YKL169C",46.0291104801603,1.02298617544956,0.338318390325229,0.000500483523919421,0.00389087637536846
"YER035W",142.092400078509,-0.845322158300263,0.270876139591014,0.000509197956812228,0.00395358158824271
"YGR270W",228.579979930061,-0.940419515151599,0.307150498943421,0.000510094222647274,0.00395550163744928
"YBR241C",63.1143986695777,-0.989962601387865,0.328906696200459,0.000512326922629073,0.00396776695479568
"YMR087W",29.2954428882944,-1.20834746546891,0.413289794268098,0.000514547940736065,0.0039748665383857
"YOR312C",165.805920747173,0.854469322517106,0.274118725747116,0.000514299639203106,0.0039748665383857
"YBL059W",24.4938250533365,1.33399129329158,0.463332446010877,0.000518581692139142,0.00400095621973174
"YDR258C",734.384180465527,0.928282014287588,0.30342625947869,0.000527772878297678,0.00406672021899412
"YPL166W",30.6005469563429,-1.15275649715244,0.393295889956714,0.00053027488486131,0.00408084018084556
"YMR279C",37.5856709896541,-1.07407351384581,0.36361671628583,0.000538462307544249,0.00413862265382371
"YNL066W",48.9595958493771,1.05657843560766,0.356099732932335,0.000543090990473409,0.00416894154525872
"YKL148C",374.991659824385,0.72474492945757,0.228073964652817,0.000547181412057539,0.00419505749244113
"snR86",987.578980250971,-1.15623273041787,0.398797280960526,0.000549723377650567,0.00420925123967362
"YJL188C",298.927258378869,1.0583419729808,0.356772956098817,0.000556651817209741,0.00425162008257315
"YNR047W",120.544028419102,-0.813391889279119,0.261981018266983,0.000556303224345558,0.00425162008257315
"YOR153W",413.444848323209,0.936198234870856,0.309006475275501,0.000562679845759158,0.00429228242791248
"YKR054C",243.360607595591,-0.781859703791518,0.250447145906901,0.00056437781392799,0.00429985346986387
"YLR445W",6.99486213906053,-2.46769245889068,0.904724571696571,0.000572960260365255,0.00435979124460203
"YDR491C",58.6439389303722,-0.943448108288733,0.312171634153285,0.000575344373282775,0.00436702858674784
"YOR006C",63.6941935887771,-0.931144252725676,0.308028176997488,0.000574883034361798,0.00436702858674784
"YBL021C",32.2766537298285,1.11250888605866,0.37925228659362,0.000579173570065644,0.0043851713162113
"YFL052W",25.4827769140538,1.40361729848354,0.50699628177889,0.000578901281214948,0.0043851713162113
"YDR011W",385.481938707638,0.85538790617844,0.278670786754421,0.000584563682107959,0.00439866128697285
"YDR511W",41.2664036376092,1.06657364860806,0.360577577518393,0.000584451281028244,0.00439866128697285
"YHR013C",23.8826341245511,1.31973642993138,0.466985895090556,0.000583496818563948,0.00439866128697285
"YOL093W",17.2407680624555,1.46583636533146,0.523589974788116,0.000582710913212902,0.00439866128697285
"YOR113W",82.3824293138326,-0.973831724246477,0.32435476007002,0.000583433220993685,0.00439866128697285
"YPL013C",80.1287791797817,1.09309007481523,0.372453986488844,0.000585355027671482,0.00439918482571847
"YIL040W",28.4878587360605,1.20376324482627,0.41645810447423,0.000592019650287689,0.00444379281835402
"YDR372C",117.471915600791,0.810786436714978,0.261442863039107,0.000594052101993632,0.00445356403647133
"YJL073W",74.459216074016,0.979079010692013,0.326499377962478,0.00059623640338275,0.00446444825383029
"YJL166W",1193.03493674526,0.84631312031209,0.275528905704424,0.000600209845915775,0.00448318506232433
"YOR054C",108.710426977791,-0.953077414338834,0.316362925832309,0.000599624539503273,0.00448318506232433
"YBR089W",28.249421841719,1.19679840042274,0.418207650362765,0.000603924292557645,0.00450540827801573
"YLL019C",234.429583975849,-0.74013457210568,0.236246800421572,0.000606418976312473,0.00451848858267056
"YLR301W",112.614911736604,0.860985295335906,0.281512195031793,0.000607685769340771,0.00452239897940415
"YOR197W",75.5625771525979,0.935432261771526,0.311815206326913,0.00061151784670894,0.00454536740937925
"YMR307W",358.379022983438,0.947857634552562,0.31656998781883,0.000614775996519548,0.00456401912154281
"YJL145W",29.3084357351706,1.2343629449513,0.436831517811976,0.000624350778155527,0.00462946227841598
"YJR080C",109.749877964353,0.814279375620728,0.264426385953456,0.000631545137559458,0.0046771173917678
"YPL167C",67.5635856192001,-0.920178895838824,0.305474821140745,0.000633785748882596,0.0046880147323294
"YAL037W",10.2460719230705,-1.81918012059762,0.686752363764323,0.000634768313334723,0.0046895913573032
"YJR112W",15.6785258292542,1.47638217747412,0.535627241682012,0.000637690359106437,0.00470547547064617
"YCR026C",64.3698015176087,-0.989474882590866,0.335415720708952,0.000644764155111222,0.00474618058623538
"YOR227W",188.739712773002,-0.790514132832277,0.257118659944142,0.000644245987019302,0.00474618058623538
"YOL049W",73.8193908347309,1.00357010662567,0.341481356641557,0.000648850682396622,0.0047705004936157
"YKL101W",94.6287970380412,0.855523936077027,0.281364697537589,0.000664066326208029,0.004876487058118
"YHR143W",89.3096393689123,0.8475670623224,0.279170547099315,0.000666712229989197,0.0048900253210399
"YLR247C",229.864431553265,-0.746356931923394,0.240542986153254,0.000668517090941124,0.00489736979481509
"YJL011C",11.4908647506168,1.80961678672437,0.677752061368979,0.000671534744951651,0.00491357055279749
"YDR471W",127.655547368439,0.784760627232632,0.254789566798442,0.000672626272008452,0.0049156560286469
"YIL123W",27.1308979929349,1.21524801173335,0.43119895312957,0.000678935060550706,0.00494989138045042
"YPL079W",88.8719982480318,1.00124952207392,0.341850106195407,0.00067848038849671,0.00494989138045042
"YCR038C",14.4214265906163,-1.52066401533025,0.557784858247336,0.00069361558939963,0.00505088054646445
"YKR077W",31.7218494092947,1.10495032119497,0.384198807203719,0.000697639078284652,0.00506806934701425
"YLR185W",146.709188071882,0.830153698727399,0.273083463732099,0.000697088519110018,0.00506806934701425
"YCR069W",78.39317317427,-0.863219134466461,0.286815356255074,0.000702057575100074,0.00509409633361303
"YNL174W",23.163205162385,1.31950795104138,0.474568138677461,0.000709693747080314,0.00514338096130144
"YLR099C",27.7106521225747,1.2057014678368,0.429690461220583,0.00071394371076815,0.00516803671868394
"YBL040C",62.1636302818187,0.903881880824915,0.303390231573709,0.000720249138398563,0.00520274894256392
"YDR513W",355.288806804475,0.718840878860758,0.232096850784448,0.000721367961591178,0.00520274894256392
"YLR062C",152.139036291136,0.856427077640445,0.284356514641893,0.000723007113101171,0.00520274894256392
"YLR438W",52.5826387463742,0.970500104500756,0.331502084270382,0.000722237311769422,0.00520274894256392
"YPL119C",33.5360670708274,-1.07947482141524,0.377970197658797,0.00072124427223751,0.00520274894256392
"YDR041W",57.2097828718429,0.956035223262953,0.325058876410798,0.000726662858839411,0.00522288929790827
"YER148W",103.365108325802,0.845237008444452,0.280500409365991,0.000738522016924177,0.0053018747858102
"YER147C-A",59.5599444989644,0.981256799846221,0.335287380756746,0.000744134890973219,0.00532961475967305
"YLR023C",133.165714613662,-0.801952317650414,0.265185678493758,0.000743305632310867,0.00532961475967305
"YLR212C",18.3726161142346,1.41054113335077,0.523556963091816,0.000751183265214683,0.00537378169188204
"YCL033C",44.1000744677018,-1.03524699982099,0.361461994961283,0.000753206642977895,0.00537563757488322
"YLR409C",47.5436008603508,1.02069178773321,0.35363172124571,0.000752903818771806,0.00537563757488322
"YLR068W",15.5940814323033,1.71768772981001,0.653730724624936,0.00075458020508491,0.00537914192981582
"YMR221C",109.884952323563,-0.969607509609665,0.333957520910326,0.000757675003911468,0.00539489386546776
"YGR186W",244.742381703971,-0.845987734048393,0.282892967370711,0.000772806515707573,0.00549621436783858
"YIL129C",283.623364329663,-0.869357141215055,0.293470496711078,0.000776328031315578,0.00551482441826159
"YNL194C",53.8383212349631,-1.02832990432835,0.35669692905747,0.000783601459041224,0.00556001268085711
"YMR205C",384.625807321216,-0.860738216106271,0.291983065730888,0.000791568228250345,0.00561000971068122
"YGL140C",250.105407291281,-0.815548258268781,0.272824678470727,0.000798903980092867,0.00565542364537285
"YGR183C",502.597280112488,0.724346763935699,0.236373896733123,0.000806559291254264,0.00568801979589491
"YHR190W",187.786243261963,-0.736448426766679,0.241939505074775,0.000807241529688121,0.00568801979589491
"YLL011W",25.5478625928656,1.18046345843754,0.422116616825516,0.000805625710621847,0.00568801979589491
"YPR010C-A",788.799924171096,0.988696835853368,0.342625674862651,0.000805897122032304,0.00568801979589491
"YBR212W",49.172579798252,-0.979995504433589,0.341300224351725,0.000810768890447202,0.00569969594841488
"YPL143W",220.10097541342,0.724974716554024,0.236957051719487,0.000809860577803263,0.00569969594841488
"YJL016W",198.820791602002,-0.757749498739238,0.250172793404911,0.000815501857477166,0.00571977424778289
"YKL192C",225.118863377897,0.743567664592323,0.24436623718725,0.000814600696840393,0.00571977424778289
"YDL149W",73.4302261092179,-0.885305310197275,0.301223143739171,0.00082101019088652,0.00575178978557855
"YGR113W",26.0326343774556,-1.16878696765481,0.420223864109709,0.000841626827174445,0.00588945523723105
"YJL189W",300.382664528904,0.982896022866245,0.341844184663722,0.000847408830724851,0.00592311562301372
"YJR144W",66.6055762378154,0.891343995468028,0.30330509595325,0.000850175714053748,0.00592885695326956
"YNL269W",8.96921301761576,-1.94503521344712,0.763000813307199,0.000849614762119597,0.00592885695326956
"YNL079C",275.053547229175,0.949256173038492,0.327791877598865,0.000853099959974894,0.00594245057833941
"YDR247W",159.400854522666,-0.851890159910036,0.289598122563319,0.000869240319047381,0.00604796774497008
"YGL229C",29.9861922692943,-1.15471089440117,0.414765689433559,0.000871688328786594,0.00605808479356248
"YKR016W",226.257639213301,0.973288571506618,0.338715269361306,0.000872879586455616,0.00605945453239975
"YMR316C-B",19.1830230699711,-1.37065002293893,0.51972289288276,0.000875007869237014,0.00606731850170603
"YOR148C",91.8073772334181,-0.949889869385324,0.329569379321786,0.000886109188452976,0.00613731307229647
"YGL121C",167.229337267439,0.734721183502795,0.243140682339413,0.000890004553350361,0.00615031491232477
"YGR239C",57.1693471441966,0.928383126607454,0.319977225976475,0.000889564963691114,0.00615031491232477
"YOR210W",48.0353941428771,1.00479335184849,0.351890950237943,0.000894634536445606,0.00617530860660925
"YDL199C",42.5624986756967,-0.968256476037645,0.339306756058858,0.000906075100296752,0.00624366709757922
"YDR451C",24.8489332411809,1.21195407930886,0.444805341366215,0.000906586608918393,0.00624366709757922
"YEL062W",51.4732026112474,-0.961012830208232,0.335947048927594,0.000920081570669836,0.00632555504591124
"YER067C-A",213.666737203621,0.92952207537366,0.322617047969859,0.000921590300372302,0.00632555504591124
"YKR019C",23.9499836078526,-1.16982374524836,0.427127959168777,0.000920703763235317,0.00632555504591124
"YIR030C",31.6169143702865,1.06667304299686,0.380567561539019,0.000926524369848414,0.00635226775503497
"YKL096W",31.5920334746997,-1.15711875294633,0.423693207976995,0.000927654708034728,0.00635287128704681
"YNL114C",23.9135951528874,1.18446039332922,0.431367204191056,0.000930931597813367,0.00636815722634396
"YGL009C",340.221714066502,-0.92528017271865,0.32309454372834,0.00093332673566062,0.00637738391687385
"YBR025C",356.424987065326,0.772594406404319,0.259658968854872,0.000950528129674006,0.0064876472008545
"YJL148W",40.501177625484,1.07685300860866,0.385360922193053,0.000951642081538403,0.00648798488476126
"YML097C",32.8237566623197,1.08229331486226,0.38820728274595,0.000953759261544469,0.00649515385375814
"YOR191W",182.185635842584,-0.737789663436579,0.245933408371204,0.000956986803696913,0.00650986000952308
"YJR150C",2.59141979816198,-4.31006583703166,2.56586773092259,0.000989214428327506,0.00672158521812279
"YNL087W",105.004743328194,-0.805586187425734,0.274453319292488,0.000994171423150959,0.00674774479299009
"YGR027C",345.072089003638,0.761640222754436,0.256971336186492,0.00100799428896041,0.00683395460646688
"YHR162W",325.021040723224,0.748363359564342,0.251582985776654,0.00101415751379104,0.00686194415047502
"YLR411W",279.475736527819,-0.669129899095447,0.221180332747387,0.00101437435267892,0.00686194415047502
"YLR146W-A",15.6543968948299,1.48819341929388,0.574139340078639,0.00101689863913783,0.00687139379772182
"YBR111C",181.215939599505,-0.730325291193905,0.244754903371349,0.00102283346762584,0.00690384272998838
"YML089C",12.5657138604845,1.59987342576561,0.626696012060422,0.00102473862033934,0.00690905076434547
"YKL091C",47.6787142643368,-0.963097756995535,0.342103939788331,0.00103384978313647,0.00696277837372018
"YLR390W",33.5616591888306,1.10784933461567,0.404474222206019,0.00104012017733319,0.00699727646892474
"YJL071W",49.4298150030458,0.936587790061664,0.330338722014248,0.00104788917298479,0.0070417690290433
"YDL109C",12.0391466585821,-1.61883541504444,0.655637758973398,0.00105231119985846,0.0070589104868649
"YDL231C",224.412511114779,-0.80566917365275,0.277067322646033,0.00105275629738477,0.0070589104868649
"YOL015W",22.0344279764292,-1.21182318355162,0.450978387167161,0.00105858402076415,0.0070901863808324
"YBR106W",300.693185797549,0.686953160606171,0.229369839342242,0.00108267198887304,0.00724356286737781
"YBL100C",417.160138989065,0.724380265969057,0.244077653224161,0.0010915656089004,0.00729505744106136
"YBR088C",37.9537875584969,1.02515970766979,0.371045824327219,0.00110248974559883,0.00735999452291882
"YBR101C",178.690401722895,0.975595167282239,0.350035909305009,0.00111593527381475,0.00744160338501193
"YHR150W",43.5057965634016,-0.935579397155065,0.333223041191085,0.00111889016901108,0.00745315363947817
"YGL234W",64.226292980951,1.01114906860166,0.367834015730916,0.00112581206775153,0.00749107483946026
"YBR039W",604.076506597989,0.639114168099416,0.211781352170938,0.00113013961720352,0.00750348689199941
"YJL104W",67.1197879318647,0.909713929145314,0.320870973892269,0.00112947312765227,0.00750348689199941
"YLR173W",30.2418485923855,-1.10592779956063,0.414590796223552,0.0011550091133464,0.00766026174738442
"YPL142C",245.9068473185,0.692953555485365,0.233394833385923,0.00115910301940878,0.00767905750358316
"YBL007C",158.920222104145,-0.753950705946696,0.258371293531016,0.00116380254560843,0.00770182032082885
"YOR100C",32.0034265798408,-1.10375309966634,0.414504083446065,0.00116631099585849,0.00771004937066977
"YDR133C",183.847739083665,0.762725173835995,0.261959029350529,0.00118222407655899,0.00780677762364796
"YGL114W",151.513088768594,0.953592721012728,0.344201811639149,0.00118662960076713,0.00782738897908624
"YJR097W",13.7819482348692,1.48097014512226,0.585285728866442,0.00120118906335918,0.00791486199045856
"YHR141C",45.5262877166767,0.943458186260539,0.338940374671912,0.00122766796925956,0.00808060072638984
"YCR017C",148.010889665351,-0.928896459702209,0.336572786511706,0.0012390373326596,0.0081466370469906
"YNL276C",44.1896937141023,1.12540915822126,0.425651930419747,0.001244423694137,0.00817323536181574
"YHL003C",66.1995247359463,0.933460309400373,0.337773947790348,0.00125757787094347,0.00823512211463105
"YMR039C",67.8556787098353,1.2188109298307,0.468709089632841,0.00125789970282551,0.00823512211463105
"YNL127W",42.5858618067626,-0.966817094726439,0.353983582808339,0.00125672672838261,0.00823512211463105
"YOR226C",46.8777693953864,0.932113489681822,0.335369594137381,0.00126262343619902,0.00825717794381223
"YCL040W",310.141780697476,-0.749891982940266,0.259633091502279,0.00127859867813565,0.00834408461325143
"YKL008C",97.2161220652568,-0.868356373272156,0.310957283700238,0.00127865053794534,0.00834408461325143
"YPR145W",187.173178447374,0.735440614505435,0.253256101263607,0.00128964990326262,0.00840686220362106
"YEL020W-A",78.7513643706415,0.935690667440918,0.337712445939363,0.00129521331189638,0.00843191194643317
"YJL213W",17.5769203867816,-1.30615032247312,0.515307574653435,0.00129625947396356,0.00843191194643317
"YKR098C",28.6145644026735,-1.10240749546435,0.416179612903718,0.00131093482517989,0.00851828119346633
"YNL254C",42.7451304153676,-0.934046568726556,0.338712432838668,0.00131253792576067,0.00851961518371807
"YOL133W",48.6976434847454,0.933186305831771,0.339040923899548,0.00131515221348391,0.00852750291615368
"YKL050C",48.2879413988849,-0.933725274591237,0.338309218633271,0.00131764443961949,0.00853458327256198
"YBR255W",88.0213334700078,-0.842630013005227,0.298383605105333,0.00133042660020761,0.00860822731238363
"YBL027W",318.566590444148,0.69335525588723,0.236918062558704,0.0013357333311078,0.00863339835959923
"YDR324C",31.0167230100813,1.05467000801329,0.393126974111321,0.00133859444765295,0.00864272580343722
"YDL061C",190.028996835196,0.715048688187048,0.245931228337693,0.00134067833431475,0.00864702057952212
"YGR241C",72.5250594079744,0.813039215915173,0.286815957327681,0.00134987863914097,0.00869715677120954
"YMR314W",118.07599661072,0.757305595680564,0.264005143495211,0.00136465920617252,0.00878310228259927
"YDL085W",32.4950316416796,-1.14212954108367,0.444495073573792,0.00137842992718559,0.00885518214075924
"YEL011W",276.066183983115,-0.743187735333352,0.258721354457224,0.00137876420862683,0.00885518214075924
"YCR068W",23.0337666455134,-1.25348759878561,0.502408859620541,0.00138184472737484,0.00885630243254433
"YOR245C",140.450739200095,-0.710862283672054,0.244967379752076,0.00138059758454141,0.00885630243254433
"YOR081C",38.9734555937224,-1.03201635595253,0.388985030687555,0.00138593493637723,0.00887318638363361
"YPL092W",148.928912745353,0.820823232578555,0.292023295735261,0.00140318271519158,0.00897418536106261
"YPR199C",42.3711672147638,-0.925688074220317,0.338008740464279,0.00141549390409047,0.00904343327613353
"YKR011C",70.7361213460969,0.928811564915482,0.338495268038168,0.00141930713012047,0.00905830047966936
"YKL156W",175.254561144838,0.767692712196022,0.268902627530465,0.00142742069569783,0.0091005534940149
"YGR185C",44.600446168772,0.906130098652298,0.329741566316321,0.00144384397515055,0.00919564161812184
"YKR046C",574.514506886924,-0.6710807788122,0.23066383027472,0.00144641886742653,0.00920242484025544
"YOL045W",58.7595774296599,-0.897325739266196,0.324867056886337,0.00145417156873994,0.00924210188891546
"YKR071C",308.041591664986,0.712530521035339,0.247032269123082,0.00146521126205399,0.00930256525231152
"YGL096W",125.506678154801,-0.832416843686116,0.298306230174318,0.00147430978416223,0.00935059119091444
"YMR242C",112.746277313679,0.82074563650726,0.293373818436811,0.00147664867184664,0.00935568986996393
"YMR037C",103.230800583563,-0.827742551955576,0.295842959052743,0.00148343328362786,0.00937947848488532
"YMR210W",79.374545390206,-0.835504426371019,0.300633498413007,0.00148348109260532,0.00937947848488532
"YDR338C",72.8719173077364,-0.940782360972555,0.350606918313172,0.00149055632110332,0.00940470059743763
"YOR225W",24.4447303402273,1.12279125013828,0.432493255255586,0.00149030604135185,0.00940470059743763
"YBR279W",60.8902130457242,1.10815808944766,0.425195843649069,0.00149269604615195,0.00940846163525971
"YER093C",85.9524268705464,-0.776280083863503,0.274331950426959,0.00149669400401434,0.00942391524221839
"YML051W",87.2562139271202,-0.818289188659455,0.294060869417066,0.00150527585216165,0.00946816957577424
"YOR167C",146.092440581562,0.76331100190895,0.269478724563147,0.00151116583386071,0.00949541830657837
"YBL088C",130.739335237092,-0.712887042090488,0.249080874975554,0.00153716139283933,0.00964770078524355
"YEL066W",98.7773711249272,0.84802356982803,0.307417989830192,0.00153856688486575,0.00964770078524355
"YMR282C",73.6947119877452,0.831450264694132,0.298914963512484,0.001545055237115,0.00966849247455431
"YNL139C",120.443614773192,-0.820697712160567,0.296168301651441,0.00154493914681218,0.00966849247455431
"YDL120W",53.6511655572679,0.881638374363602,0.321373235797804,0.00155177111835244,0.0097005589398545
"snR55",8.7351977221289,1.89907645957846,0.829030730885947,0.00155403643639537,0.00970476647523543
"YBL028C",38.9348783148432,1.14598783719231,0.445921134471693,0.00157604864713939,0.00983215609448782
"YDL144C",30.403938817661,1.1004219771846,0.42751973456321,0.00158543747001376,0.00987727489720347
"YIL071W-A",39.9671825330972,-0.957110158801568,0.357028560584923,0.00158652208767222,0.00987727489720347
"YBR056W-A",24.8364454715446,1.23654568687216,0.500242004582531,0.00164772910576932,0.010247866224147
"YMR236W",32.1341537048378,1.00206954637056,0.380412121524678,0.00165307074859129,0.0102601488927331
"YOR135C",111.73786289373,0.821395853535172,0.297759049812259,0.00165225295880933,0.0102601488927331
"YBR268W",50.6767560614739,0.884343556731275,0.326095615841873,0.00167398259003716,0.0103688250876794
"YLR177W",106.877568544636,-0.791897999602336,0.286017981310985,0.00167351927337922,0.0103688250876794
"YDR169C",57.2930042594631,-0.944075933300697,0.352765893759882,0.0016770371675108,0.010377199528912
"YDR411C",54.4422818043657,0.869410915650098,0.320125574683402,0.001681392545702,0.0103935979371741
"YFL053W",6.32724380121573,2.15356134654047,0.929866122601578,0.00168682235189694,0.0104165980089279
"YBL095W",79.2076835952852,-0.885722865868174,0.330935946709478,0.00171100687575854,0.0105428531307405
"YCL014W",64.1765965245053,-0.80964310158163,0.294246734119006,0.00171245686619083,0.0105428531307405
"YML017W",81.8431572741073,-0.803773837683427,0.292523202397467,0.00170918313977125,0.0105428531307405
"YJR137C",261.886345758672,0.854625180678714,0.314840037214831,0.0017341134020235,0.0106463222092524
"YML086C",54.4592645330134,0.9966126831959,0.3826730139652,0.00173450335583061,0.0106463222092524
"YNL081C",68.4322071676449,0.893736627483412,0.330902196958551,0.00173422850762051,0.0106463222092524
"YJR101W",71.4345323436891,0.788433538260201,0.284740803819482,0.00174333296162548,0.010689752918619
"YJR014W",53.3515140396162,0.904693370518077,0.33669326551588,0.00174610777830299,0.0106960069434741
"YBR010W",334.119879420811,0.681155328189995,0.239119391704545,0.0017607343555656,0.0107512161179606
"YER038C",31.1549415725934,-1.09358805556675,0.428199824275094,0.00176451427824401,0.0107512161179606
"YER102W",37.5677194152731,1.02109356010944,0.391701646467349,0.00175733906168626,0.0107512161179606
"YHR001W-A",676.117280050314,0.617966602245672,0.213660456368002,0.00176230859458439,0.0107512161179606
"YOL082W",150.406080685271,-0.712430899699973,0.252966302321383,0.00176570423856908,0.0107512161179606
"YOR095C",19.9228953779352,1.18465691997636,0.472896023307104,0.00176489523359826,0.0107512161179606
"YEL020C",96.1048379008422,-0.741194672649055,0.264897915090298,0.00177251812185639,0.0107819340845456
"YJL196C",205.878143202538,-0.794128749996565,0.289562816817095,0.00177637864744078,0.0107946439243784
"YCR045C",10.2563214427008,-1.58566148805496,0.68124905186844,0.0017822072957013,0.010819276361852
"YEL024W",613.661734551716,0.685294441630442,0.241544750372502,0.00178742414225593,0.0108401494000497
"YDR174W",97.0092244511648,0.812330142098011,0.295845684628837,0.00179164223521069,0.0108532071851913
"YEL006W",57.6030536898021,-0.868795841165506,0.323250488678102,0.00179313857842292,0.0108532071851913
"YCL075W",5.2705677774525,-2.5418135808005,1.10686328873203,0.00180416375892703,0.010903834526119
"YJR033C",58.378493100729,-0.858875033303191,0.319705909186215,0.00180508105608762,0.010903834526119
"YHR160C",27.587634105115,-1.05020359558861,0.407631401931748,0.00180839975276534,0.0109130658347572
"YLR410W",132.860383101386,-0.818839670467787,0.302125330807677,0.00182170354156988,0.0109716236026368
"YOR109W",74.7978295900865,-0.877360104314069,0.328961938443922,0.00182160143864634,0.0109716236026368
"YAL017W",272.828178708146,-0.70898553559286,0.253111030169153,0.00183127680267827,0.0110183930032814
"YKL072W",36.6036389102403,-0.973375722659201,0.370159349860173,0.00184290986974805,0.0110665375922309
"YML129C",66.5788567524868,1.0096690550756,0.389200914549456,0.00184177783626875,0.0110665375922309
"YDL045W-A",35.5543025893896,1.20578407761729,0.488121522058643,0.00185293457993365,0.0110939452501921
"YDR512C",51.1512274654506,0.882967354095533,0.329210706412444,0.00185223158613145,0.0110939452501921
"YER009W",123.492803118097,0.735165058390449,0.264086675808603,0.00185209004100237,0.0110939452501921
"YGR121C",31.3540478630422,-1.05406928541044,0.417607460761006,0.00186647845010448,0.011153123679791
"YLR232W",6.51034179184259,-2.01550310005119,0.885527596191916,0.00186500937488314,0.011153123679791
"YDR541C",36.518273422748,-0.987754675718477,0.383393407958919,0.00187288534004188,0.0111804467654801
"YBR137W",46.4565996123584,-0.880648341004675,0.330825631513362,0.00188393959566003,0.0112244494971143
"YOR140W",47.8435357390285,-0.940720292021911,0.361664325764482,0.00188211939296775,0.0112244494971143
"YDL131W",63.7948797518428,0.835060898153011,0.30912278589354,0.00190099364247978,0.0113039573179652
"YDR466W",85.3156205451563,-0.758858640100956,0.274772011517046,0.00190094695895221,0.0113039573179652
"YHR163W",64.2643193251898,0.902989326464758,0.34185437931488,0.00191445289701324,0.0113728951338165
"YHR082C",309.829540567173,-0.721618327821889,0.259143528553898,0.0019304112129888,0.0114565300322948
"snR76",5.19063024400102,-2.5067068520563,1.10401088772259,0.00193318423202464,0.0114618267453212
"snR14",128.009391272679,1.09829668249652,0.442088170041468,0.00197030972167668,0.0116705906254804
"YPR118W",45.2765699236176,0.989041959804123,0.385789577216863,0.00197707971767087,0.0116993212419456
"YHR059W",41.8811089897801,1.09120932442228,0.433215723594875,0.00198366993422666,0.011726933316306
"YDR457W",505.50395853938,-0.690207527153893,0.247312407711507,0.00198696544637139,0.0117350333291024
"YPL218W",211.653590441691,0.676188539242651,0.240934019098533,0.0019900594642029,0.0117419287844305
"YBR139W",263.204466345392,-0.762206368454429,0.279215502759205,0.00199222991050161,0.0117433668322121
"YDR337W",63.1428118405233,0.926447225688824,0.35272615215074,0.00200737389915883,0.011821201850602
"YML099C",73.6901909153578,-0.791318107555709,0.292080504433869,0.00201278602168031,0.0118416320483991
"YDR178W",512.987692585261,0.778865906336996,0.28603297641496,0.00201484561809534,0.0118423182664331
"YBR007C",70.217501479651,-0.908080494066595,0.344419357186142,0.00201752595998515,0.0118466480983714
"YKL138C",17.981397225402,1.31294478827785,0.547608821381118,0.00202452939238705,0.0118763297849847
"YER011W",4.47416044524534,-2.8846085351901,1.25000342070321,0.00204561741815858,0.0119540154972929
"YIL017C",96.2463283011069,-0.754564958217594,0.275413786603527,0.0020434860514791,0.0119540154972929
"YLR069C",114.086510704413,0.713951607111513,0.257567250418048,0.00204453019565546,0.0119540154972929
"YOR007C",392.469975467484,0.608646743894306,0.213362966718637,0.00204247619986226,0.0119540154972929
"YKR089C",89.3342656429381,-0.776344473396666,0.285886360520237,0.00204949922400238,0.0119652277493243
"YDL208W",56.0535438784965,0.876243301147588,0.330877221268889,0.00205600067999467,0.0119916977459976
"YHR155W",90.4318483529377,-0.752101683514516,0.274772218159683,0.00205874369351039,0.0119962168374243
"YGL197W",92.5267417623475,-0.742912970415941,0.271273411148087,0.00206201680268513,0.0120038131923265
"YFL045C",112.75660691022,0.79340566904837,0.294457287882418,0.00210078478173921,0.0122178275235692
"YDL085C-A",9.75760465039875,-1.54617459134744,0.674429749091614,0.00210552299198024,0.0122337108065964
"YIR024C",30.229351531698,1.18495437882407,0.48637632558037,0.00211240649445091,0.0122620167463603
"YHL001W",106.200553109816,0.763958866331744,0.28081154804744,0.00211711137429869,0.0122776344684591
"YKL006W",97.4950929851507,0.877337290134282,0.333858366574174,0.00212332156137414,0.0123019438370489
"YLR388W",57.928695240683,0.882495733571041,0.334603130235283,0.00213194888996467,0.0123401979908212
"YPL004C",294.716617972965,-0.61808120161241,0.218870993305226,0.00213978174124998,0.0123737853063744
"YML073C",170.801650943162,0.656533200708149,0.234522622135821,0.00214211522214977,0.012375537705216
"YER050C",71.0754000212129,1.09000777204867,0.439299311131068,0.00214718183354524,0.0123930618138809
"YJR126C",110.781129534271,-0.840798833326226,0.31860129602422,0.00216115729798386,0.0124619240598029
"YCR073C",50.1692061367861,-0.953738102987426,0.3759666039868,0.00217334262525685,0.0125203433846319
"YML055W",38.7065140498255,0.94960033616671,0.36853349848189,0.00219803731171448,0.0126506491169969
"YPL158C",35.9084531730673,1.00724837867729,0.397155066569376,0.00220550470178333,0.0126816520352541
"YGL076C",60.3704549219972,0.811327692016159,0.304060922301189,0.00220976121236103,0.0126941513565886
"YDR126W",20.0275104720153,1.13482550411423,0.464677249247207,0.0022312388649281,0.0128054622238576
"snR45",767.335362344385,-1.0357847953732,0.418630278549021,0.00225138998520007,0.0128966009811535
"YDL121C",21.8493766372561,1.12509854077516,0.458656839996545,0.00225275039763119,0.0128966009811535
"YDR320C-A",45.5990764615688,1.03191643640529,0.41218095494596,0.00225346678341731,0.0128966009811535
"YDL059C",30.1449309417363,1.0502382677399,0.421484050899373,0.00228451966610102,0.013062051937041
"YER001W",191.022525200216,-0.664568422153057,0.240624107841384,0.00232547423682157,0.0132837539582263
"YOR044W",97.0469376052592,-0.772776458141999,0.288828830671883,0.00233495878228933,0.0133254436124096
"YOL113W",72.3998913348288,-0.766943580712715,0.286862711269869,0.00237614686023742,0.0135478158214659
"YNL160W",3349.93198584709,-0.613220155102242,0.220072521335192,0.00238508360090281,0.0135860603247688
"YGR028W",110.169060580282,0.702387247444431,0.257597788981116,0.00239893045565147,0.0136521765893518
"YPL273W",37.7799068013677,1.00570937608275,0.406810817525862,0.00243764700984897,0.0138595695196171
"YLR198C",20.4586620177285,1.42045980745227,0.636768118640794,0.00244688369446221,0.0138991203334084
"YJL161W",17.0035359489374,-1.2231154795697,0.51487951326924,0.00246566655714843,0.0139927725007632
"YDR222W",26.5088192313026,-1.00037304739422,0.402774386498255,0.00248667207077094,0.0140988523454408
"YGL253W",207.802579412498,-0.735969381170506,0.275289203138489,0.00249031415216699,0.0141063798861132
"YPL274W",115.864429548992,-0.836872851373012,0.324537615769267,0.00252107760694463,0.0142673797718919
"YKL160W",100.464809644914,0.857139411193086,0.330567787105683,0.00252395313109358,0.0142704029072499
"YOR176W",70.3281286813621,-0.789548030186139,0.30083645847611,0.00255570931173712,0.0144365600139368
"YNR065C",41.1373144442894,0.906092689849003,0.356985747856165,0.00256793559874035,0.0144921921058541
"YLR270W",145.181538215027,-0.689293786534541,0.254649796931801,0.00261320379763503,0.0147340214121975
"YMR112C",19.5338371731188,1.26113335664011,0.545639716971652,0.00263136836643163,0.0148227266112762
"YDR275W",77.3054680813701,-0.800817481039063,0.305695118815303,0.0026612329894836,0.0149771145622369
"YOR182C",184.821274754639,0.796284101408913,0.30401976613787,0.00266443399642211,0.014981296317521
"YLR386W",57.7664269995648,-0.849543856764626,0.331197790644193,0.00266754519084457,0.0149849658416568
"YJR092W",18.890184716755,1.17805208461603,0.507498318007093,0.00269214518071323,0.0150920773050561
"YMR230W",116.308660638484,0.821308396348599,0.316255576469066,0.00269021191417431,0.0150920773050561
"YPL240C",532.255812754778,0.876428318072706,0.344300333086197,0.00269404103493044,0.0150920773050561
"YER066C-A",98.1105881407457,0.807793008181942,0.311211477654638,0.00276226953607989,0.015445901671933
"YNL229C",49.4325621754206,0.890303991316317,0.351206720616092,0.00276136188083077,0.015445901671933
"YKL074C",56.6991647344356,0.867585223028285,0.340031559207689,0.00277471185756333,0.0155012546029776
"YDR277C",70.3181061912859,-0.770177128819223,0.295254918020998,0.00278991215294221,0.0155718997913762
"YBR249C",90.8003939110118,0.828130628930189,0.323195459923163,0.00281977219391757,0.0157241642469603
"YMR175W",428.365961817016,-1.03706594280449,0.433850305310375,0.00282487246938055,0.0157382063079291
"YDR098C",37.3418145430219,0.88566067523175,0.350410186852302,0.00283144675488659,0.0157604273708071
"YJL177W",97.4915865867998,0.731306435121377,0.276210544483704,0.00284723563015337,0.0158338514286358
"snR72",6.43371515779065,-1.98226140763973,0.952607023270972,0.00285284910937641,0.0158506064919318
"YIR021W",26.2176230667684,1.02180226607098,0.422096755938465,0.00286089994678967,0.0158664105329236
"YPR122W",50.9603647935011,-0.879596981571046,0.350415502795817,0.00286041160438669,0.0158664105329236
"YAR042W",82.1727493887644,-0.737269370580941,0.279634507539014,0.00286518007290464,0.0158757023130489
"YFR017C",140.750361036595,-0.823625430506063,0.322349853790033,0.00287137545223741,0.0158955798196067
"YER072W",81.4426338870053,0.736692699881062,0.280027033535771,0.00289565143819965,0.0160154224281551
"YCR082W",85.8833406254528,0.745197650770893,0.28423759788186,0.00290393884899091,0.0160466974475064
"YER164W",138.454588799635,-0.750855962631522,0.286361099239065,0.00292069396796283,0.0161246646147948
"YGR286C",35.7794116761984,0.907988124573447,0.364973632539406,0.00292638390972805,0.0161414569500384
"YNL321W",61.5614866073325,-0.803254191421453,0.31424440525401,0.00293703179695738,0.0161563256339849
"YPL084W",60.3137623579529,-0.7978395066082,0.310684174051646,0.00293406309631387,0.0161563256339849
"YPL239W",52.7213889474345,0.913814240287322,0.366248481448415,0.00293566165408551,0.0161563256339849
"YER024W",82.0917349907837,0.793914465757742,0.308722049555215,0.00294551983589259,0.0161884070331518
"YLR292C",59.7288783193806,0.774571520034761,0.298456457268732,0.00296839251790291,0.0162994165735299
"YOR065W",232.500079673027,0.918587668440371,0.371527140540951,0.00299457751792209,0.0164283978143431
"YMR191W",137.664516222742,0.783039679630073,0.304030581938061,0.0029983881474592,0.0164345105744279
"YKR083C",12.3024574661499,1.43451461417324,0.661353960807273,0.00302230136826841,0.0165506979690889
"YPL216W",54.7221989229336,-0.831416976578257,0.326975556342477,0.00303013166057606,0.016578682649202
"YPL227C",11.8173956989517,1.34656384234609,0.610371221875164,0.00304007737193892,0.0166181807910024
"YDR119W",77.1000710202781,-0.793923801742219,0.310795183763342,0.00304551072643703,0.0166329640480589
"YBR162W-A",54.1719666708201,0.984060902428984,0.406254346690971,0.00306368486505158,0.0167086044296905
"YOR267C",262.509137125726,-0.911365287033774,0.369897736647085,0.00306484327356751,0.0167086044296905
"YLR200W",16.9888446745515,1.35326340584171,0.617871507518344,0.00307856939208019,0.0167684365010981
"YHL025W",55.3574566781153,-0.792944888318031,0.3106473321687,0.00308533662714425,0.0167902917343252
"YHR149C",29.011342889774,0.965005660026469,0.397262780489177,0.00309603753109327,0.016833495764508
"YLR008C",27.9644807914862,0.966785172676667,0.398151824909294,0.00310675069576262,0.0168766893856267
"YGR208W",19.4212615241048,1.13753356542375,0.496016498724779,0.00311019781792271,0.0168803701694024
"YCL076W",9.52698558234929,-1.47124276762061,0.686913468657564,0.00312517673012555,0.0169465766638036
"YIR023W",69.2043733180037,-0.742240037007363,0.285355217711214,0.00314086550271147,0.017016511323579
"YMR297W",612.53781481762,-0.730799410810589,0.281338642296127,0.00315514597857196,0.0170786987028384
"YAL023C",109.946706796819,0.716564831446991,0.274346184461667,0.00317909684472983,0.0171930747725185
"YLR312W-A",46.4998253384861,0.884061077789404,0.355704299057967,0.00320137865701045,0.0172982295341123
"YFL042C",69.0386508046408,-0.775874945672668,0.304782091287869,0.00322931112038398,0.0174337035241278
"YGL013C",94.3502294293499,-0.696639778866392,0.265556184190228,0.00325280952213602,0.0175450212720523
"YGR128C",27.716991837804,1.05686354793993,0.44997869096775,0.00326919027518389,0.0176177849047266
"YHR121W",55.0811470770928,0.842540301267563,0.335410976319014,0.00327688058674272,0.0176436282475238
"YLR029C",265.154518322482,0.610083567613856,0.226800247259181,0.00331131229536254,0.0178132819419547
"YDL133C-A",263.837737494418,0.652123029126991,0.245383413787584,0.00331555815759971,0.017820394153942
"YOR275C",70.8638272824069,-0.741015880919464,0.28676520731742,0.00331944931114422,0.0178255890320917
"YLR286W-A",27.4335319498322,0.963229955079681,0.400103400917637,0.00332347450144956,0.0178314939140274
"YER099C",76.4278193463295,-0.78882795716554,0.31318489681601,0.0033408262467817,0.0179088267142783
"YOR201C",52.287606160637,0.813748075737629,0.323255509161009,0.00336880342802337,0.0180429322441146
"YDR379W",96.8921820706187,-0.854846583427688,0.344560239300244,0.00342847672788499,0.018346414096979
"YIL166C",52.3100741439369,-0.871713073561563,0.355853593203452,0.00346709531826609,0.0185367947059928
"YGR270C-A",13.6604243315496,-1.2357160282253,0.557028484797793,0.00347680441422189,0.0185724127122545
"YBR084C-A",244.666075704704,0.608838994342402,0.228037259673584,0.00351484285790976,0.0187591656908581
"YGL189C",248.492698230154,0.649513439629971,0.24646456266616,0.00356185116897383,0.0189934233376164
"YDR429C",106.747044546535,0.747914541138495,0.292746707862913,0.00356661198508664,0.0190021853576076
"YMR273C",57.9414710908439,-0.820087468679764,0.330838689932985,0.00361403850614911,0.0192380477685405
"YER114C",83.1713098320748,-0.710961638784361,0.277117755345747,0.0036250254369479,0.0192427222033253
"YMR070W",56.0042237304327,-1.00614031354439,0.430131938310865,0.00361862474457605,0.0192427222033253
"YMR306C-A",6.93793897951295,-1.72838411064892,0.852894340618057,0.00362649401158431,0.0192427222033253
"YNR014W",21.2072034635703,-1.03881203371999,0.44691897335139,0.00362754517007723,0.0192427222033253
"YLR100W",77.049033892343,-0.785216217767952,0.313991277274652,0.00364541406075991,0.0193206945220275
"YCR016W",40.855784924078,1.05099344028919,0.458032725028043,0.00367695236730238,0.0194709163151243
"YPL156C",39.6503977922441,-0.861900828964917,0.35408272007088,0.00368278932285539,0.0194848966343781
"YIR027C",25.9473602664148,-0.963230702995252,0.409651285460354,0.00376206497694583,0.0198821710061066
"YPL169C",69.2667282684976,0.727240371596912,0.285316733344234,0.00376440120443758,0.0198821710061066
"YAL056W",178.400242299108,-0.715215227403002,0.281104850007429,0.00378590905747202,0.019978455156097
"YGL188C",103.402673545568,0.835790838027678,0.34089595070261,0.00380370820005875,0.0200550185807596
"YBR136W",92.7398139444141,-0.761628406240927,0.304043310237039,0.00385632356591325,0.020314859234435
"YPR156C",97.8989636226563,-0.724125994327273,0.286761277010144,0.00386462569198393,0.0203410134651486
"YDR355C",4.14268594722008,2.62864940272556,1.26034693609616,0.00388692717049857,0.0204407429716901
"YGR254W",1233.31088095615,-0.644853685438245,0.249011762048072,0.00396375988744526,0.0208268245810163
"YKR099W",54.5906650493858,-0.811616975626548,0.329093545562308,0.00396844094183388,0.020833460413848
"YNL054W",92.6964756345061,-0.703878970590967,0.276110875352893,0.00397374930928195,0.020843375249633
"YMR123W",21.3166188294717,1.00782474061468,0.438276870182516,0.00397993665736187,0.0208578795585732
"YIR020C-B",12.4492385165017,1.26620506529085,0.593680690797772,0.00400688343055721,0.0209810605749538
"YCL038C",119.425720420367,-0.81870799059691,0.338093877118475,0.00402213256109363,0.0210428308668375
"YGR161C",156.424298972413,-0.653622467280919,0.253490183151436,0.00404558949396736,0.0211473996275567
"YOR380W",29.6435249229235,-0.901060196604704,0.379662898715152,0.00406121711101707,0.021210898279048
"YER060W",48.2638737080285,-0.838804650363636,0.348458478348573,0.00408301103948142,0.0213064659979788
"YDR406W-A",8.59257341364914,-1.52609354849384,0.767366090037734,0.00409039659995692,0.0213267470288601
"YPR095C",83.7129507917328,-0.701941794581688,0.27781191805584,0.00412244932178602,0.021475494543834
"YDR296W",64.7716614235619,0.867560880439561,0.36162889886558,0.00415273562742425,0.0216147938933824
"YOR382W",3.22338213602841,-2.72563350674566,1.62926766993782,0.0042013370206859,0.0218491033626967
"YLR272C",28.2005438402347,0.910574106281245,0.387477212374322,0.00424736555315779,0.0220696445409179
"YBL029W",251.070917544182,-0.85838688622716,0.360054341476891,0.00425577293087255,0.0220944940491211
"YDR334W",93.9767610955151,-0.688631666563498,0.272144932614086,0.00428048500925414,0.0222038775586417
"YJL042W",158.593143183299,-0.621072811500611,0.24026115768735,0.00428538882646494,0.0222104123276393
"YAL046C",21.1289829522875,1.06589843291645,0.484185340354198,0.00430910761573446,0.0223143678146997
"YDR481C",120.415111193316,-0.660628786249106,0.259636346155064,0.00435077976254973,0.0225110379055523
"YDR043C",255.807895064137,0.656717241282309,0.256855949284738,0.00435804568542108,0.022529506745243
"YGL227W",103.050783801314,-0.701055206871964,0.278139676321012,0.00436175642081779,0.0225295808346478
"YBR297W",52.4769602777657,0.815545983209327,0.339032612543462,0.00436723424068765,0.0225387745105768
"YIL142W",126.216067941413,0.696468398338687,0.277343829960057,0.00441745415905792,0.0227786659047868
"YDR234W",73.0722377420022,0.870075164432914,0.370605470568476,0.00444058041189267,0.0228785609556093
"YER129W",110.182581511865,-0.70684984386228,0.281753875203058,0.00444747714684982,0.0228947408868662
"YJL129C",180.881242053041,-0.614742946028518,0.23844424124567,0.00446216023503695,0.0229509423059495
"YDL035C",145.924095392143,-0.708639810921106,0.283074597291245,0.00447756476696532,0.0229913708969281
"YLR228C",27.3605395217073,-0.951366471315145,0.419500097621554,0.0044752632719689,0.0229913708969281
"YKL201C",289.400244604446,-0.768549897941684,0.314979254460226,0.00449012827741158,0.0230364746219054
"YKL107W",16.528173222129,-1.1083013737623,0.519633094552386,0.0045151079019124,0.0231451494214938
"YIL031W",72.1054462813851,-0.792463862297335,0.327118024396145,0.00452256608935468,0.0231638994240477
"YOR289W",80.6157021832641,-0.695984166087406,0.277447481193572,0.00452871741235654,0.0231759299985836
"YAR018C",13.5567285027026,1.19495256167316,0.569031233719997,0.00456126899175244,0.0233033818145274
"YLR361C",37.9282646401489,-0.852549746358988,0.360623457623563,0.0045599149601695,0.0233033818145274
"YGL041W-A",39.95879888831,0.865188721748851,0.365761489067992,0.00458649090243402,0.0234126147825254
"YGL157W",105.699149913297,0.692289643935959,0.275990716471608,0.00460243183258389,0.0234743280498735
"YER061C",42.792256366612,-0.796763491310028,0.331394635090394,0.00461420838590688,0.0235147158127947
"YMR231W",53.771532937481,-0.775025668097345,0.319529157842933,0.00462644218985712,0.0235573643668999
"YKL040C",61.7895311313727,0.788967608909029,0.326889682003123,0.00463433737777569,0.0235582037677588
"YMR286W",92.2902540834926,0.829469763279357,0.347756247417408,0.00463186602089653,0.0235582037677588
"YDR017C",97.8449643520492,-0.680278825390991,0.270940296190674,0.00467904952247712,0.0237656723662484
"YJR004C",25.7215917300561,-0.920834160428494,0.400345081065997,0.00468780850615263,0.0237705431322798
"YPL252C",16.9335563097345,1.13844248497355,0.538516559266072,0.00468617475570763,0.0237705431322798
"YNL112W",70.7377211414177,-0.905310565398446,0.395866143188157,0.00469699624938821,0.0237973334497266
"YBL046W",30.4440916167114,-0.898704419396626,0.390634034998337,0.00476338785097124,0.0240936505822985
"YBR011C",435.748628166885,0.687753928079268,0.275954864814545,0.00476199091303985,0.0240936505822985
"YDL048C",332.974311979651,-0.642222948412393,0.253964852471629,0.0047731393906242,0.0241195209691765
"YDR525W-A",44.8733491901386,0.865953924047445,0.373209675178626,0.0047792110737275,0.0241195209691765
"YER155C",309.969204282461,-0.645306036223253,0.25533059388323,0.00478037429544959,0.0241195209691765
"YDR246W",43.1151579034158,-0.817850412555401,0.342636192935943,0.00478846672344787,0.0241403678076218
"YPR082C",44.8704119012021,0.78342358872379,0.324952854495557,0.00479403271125099,0.0241484540289874
"YOR142W",242.653772737832,0.698441503658009,0.2819787338385,0.0048218728164632,0.0242686332092017
"YBR054W",2609.97802285536,-0.545333616659999,0.209389979868464,0.00483345106282304,0.02430683517154
"YER147C",27.2095534668246,-0.91145224752793,0.400746773576061,0.00496079976961158,0.0249266896914943
"YJR107W",31.2402199140224,-0.867923370301016,0.373913795958113,0.00500792512044211,0.02514275420848
"YNR012W",56.8989994165757,-0.778861552942735,0.32664252768595,0.00507101471654587,0.0254385470760058
"YFR056C",9.09681684547288,-1.36082774755899,0.694383558134591,0.0050955893180406,0.0255408033663302
"YNL176C",161.920972437001,-0.614518944115072,0.242948655222365,0.00510588183525048,0.0255713638338962
"YGR081C",14.6283564234791,1.12474124613658,0.535097126569208,0.0051117137424174,0.0255795527586487
"YOR129C",27.3198113638998,-0.960661690956242,0.439947634028367,0.00512989144108383,0.0256494572054192
"YLR293C",61.7652010341214,0.731163180964284,0.300458978263604,0.0051384668950479,0.025671275184686
"YFL032W",24.8895482537545,1.07698052278214,0.514904170096723,0.00514277960525083,0.0256717786191677
"YCL057C-A",246.640578883123,0.683621391332865,0.276645993469438,0.00515230050331582,0.02568839190506
"YJL107C",21.6458403896222,-1.00359989712304,0.462795238797385,0.00515453704674133,0.02568839190506
"YBL019W",41.5459723956739,-0.819683231332801,0.348276867940124,0.00516346895889138,0.0257118817846756
"YGR127W",32.2996662786737,-0.854119033030363,0.368382261632561,0.00520704828121704,0.0259077218563411
"YLR179C",118.846020800709,0.637371476340824,0.254798127369821,0.00523805685451061,0.0260407475760539
"YDR314C",43.5126530389514,-0.81850815506243,0.350951592899927,0.00525264253241354,0.0260919773716875
"YIL024C",52.3838731430893,-0.783904197497754,0.33117289374345,0.00525968639019161,0.0261016696957783
"YNL104C",468.308141199022,0.673735228207821,0.27300261283274,0.00526315866384111,0.0261016696957783
"YAL062W",51.204769970374,0.827569924472668,0.355554795255702,0.00527318068554853,0.0261088840604535
"YHL033C",49.5920707281713,0.805458342495474,0.343469361239763,0.00526997547969942,0.0261088840604535
"YLR250W",83.3628914456792,0.672887483933314,0.273071832936264,0.00534740991490182,0.0264549216163365
"YNL175C",49.2755347618939,0.884268806868385,0.387516611123518,0.00538319402608579,0.026588790590756
"YPL177C",40.4397857491415,0.845689492801129,0.365764764900313,0.00537935469038043,0.026588790590756
"YJL149W",35.5181155451254,-0.851894289526327,0.369222861975393,0.0054155124901686,0.0267267600223301
"YPR160C-A",71.4278256278583,-0.782524783697722,0.334790101453296,0.00544177284066556,0.0268346322523112
"YIL062C",93.9334883463241,0.654388439189479,0.264689381567246,0.00548484577861415,0.0270251697822581
"YHR007C",700.677631485292,-0.678262909942913,0.27825019518207,0.00554948498493253,0.027321575915318
"YCR050C",5.12484097555017,-1.86456210631292,1.09989586434456,0.00558231965336747,0.0274610478509078
"YHR018C",402.611110943335,0.661779415254682,0.269816439969234,0.00563458727368701,0.0276958140589696
"YPL159C",102.270105734287,-0.658278709921398,0.267920569407413,0.0056439200244947,0.0277193332387552
"YGR132C",232.910761918741,0.578227838432508,0.22887608219112,0.00565997240255598,0.0277757904940247
"YMR251W-A",2824.62751768011,0.688428922566432,0.283109522115237,0.00567292335492998,0.0278169491941257
"YOL053W",23.5206300410009,0.950251104853196,0.433934096064261,0.00568636276894384,0.027860434949126
"YJR078W",25.8677678343857,-0.899827893873411,0.404627827313894,0.00569583320152218,0.0278844203721106
"YLR114C",67.7566405481652,-0.704007535649861,0.291673467480394,0.00571817220899848,0.0279713159019629
"YIL116W",210.983073072709,0.614943622570544,0.247081466170102,0.00572630082013879,0.0279886154761395
"YER012W",132.448187349782,0.69523588706045,0.286827369535751,0.00574418888358991,0.0280535506774684
"YPL098C",16.1381132737764,1.07996150634193,0.52149452859385,0.00579828124144258,0.0282950553775761
"YDR379C-A",70.6861336798578,0.799568651582112,0.344318903494842,0.00582502974712837,0.0284028450469979
"YDR005C",78.6182103826888,-0.701508178846151,0.29107531947825,0.00584849713436226,0.0284944764459936
"YLR106C",321.655156119534,-0.604887089531779,0.24308321725231,0.0058713706584526,0.0285830704179461
"YCR076C",26.7663677357121,-0.893339522951302,0.404548800222588,0.00589149624658483,0.0286581561236509
"YCR094W",17.060501216679,-1.04798168756493,0.508187905550302,0.00590536344959431,0.0287027035289293
"YOR347C",26.4365695777543,-0.997489294931205,0.481797376046699,0.00592128119489707,0.0287571385521097
"YIL073C",30.1777068434045,-0.855426262594559,0.3781401033903,0.00594332152562912,0.0288397458566818
"YLR064W",107.26461921893,0.688780726811727,0.285949068118342,0.00594775398553717,0.0288397458566818
"YOR160W",50.8202609008129,-0.733653984330085,0.309968244383298,0.00595366723670737,0.0288454704353986
"YDR450W",103.7145193457,0.660365815136187,0.270557685671814,0.00596453364989271,0.0288593891080491
"YNL023C",81.5237478929819,-0.721156462608871,0.304805240408139,0.00596600988944084,0.0288593891080491
"YNL201C",69.2759200321785,-0.721878356769893,0.30293338486216,0.00601427761753387,0.0290698033932347
"YGR224W",11.6636729098107,-1.2055824761762,0.628502724843626,0.00604237218061117,0.0291824551829042
"YDR210W",22.5712207671778,0.932523924327892,0.427198892826448,0.00607408626888855,0.0293123957314931
"YER092W",37.7908713952452,0.827253614037478,0.363356091665615,0.00611004994732456,0.0294626221747968
"YMR157C",82.5723564107814,0.672135730284453,0.278662946671834,0.00612556121528964,0.0295140676736683
"YLR089C",73.7134940998183,0.723668448507692,0.306784878366649,0.00614742244716339,0.0295960030137921
"YGR122W",18.7379409872993,-0.989723877054711,0.46542983044692,0.00617996162568172,0.0297291760919732
"snR63",137.548440614932,0.876757984517545,0.398077753308053,0.00621200140970613,0.0298362085044593
"YBL072C",94.6874237887475,0.732302539348485,0.311394505008249,0.00620769188266026,0.0298362085044593
"YDR053W",13.5486161672544,-1.12326052536462,0.560195215305728,0.00622146798805416,0.0298581475489686
"YGR195W",26.2768169409748,0.939703784267748,0.432667964878321,0.00626824025141054,0.0300589491206509
"YOL031C",38.7062405152364,0.842840588327344,0.373348971134841,0.00629241198763496,0.0301511407740842
"YGL209W",43.310701335813,-0.886630493171813,0.400999055455917,0.00632302992159941,0.0302269911950017
"YOL087C",138.894838028741,-0.639699721085002,0.263132751166916,0.00632311956909388,0.0302269911950017
"YOR374W",232.955931586681,0.715183819756826,0.303487676615804,0.00632237893818386,0.0302269911950017
"YMR078C",13.8044546697576,1.11720169410324,0.560654383928088,0.00635471321515122,0.0303542139861651
"YOR120W",219.055033794966,-0.58519057183827,0.236623531299654,0.00638958565456336,0.0304968868947249
"YLR262C-A",81.2420328991496,0.764566941951412,0.330077448126773,0.00641846027470045,0.0306107319047725
"YKL171W",104.502518513876,-0.800913407455577,0.356448890840125,0.00645989376364797,0.0307842474506915
"YHR139C",14.2849029007328,-1.13031796836076,0.562544366161768,0.00647642810590221,0.0308389291449015
"YJR145C",42.6035133722955,0.801349038794542,0.35442813766246,0.0065096951572376,0.0309622878619398
"YPL074W",67.4057891521392,-0.678411204210702,0.284627017509924,0.00651757429481029,0.0309622878619398
"YPL237W",241.281393486329,0.577056471421774,0.233132208582203,0.00651322238866208,0.0309622878619398
"YDR272W",122.950381646007,-0.677166125276402,0.28439991279301,0.00663723134685816,0.0315061721644085
"YCR047C",34.0359359265059,-0.818518558922405,0.36528585651732,0.00664438015294126,0.0315155618927447
"YJL185C",21.8125773266904,-0.944136082280278,0.447215451248699,0.00665558074871355,0.031544140484766
"YHR022C",5.28543540460403,-1.77532314061044,1.06625511954072,0.00667364698886258,0.0316051891197494
"YFR052W",107.228950383248,0.657855426905944,0.274399795752497,0.00672638420117367,0.0318055172274271
"YPL244C",26.4995646080332,0.922286855886568,0.432554406916872,0.00672441930886822,0.0318055172274271
"YNL220W",220.917558564724,0.592134718536451,0.241890538721427,0.00673791756791387,0.0318353547104147
"YNL173C",53.3187124851601,-0.738116344974529,0.318181159654253,0.00674508360305067,0.0318445271577025
"YNL270C",15.6866227862146,-1.02568179952611,0.499111423244646,0.00675177063100976,0.0318514256935019
"YMR144W",6.26683108643936,1.56768400303959,0.906635189688457,0.00680934302666521,0.0320981792324242
"YLR080W",50.4549645116524,-0.781596556408701,0.34644951734136,0.00683622050398795,0.0321751073141363
"YOL012C",45.9210712323295,0.771655030529068,0.339885457662283,0.00683544025194853,0.0321751073141363
"YKL127W",28.5268098812097,0.890296185998314,0.412136640047419,0.00685863393610262,0.0322556896917789
"YNL044W",67.9143187319049,0.815585008893112,0.368340456653085,0.00694345217263018,0.0326294070872637
"YJL180C",49.1172132641299,0.737185455472758,0.320273951299852,0.00697365948441105,0.0327461129102353
"YHR137W",29.5131694487212,0.896512685064024,0.418837135154736,0.00700443393938923,0.0328193926758177
"YKL034W",81.6656639366746,-0.71330561914354,0.309526138041924,0.00699573493366039,0.0328193926758177
"YPL007C",20.5067944841506,0.983349733762005,0.472548255006254,0.00700541917493664,0.0328193926758177
"YEL048C",7.39744120168875,1.51448406733784,0.912945893008212,0.00708095152034484,0.0331477722860997
"YNL158W",16.5019062567295,1.01615765029075,0.499296681484864,0.00709507185149333,0.0331883829123959
"YPL040C",57.7436670795074,-0.717368039856141,0.311555322735267,0.00717934602938072,0.0335568359272051
"YHR112C",189.075033585229,0.613927977172317,0.255739421075821,0.00723223479985089,0.0337781387778477
"YMR169C",18.4283564171938,-1.0005930340158,0.498498001208457,0.00723783666035436,0.0337784184110718
"YKL185W",54.3125327808885,0.777708387550714,0.344567391782079,0.0072571078378455,0.0338424424419803
"YLR150W",202.240612877369,0.62696409084014,0.262440984289231,0.00728384602520224,0.0339152341662396
"YMR116C",449.052224281747,0.677553357092587,0.289446523595256,0.00728122442647918,0.0339152341662396
"YCL052C",102.141588372611,-0.64924942213669,0.27584383061102,0.00733196872672111,0.0340872230277385
"YPL222C-A",24.9122765156006,-0.916357357874686,0.440574085118026,0.00733192748713639,0.0340872230277385
"YLR430W",170.910758072811,-0.57496788548314,0.237160429396972,0.00738039067820609,0.0342861899265748
"YDR492W",212.621526513147,-0.597930651286672,0.248761014181069,0.00739422830215913,0.0343243118824523
"YDR356W",92.1598753283835,0.963784992930093,0.469703644226246,0.00741123046642609,0.0343770545607816
"YDR394W",170.16559320565,0.586821643997679,0.242719730170833,0.00741688694842206,0.034377130000481
"YCR077C",64.624185405607,-0.718049509575932,0.314644068130703,0.00746772549634053,0.034586464209875
"YIL117C",11.8362875540208,-1.13308123065485,0.598352927629479,0.00748260679486046,0.0346290724485
"YDR237W",56.7043436990919,0.697185806404602,0.301694195694347,0.00751873075671742,0.03474349049446
"YLR197W",60.2212192819385,0.881097906259072,0.412611462691106,0.00751619599151762,0.03474349049446
"YPR174C",16.9464759612463,1.05100327136064,0.527730737027102,0.00752685188884593,0.0347546683806939
"YNL150W",76.2126898967313,0.665549662848512,0.284184242609139,0.00755765246234188,0.0348704706721982
"YGL202W",105.172646218257,0.705665874588692,0.307979895209534,0.0075870268604058,0.0349795224766818
"YJL096W",45.2477605042058,0.838461455891703,0.384828873204708,0.00761432995781391,0.0350788670392107
"YFL017W-A",29.094648254167,0.87601370360938,0.412382694675991,0.00763819365211137,0.0350827357269169
"YGL041C",16.3719686079768,1.03245612777228,0.516629501152358,0.00762804732350716,0.0350827357269169
"YNL255C",163.838974166823,0.581465559913979,0.240773316702011,0.00762445822395449,0.0350827357269169
"YNR052C",44.8999420174072,-0.75277282666839,0.337003130774799,0.00763763408858638,0.0350827357269169
"YKR100C",117.810556102346,-0.694899745189543,0.301057020934542,0.00766442564476915,0.0351767125789669
"YNL042W",24.7546181383433,-0.881629128867348,0.417528790090366,0.00769282322008416,0.03527623380285
"YPL147W",44.7592545238121,-0.732669984725325,0.322893618890174,0.00769768514483849,0.03527623380285
"YGR238C",42.5759576303718,-0.819639002994672,0.374401864833177,0.00774019533966871,0.0353912157503982
"YLR456W",13.0742072109903,1.15126997176236,0.609642902593561,0.00772938534849296,0.0353912157503982
"YML088W",77.7889636992148,0.686726350397396,0.297974025185808,0.00773692145262723,0.0353912157503982
"YDR417C",150.481665929543,0.615629455259842,0.259571876883477,0.00782580892367489,0.0357558511167904
"YKL188C",35.7335880149547,-0.822193379902167,0.377628815523337,0.00785094151879011,0.0358234084140495
"YNL002C",73.4356828355759,0.727017213517918,0.31976338551634,0.00785235006417886,0.0358234084140495
"YHR021C",362.758297522817,0.56748497175643,0.23538301428944,0.00788734196035213,0.0359561325716875
"YOR290C",133.562034702839,-0.651566533785995,0.280055806336764,0.00795240508334269,0.0362256419902643
"YLL046C",4.85225846276488,1.8024205402553,1.17049402495925,0.00796043353018784,0.036235132461908
"YGR257C",69.1584198114115,-0.658819234250262,0.284078486180699,0.00798754302140149,0.0363313990413747
"YBL038W",91.5445002462991,0.707524137905619,0.309903295903243,0.00801155703472567,0.0364134527417248
"YLR109W",168.074677564961,-0.617484280751463,0.261761615180069,0.00803203013904883,0.0364793023081241
"YBR138C",30.5775895744878,-0.83352984565491,0.388615942927224,0.00803884020020618,0.0364830461803847
"YJR103W",117.585207978005,-0.734947156723979,0.330785743141767,0.00809977566026471,0.0367322415545487
"YBR122C",96.3258900318097,0.643063652473082,0.275564228218823,0.00813234129203521,0.0367977878062024
"YGR214W",231.682634206286,0.577007198164633,0.241274244515342,0.00812994476077578,0.0367977878062024
"YLR034C",119.60848270372,0.751708712484626,0.339112919333053,0.00812865101354688,0.0367977878062024
"YDR171W",542.314249649802,0.757017603714232,0.341618000743339,0.00815895975301797,0.0368529109045556
"YOR051C",135.94428688939,-0.597600881417123,0.252080664702337,0.0081594126590131,0.0368529109045556
"YOR055W",13.281375589853,-1.05329583516384,0.546683282040519,0.00816266279264153,0.0368529109045556
"YJL179W",16.1822186727202,1.04461442237526,0.536733515652189,0.0082152508303375,0.0370628821694353
"NME1",639.608311844894,0.891060797651103,0.431273572522428,0.00826094969987492,0.0372414855182971
"YNR031C",135.596172795672,-0.600066532343588,0.254887615804955,0.00831077955417842,0.037438434133568
"YML016C",100.468106146722,-0.628433321397862,0.268981505372426,0.00834981519619895,0.0375865019356223
"YDR436W",50.2859392453727,-0.735129119322293,0.331592160443423,0.00836271478060564,0.0376167871496615
"YOR223W",31.6482692442112,-0.89378249655202,0.441040663628445,0.00842293797365693,0.0378597396382293
"YNL092W",27.2919527602205,-0.840413874409296,0.398589172956913,0.00843347458832396,0.0378791655238279
"YIL016W",40.8872435913839,0.773258319109641,0.354537631829562,0.00847508606600717,0.0380380335584048
"YBL051C",159.48840366043,-0.637302813476777,0.274561423792828,0.0085090053348632,0.0381621688859391
"YPL087W",285.601057184192,-0.523871769745858,0.216998023711717,0.00856135393524176,0.038368714878896
"YGR035W-A",16.0718824615205,-1.01614877515817,0.525165099340922,0.00860657222130663,0.0385430254877765
"YGL028C",38.2531274894459,0.778147631081282,0.357459750879921,0.00863070976709672,0.0386227430473234
"YDR213W",36.6202991835502,-0.795250205824243,0.369718525823917,0.00868977009313594,0.0388585096974788
"YGL007W",10.7191639805098,-1.19414649398737,0.709796113237887,0.00870348913440432,0.0388798686832268
"YLR066W",35.0054172457625,0.779073197027404,0.357772646574121,0.00870730447130511,0.0388798686832268
"YPR102C",34.1873520131445,0.842135548933832,0.400923716380516,0.00873992506103099,0.0389969569890072
"YPL251W",6.05949066424379,1.44375357789077,0.886594833906644,0.00875977810566136,0.0390569477351909
"YPL214C",57.5306352053814,-0.679092053862823,0.30025694453206,0.00876718569222033,0.0390614011652653
"YHR039C",59.4425879270491,-0.693128286509881,0.309485329982195,0.00877545950555295,0.039069704664971
"YCL036W",21.860071251965,-0.874464291866403,0.423582239349815,0.00881223243784713,0.0391857099891061
"YDR167W",47.2834827992178,0.726606050247572,0.32716717913689,0.00881825279008313,0.0391857099891061
"YGR135W",143.074203799025,0.575939963536563,0.243548958858292,0.00882080297047638,0.0391857099891061
"YNL284C",77.1431421797348,0.638331548374866,0.276922792774851,0.00887220613382705,0.0393853578919708
"YPR165W",346.18990412672,0.518363738994174,0.215030097660089,0.00888734674395594,0.039423856189528
"YER040W",57.4421928782932,-0.677628285132725,0.299837909624332,0.00894939102375155,0.0396413795710507
"YJR019C",48.0169379440245,-0.772405443056688,0.361146085203839,0.00894401428290737,0.0396413795710507
"YNL156C",125.843797152247,-0.618576248125109,0.267817656839978,0.00898772988653554,0.0397822902385143
"YPL277C",18.5187543370457,-1.02672497274651,0.558534374852377,0.00900920486820589,0.0398484061478338
"YFR004W",121.672551626232,0.61762320898584,0.266306984849335,0.00902270793353946,0.0398791913378702
"YHR211W",8.32615310638799,-1.25266939857345,0.754338576758298,0.00906023120502157,0.0400160211555119
"YOR124C",178.084505563141,-0.585213633348608,0.249791274954394,0.00910271132368605,0.0401745297015688
"YGR180C",318.888329444992,0.604579837056172,0.260784998445763,0.00916626533909855,0.0403971555531652
"YLR098C",36.1472466671738,-0.846432201561951,0.414565009697826,0.00916640953733018,0.0403971555531652
"YBL079W",126.647332121104,-0.612751636653229,0.266325541853553,0.00920513622153644,0.0404674472005795
"YBR065C",55.5542467461334,-0.718266666977515,0.32573593851548,0.00921758325267768,0.0404674472005795
"YDL215C",274.828913535753,-0.590203125809453,0.253920338333712,0.00922387077289552,0.0404674472005795
"YDR405W",44.6997825845064,0.833524582983767,0.399554354851245,0.00924211427452119,0.0404674472005795
"YEL042W",59.0245748149542,0.725777380456782,0.330890744938656,0.00924126513446283,0.0404674472005795
"YKL036C",15.9710582408491,-0.99997508582074,0.526403995024352,0.00919782788526248,0.0404674472005795
"YML006C",34.7244786630286,-0.78972040582293,0.372695530431672,0.00921973704804873,0.0404674472005795
"YML116W",72.2693466374084,0.687845252077712,0.308108007029774,0.00919190585358966,0.0404674472005795
"YOL019W",39.5949128243189,-0.754477579957767,0.346787765739999,0.00923067715009916,0.0404674472005795
"YKR018C",214.72814697365,-0.665326717967627,0.296682940151161,0.00930427513743114,0.0407103782933545
"YDR072C",60.9103116187086,-0.711817675128521,0.325135171072509,0.00935536852031727,0.0408991272722733
"YLR343W",19.3181348396525,-0.903350531855567,0.45209317334678,0.00936083388758346,0.0408991272722733
"YHR028C",329.274524030766,-0.59425729019756,0.256930171600591,0.00936897449730279,0.0409053721784101
"YMR033W",53.318395832022,0.714944613512435,0.32396486266112,0.00938663425063049,0.0409531394113048
"YIR006C",106.332734141039,-0.691122938192105,0.312943001939484,0.00940306197293038,0.0409954668991493
"YGR264C",149.769213728644,0.704770655434981,0.319676310118621,0.00944921465641663,0.0411527113296166
"YJL165C",187.118147463482,-0.571463959845945,0.24443421080557,0.00945263262698331,0.0411527113296166
"YER066W",17.8757463825497,-0.928930799777721,0.475384835641804,0.00957087645045731,0.0416377530089488
"YFL031W",262.433142312401,0.64898461071096,0.287741402025781,0.00960850373977188,0.0417716335905204
"YJL209W",45.6809447932258,-0.705661234223867,0.320850173436457,0.00961988585154519,0.0417851318526636
"YML120C",390.528807286734,0.520100067970032,0.218792409132094,0.0096253199542477,0.0417851318526636
"YDR034W-B",7.30313474833063,1.31808174841884,0.820471139935491,0.00963345513699956,0.041790682604991
"YIR032C",47.8555495457886,0.750322142160993,0.351088924931363,0.00985238571785543,0.0427100220130362
"YER007W",15.4326819089021,-0.990653484941303,0.521093498416737,0.00987346275786533,0.0427709705111508
"YIL026C",65.2825274637954,0.656569017454266,0.293294409120109,0.00991842245156449,0.0429352165073051
"YHL007C",99.813999186068,-0.593717153256925,0.25927566249708,0.00999712050031385,0.0432451734914215
"YOL038W",143.247026607651,0.633092616750457,0.279918073935646,0.0100089388406859,0.0432655902368655
"YLR425W",64.0637424819573,-0.647087294908833,0.288398491467706,0.0100214468245464,0.0432889570486252
"YEL065W",50.4972566114523,-0.71150297404137,0.329593726527658,0.0100566869632698,0.043410415751508
"YBL047C",231.134514363049,-0.56175814741906,0.242236764477367,0.0100679827395807,0.0434284181158842
"YKL206C",26.7101156747907,0.818095064243762,0.396023150126029,0.0100857446244347,0.0434726382075419
"YML106W",77.6175995011035,0.698861350851273,0.3205470668117,0.0100968981507129,0.0434726382075419
"YML117W",170.49261551693,-0.553524801909924,0.237914655092347,0.010099631780456,0.0434726382075419
"YBR233W-A",6.92295889045879,1.32251446043895,0.82350693475089,0.0101090306881534,0.0434823867637933
"YGR108W",7.98257762424103,1.26397801263697,0.768392184030434,0.0101276641542148,0.043507465740397
"YML110C",137.806302415242,0.561377307521241,0.241851496701644,0.010129137635049,0.043507465740397
"YDR177W",120.111400614977,0.622742207204414,0.274742675028376,0.0101394725961117,0.0435211869530289
"YDR326C",126.616306163027,-0.595277028563978,0.260183449454903,0.0102203143589228,0.0438373089497779
"YHR072W",65.3872759921448,-0.666789459362027,0.302744939289503,0.010243039156911,0.043903884431345
"YDR430C",58.4988363400759,-0.667107737072201,0.30213666755572,0.0102642633388094,0.0439639388967274
"YKL154W",28.0968616634751,0.817704357541583,0.395347956257092,0.010293883691162,0.0440598462764274
"YKL122C",34.997443147139,0.950496402517446,0.496456944058458,0.0103180373260372,0.0441322368436468
"YLR096W",57.6474315981179,-0.664882703712897,0.301343456162356,0.0103528037037212,0.044249886798163
"YBR164C",34.0138085194858,0.757951411393736,0.357529055301822,0.0103734793430969,0.044307187523599
"YDL170W",95.2874507124343,-0.598605833013377,0.263649004202397,0.0104669906319665,0.0446440223245878
"YPL028W",147.979643173922,-0.664835530698339,0.303081018596555,0.0104649509641496,0.0446440223245878
"YDL024C",37.3093603012467,-0.750040912934123,0.357134093628526,0.0104764559231955,0.0446531460502633
"YNL005C",149.414479547202,0.564677118532171,0.24462073443577,0.0104943663634754,0.0446982271036915
"YNL071W",136.070973135836,0.607992161186838,0.269096775312696,0.0105161757401495,0.0447598401789184
"YLL034C",29.2338224320758,0.813557669633612,0.397785028866929,0.010555814414473,0.044885472841888
"YPL118W",79.2153861681454,0.633367724626381,0.282812923251242,0.0105751499591388,0.044885472841888
"YPL119C-A",11.0030334217835,-1.10860611382399,0.629148916996462,0.0105736630473026,0.044885472841888
"YPL131W",378.783474426613,0.559588897788104,0.242621784194601,0.0105612120051095,0.044885472841888
"YIL099W",14.0526818353317,-0.987393999182133,0.528987313900185,0.0105845485014483,0.0448941009856142
"YIL056W",330.640399649973,-0.565345191579694,0.245950240911602,0.0106182637407989,0.0450057840752219
"YBL104C",55.0142952483772,-0.69901437269784,0.322143846946898,0.0106347605840036,0.0450166295500454
"YDR208W",137.660857160303,-0.573987751557894,0.250582177427397,0.010635594184096,0.0450166295500454
"YOR143C",30.3605414342959,0.801196604201793,0.387476158623512,0.0106529339256335,0.0450587316285469
"YDR230W",79.9249914387706,0.659595095491147,0.298518757119043,0.0106947256381421,0.0452041281307047
"YBR063C",48.9856828510216,-0.724102520446167,0.337206687495418,0.0107075999021499,0.0452271804598779
"YHL040C",74.3140500015918,0.729689415390093,0.343882480432392,0.0107330731153045,0.0452407196665153
"YLR437C-A",8.87072647749998,1.20260412266054,0.744565895796769,0.0107238239314403,0.0452407196665153
"YOR206W",72.3664879385634,0.664102913260201,0.301128057755435,0.0107313966949422,0.0452407196665153
"YDR427W",120.298821675437,0.5722751654134,0.249901473095534,0.0107798962302957,0.0454066810806168
"YDR116C",72.0496520814597,0.628533444127926,0.281448631680751,0.010810017855064,0.0455021124493196
"YBR135W",19.5856641113549,0.946234018163062,0.498755343968417,0.0108222421305337,0.0455221295966894
"YGL218W",41.9584083388698,0.732044122545802,0.344708664622736,0.0108900532897118,0.0457757757246851
"YGR235C",147.411815723051,0.583771462985938,0.256996839240111,0.0109554823565748,0.0460190661359911
"YNL149C",76.4039704738895,0.615560078061947,0.274817235278554,0.0109944655695951,0.0461510107759519
"YAL034C",96.3906487473779,-0.656646945798703,0.298672520772169,0.0110077076498233,0.0461747956818119
"YBR221C",259.797129015382,0.581639949708919,0.256878984673072,0.0111152886091923,0.0465619821807747
"YNR026C",39.4158040222883,0.764795052940483,0.369549779164506,0.0111140856017379,0.0465619821807747
"YBL002W",274.538870928517,0.584818403496258,0.258800126997195,0.0111374582605519,0.0466228077596593
"YGR249W",41.1790023700323,-0.721648216408094,0.339121787558804,0.0112156591284967,0.0469179426137181
"YBL101C",135.202246502128,-0.586260617269876,0.260758082801391,0.0112555653364218,0.0470525862314752
"YLL003W",65.0870236369746,-0.664464661637064,0.304962987795127,0.0112872738677369,0.0471205028930524
"YMR154C",22.8543866575035,-0.858098194469429,0.440544355664555,0.0112811145365531,0.0471205028930524
"YIL065C",47.3820977512013,0.739455545911965,0.351679502675475,0.0113826345152939,0.0474535960128018
"YLR367W",115.024298981146,0.59911856124606,0.267721227068314,0.0113824342851064,0.0474535960128018
"YBR169C",291.329838548943,-0.534478090551186,0.23288265176902,0.0114309348384696,0.0476223840331319
"YBR085C-A",237.527910589124,-0.548772602925184,0.240288474761592,0.0114453691567767,0.0476499487777007
"YOL085C",6.26267154001743,-1.298556616594,0.855736741112583,0.0114564368415137,0.0476634693167412
"YDR147W",26.328814883335,-0.822895335324855,0.412585114255861,0.011491498804436,0.0477767293404074
"YJL070C",52.4490132768916,-0.662969705874108,0.305982507661107,0.0115073435447886,0.0477774243225387
"YMR134W",24.1218254012906,0.821762606838025,0.411421012745777,0.0115003230753565,0.0477774243225387
"YKL195W",198.410886654948,0.764645319162318,0.370941648010017,0.0115273446584615,0.0478278867891917
"YKL137W",33.5447989103546,0.834944651749518,0.418556940025072,0.0115407088448097,0.0478507621830716
"YGR138C",71.5086244847905,-0.651261591552711,0.299541513657393,0.0115533677510554,0.047870684189451
"YOR157C",102.46346999121,0.58753896154359,0.261591056909693,0.0115642793739375,0.04788334428271
"YMR280C",117.91727559661,0.578977684243518,0.257302978059236,0.0116469321691795,0.0481928388127283
"YMR252C",32.7865222647076,-0.812116483571916,0.405317661030644,0.011659350726343,0.0482114943535009
"YJR049C",48.4435263415361,-0.678197118605997,0.31584055253915,0.011726321494343,0.0484555454291666
"YOR292C",37.2379480331072,-0.748092261238339,0.364975704097904,0.0117425576518118,0.0484897621191007
"YKL089W",33.363242163058,0.836813418316871,0.421864268445529,0.0117764957934128,0.0485969816254916
"YNL211C",5.57472486878604,1.47407359422753,1.07027266561862,0.011857052490231,0.0488963023869811
"YDR031W",61.5481048885576,0.683818595913299,0.31954352382662,0.0118939284346225,0.0489490167515357
"YHR154W",23.1421141977468,0.882793289332768,0.458406904927886,0.0118923701652971,0.0489490167515357
"YKR069W",37.2748065553442,0.741505741388762,0.359314544143245,0.0118859333518682,0.0489490167515357
"YAL031C",65.0883661039148,-0.655669639290948,0.305207328346625,0.0119466089811516,0.0491326462483933
"YER070W",80.7316213015159,0.738196205627432,0.358019500916552,0.0119912782842001,0.049283102590829
"YLL050C",274.267875023642,0.517921948090357,0.225536865597684,0.0120197143463131,0.0493016799139438
"YLR314C",53.8425885340987,0.753457535322666,0.365511776598018,0.01202006502906,0.0493016799139438
"YOR078W",27.6013526463866,0.949185817330754,0.515684357802743,0.0120115883834524,0.0493016799139438
"YJL157C",13.8743269276648,0.999424299831178,0.566484350001539,0.0120299649519435,0.0493091031486857
"YHR074W",80.6291093897044,-0.622555472774659,0.285043472129212,0.012073254058874,0.0494532819145409
"YLR105C",24.0851391154865,-0.860282219484789,0.441212278593093,0.0121025422209572,0.0495399562368931
"YGL129C",67.3303991711417,0.620301371151598,0.282364263380735,0.0121159331661737,0.0495614849985429
"YMR316W",28.5091638199509,-0.77290125096119,0.383002193518799,0.0121334506023844,0.0495998534014307
"YNR055C",103.105936356786,-0.612189799351182,0.280128151951249,0.0122349610652313,0.0499812920191585
"YDR515W",46.4660512893054,0.864625708574413,0.449094780974555,0.0122473104893514,0.0499982300285309
"YCR092C",32.9230730575873,-0.752635893101183,0.366264081062824,0.0122901250055712,0.0500987981175844
"YIR017W-A",26.6017966572741,0.792650156412492,0.396170874930435,0.0122949047379249,0.0500987981175844
"YJL062W-A",58.3599832491095,0.709043273929913,0.339700225317351,0.0122966040990822,0.0500987981175844
"YFL037W",67.9734140139912,0.6512447954447,0.303010285746481,0.0123552641605905,0.050304165035938
"YBL084C",64.1885965884118,-0.658330093601699,0.306387755556659,0.0124117607626509,0.0504985101874275
"YEL031W",352.474895875477,0.667260613721617,0.313318648585993,0.0124195679689834,0.0504985101874275
"YKL053C-A",70.3046249288821,0.663221285260206,0.310186119064163,0.0124699009319196,0.0506693641200331
"YDL157C",32.7745011646069,0.757207893149951,0.372813668261045,0.012493450935205,0.0507312348101763
"YGL134W",54.798499948618,-0.663093863119889,0.312783495825853,0.0125223084037506,0.05081456040004
"YJL060W",80.7834801056358,0.631648763027103,0.29222788135633,0.0125419138093799,0.0508577432394586
"YLR149C",146.346993991407,-0.552577366555273,0.246966256796666,0.012549638364585,0.0508577432394586
"YMR062C",66.5369645409167,0.657312406688009,0.308278388614734,0.0125766513119162,0.0509333486685245
"YOR102W",53.5992150624029,0.650485350131585,0.303345047385831,0.0126220218696775,0.051083149598728
"YAL031W-A",21.0218946432627,-0.860097004011843,0.456086527913628,0.0126503393386214,0.0511637812003301
"YAL051W",73.8431381365852,-0.621811597290209,0.287466209120356,0.0126747496354855,0.0512285139444854
"YPR108W",146.199928103604,0.547497778072546,0.244038595993356,0.012744046081187,0.051474460480341
"YER015W",23.6723043862611,-0.835698036520361,0.439513416416768,0.0128108318496433,0.0517099471017058
"YLR311C",18.5907710827918,-0.909910593076481,0.498546585828637,0.0129584661183455,0.0522712448651991
"YGR222W",44.2688569187955,0.676433988997163,0.321987507934229,0.0130649907425004,0.0526660837139814
"YFL010C",33.1773655271206,0.768097163787028,0.386588089593049,0.0131184950051303,0.0528135350245136
"YMR219W",155.48947134191,-0.707449009343204,0.342841526276176,0.0131188994302073,0.0528135350245136
"YLR246W",63.0641392991058,-0.625215965192807,0.291320828193266,0.0131611450756017,0.0529486331589388
"YPL017C",36.7386332435381,-0.754951431140536,0.380907341211874,0.0132027609031081,0.0530810209132217
"YFR037C",72.3470983226766,0.640417723246281,0.299641920353346,0.0132219600037093,0.0531231682416664
"YMR253C",59.753392320207,-0.649437335609365,0.305285971540881,0.0132386414463129,0.053155151261711
"YCR042C",95.2816714184488,-0.58549492325332,0.26720834875745,0.0132619006361832,0.0532134854361662
"YDL206W",98.6165788345702,-0.596415414361777,0.274573744933731,0.0132764012165734,0.0532366219835624
"YBR248C",43.5949536426496,0.69827431544522,0.338954818826464,0.0133596415107281,0.0535000098606359
"YFL034C-B",11.7621314044703,1.01750008654742,0.592811856502779,0.0133531772323124,0.0535000098606359
"YNL204C",5.11943707662782,-1.4051554402021,1.03965183043074,0.0133712832273096,0.0535114716155301
"YGL080W",45.7777834110494,0.743538534968772,0.367559115573379,0.0134387669629068,0.053746249763069
"YPR159W",188.946320706347,0.719523583994269,0.354397175697867,0.0135423323822806,0.0541249284393443
"YPL185W",39.0085978991116,0.731990183280236,0.360857994707871,0.0137023306703745,0.0547285094599821
"YDL046W",64.2220071327763,-0.692121329391552,0.338959006325033,0.0137243339148369,0.0547804945716639
"YKL057C",70.2106008990584,0.635333257669721,0.299123343933541,0.0137354765576059,0.0547890900645341
"YER167W",80.1519293172292,-0.592559683108676,0.273887597626508,0.0138724676967048,0.0552631964780496
"YFL041W-A",7.28420945044821,-1.20070478222751,0.798650926888593,0.0138702488263166,0.0552631964780496
"YPL164C",27.5540332689722,-0.771016658363055,0.391681379462102,0.0138855512761895,0.0552791868245426
"YIR026C",23.0472537083519,0.822176310440611,0.433181037983108,0.0139444811300712,0.0554775538432011
"YIL089W",19.4159352450805,-0.879572993399699,0.486710266724124,0.0140009869564446,0.0556660244615329
"YIL120W",49.8915842243181,-0.704975635828107,0.34915105195973,0.0140635660477934,0.0558783800921127
"YBR146W",100.699413886951,0.603816125644667,0.280767647451301,0.0140986230166718,0.0559796861740354
"YJL013C",23.0123846383259,-0.813355532174186,0.424475386342951,0.0141074319874189,0.0559796861740354
"YDL090C",32.0994563502497,-0.735323247111399,0.369666208458078,0.0141582202872214,0.0561446666562228
"YNL111C",59.9768516861319,-0.668201711523294,0.321509193568363,0.014176685118788,0.0561813366703595
"YGL070C",25.717493337847,0.799951790094447,0.413548529497431,0.0141999060261444,0.0562367948208901
"YDR257C",19.326794697043,0.86057334332537,0.464617131597107,0.0142188693000118,0.0562753301192025
"YER038W-A",36.8125138576531,-0.726922794002554,0.365538847783896,0.0142428548683961,0.0563336797033579
"YLR060W",80.9688838191244,0.642763767005661,0.306345797363612,0.0142875753505131,0.0564739116481047
"YNL135C",131.941739753351,0.539463641451885,0.244785727085092,0.0143491886761505,0.0566806902016444
"YDR422C",75.4143521614613,-0.609858068788727,0.287109437894114,0.0143711573419313,0.0567307020719372
"YPR133W-A",52.2214547929783,0.640201743980083,0.305305658644236,0.0146166241386484,0.0576623457120142
"YJL077W-A",9.71365548823612,-1.06295269398913,0.668727513648182,0.0146287846814724,0.0576729900605267
"YDL188C",77.5522920307458,-0.655795907422029,0.319083181707562,0.0146671125126791,0.0576834738533513
"YER056C",478.218508689192,-0.576148868115017,0.268019449770293,0.0146775347923076,0.0576834738533513
"YGR207C",69.1876008804623,0.634865711494115,0.302226339665003,0.014678764224208,0.0576834738533513
"YLR407W",49.2734157759609,-0.669109392135014,0.323946120099639,0.0146505690367413,0.0576834738533513
"YPL181W",67.2457127381094,-0.714680942768925,0.355515158232778,0.0146540708748319,0.0576834738533513
"YDR344C",2.99899420101382,-1.78564930491217,1.58758510334517,0.0147004826311396,0.0576944247500296
"YGL184C",54.6312712855894,0.671029006445077,0.326967432497912,0.0147003692914557,0.0576944247500296
"YJR055W",19.2920039382555,0.834039110673487,0.446325730924798,0.0147722550509398,0.0579387995723795
"YGL033W",3.65608483815841,1.58375101349371,1.3100243583187,0.0148051166772599,0.0580303447896458
"YOR330C",149.127646155329,-0.549814062941643,0.252476716114524,0.0148196375929561,0.0580499300315343
"YNR013C",56.8759456568119,-0.630593884003708,0.30185725389532,0.0148951514788291,0.0583082519354292
"YDR501W",7.37311487819944,1.15734042239114,0.795409935179711,0.0149629242837201,0.0585359586067229
"YIL047C",235.18036866273,-0.593229748261148,0.279787635652766,0.0150211527598963,0.0587260590580937
"YPR067W",53.3238916485441,0.653235581395225,0.316534512886361,0.0151546267054613,0.0592099036985813
"YNL009W",31.9863233179903,-0.753147314586206,0.385492162936597,0.0152335944423797,0.0594803062948777
"YOR034C",73.912465213081,-0.624696834093206,0.301121848992645,0.0152767742536573,0.0596107164379266
"YOR071C",18.0085732639502,-0.867356724150031,0.484248569592843,0.0153039438078823,0.0596785268771866
"YJR051W",112.074760489842,-0.59216858069976,0.280575178780101,0.0153489551459203,0.0598157810833658
"YDL087C",13.808135051496,-0.910013239213275,0.522290697931839,0.0154217938395191,0.0600612354325041
"YJL187C",23.8019926086621,0.78971681416292,0.418895998457551,0.0156174018441751,0.0607454143205153
"YOL010W",25.1823964050259,0.764003857830608,0.397258991268115,0.0156132574737008,0.0607454143205153
"YCL039W",32.8853364888651,-0.7043979747095,0.353805670120264,0.0156642449287121,0.0608887581890947
"YML121W",64.6966424933886,-0.6413539356864,0.311166238979585,0.0157062348925088,0.0610130667111799
"YJL083W",35.0078337306734,-0.731625090553629,0.378938077600199,0.0157240901917928,0.0610435221139983
"YBR047W",100.951531041935,0.610283733528419,0.291092078597065,0.0158143396427681,0.0613548059342275
"YJL091C",39.315414752794,0.693895722437406,0.348238832283951,0.0158783587050534,0.0615639925618961
"YDR206W",56.4230631801911,-0.659389673805996,0.324752509690015,0.0159871730172855,0.0618678219303841
"YIL092W",30.9684671689805,-0.743210511924431,0.3829964346348,0.015983903675277,0.0618678219303841
"YIL133C",197.121626772159,0.55026167668803,0.256197131815412,0.0159751348526081,0.0618678219303841
"YDR055W",177.497177579598,0.629339409749152,0.30588406065038,0.0160200274806,0.0619556265826505
"YER136W",209.891086413189,-0.547801910227231,0.255838926993544,0.0160696582473848,0.0620765899079961
"YFR040W",264.13223659593,-0.532186651875143,0.246060956832351,0.0160716749589529,0.0620765899079961
"YPL163C",17.3654732021802,0.882945910846932,0.506167711844634,0.0162051720607039,0.0625525799303297
"YPR048W",37.2543290426143,0.714535529688072,0.363623008227458,0.0162890229547333,0.0628364524741137
"YGR283C",18.7176125552544,0.833856949505901,0.461396565150362,0.0163144068196956,0.062894566455436
"YGR219W",32.7958648803292,0.757054487117256,0.395611264138694,0.0163473399490674,0.062902169816645
"YGR220C",67.952884294605,0.674317228233084,0.335274164767883,0.0163396235248131,0.062902169816645
"YIL021W",35.7240734105253,0.684525992994858,0.342622307120093,0.0163360274352398,0.062902169816645
"YDL082W",61.9914379379985,0.655630560363025,0.322863644550608,0.0163681090079643,0.0629056883400526
"YNR034W",31.8475503499387,-0.705341638265273,0.360046302907123,0.0163688960963615,0.0629056883400526
"YPR127W",76.4168798509962,-0.579961230302089,0.275434606422466,0.016425860441953,0.0630848263350367
"YJR020W",8.47941285483143,-1.04674933661692,0.696057427353706,0.0164779956280273,0.0632452036226866
"YPR014C",3.73758626445038,-1.44754399953065,1.38116837858477,0.0165314840532834,0.0634105697323866
"YOL090W",28.7335264093386,0.762440576009323,0.402760483813396,0.0165778050467212,0.0635482526790979
"YFL002C",32.4593818900681,0.755779795404637,0.396305943722694,0.0166606554959646,0.063718518464528
"YGR034W",125.437672160265,0.548126214337601,0.256828765813402,0.0166640391193532,0.063718518464528
"YLR136C",19.7841588811054,0.824649512343224,0.456764528905612,0.0166585446846416,0.063718518464528
"YLR175W",61.1973715863652,0.782874940929335,0.419586178505392,0.0166547055299086,0.063718518464528
"YMR229C",149.707680196542,0.599183501979204,0.288680853964762,0.0167298466378891,0.0639300409140652
"YGL108C",27.1440585325333,0.832528246482309,0.460876370586195,0.0167624931518682,0.0640026516075086
"YML031C-A",5.43766504784617,1.24845924945512,1.01203725510197,0.0167698498141413,0.0640026516075086
"YHR152W",29.1998533681159,0.821029078165575,0.450728537990048,0.0167870063567938,0.0640280373871453
"YML131W",517.117817899286,0.585994596231621,0.280541337448505,0.0168006430618048,0.0640399746477173
"YPL129W",47.7305765987415,0.642237857835412,0.315900608813329,0.0168556422343382,0.064209462136432
"YPL059W",72.9892019688121,0.639400906349571,0.316212594022625,0.0168766062837281,0.0642491663331187
"snR83",446.400093568681,-0.772317688791749,0.418510455852559,0.0169076925530868,0.0642872028141385
"YJR038C",5.86749150735885,-1.19945507377197,0.899729893717048,0.0169073859598033,0.0642872028141385
"YGL150C",177.875195581259,-0.566099375815524,0.268805517729629,0.0170044458541286,0.0646147739905948
"YDR493W",26.4070915056892,0.780408822216909,0.420291580821888,0.017018770270517,0.0646289126472282
"YDR261C",71.9872502507293,0.668061447963683,0.337853384267784,0.0171519373638413,0.0650940586753502
"YNL026W",36.244428628901,0.696439452478149,0.356381906519552,0.0171914339330583,0.0652033539651466
"YLL058W",66.6724555439367,-0.614282138033338,0.301875243856354,0.0172329517288916,0.0653201746191507
"YDR218C",4.51118236969948,1.29938891116235,1.05052641403839,0.0172553429403306,0.0653237982741087
"YIL033C",129.558083286719,-0.530389754600321,0.249252597111586,0.0172473074777249,0.0653237982741087
"YDR408C",57.466289419572,0.620159506814447,0.305006360913705,0.0174007326664322,0.0658333119813188
"YDR444W",69.9183575469395,-0.57817528193793,0.278359421579199,0.0175052052552897,0.0661874851308876
"YJL118W",5.41152758389387,1.23813916762393,1.03067999396449,0.017516924263888,0.0661907336567869
"YDR316W",98.5989473959924,0.765663492957231,0.411669954525732,0.0175500698427347,0.0662338549173175
"YMR302C",223.013780804958,0.51410164199785,0.239405391492466,0.0175491401148456,0.0662338549173175
"YER005W",45.3848806656286,-0.708026208368278,0.371237118622372,0.0175823015089079,0.0662913823470853
"YMR120C",162.939683372498,0.610136778668283,0.299124088757287,0.01758706566944,0.0662913823470853
"YHR178W",60.5640363882082,-0.619310978579648,0.305738334198888,0.0176060290546845,0.066321846160879
"YIL007C",50.8248631872118,-0.645935772665038,0.324790066915747,0.017658078641425,0.0664768309570633
"YHR161C",90.0665920071923,-0.559606774992222,0.267753303285925,0.0177401482869822,0.0667445702525658
"YDR071C",69.0842941139829,0.627867420671757,0.309608221846403,0.0177516198413687,0.0667465286447515
"YDL019C",219.556091745034,-0.526792915178528,0.248014258028514,0.0177631945141088,0.0667488721106616
"YMR093W",16.0563589024878,0.847289883818589,0.482236810972735,0.0177884482894688,0.0668025830710488
"YPR065W",237.291104857393,-0.525517049752847,0.247120584609356,0.0178090413210194,0.0668387357460673
"YER150W",811.865033190053,0.577153961140935,0.278251871480658,0.0178578386932097,0.0669806318985311
"YGR026W",163.149265678949,-0.513570213697266,0.240506919364489,0.0179421350404331,0.0672554200931364
"YLR138W",138.285410142266,-0.636631769184187,0.317831251006413,0.0180486829119128,0.0676132282410008
"YML064C",7.82114822592822,1.0510591456897,0.715045221733483,0.018172416251043,0.0680349367629652
"YMR193W",73.0051939757835,0.724194503042717,0.382263562095004,0.0183026071942827,0.0684802890418373
"YDR294C",90.2490723028977,0.602841356310613,0.297465888166083,0.0183584267885999,0.0686470007831387
"YBR214W",82.7351319513573,-0.594123596149487,0.291922505172372,0.0183965937626627,0.0687475407623723
"YMR043W",75.4522809059434,-0.646938440747397,0.325478750698422,0.0184545383938818,0.0689218207786209
"YDR182W-A",5.90191998606437,-1.20844018480097,0.980482460274448,0.0184687116659099,0.0689325153727624
"YDR034C",191.091481194739,0.534250211151212,0.253851670921211,0.0184927185653796,0.068979877390446
"YGL026C",135.000021210887,0.575558788965869,0.280196766651234,0.0185274831630437,0.0690672843295116
"YLL044W",44.1886582517462,0.757404357414722,0.414519184821167,0.0185412764648359,0.0690764548002292
"YDL128W",123.693638636294,-0.532226706702012,0.254018532877124,0.0185732655484929,0.0690845061075263
"YMR132C",5.93330877475069,1.15661745418312,0.876644636354191,0.0185580474171163,0.0690845061075263
"YMR178W",121.220439579507,-0.533076019035539,0.254081915939135,0.0185774414290789,0.0690845061075263
"YMR185W",92.4875513314275,-0.557953023566611,0.268717785529175,0.0185912967443997,0.0690938741811685
"YOR307C",67.7463844882299,-0.577316219794802,0.281298097568991,0.0186376168112646,0.0692238113739534
"YML059C",195.300220570454,-0.592354455661149,0.292766522546917,0.0186679195964784,0.0692941351647599
"YDR044W",54.9726584059261,0.609310018046995,0.302045560370176,0.0187014369823157,0.0693340987878433
"YOR272W",23.5355493674153,0.838272122596819,0.485367805590496,0.0186935491657567,0.0693340987878433
"YLL013C",103.338170238197,-0.603931107162658,0.299049139722766,0.018782636688119,0.0695928088839425
"YOL139C",125.890078318616,0.537971686968875,0.25720860918668,0.0188587894061463,0.0698325160573885
"YDR409W",28.9656454592122,-0.789697862892463,0.43813514970519,0.0188951296143086,0.0699245992709234
"YML062C",40.0354444403338,0.797154097456057,0.446437485330276,0.0189304239604876,0.0700127026936723
"YEL032W",65.176092289135,-0.606837873516551,0.302792283237706,0.0189502357413518,0.0700434729190655
"YMR204C",14.3982166270302,-0.869150703326252,0.514080959769583,0.0190407436677046,0.070335353124036
"YGL029W",27.5874351457242,0.932563129549987,0.592915426949386,0.0190944897155989,0.0704484956516799
"YGR154C",45.8873526612613,-0.65536731782364,0.337051992984315,0.0190904306645506,0.0704484956516799
"YBR034C",44.9127978925466,0.669557073851075,0.346043156977653,0.0192505176322044,0.0708954108569704
"YJL130C",589.796364325577,0.499913227879916,0.236005468797568,0.0192329096991961,0.0708954108569704
"YML065W",72.3226258383331,-0.610603824069816,0.303891259015039,0.0192460105803925,0.0708954108569704
"YMR225C",39.976535230708,0.696927383719505,0.365598875255531,0.0193043853135033,0.0710508626121997
"snR19",2545.62007382978,0.744678836457566,0.405439012989593,0.0193245686336864,0.0710822243948815
"YML027W",14.3398871090701,0.930381850759576,0.60348680055328,0.019367840743412,0.071198425410794
"YOL083W",46.4399427230799,-0.639716015239571,0.325602019749124,0.0194389732614914,0.0714168426936648
"YNL077W",127.927372483047,0.565135511305475,0.275980528576478,0.0194676428895354,0.0714790863926014
"YGL030W",300.005189514049,0.526395077712949,0.252422221639493,0.0195750123461938,0.0718300422938298
"YOR298C-A",692.30680886101,0.492374303687869,0.232282321751881,0.0195977377876776,0.0718701635474699
"YDR003W",57.5629702149212,0.674425098758155,0.354487032480141,0.0196613402720415,0.0720167481719308
"YOL064C",119.961581911619,0.58506974143688,0.290158079236917,0.019650462055153,0.0720167481719308
"YIL156W-A",21.2063350203798,0.767622751733009,0.427571263645253,0.0197742580923782,0.0723868486925197
"YCR090C",17.1717746025939,0.820249622498623,0.47746246528521,0.0198308227092264,0.0725503387831541
"YGR226C",3.40405855814624,-1.39388011720908,1.4504446723365,0.0198703209745575,0.0726512335572455
"YOL077C",34.7845305561956,0.735358561497514,0.400288187891037,0.019903130786384,0.0727275672320205
"YML119W",26.899985356964,0.735099802404139,0.399856712449599,0.0199425982541399,0.0728281224439681
"YOL140W",61.3339650670237,0.60044839460725,0.301227583361196,0.0199827708820624,0.0729311308539941
"YOR291W",98.9462153192673,-0.549117424167087,0.268792212056942,0.0200237373011408,0.073036911340786
"YHR025W",36.7499164775941,0.678458651628888,0.357510380421974,0.0200530043108667,0.0730999170303425
"snR43",67.816271157899,0.671492025260755,0.354296302364298,0.0201614323696097,0.0734512434505505
"YLL045C",122.153674828537,0.615333716664391,0.312526596122152,0.020209391027594,0.0735819822659411
"IRT1",23.3070259572902,0.735119838208371,0.401482099227615,0.0202836597330124,0.0738083021329615
"YDR119W-A",990.593899656043,-0.495048044917086,0.236330514867311,0.0204280805146167,0.0742009241576809
"YKR014C",79.0354894836425,0.631176004697834,0.322255192924848,0.0204078492552133,0.0742009241576809
"YNL191W",44.8532989839138,0.628000046330903,0.321258264287878,0.0204266580461317,0.0742009241576809
"YHR130C",7.1597981507895,-1.06674417563548,0.800444774432525,0.0205454461425494,0.0745628754937541
"YJR063W",23.7668730655381,0.741876604059775,0.41108697216301,0.0205521953780979,0.0745628754937541
"YPL090C",12.5984485717175,0.903946806994972,0.575596671665419,0.020583135908707,0.0746307039640506
"YNL015W",438.632859618976,0.598316232635343,0.301373748190543,0.0207182796063634,0.0750314404045068
"YPL048W",77.1749846167719,-0.590431343164271,0.298117785098787,0.0207093026002634,0.0750314404045068
"YNR018W",182.491844964522,0.496393641428391,0.237338267866831,0.0207510624295162,0.0751055377125303
"YML093W",59.9461138134187,0.732896619160121,0.40245540849861,0.020781564031512,0.0751712954136887
"YPL183C",57.6169046589485,-0.648849105143294,0.341554516948658,0.0208206799125656,0.0752681162912736
"YDR194C",191.445131216035,0.561913532382939,0.277517936195227,0.0208825778751023,0.0753760634523738
"YIL018W",123.138643386375,0.624111576719322,0.321336857659573,0.0208876408812238,0.0753760634523738
"YKL156C-A",79.7059833191411,0.598634883946734,0.301376065520094,0.0208766844665989,0.0753760634523738
"YKL216W",41.9052696142554,0.678084692016962,0.360346602927823,0.0209451959622731,0.0755390351420442
"YBL106C",42.4309568523736,-0.669889446813601,0.35848347886573,0.0209632173882423,0.0755593199179993
"YBR181C",14.6674135237261,0.851681162115542,0.51908757913176,0.0210004443636299,0.0756487638276149
"YPR200C",14.2850762716052,0.836043453711735,0.501842416249423,0.0211235940037283,0.0760474338173206
"YDR143C",37.779592043529,-0.646633758172372,0.337064905676651,0.0212385757800453,0.0764162452062433
"YMR263W",16.3678839853362,0.821255835282303,0.485695010115115,0.0212737471520278,0.0764976335643712
"YPL019C",80.856400666725,-0.571472874022595,0.286995487157762,0.0213273583406297,0.076645194036638
"YDR319C",29.1784101616057,-0.698988048238729,0.381985892506788,0.021433647054891,0.0769364421669969
"YPL246C",36.451674275938,0.674902916715387,0.361679928890238,0.0214219469635967,0.0769364421669969
"YML092C",97.5614647351809,0.546408431912472,0.269772492991444,0.0214608197583158,0.0769886382736522
"PWR1",14.0660325436348,0.84576619937167,0.518499191542781,0.0215283383318722,0.0771854247839771
"YFL048C",68.864760197314,0.565844545012171,0.283122681420863,0.021587379896992,0.0773516052158531
"YMR026C",41.3974070664744,-0.635893860915294,0.332694484717818,0.0216093744425078,0.0773849219900617
"YPR194C",2811.14972080981,-0.623060904092069,0.324496852766187,0.021660191716719,0.0775213555569008
"YOR161W-A",6.52584863237241,-1.06318164090647,0.925767246875876,0.021721483474739,0.0776950949404543
"YJR003C",25.3645821435439,-0.724679186381551,0.400213077733156,0.0218121965791045,0.0779738053663591
"YBR125C",34.6941880712616,0.668869933483083,0.359590552698946,0.0220890865624033,0.0789173403269919
"YMR105C",97.8636313175023,-0.563364572695009,0.283700222142702,0.0221556268345946,0.0791086968698618
"YGR253C",103.103263927289,0.614273789063067,0.316893314884473,0.0221874973073298,0.0791761101218822
"YLL056C",88.5492881760337,0.541270877838464,0.268887691969241,0.022292060809468,0.0795026978547148
"YBL091C",203.207278415376,0.477370018015611,0.229725658715258,0.0224088802209227,0.0798725876880258
"YEL012W",164.009226018454,0.568263411964504,0.286476796879719,0.0225123962345811,0.0801946552015031
"YGR281W",484.790379159238,-0.504375095137482,0.247264695746151,0.0225677687474914,0.0803416322073367
"YOR234C",89.0299411479066,0.580235838743255,0.294278114208099,0.022580019027263,0.0803416322073367
"YCR025C",5.12968330324256,-1.09784649780078,0.914189261277777,0.0226138310449048,0.0804149942932874
"YIR033W",113.5079028706,-0.54645835973101,0.272803244343998,0.0226278769055604,0.0804180231716565
"YNR064C",16.9331561369891,0.849946192406954,0.54387237521293,0.0226437069029747,0.080427385532419
"YNR028W",38.3336189798895,0.664178551155154,0.354996980734245,0.0227014033129066,0.0805853542179182
"YGR038W",24.1182477281498,-0.707954175344835,0.395335745999781,0.0228015177268953,0.0808936266271401
"YJR001W",66.5513361534093,-0.578529452479043,0.296701743787088,0.0228703197441521,0.0810905170684158
"YBR150C",58.7154306371565,-0.591707380946102,0.306699263637776,0.0229330428377301,0.0812656372650959
"snR6",82.9285057389869,1.01060330574031,1.13627896030136,0.0229709411520574,0.0813526358639104
"YKR072C",74.8012934852897,-0.601853425188682,0.3114895064543,0.0229891821603603,0.0813699566012751
"YHR186C",90.7889950174198,-0.55300186383871,0.280010916562093,0.0230060930458389,0.0813825520106722
"YOR195W",83.5962424249686,1.01890123217155,1.088412481459,0.0230392096426557,0.0814524262018482
"YGL133W",147.036484456809,-0.511225074641288,0.251823960123708,0.0231125866656096,0.0816644728851538
"YJL078C",63.8850418314008,-0.614777434344746,0.325025522380645,0.0231368508258362,0.0816837535419644
"YLR429W",76.0049459935577,0.581179356700996,0.298688543019532,0.0231448469839167,0.0816837535419644
"YCL004W",26.3382021337482,-0.694827709975808,0.383554335127289,0.0232318817124084,0.0819434716650052
"YKL105C",66.6934711645539,-0.628484990506371,0.331833775379805,0.0233442615686767,0.082292234968817
"YDR086C",103.357096974068,0.584963092734425,0.300150414706501,0.0233876024043666,0.082397362228101
"YGL196W",176.294566153446,-0.501740538991731,0.247830125755777,0.0234313430827239,0.0825037759036408
"YGL125W",62.5694218701721,-0.584653373257582,0.30324472491248,0.0235000393500212,0.082697886742713
"YPR188C",29.2789185804337,0.67668287033009,0.370589922761009,0.0235608397747517,0.0828640037086621
"YDR175C",38.8351828366781,0.643392869343573,0.345729722571396,0.0236498171060881,0.0831289707391042
"YBR210W",31.3547061824047,0.675104487981544,0.369891007763724,0.0237450278847857,0.0834155302350253
"YDR531W",37.5365667978714,0.657897940731297,0.356790790267218,0.0237866955042201,0.083513772522017
"YHR027C",361.866830687804,0.444314973180847,0.213249301161588,0.0238523338822574,0.0836960132483356
"YOR032W-A",14.3439745066175,-0.813657942249742,0.505128561366288,0.0239047997648642,0.0838318495781631
"YIL069C",45.1742953454016,0.633711153452103,0.338843441142527,0.023924827503541,0.0838538376274196
"YKR103W",37.6612785013769,-0.646850292798356,0.352323351786191,0.0239741165820445,0.0839782991767592
"YGL036W",73.6349973747763,-0.559740442528662,0.285529426929671,0.0241548792302079,0.084514344952995
"YNL103W-A",16.0025300364065,0.869720788384817,0.588756773640809,0.0241456323997892,0.084514344952995
"YPR164W",62.2705588429549,-0.615026571961868,0.328065782268277,0.0243182061637171,0.0850369859827054
"YGL002W",34.421403520189,-0.697732009586591,0.399116167819831,0.0245860231188323,0.0858257794440338
"YGL011C",219.381706795961,0.486140229356142,0.239423441339989,0.0245766192391424,0.0858257794440338
"YGR250C",193.684441609036,0.471231419375928,0.230417179713592,0.0245622935182516,0.0858257794440338
"YLR313C",12.0243864566855,0.844264668197445,0.543427526763682,0.0246532094142954,0.0860110540241157
"YBR087W",29.2232596740208,0.686141932489957,0.383825099608059,0.0247324874934922,0.0862382787602032
"YBL090W",67.3204824695286,0.564237966297147,0.290431081474941,0.0247478631023861,0.086242553235588
"YCR024C-A",318.898010759473,-0.593459595827885,0.313643373825623,0.0247953834969507,0.086358778522237
"YDL226C",30.957809026033,0.726326096901098,0.424843395664448,0.0248626796622429,0.0865437079048375
"YDR186C",214.504335826877,-0.49049753910179,0.243097775878075,0.0249150286521589,0.0866333385961908
"YOR346W",22.7250999453068,-0.772879644234188,0.462223957881498,0.0249168568595771,0.0866333385961908
"YDL056W",65.823029403476,-0.6232661569051,0.333480640268865,0.025071209036757,0.0871203073426646
"YIL157C",76.7295609063177,0.554920951516729,0.286023885811857,0.025113352667367,0.0872170282094596
"YJR035W",83.4802098697031,-0.540747035300264,0.275769542034899,0.0251637093205029,0.0873421459615407
"YLL001W",92.3321642465486,0.529677340011004,0.268951185138938,0.0252360474785685,0.0875433747193369
"YAL028W",9.49949379179369,-0.910969521503004,0.640264334452227,0.0252864527865712,0.087664635733721
"YJR090C",85.7953065903611,-0.524813163884787,0.265885990583477,0.0253141524021901,0.087664635733721
"YJR139C",255.081610943205,0.542502155473785,0.277869291340746,0.0253082428243757,0.087664635733721
"YOR130C",32.1172293227851,0.65635552836776,0.363219188400709,0.0254275439769147,0.0880073143323651
"YKL100C",110.038663461899,-0.577368445339326,0.303878775862914,0.0254753390218898,0.0881226965598289
"YKL196C",74.2008591671315,0.538558660022924,0.275026752258845,0.0256298953237857,0.0886070402713975
"YLR048W",211.263334342385,0.541124383115048,0.277823047328228,0.025656601415536,0.0886490848229547
"YNL177C",72.2496469576555,0.581475586357813,0.30449904403508,0.0256993969043284,0.0887466425676383
"YPR009W",14.1083918886093,0.834565211002777,0.544566502308081,0.0260970406009244,0.0900687782914124
"YDL104C",22.0798059004057,0.723185040502722,0.424227323504128,0.0261663671847745,0.0902164069407977
"YER090W",93.1210135671708,0.595357930156151,0.318570887403947,0.0261694187811863,0.0902164069407977
"YGR233C",120.672689734875,-0.483188546957308,0.241806089758522,0.026287904081987,0.0905736435159472
"YOR093C",71.309262969501,-0.572866475165446,0.302886290182696,0.0263517124392371,0.0907421962243784
"YJR086W",7.87229544833341,0.949300972173714,0.70704008711738,0.0263744292108662,0.090769139491942
"YDL194W",62.8299290572457,-0.56769532215709,0.299593420858849,0.0265352686160748,0.0912711412048398
"YFR030W",149.046479473768,0.525072625160386,0.269461565748257,0.0265647627791977,0.0913210542240326
"YOR351C",10.0055586098182,0.910217529253902,0.675215628189925,0.0266164486854529,0.091447155996525
"YGL124C",29.6817315685068,-0.651806120454549,0.364484769884524,0.0266458553442161,0.0914966131397166
"YJL214W",9.93465008037874,0.874734868254886,0.610611211497898,0.0268548259675588,0.0921103906990832
"YJR085C",162.710774966616,0.464185868163481,0.230633237617862,0.0268543054551735,0.0921103906990832
"YMR096W",36.2690225630053,0.677853671197104,0.389221807075264,0.0268828227732207,0.0921545583817659
"YMR067C",26.1201558839456,0.680618073359137,0.387455207968508,0.0269328247023456,0.0922740677688568
"snR41",40.1768344286457,0.767260812853295,0.484981807621888,0.027008380487837,0.0924809432996442
"YBR006W",183.260596716377,-0.541117278054457,0.282318162274703,0.0270401145301612,0.0924983257728078
"YLR450W",114.521836835886,-0.646807345691906,0.364418095017649,0.0270453114274982,0.0924983257728078
"YNR068C",68.6282227116094,0.62804435790285,0.344643523236563,0.0270589852096663,0.0924983257728078
"YDR115W",48.3940673392398,0.605669708163191,0.327586742891073,0.027081181501646,0.0925223101191326
"YGR097W",90.2280938013877,-0.597587642721636,0.325220222298561,0.0271135729792884,0.0925810797247971
"YBR109C",131.969152420351,0.477607498475135,0.23967017813094,0.0271945053475866,0.0927814683011639
"YOR018W",42.0826095205772,-0.600679602875176,0.326296632018512,0.0272027044879704,0.0927814683011639
"YDL018C",25.3653968899013,0.717285039222387,0.424627120556756,0.0272189475621396,0.0927849470868238
"YDL191W",13.4887060913196,0.80761724493732,0.520281032549299,0.0274536360974271,0.0934072057687933
"YDR313C",119.642364189265,-0.489690660110275,0.248672441573754,0.0274732401871449,0.0934072057687933
"YIR022W",58.8597185016837,0.571431233077904,0.303972927106083,0.0274537175730074,0.0934072057687933
"YOL131W",9.32056635350045,-0.875072381629006,0.613800881886371,0.0274369520990079,0.0934072057687933
"YOR286W",84.0858902935168,0.512973357610995,0.26288659522025,0.0274781164796467,0.0934072057687933
"YCL047C",14.6876357622835,-0.783721774058158,0.496359363477697,0.0275396365278772,0.0935641497421468
"YDR358W",77.8675342124438,-0.541813517931807,0.282875400329508,0.0276045100591867,0.0937323057441463
"YIL036W",51.0418165651558,-0.629677166116758,0.348827802751974,0.0276485640930231,0.0938296203490957
"YLR218C",31.1237783184977,0.690420765787056,0.399029146866907,0.0277146981824706,0.0940017169850631
"YLR172C",41.5356780751586,0.608517723037893,0.331752471344952,0.0277545324609761,0.0940844690487482
"YOL030W",334.430222163593,-0.54424180520692,0.28687674831303,0.027931546453611,0.0946318930710168
"YJL192C",67.8460351321896,0.567168553775613,0.302576774205027,0.027989879225855,0.0947242164806143
"YJR030C",30.7695541501132,0.694344919154943,0.407886974960634,0.0279769753146384,0.0947242164806143
"YDL092W",41.8497035517162,0.635455176304877,0.352903768672483,0.0280690080317314,0.0949392918720326
"YML038C",33.2592311385689,0.635945359366986,0.355840138742184,0.0281407111121464,0.0951290261944163
"YCL032W",32.4180196008197,-0.636329345394887,0.357233931086902,0.0281969753562641,0.0952663884680873
"YNL147W",51.227083056192,0.738071957043676,0.450744505444022,0.0282750225462027,0.0954771536947951
"YDL185W",648.792960148318,-0.475370214181753,0.241339273297937,0.0283441890295249,0.0956148519018055
"YOR276W",79.1089093643756,0.554531945176082,0.294179603003371,0.0283471759452933,0.0956148519018055
"YOR104W",13.1840636077805,0.825725447333314,0.551271110742702,0.0284020743271522,0.0957470370707924
"YBR252W",11.1461120340729,0.841272116834141,0.577416958235367,0.0284785334302972,0.0959517198770933
"YMR110C",186.515951555571,-0.536669366772346,0.282916120246344,0.0285048615790592,0.0959873653725778
"YPL211W",24.6048268297848,0.710913085069038,0.425504633083489,0.0285453306437544,0.0960705633758605
"YBL033C",117.396833253595,0.532487842777019,0.278495308081016,0.028595052541466,0.0961847931789379
"YEL043W",59.6731381801327,-0.560915252418617,0.299313018815269,0.0286195096342129,0.0962139609600264
"YJR114W",12.1133488395596,0.841074866758641,0.593398452325335,0.0287568682149855,0.0966224430927987
"YPR101W",35.9672216951442,0.724867523795594,0.440390376651842,0.0288868312688729,0.0970056399910635
"YPR119W",5.09714909277966,0.998051615249704,0.886909265236622,0.0289320854967007,0.0971041085365588
"YHR004C",58.6571609617709,-0.565619327520295,0.303968483082852,0.0290345931632931,0.0973945213705402
"YLR402W",7.24774032218465,-0.934592649124706,0.789809662454201,0.0292399434553657,0.0980294033885886
"YNL145W",8.42175873392992,0.887570759301839,0.660086491663219,0.0293590455635284,0.0983745919239722
"YMR190C",80.6141568148009,-0.526727224602439,0.276805722970589,0.0294125644258818,0.098499769327335
"YFL004W",219.563778604943,-0.471197910850297,0.241059487800947,0.0295137197888656,0.098722384373342
"YMR196W",168.774305120318,-0.490989571659707,0.254141934829185,0.0295276303055952,0.098722384373342
"YNL011C",48.8746574878705,-0.568597907992337,0.307892810493293,0.0295035362622747,0.098722384373342
"YPR094W",17.0367569130554,0.760341768101141,0.481600146639144,0.0295692935010632,0.0988074802022919
"YMR109W",67.4975360074046,-0.547185906453363,0.293635767185843,0.0296247935833569,0.0989386941866083
"YJR047C",11.069843415855,-0.85757238383924,0.647918830291944,0.0296678980396026,0.0990283891299988
"YDR488C",4.7250147981728,0.969645853608034,1.08188318380538,0.0297061411801534,0.0991017681954216
"YGR149W",55.2342262355291,-0.575770772938164,0.315659355652987,0.0297394231900311,0.0991585253518817
"YCR081W",36.4933968919082,-0.636283828682383,0.361960610588042,0.0297756409519933,0.0992250036098411
"YLR209C",36.9489823805465,0.626406865995797,0.355255444078285,0.0298605053363833,0.0994062134430311
"YMR146C",113.194122455293,0.49725502682665,0.257359320082404,0.0298626377053634,0.0994062134430311
"YNL308C",81.9564952531767,0.724211485022478,0.446289364462107,0.0299068383204166,0.099499006311648
"YHR075C",42.906302373439,-0.617880676555612,0.350775256696595,0.0299619275756135,0.0996279042953433
"YGL141W",84.0647757586183,-0.528308129395086,0.280893756160704,0.0300529033747389,0.0998710710342128
"YJL030W",21.4451773282146,0.731559150825932,0.450410347315245,0.0300678286050501,0.0998710710342128
"YCR030C",55.1009544633999,-0.56000748533093,0.30170876515914,0.0300848673915668,0.0998732389714595
"YLR307C-A",2.71387872876564,1.08047400150582,1.57578290606479,0.030103855123978,0.0998818709747664
"YER162C",64.3062084587645,-0.542569721312655,0.289396467710099,0.0301487089257764,0.0999762681733445
"YPL003W",54.2098738076298,-0.578643372557503,0.317553920081235,0.0302216576842763,0.100163677860611
"YBR231C",17.0965720772715,-0.729539911565153,0.457481512477412,0.0302547485288265,0.100218854501738
"YKL033W",39.0139835384064,-0.628364470899762,0.361867447006871,0.0303682026787142,0.100500889180397
"YPL005W",46.8426723973067,-0.569278521585699,0.310547989230711,0.0303728692157984,0.100500889180397
"snR39B",21.5939052088762,0.771074765280746,0.511258112640131,0.0305000927363859,0.10064638070717
"YDR412W",39.5523670295226,0.689540933845737,0.410994680309991,0.0304407102726034,0.10064638070717
"YDR425W",50.1046495371105,-0.594808506107437,0.328800775678483,0.0305324295205181,0.10064638070717
"YJL031C",43.4758887573284,0.674007663569494,0.396581032869728,0.0305286748120913,0.10064638070717
"YJR109C",218.952612668691,0.521254686867652,0.275689071713916,0.0304505501431569,0.10064638070717
"YNL203C",6.13239430248029,-0.921876080308883,0.854912232788942,0.0305164716036703,0.10064638070717
"YPL076W",21.7568199166465,-0.697473070376154,0.426945206912931,0.0305115769913356,0.10064638070717
"YDR127W",176.911150462336,0.538278846008467,0.288365387399076,0.0306034794006359,0.100717174377363
"YDR231C",138.767317451238,0.535655012350304,0.285405703834088,0.0305843749489807,0.100717174377363
"YKR095W-A",12.001209565614,0.814927649526583,0.561671769135459,0.0305953094810981,0.100717174377363
"YIL131C",19.4658349129855,0.714741933763423,0.437657572875633,0.0307162507890197,0.101033755293618
"YDL224C",28.2676599773911,-0.683708155876502,0.41824976415991,0.0307476901662056,0.10107119097305
"YPR111W",39.9191521756683,0.636896385952526,0.364183849740371,0.0307607972526673,0.10107119097305
"YER166W",217.430518131932,-0.479820056548822,0.249087994141883,0.0308039100861095,0.101092331984643
"YGL226C-A",64.5463179187254,0.5400139963706,0.289049007789101,0.0308169897994202,0.101092331984643
"YJL127C",34.5462368070249,-0.611803055484668,0.344648940112735,0.0307855292801955,0.101092331984643
"YLR248W",308.198672571448,-0.42040340556072,0.211448715766764,0.0308467420039714,0.101135498931794
"YIL030W-A",2.52207407638023,-0.964006609046634,1.47911138604244,0.0309453210024325,0.101404156725713
"YDL205C",102.184659655968,0.538711434048375,0.287970002308339,0.0310152512736088,0.101578697749944
"YEL026W",62.224127039497,0.571853076948782,0.314309087227272,0.0310454209315344,0.10162290041767
"YOR011W",39.96665844662,-0.615849432930513,0.354065749523876,0.0312724669736676,0.102311157382987
"YMR216C",126.246176921173,-0.486128957649213,0.254471099581963,0.03136192515192,0.102548784227979
"YKR062W",62.2275045993982,-0.550297064250382,0.300026978759005,0.0314192042170124,0.102680991797689
"YDR027C",96.43428009639,-0.490313288604127,0.257054752750985,0.031505412602783,0.102907550811341
"YBL041W",212.823107355451,0.437197590168924,0.22244474468963,0.0316426540853573,0.103300469550216
"YKL114C",32.3504072211787,0.627513821011616,0.359474109125527,0.0316620290798164,0.10330838717424
"YBR184W",2.67021220862835,0.978581003544785,1.53606921701574,0.0317934232305055,0.103460178638511
"YDL167C",22.02246244351,0.684653755762891,0.41368063061895,0.0317734659943243,0.103460178638511
"YDR173C",64.185321994577,-0.590706778453317,0.329802525254515,0.031787957467723,0.103460178638511
"YGR015C",10.6937861758353,0.821077359666647,0.583855401145303,0.0317393224579735,0.103460178638511
"YPL150W",83.961362280288,-0.523423184304645,0.279779833405431,0.0317771292489825,0.103460178638511
"YJR111C",16.1435792655096,0.730065816186435,0.460630932888272,0.0318169407191137,0.103481458742261
"YGR217W",94.6920418333799,-0.544365163381166,0.297136786372162,0.0318608733508189,0.103569078972395
"YJL063C",46.0190981408389,0.57330580194425,0.316836887995615,0.0319578288693027,0.103828873645203
"YGR082W",81.7748592665322,0.56880331864198,0.315248586353911,0.0319946607209237,0.103893157748551
"YDR459C",25.0126658003119,-0.663794253174984,0.397549726819084,0.0320270885489936,0.103943080248198
"snR191",45.5777723780886,0.67944637811549,0.416835789910609,0.0321536312272959,0.104256692505976
"YCR033W",178.641591603605,-0.547601962061941,0.2985544075997,0.0321750350457328,0.104256692505976
"YIL127C",17.9673497174094,0.809268268829734,0.566768064378359,0.0321700161730709,0.104256692505976
"YGL083W",44.9148701228282,-0.579488353796412,0.325140375639985,0.0322679014159025,0.104502050547251
"YNR069C",84.4659404616004,0.576586079842846,0.321554095155278,0.0323982964119299,0.104868622745997
"YER170W",11.5330407558139,0.803054219031932,0.56257211766833,0.0324548743321984,0.104995997375132
"YIL076W",68.6778381539913,0.545708294846642,0.297145350729226,0.0327226263914119,0.105806051912815
"YBR110W",39.5593930432915,0.626545110347429,0.364038641123166,0.0328176624320713,0.106057079810962
"YOR147W",115.94131850131,0.484986830300126,0.254962965885111,0.0328888930165946,0.10623095015164
"YHR200W",67.0279485847854,0.538682701969989,0.293797850744221,0.0329705397822889,0.10643826269759
"YPL031C",87.9467428685644,-0.494940534024771,0.263529284375046,0.0330103730540405,0.106510441378707
"YNL162W",32.6285265739338,0.620110284158697,0.35892252008699,0.0330399800017488,0.106549565137915
"YBR225W",50.083660868508,-0.56511747572827,0.315262550372134,0.033060354456422,0.106558889694284
"YLR287C",23.7023570101025,0.685163587546233,0.422060482711215,0.0331270186410871,0.106660950141271
"YPR187W",54.9363464026645,0.557604736086074,0.307628668716548,0.0331191321148148,0.106660950141271
"YLR344W",87.2566292130622,0.509194350943756,0.271965512002658,0.0331751042387432,0.106703039754691
"YOR196C",127.909778102799,0.494338272717681,0.262751220771316,0.0331669668060042,0.106703039754691
"YDR002W",241.776196953564,0.47579373627987,0.249499411927202,0.0332158149051433,0.106777632830616
"tS(UGA)Q2",3.51579734822407,0.881800218527066,1.24965107459347,0.033297732496553,0.106984543788345
"YAR019C",26.4566261306447,-0.64369400413283,0.38050721745792,0.0333603400504043,0.107129226874191
"YHL035C",37.5142334961498,-0.602943315403798,0.345445902232651,0.033482043441634,0.107463430635471
"YDL086C-A",36.8422122322843,-0.592367378375493,0.340106037497849,0.0336864651812977,0.1080626343579
"YDR332W",26.3241845381347,-0.65076699953255,0.387897678428054,0.0337045801449345,0.108063869533601
"YLR193C",35.3552838019275,0.669990798734116,0.4067486949982,0.033722902074266,0.108065766636515
"YDR270W",82.6475018021216,-0.568382335218366,0.321690665972928,0.0337964690600145,0.108130960063406
"YIL013C",56.9888437126281,-0.530220351484529,0.290226453811105,0.0337743105215979,0.108130960063406
"YJL032W",14.6684821418887,0.765666512804539,0.513996842797287,0.033780088061877,0.108130960063406
"YLR363W-A",18.0312331450616,0.735165993726693,0.47589807376732,0.0338325407255384,0.108189578028414
"YGR063C",36.7096149123017,0.653559922604307,0.396853921217429,0.0338971753429286,0.108339425125931
"YBR008C",76.6850709896575,0.583202616954132,0.333176208681387,0.0340931394366734,0.108802952262465
"YER118C",27.7276800218665,0.640962520171186,0.380131255565273,0.0340657292632434,0.108802952262465
"YML105C",20.3844339553483,0.713527253147842,0.453506923247656,0.0340957569846281,0.108802952262465
"YDL064W",15.6809410236566,0.731108132828108,0.475543840906334,0.0343526445154104,0.109508037825014
"YLR321C",24.7327459675938,0.660816433604935,0.399947777720958,0.0343487011004146,0.109508037825014
"YLR449W",28.7884337945927,0.711621650192315,0.454242521353029,0.034414265704663,0.109647124657565
"YPL082C",209.906753041089,-0.443094881122201,0.231355334980121,0.0344657842866007,0.109753895102838
"YBR154C",28.8369576252205,0.648005859469255,0.388105047126056,0.0345080294822243,0.109831039004782
"YGL048C",164.189600261997,0.448503450082252,0.23412423427429,0.034569015416704,0.109967718666394
"YGR271C-A",33.5608918279066,0.709738453040231,0.452815121155645,0.0346447143359672,0.110151034886656
"YER044C",224.832515617081,-0.438517423184333,0.228662756129876,0.034666610548092,0.110153545601495
"YOL085W-A",4.61572791607595,-0.865234889368618,1.01733859839702,0.0346816495503312,0.110153545601495
"YBR165W",29.9243603294335,0.627924129844676,0.370631042365852,0.034717175216772,0.110208949451159
"YDR131C",25.8160564579678,-0.728221440326613,0.472251586637616,0.0347462001201953,0.110243669824357
"YNR010W",15.0329514901417,0.754227747847029,0.50762416667367,0.0348372054074065,0.110474904764903
"YOR303W",935.046619642985,0.475258770804519,0.25227613181305,0.0348679262738028,0.110514826125236
"YNL243W",118.834001444572,0.484743704500405,0.259668389842024,0.0350194626086414,0.110937434823113
"YOL027C",131.011678103882,0.542819938965787,0.301091384167732,0.0351434917289848,0.111272510175669
"YDR317W",21.9515817245628,-0.676050210886674,0.429095855431561,0.0353649689808835,0.111843148211482
"YGR141W",46.9024225119551,-0.553518997759882,0.312169261050854,0.035415467768361,0.111843148211482
"YJL003W",32.7341479777608,0.618633599573896,0.363799181125988,0.0354054865033669,0.111843148211482
"YJL097W",22.1856914704912,0.661689160585714,0.405967291744968,0.0354086179144837,0.111843148211482
"YNL225C",38.0215777607756,0.675378129464465,0.419236391841482,0.0353443569738753,0.111843148211482
"YKL005C",189.803283169307,-0.451731207686827,0.23824689999808,0.0355414671826422,0.112182932407149
"YBR038W",11.2501049392073,0.797831509572938,0.594370604052252,0.0356330863879205,0.112413903485702
"YJL015C",39.5591027042712,-0.577003351104618,0.33016021487287,0.0357002916197389,0.11256765515898
"YER080W",99.2016626234783,-0.52593134913191,0.289933438621183,0.0357205135823117,0.112573180084896
"YFL039C",1170.32358726735,0.478817877609656,0.256466163188869,0.0357483442274958,0.112602665667487
"YCL002C",51.618050392366,-0.548461540696399,0.309567469581512,0.0359283100434615,0.113111079398191
"YBR168W",24.753181667059,-0.635616455747574,0.386443007700345,0.0360359531675143,0.113391396260196
"YPR060C",33.8165605362325,0.616179903428154,0.363717170986979,0.0361920937451503,0.113823948078788
"YJR059W",166.998545457624,-0.602298045263794,0.3550949445953,0.0362308126722034,0.113886953706591
"YMR032W",3.8297875897239,0.881705004928158,1.08977961789867,0.036335299809937,0.114156521825549
"YGL185C",30.5291210055019,-0.606119915983172,0.360319777324766,0.0364108451389509,0.114334931026227
"YNL098C",108.134214633667,0.514372993587459,0.282586361888996,0.0364540900963377,0.114411781224088
"YHR076W",49.5767320263843,0.543741859781019,0.306147911060809,0.0365815644048351,0.114752771511822
"YMR102C",133.398000319751,-0.460230822302982,0.246382378961793,0.0366995534755957,0.115063672033825
"YIL088C",203.906827464519,-0.44956302462479,0.239443563905522,0.0368896990765487,0.11560036805736
"YGL216W",41.2657407513452,-0.584397753121895,0.342117126896522,0.0369133229314551,0.115614955430225
"YLR110C",4962.37989088216,0.451349060445898,0.239667672113626,0.0370478041722681,0.115976562110927
"YBL068W",29.3227179772495,0.626931792470903,0.380916593897938,0.0372382547554682,0.116512917214876
"YCR006C",5.31485819165655,-0.864046131120794,0.922511278997769,0.0372968637522134,0.116636421020904
"YKL065C",99.1117480482157,0.509160632069757,0.280221940083069,0.0373293197595565,0.116678053299742
"YMR103C",38.0167578421068,-0.62093498154675,0.37764064808645,0.0373655132121044,0.116731318825103
"YPR109W",64.1263826266451,0.516681225105396,0.287204532073338,0.037433278529272,0.116883110981513
"YMR301C",40.8334405615206,0.58891708396879,0.3461434537739,0.0374631717667976,0.116916555001859
"YJR064W",89.7504363214252,0.520483075947535,0.290923906180684,0.03755985510639,0.117158299321109
"YJR011C",25.8708885387184,-0.628699574996058,0.382669822352519,0.0376020401966159,0.117229890024744
"YMR188C",82.9224274433421,0.564257443847829,0.323882734144819,0.0376857793390926,0.117430892163481
"YOR313C",4.00896744022919,0.900909358587722,0.986037675090002,0.0378136546849999,0.11776914936386
"YDR524C",67.0182437604023,-0.516908908822671,0.289414646898874,0.0379836431118676,0.11823815360921
"YMR222C",16.8666141648689,0.715275601663443,0.482354626633346,0.0380960726495853,0.118527597141002
"YHR037W",985.65515545766,-0.413982350936972,0.218309484716042,0.0381526648941476,0.118582607103432
"YHR182W",27.1855348087204,-0.613188107545771,0.37064399408206,0.0381381678293029,0.118582607103432
"YOL050C",32.3344855322607,-0.607784507423005,0.36778009783967,0.0383106700421098,0.119013014223578
"YGR187C",24.4121906254903,0.629290849823792,0.384636745537766,0.0383602997261695,0.119104123442091
"YJR132W",40.7055694572103,-0.612550441506768,0.375680407956656,0.0383986222417897,0.119104123442091
"YPL180W",39.639594965889,-0.573564847754035,0.334722488594118,0.0383803395558744,0.119104123442091
"YPL219W",55.880102693529,-0.566622626866259,0.332206170278633,0.0385412145731076,0.119485606725885
"YJL215C",5.15792024705722,-0.857347189030629,0.89345495833363,0.038580242967229,0.119545796077916
"YOR168W",61.2476883328392,-0.53244209143601,0.303239940768201,0.038628856955123,0.119635611352375
"YER006W",78.015374393919,0.496561581796111,0.274929398517889,0.0387040071167238,0.119751072805586
"YGL136C",43.3671633033026,-0.56604029811219,0.328639354893411,0.03870543288384,0.119751072805586
"YLR455W",45.7725048054364,0.646268650882083,0.404277633242408,0.0390678037912416,0.120810889958203
"YBL064C",630.475557173449,0.382814434107495,0.199423840740915,0.0391925774261987,0.121135273535842
"YKL051W",24.1325737568969,-0.648095449267802,0.413637433340571,0.0393431082475883,0.121538897500786
"YDR036C",90.5836601937765,0.499351559628148,0.278315655646629,0.0394242387121355,0.121727829255555
"YLR051C",32.8256951029958,0.689102438736952,0.45259373283539,0.0394639506078097,0.121788748837772
"YIL022W",40.4072024748761,0.553591301561143,0.320394347281122,0.0395301680013799,0.121824989337438
"YMR133W",22.2803154534236,0.664765903290873,0.430673196782566,0.0395211995214858,0.121824989337438
"YPL050C",71.5558336339095,0.509475530658501,0.285603929720306,0.0395356569170554,0.121824989337438
"YJL216C",21.3623555751821,-0.667166422876983,0.439562737150353,0.0397962074297404,0.122565883923329
"YHR106W",83.1938660832972,-0.510098012822925,0.289105348222079,0.0398700852704633,0.122669444585297
"YLR348C",57.2780756087822,0.518322895006726,0.293468710241779,0.0398514623922384,0.122669444585297
"YGL047W",13.8484605939432,0.734182708587862,0.520671788682878,0.0399236142831977,0.122717722925128
"YLR019W",66.8045090530307,-0.498800854555999,0.278833772476295,0.0399260450468466,0.122717722925128
"YKL087C",140.722456406641,0.464334941583331,0.25420413113195,0.0400008375066834,0.122885637400824
"YLR352W",62.6048051436615,-0.520152646640776,0.29698044955801,0.040081037612121,0.123069987025631
"YDR166C",81.0492804386001,-0.537862604453985,0.309189138769126,0.0401758251735167,0.123298919653869
"YJR106W",24.5406134917203,-0.642393567521909,0.405818394260417,0.0402231858164257,0.123382142703128
"YPL242C",63.8109317973649,0.517501574493037,0.294000171688799,0.0404363160493286,0.123911184676047
"YPR069C",129.265300953198,0.46318302600487,0.254013673272099,0.0404344497459679,0.123911184676047
"YDR085C",45.124646320655,-0.543040673055176,0.314861856695106,0.0404884495261877,0.124008592895535
"YDL211C",9.34898712170101,0.799982936156048,0.689783195599516,0.0406549127478167,0.12433100511688
"YER053C-A",352.966708300559,-0.412527791530445,0.220529224597316,0.0406453257454502,0.12433100511688
"YLR206W",128.537205551722,-0.461102122685866,0.252819415225585,0.0406311706376346,0.12433100511688
"YHL004W",54.0020126747298,0.529837371231239,0.304643410086985,0.0407271426936345,0.124427034946217
"YKL010C",253.654489779601,-0.500641089798168,0.283005335251903,0.0407133113310655,0.124427034946217
"YLR154C",13.834053451608,0.734466381081604,0.525034195052507,0.0408177981212498,0.124579108437164
"YPL243W",58.854424633404,0.533468704897211,0.306693542006199,0.040800158196671,0.124579108437164
"YGR119C",27.7609960416515,0.635454085875578,0.399381593281895,0.0408499986196475,0.124614985779155
"YLR169W",37.3433661981833,0.567587076702854,0.335404795251331,0.0408956499756198,0.124691839220312
"YHR199C",122.6095437174,-0.522428257757242,0.30130150414017,0.0409562838067022,0.124770196462361
"YMR307C-A",40.4592365447669,0.705876113126486,0.494654568945849,0.0409622909140582,0.124770196462361
"YDL232W",24.744346070138,0.658350630222513,0.424771733231911,0.0409921708306581,0.124798841764666
"YKL042W",17.8698883376523,0.69046637784247,0.464503205324581,0.0413307527286342,0.125766818712444
"YGR228W",31.7956859111981,0.712812686284375,0.497423886458935,0.0413582678197193,0.125787745689216
"YOL111C",39.095182583586,0.552742124921422,0.325465726813144,0.0415435489596577,0.126288244842451
"YOR233W",63.8139963340865,-0.498289666207172,0.281976502970128,0.0416141002070287,0.12643965142664
"YFL008W",88.4112825175992,0.567585795604779,0.337408731914313,0.0418141809629043,0.126857856131857
"YMR300C",37.3086364169494,0.598836427546963,0.37013936925085,0.0418089482248539,0.126857856131857
"YOR175C",106.998886566914,-0.462979079530666,0.256515931460748,0.0417750750931116,0.126857856131857
"YJL102W",103.885549002464,0.4615005792389,0.254830079142763,0.0419139968746899,0.127061539245567
"YPR013C",39.5645903172313,-0.589172218175543,0.357398798405077,0.0419230115541978,0.127061539245567
"YBL006W-A",19.9237006132394,0.663128875934249,0.441132609542905,0.0420240677885815,0.127271248359181
"YFL034C-A",31.3959760443083,0.607591138932756,0.374600210141313,0.0420339660290454,0.127271248359181
"YGR104C",16.5670648937416,0.677005331316978,0.4510435357821,0.0420732855653742,0.127327048421527
"YMR240C",29.5946004420801,0.609518284091373,0.376955670958277,0.0422337578768769,0.127749257697054
"YJR043C",10.3338507221413,0.773257073484988,0.603594838711638,0.0423073188389266,0.127908287858759
"YHR105W",6.70261443416488,-0.806845686709556,0.716076614442838,0.042387948943956,0.128025048966012
"YNL049C",52.9526705987342,-0.556642585517311,0.334671362767596,0.0423824194339135,0.128025048966012
"YGL040C",108.638350202073,0.492181304317721,0.279027319400331,0.0425856786018894,0.128169224538801
"YGL246C",40.9928265427565,0.557650408975625,0.331136708616607,0.0424892082367928,0.128169224538801
"YHR021W-A",4.39187509912626,-0.831590167421025,0.915700082502619,0.0425471229823708,0.128169224538801
"YJL001W",196.141345820289,0.429421037562309,0.233820686809688,0.042564648603625,0.128169224538801
"YKR002W",70.9854145002802,-0.482503260949398,0.27173918397397,0.0425151464116066,0.128169224538801
"YML081W",169.453929177761,-0.430086082251224,0.235049436291625,0.0425592807853168,0.128169224538801
"YNR025C",22.8912223335995,0.670536838790436,0.445680020274789,0.0426039128655638,0.128169224538801
"YOR013W",2.83715561255946,-0.808223991648867,1.11686675227238,0.0424951282534499,0.128169224538801
"YGR131W",7.67574759207937,-0.786716298097286,0.668932483670862,0.042803233662471,0.12870533259633
"YHR049C-A",44.0885819516728,0.545097376162211,0.322298724512481,0.0429163368280715,0.128981791403893
"YER059W",45.9112444604866,-0.545463979256733,0.32213588735794,0.0430854409659717,0.129362444673693
"YHL013C",14.3418419458766,0.738507769118625,0.54541492010253,0.0430772079015854,0.129362444673693
"YNL143C",7.93239463415229,-0.801823813633092,0.675336266832562,0.0431313311323587,0.129436466396714
"YER134C",20.9435346165877,-0.641099242558844,0.420166746354069,0.0433925597374062,0.130156324606049
"YLR032W",48.7321951437238,-0.534485202641818,0.315701790986914,0.0434168052933652,0.130164991767369
"YML046W",24.4230966663259,-0.635651585702515,0.408369973120305,0.0435860451665212,0.130608134360839
"YGL123C-A",129.687045843137,0.52764639574988,0.309522635706679,0.043744264241605,0.131017833195372
"YDR028C",215.122936733668,-0.498977633147276,0.286209396196154,0.0438320744856478,0.13117851844759
"YDR081C",67.5534182021322,-0.51888948211514,0.30227670642151,0.0438409585033209,0.13117851844759
"YBR286W",393.864188418574,-0.395927958648709,0.214079960972633,0.0439313294624883,0.131317834379704
"YDR141C",103.396170911704,-0.479985331345127,0.273339558115004,0.0440013508240791,0.131317834379704
"YGL191W",856.423397848253,0.489358372573706,0.278760865518081,0.0439936750759317,0.131317834379704
"YLR195C",83.8940035417402,0.487966633515912,0.278136074870409,0.0440167900964292,0.131317834379704
"YOR331C",133.842422520407,-0.434855235279826,0.240227281975333,0.0439521235754066,0.131317834379704
"YOR350C",112.824527052394,0.449736750394718,0.24974622400217,0.0439939672913366,0.131317834379704
"YHR060W",18.9061524166166,0.687881122947814,0.473252740218336,0.0440390214288574,0.131319880434876
"YOR224C",46.1626497833204,0.526705530275763,0.308785910943729,0.044111042479136,0.131470319760555
"YBR019C",10.1733347903925,-0.741707887016206,0.575917087510399,0.0442255913385122,0.131745426289944
"YHR039C-A",263.912757273955,0.555380699588831,0.333909584187622,0.0442465771313397,0.131745426289944
"YKL157W",367.708552632968,-0.494153800335766,0.284960990396078,0.0443453868625455,0.131975162562117
"YBR105C",104.956491838035,-0.458648286545665,0.258473724764501,0.0446215167675089,0.132700754810175
"YBR172C",67.4306507201247,0.576865489224472,0.353430277759566,0.0446327395177784,0.132700754810175
"YDR310C",106.684269999982,-0.451691684509547,0.252382627377592,0.0446617655671972,0.13272231161973
"YPL148C",11.1480770040725,0.735909615194068,0.563362430050155,0.0448537086621744,0.13322775550485
"YOR059C",87.1081223339489,-0.462650887772173,0.261299682780483,0.0449743049926652,0.133520890857425
"YJR117W",153.335033269633,0.444476461100458,0.248264623531041,0.0452245354888325,0.134198414705177
"YJL132W",48.7402368278974,-0.521394589234252,0.309317903385391,0.0453277688363789,0.134439294918603
"YDR302W",31.792571607724,0.565842023265367,0.346711398993259,0.0459298550813884,0.136098650831906
"YLL017W",5.65152725239289,-0.798306340083946,0.773485081718318,0.0459318990584465,0.136098650831906
"YOR294W",44.4380388754913,0.533569998565943,0.318821294863703,0.0459749674929903,0.136160071365295
"YGR287C",12.9494270082925,-0.708313812635336,0.532630673946925,0.0461211435276671,0.136477685282149
"YHR071W",235.566121280238,0.489489574323653,0.282602490134812,0.0461269945334253,0.136477685282149
"YJR143C",160.086545052247,0.552498550591087,0.33774863246835,0.0463249606415936,0.136996911746974
"YBR064W",13.1962461247541,-0.704557102902299,0.521522347248517,0.046495307680357,0.137365997723194
"YDR018C",14.0072718592248,-0.67864018429235,0.483446010812095,0.0466060130244149,0.137365997723194
"YFL007W",333.753840916573,-0.502671188390112,0.296406726329079,0.0465982166163916,0.137365997723194
"YKL084W",11.955272943723,-0.706252664888204,0.519511728219405,0.0465395749766815,0.137365997723194
"YOR316C",31.0487772129297,-0.583801542076005,0.371434181929469,0.0466075280215859,0.137365997723194
"YPL036W",15.2899448515178,-0.690393846573465,0.512639851415909,0.0465702080639717,0.137365997723194
"YPR028W",177.188234440438,0.425193270915925,0.236445695679296,0.0465101634808352,0.137365997723194
"YGR237C",72.0624818539333,-0.483774220039214,0.27960515647558,0.0466704657218875,0.137485011394347
"YBR073W",58.8911380887745,0.54695472984124,0.333950942859912,0.0467891545976113,0.137768066315189
"YER158W-A",19.8523823072203,0.673633679388818,0.469053059698048,0.0468855904932658,0.13781979777941
"YIR038C",53.498252124415,-0.529797680995965,0.320493749730064,0.046887154031572,0.13781979777941
"YJR025C",20.0360889723416,-0.629071193393089,0.417658177866877,0.0468458238049552,0.13781979777941
"YKL003C",44.5061603683996,0.582913816471302,0.364898571725086,0.0468971715495482,0.13781979777941
"YFL012W-A",2.78483250457138,-0.736228511697016,1.05606727165763,0.0469502890709727,0.137909403319315
"YER036C",274.269117326098,-0.464755616911673,0.266981653990512,0.047047498567098,0.138128373683267
"YMR224C",20.3872054267089,-0.624318145644616,0.415351073859416,0.0471566045670533,0.138382043734324
"YJL141C",113.522919605338,-0.452954915035085,0.258292616997215,0.04722846172142,0.138526214721874
"YPR046W",8.81578286904818,0.764577926131574,0.641808742511949,0.0473946634339096,0.138946836762712
"snR17b",235.697790621998,0.634508553387835,0.429318416777344,0.0474925440094065,0.139072811608904
"YDR128W",73.6360019013335,-0.471147844026943,0.272234988459341,0.0474990441347606,0.139072811608904
"YDR148C",333.237204588364,0.42099035254571,0.234926804518756,0.0475517209832578,0.139072811608904
"YGR118W",141.637536154908,0.480943471208457,0.279172525248155,0.0475466669298047,0.139072811608904
"YLR263W",15.2277677279137,-0.666919487296416,0.471700492812507,0.0475263324695038,0.139072811608904
"YDR023W",160.809892903966,0.465229940387541,0.266745870805626,0.0476451738569177,0.13927929719804
"YMR060C",33.3478536785122,0.57799071893725,0.362352934604292,0.047686629849808,0.139333657207373
"YPR003C",45.7936268628671,-0.519315076613374,0.310486629309598,0.0477911811858718,0.139572232548102
"YDR464C-A",5.67161782739632,-0.782133378771503,0.76600998953421,0.0478651294477898,0.13958754257621
"YNL231C",257.311991831484,0.446559450679904,0.253086821958367,0.0478605553083592,0.13958754257621
"YPL088W",91.2429225403576,-0.47879010895641,0.279517675500814,0.04783678003991,0.13958754257621
"YDR307W",52.9503401913264,-0.511823604295432,0.305423326767252,0.0478936304305212,0.139603862971796
"YIL002C",55.3913959841051,-0.518702500956343,0.311885318025076,0.0480715359780847,0.140055454964831
"YDR280W",34.5228336159964,0.549827005357886,0.338951150248165,0.0482493655211341,0.140506394100006
"YOR209C",79.9571855455114,0.482541553766456,0.2811688853059,0.0483236501800323,0.140655514731278
"YDR152W",49.3380983961314,0.526405524748031,0.31720513101531,0.0485236222761584,0.140968292551566
"YGR271W",93.065085040063,-0.453768632649494,0.260478732006238,0.0485094282748581,0.140968292551566
"YHL044W",19.7786646569795,-0.645489654030308,0.442083891107656,0.0484700870916554,0.140968292551566
"YHR117W",61.0806333630554,0.487500297112912,0.285938522766148,0.0485229567725883,0.140968292551566
"YEL050C",95.4181913068777,0.446956458692086,0.254705628556245,0.0485809885984074,0.141000535955854
"YOR259C",162.225359228515,0.416321327957422,0.23265028133996,0.0485752001935707,0.141000535955854
"YBR095C",43.2043204528982,0.551532251631722,0.33991044847177,0.0487052838195173,0.141294005178466
"YMR086C-A",21.4642485197076,-0.684381394882769,0.496823829455774,0.0487315312775176,0.141302893975485
"YDR510W",131.915015060195,0.428414981345613,0.24157089202832,0.0489200006901693,0.141781932575645
"YPR103W",143.14269889984,0.435086891118396,0.246564385402669,0.04896244662953,0.141837505801799
"YHR058C",30.5933256559353,0.588445276289244,0.380501688859901,0.049072823473893,0.142022250272259
"YPR166C",60.8063692929306,0.546253976353486,0.335570595978605,0.0490631207213978,0.142022250272259
"YBL031W",3.78598829859965,0.780585196323655,0.931231930123189,0.0491778869643962,0.142191281332066
"YCR087C-A",9.99212305710989,0.724355374727498,0.572762950520605,0.0491721221395113,0.142191281332066
"YNL248C",30.9773806182074,0.58149325396507,0.373018486175723,0.0492521181953466,0.142338388051511
"YER126C",27.6235890176894,0.591661789396902,0.381167777019902,0.0492935884174443,0.142390721044703
"YAL001C",103.929842813099,-0.435621124722529,0.248078408012746,0.0493518250959005,0.142491413528903
"YMR183C",26.088438964616,0.590079324315757,0.380149682757505,0.0494286049707432,0.142645524288201
"YDR420W",159.111541488659,-0.44473248736097,0.255598061888444,0.0497525385297107,0.143505025612912
"YFL024C",53.2603636711071,-0.506376785952204,0.304106799144173,0.0497735232396549,0.143505025612912
"YDL153C",69.0207359805845,0.532880514176276,0.325927121131512,0.0500652414897915,0.144209662986899
"YOL007C",8.56502292909482,0.745394622989861,0.644078668733102,0.0500515036092513,0.144209662986899
"YML085C",60.2639786626982,0.512794665795381,0.31059241392128,0.0501221941954644,0.144305514228321
"YEL072W",43.9485563898368,0.536264679878938,0.331250198495964,0.0504826539885133,0.145274681803583
"YPL199C",32.785172338658,0.548190895743187,0.341761685569948,0.0505822463288599,0.145492586774139
"YKL079W",56.6466671565058,-0.52418619792926,0.319833019997041,0.0507218093093107,0.145825201764268
"YGR192C",975.812249226386,-0.40474332794642,0.228348206676029,0.0507563692537833,0.145855761717025
"YKL151C",279.591106690942,-0.418521948505703,0.238359869193349,0.0508923975132373,0.146177739322894
"YIL014W",66.4124164707747,-0.478488718617382,0.284176461471338,0.0509895813455493,0.146387893688706
"YLR192C",60.6589660239948,0.485465004929774,0.287978927912548,0.0510806355248404,0.146580260604474
"YHL042W",15.7662624679879,0.651443952617401,0.462665511722586,0.051178640544667,0.146792383115174
"YIR007W",26.1652728149961,-0.581546038099459,0.381586131503757,0.0512840595585063,0.147025561151974
"YLL023C",63.7500020585318,-0.503949920574,0.305423405283358,0.0514512144248167,0.14743542638423
"YBR263W",148.973765282569,0.445498652576604,0.258667900313372,0.0516767323706922,0.147942547580727
"YGL006W",222.915430578199,-0.41879070135274,0.238932988059907,0.0516642543592311,0.147942547580727
"YMR182C",25.1219204713629,-0.58421353165589,0.382260803344581,0.0517210536120709,0.147999916321865
"YHR181W",50.8230078990156,0.526819689412836,0.327000056754655,0.0519575986587486,0.148607021973286
"YOR048C",135.53673555081,-0.425454048944105,0.24419246729143,0.052085162945446,0.148832193226673
"YPR135W",50.3020542797556,-0.500539644408149,0.304229617530485,0.0520618890950755,0.148832193226673
"YJL080C",67.8011081745438,0.543721608577595,0.343543757039054,0.0521596630312192,0.148975232509504
"YHR086W",106.470964812424,-0.540807799727781,0.343952472826637,0.0521855857611431,0.148979459116706
"YJR037W",2.89503867151498,-0.664270319854312,0.947315984803808,0.0523431711632382,0.149359376516824
"YCR019W",22.3296708057826,-0.617244471974572,0.430946562875958,0.0524850243618692,0.14969406807936
"YDR113C",16.9498641848185,0.648924457963902,0.462498532169023,0.0526395813896431,0.149924415219568
"YKL029C",28.0813749323309,0.583148892083221,0.386547475714113,0.0526386981858434,0.149924415219568
"YKR035W-A",109.943714015704,0.493818651257419,0.297526386171005,0.0526298471732234,0.149924415219568
"YLL028W",378.603665239183,-0.394511678966419,0.223668537815887,0.0527577465786344,0.150190782530022
"YBL094C",42.9732114005001,-0.515521413534404,0.320037027766862,0.053007070981947,0.150753525448685
"YGR062C",26.0315771876465,0.571406023862001,0.37286511770261,0.0530156294203034,0.150753525448685
"YPR063C",57.5037006753975,0.488175031967004,0.294888016938093,0.0530296240462643,0.150753525448685
"YBR018C",4.57418944578307,-0.753116160436468,0.831713546324285,0.0530899056152267,0.150784237989192
"YOL110W",7.53029527735585,0.739153023262031,0.743737524404608,0.0530734212553424,0.150784237989192
"YHR194W",41.4300626909729,-0.569668785068819,0.376855227508422,0.0531385432741603,0.150852082559854
"YGR103W",80.0322729962254,0.533876701356233,0.334367017051265,0.0532404230288845,0.151070939646672
"YNL022C",55.3137925095093,0.520289415934447,0.324745492064963,0.0535291264154508,0.151819462774394
"YDR383C",15.6319505267694,0.641266741618526,0.459665837867162,0.0538289084975975,0.152598696415282
"YOL078W",78.2473502423317,-0.450751493932136,0.266037757316476,0.0538885556743818,0.152696767473434
"YER151C",110.701958135319,-0.456520967236329,0.270345232288426,0.0540743629660778,0.15315206425569
"YKL146W",131.88334776709,-0.428261065909458,0.250200879645921,0.0543367452399897,0.153790817890737
"YPL183W-A",51.6037001248836,0.498742279345773,0.306396210429224,0.0543503563144621,0.153790817890737
"YOR377W",66.839001923214,-0.468081597192175,0.280791229477016,0.0543836646456594,0.153813659403849
"YLL027W",153.112761985467,0.441726190085149,0.259573741583646,0.0545563508179852,0.154230500109286
"YER016W",28.8306987689966,0.564173961260616,0.367238341887549,0.0547773680965041,0.154568545624163
"YFR039C",44.7402455833991,0.516392950996008,0.322936949534476,0.0547752029202193,0.154568545624163
"YGR218W",333.421946226931,-0.403467657175905,0.23222984418529,0.0547578560121329,0.154568545624163
"YHR100C",32.1705352110478,-0.55213867729078,0.36078069124837,0.0547123323198223,0.154568545624163
"snR37",1985.77710134589,0.599991151981583,0.410915044264989,0.0549436967286328,0.154698500381224
"YBL022C",191.892661003305,-0.394356497926187,0.225771120321927,0.0548928357991891,0.154698500381224
"YNL121C",290.535535082726,0.439696966628306,0.258007350787501,0.0549443746825994,0.154698500381224
"YNL128W",12.0227425442397,-0.677432451543294,0.535220049192769,0.0549503286834043,0.154698500381224
"YNL170W",25.8979177339526,-0.57097063239108,0.377285731467064,0.054918801630627,0.154698500381224
"YLR453C",16.3993989638113,-0.641482457750651,0.463228626787366,0.0551076124691039,0.155069666666292
"YNL064C",294.455329122004,0.378414679829028,0.214434240132489,0.0552066058209105,0.155276540137725
"YBL042C",61.3914554203474,-0.488031204295341,0.29943868577142,0.0553100926254798,0.155374640630529
"YBR031W",14.5472685655269,0.648747269731359,0.479508055635534,0.0553224760440956,0.155374640630529
"YDL185C-A",64.8983172399811,-0.515934778172809,0.323062035771737,0.0553434527988317,0.155374640630529
"YKL110C",72.7133702323393,0.526125519122997,0.331595640541333,0.0553044637227506,0.155374640630529
"YER041W",31.5514096722293,-0.549947209559593,0.356876069229312,0.0553897837710734,0.155433117902713
"YBR288C",37.5252253489477,0.525901451746637,0.332581806013606,0.0554646392711299,0.155571549175121
"YHR210C",5.89276632415298,-0.732690923848537,0.715484115032227,0.0555884386819341,0.155775417823627
"YKR065C",53.85423678034,0.49800497197876,0.308233663279269,0.055587061809484,0.155775417823627
"YDR322W",75.9979265467408,0.453236579669772,0.270310654713856,0.0557332244241854,0.156109376316824
"YLR120C",147.913499734116,0.532171743568651,0.341336584176179,0.0559531644079314,0.1566534391669
"YFR013W",44.8149169532666,-0.510487856071856,0.319246674421572,0.056060199443971,0.156840553885931
"YLR043C",169.374777199808,0.4138403153499,0.240626100447897,0.0560714629889162,0.156840553885931
"YCL044C",15.7998106215146,0.628200197320938,0.451099373290381,0.0563356626068057,0.15750727687545
"YFR052C-A",28.9601561864208,-0.613334785656977,0.434293234613503,0.0563939295654084,0.157552590081858
"YMR160W",59.2629647585977,-0.475456615267677,0.289395693200934,0.0564035687544894,0.157552590081858
"YGR285C",120.824378055035,0.432417462094545,0.255220377638708,0.0566537137798071,0.158178829815815
"YBR228W",23.2090572851775,-0.570407729494706,0.381947290140926,0.0566873495713501,0.158200272727737
"YPL132W",39.2665104038362,0.522682932354866,0.331323233272585,0.0570484961278112,0.159135278672315
"YBR159W",116.346661950418,0.433388939062953,0.257033645634355,0.0572030777774755,0.159493485385962
"YML094C-A",9.76734993889628,0.68446501165304,0.557770623451031,0.0575743825120243,0.160455355011792
"YPL255W",7.34785038222062,0.718617826443194,0.660556628339549,0.0576449297457886,0.160578540585275
"YLR020C",40.2051892015374,0.522808810441878,0.335143986017521,0.0577264082605537,0.160732050410267
"YLL026W",975.165509682096,0.431094552827233,0.255542505905909,0.057814921865668,0.160904999438925
"YKR070W",40.2054353048009,-0.512760977813074,0.327311266384579,0.0580668511802626,0.161532386099361
"YDR462W",30.0565477712919,0.571791754413042,0.385690648918307,0.0580958738601148,0.16153939378531
"YOR304W",90.7515877677289,-0.508024573582221,0.321181253194305,0.0583718634538226,0.162232789672161
"YGR084C",42.4997020502158,0.525609238849014,0.337507387096754,0.0584326035612278,0.16232758373094
"YPL202C",47.6277039628567,0.503688387260352,0.316716252747195,0.0585192329443307,0.162494179861365
"YDR510C-A",30.3054324363369,0.547265618037141,0.359693282614542,0.0585830647146657,0.162597349469894
"Q0060",94.5806477657031,0.570899026405156,0.387580479300455,0.0588643764168397,0.163276057096957
"YDL169C",31.9255884083343,-0.536969341557857,0.35198357297748,0.0588811769481725,0.163276057096957
"YGR101W",42.422715524787,0.548767494867473,0.36678137623802,0.0589664012746083,0.16343802445145
"YJR072C",56.8854444488128,0.486993459195711,0.303493113330213,0.0592935211228192,0.164270005110719
"YDL219W",11.4054337558498,0.675178990201173,0.544685567211801,0.0593869766989959,0.164296389411239
"YGL091C",37.9591413269717,0.519047750635796,0.335792770453454,0.059410868295713,0.164296389411239
"YLR018C",29.4603266023816,0.538619794934939,0.354593544716842,0.0593994741004743,0.164296389411239
"YPR100W",149.747756156865,0.466104974033668,0.285562630521911,0.0594086017982557,0.164296389411239
"YDL028C",57.8573486048366,-0.468250198390452,0.28991131370596,0.0596133151748449,0.164781476639764
"YKL056C",353.368653180643,0.457536153054015,0.279887341565425,0.0597358840855474,0.165045427697829
"YMR272W-A",28.5175956858198,-0.621171337596373,0.479347283168174,0.0599221521495162,0.165485055437835
"YAL035W",211.479222630776,0.492330797916657,0.310541246993119,0.0603129139170498,0.166413404402181
"YFR032C-B",13.0157202307935,0.651484518250599,0.514829833253649,0.0603118684979132,0.166413404402181
"YOR098C",91.1881105572032,-0.432926838001766,0.262034336293218,0.0605632476977691,0.167028504397241
"YOL124C",12.1222220181266,0.653416921905831,0.513025718567982,0.060749197162872,0.16746556160457
"YDL177C",12.037698303979,0.669309052865619,0.558231686124148,0.060848923027142,0.167513182407602
"YMR027W",194.23311466355,-0.399780426938998,0.236853064869864,0.0608398607142506,0.167513182407602
"YNL043C",39.889543750711,0.546064461607617,0.368786840386856,0.0608379954030063,0.167513182407602
"YCR020W-B",13.0679470995233,0.663119548252132,0.530013381079877,0.0609931223512173,0.167677653316732
"YDR145W",47.9807892429164,0.512516512564146,0.32975160901616,0.0610247893727524,0.167677653316732
"YIL020C-A",15.4693080909522,0.622046501238234,0.462187255143889,0.0609388312817638,0.167677653316732
"YLL019W-A",12.6611422431779,-0.643110733646789,0.513914401521666,0.0610001261392769,0.167677653316732
"YLR099W-A",15.7563818144707,0.616823880516789,0.453767550521704,0.0610462202969367,0.167677653316732
"YLR421C",115.959158980886,0.427205041249032,0.256565611127626,0.0611023694007906,0.167756279953972
"YBR104W",29.0380516525853,0.557105569979275,0.38017460142725,0.0613715706376158,0.168343709737294
"YLR380W",25.0501298396122,0.567060721591919,0.392413603093982,0.061367976709796,0.168343709737294
"YLL010C",21.6301241523742,-0.571056900782638,0.397801842444896,0.0614778098412983,0.168559267198701
"YDR509W",2.74350485586391,0.636343468227275,0.889537773492744,0.0617842120535682,0.169323189058677
"YER112W",35.8504969169805,0.638589058249408,0.498441007749719,0.0619975361828861,0.169831453049299
"YIL034C",78.3231892666326,0.447234506286745,0.274813960362928,0.0620710568808127,0.169956465268892
"YIL156W",37.6856319616172,-0.516879673806152,0.338600596895176,0.0624140678978145,0.170818924040045
"YBR201C-A",90.5086624409045,-0.447321749916036,0.276216482144121,0.0625134623939943,0.170913256542032
"YDR373W",56.4395321079116,0.462876552781776,0.288774752711563,0.06253265989971,0.170913256542032
"YMR079W",49.5153927537184,0.525412340834734,0.349468475836888,0.0624933978326626,0.170913256542032
"YKL093W",29.3515873900372,-0.541093391604465,0.363925796850784,0.0626674407060402,0.171204863784543
"YBR014C",42.2527071198304,0.499632476506206,0.321176361732791,0.0627396935307792,0.171325462396998
"YMR164C",43.2651993964853,-0.49203052092899,0.315195281747784,0.0627938349154951,0.171396517604094
"YGL139W",75.8786592840923,-0.448480743333518,0.278220520028414,0.0628616527193666,0.171504822437126
"YOL028C",8.37936823619071,0.684502500033851,0.601996386265349,0.0628931326683713,0.171513934502784
"YER125W",268.906301571216,-0.462701222960204,0.291189963694153,0.0630841762219575,0.171957984826847
"YDL207W",83.2246165658,-0.445767095515762,0.275637970323921,0.0631454986045998,0.172048195795724
"YDR528W",48.2271467626269,0.531489634866266,0.353946232196304,0.0632619508320029,0.172223520210259
"YOR074C",14.912199952736,0.612784486030949,0.45830886965289,0.0632663595981574,0.172223520210259
"YIL008W",19.1626516254236,0.617005949927594,0.461995598762446,0.0635113505668979,0.172813250761269
"YFR031C-A",101.146644639929,0.42371867337034,0.257863188948044,0.0637884540552573,0.173450237962509
"YGR242W",7.74541368588222,0.67367893998236,0.728989192379552,0.063802368090557,0.173450237962509
"YOR373W",27.1849477339238,-0.544140508966236,0.376314076917409,0.0639319841971114,0.173725119786622
"YDR075W",21.0002114123368,0.566724063899623,0.398366865631295,0.0641058503683687,0.174119945630663
"YHR024C",50.9535900923708,0.497902295111689,0.324154733676932,0.0642362029846808,0.174396283827007
"YNL040W",15.1435809530541,-0.613576955522904,0.461984614151356,0.064291919531812,0.174469835060728
"YBR242W",42.6565656234321,-0.496610409386095,0.321851086088241,0.0643873158746218,0.174615326247849
"YGL022W",89.5199339194559,0.441282474539549,0.273395397405875,0.0644028307473609,0.174615326247849
"YDR059C",112.307381652662,0.45585444145864,0.286586851522051,0.0647244505580829,0.175399137743179
"YDR354C-A",6.63079716440793,0.666723901182611,0.740943462970484,0.064749476607408,0.175399137743179
"YJL089W",50.4367582729127,0.490931944427546,0.319356986075049,0.0648382210937274,0.175561509358627
"YDR505C",225.313053041991,-0.379461822184456,0.225963005031185,0.0649157193715799,0.175637426343609
"YGR025W",26.8675462895763,-0.553311283719198,0.382336807433419,0.0649238919691797,0.175637426343609
"YLR258W",199.362779174387,-0.396261390663832,0.239139318208745,0.0650817006211376,0.17584226705527
"YOR121C",83.0706056492892,-0.44485474604177,0.276955575239762,0.0650861615220163,0.17584226705527
"YOR178C",449.415013111123,-0.351961264502809,0.206517093952545,0.0650343402876069,0.17584226705527
"YOR208W",50.1343286948732,-0.469390943375447,0.299009901397435,0.0651361567619329,0.1758993688365
"YFL019C",5.28902131999977,-0.685016572059241,0.735597935181169,0.0654002420948396,0.176534311589038
"YER087W",29.0479279660556,-0.521357298418634,0.351658226483541,0.0656375283289322,0.177040670395723
"YLL061W",42.8949645569609,0.505284131340185,0.333667236600386,0.0656459253641238,0.177040670395723
"YJL009W",31.2363322828918,0.531704047968099,0.36197534984345,0.0658377813912891,0.17747955664746
"YDL179W",15.0653154183978,0.609804327212024,0.467774761971958,0.0661629123782481,0.178128701596821
"YDR506C",28.1683572425747,-0.552157893468902,0.393719386231088,0.0661662642190654,0.178128701596821
"YNL247W",51.0833676882817,0.512825003104062,0.340216567474307,0.0661148972673383,0.178128701596821
"YHR050W",157.616115018441,0.432695927003937,0.269003032656577,0.066246424908044,0.178265765922529
"YER088C",203.317897709003,-0.458898497428952,0.291834659698343,0.0664535124194287,0.178647473342541
"YGL194C-A",10.4641176388631,0.646678559442597,0.537810008859413,0.0664199412659786,0.178647473342541
"YPL110C",82.117864962091,-0.431742960996132,0.269153005272,0.0664762050108092,0.178647473342541
"YOR332W",276.836140550884,-0.381289598669161,0.228904459484184,0.0665335306951897,0.178722727892103
"YLR022C",22.9081663375432,0.566156085782925,0.409135169514201,0.066733961654032,0.179182156952126
"YOL008W",9.36963657946016,0.656370383845923,0.574810640838544,0.0668211770184842,0.179337328898133
"YDR381C-A",65.374539682867,0.509067765939722,0.338694868533462,0.0668914584159722,0.179446936199538
"YNL130C-A",5.19853195096371,-0.68026701449018,0.73066752897239,0.0669644034941765,0.179563589659923
"YFR021W",35.7052833567538,-0.504493503407471,0.337220068581098,0.0670490622313248,0.179711536631453
"YGL226W",39.4105770706485,0.488743759937049,0.31908130192939,0.0672223773687209,0.180096874752683
"YJL204C",28.5956361933241,-0.547837400924991,0.381707662735706,0.0674267536056377,0.180565054141635
"YNL094W",47.1450315653475,-0.472446579937469,0.306820357568971,0.0674585191675942,0.180570783630429
"YOL080C",13.5779300576694,0.610127425482713,0.47087062942025,0.0675249759777691,0.180669327736832
"YGL177W",13.4270011511145,-0.626011384465233,0.512635186867404,0.0676109922043256,0.180820095430173
"YFL017C",12.0900911342329,0.630952433606191,0.513769004107635,0.0678209550847823,0.181302070720065
"YLR289W",35.1829149882951,-0.506751279677798,0.339144363614815,0.0678597705808581,0.181326304993569
"YBR292C",4.31787167167926,-0.662177317883027,0.798396196969828,0.0680201276271414,0.181512154807023
"YFL034W",75.9856595845787,-0.472701856804017,0.306069605456405,0.0680744886027412,0.181512154807023
"YKL176C",141.94273742489,-0.450654038811262,0.287944948390432,0.0680782257405834,0.181512154807023
"YKR052C",33.5353261283427,0.515595712720226,0.351035473590817,0.0679788064175061,0.181512154807023
"YOL101C",5.66383665374153,-0.674399905357148,0.718745587437442,0.0680449048279483,0.181512154807023
"YLR147C",24.1894810599518,0.549924639802374,0.386505085480302,0.0682080134913848,0.181778680467858
"snR38",3.70672868458765,0.638923803978312,0.811768616897057,0.0686621439037767,0.182829081299047
"YIL125W",736.873456159868,0.397642097663733,0.24316022382246,0.068632786839774,0.182829081299047
"YKL112W",76.7168595281079,-0.426303534038079,0.266792092165176,0.0687334883382314,0.182939131625118
"YIL110W",26.2858403689558,0.54349750930455,0.384246041737702,0.0688283987780709,0.183111781122803
"YHR072W-A",63.4605865253201,0.477640909539024,0.311247822641595,0.0689006472514999,0.183224016142187
"YPL198W",22.3506931250791,0.561068696532567,0.404281052849605,0.0689385168154794,0.183244771038093
"YOR020W-A",104.927694819615,-0.411387266473525,0.254721961646349,0.0690098803340987,0.18335449896963
"YCR028C-A",90.4666798916957,0.419470759525429,0.260506702472983,0.0691171298900629,0.183428570689566
"YER013W",91.4510009433431,-0.425235041604413,0.266897857190103,0.0691227229249847,0.183428570689566
"YPL210C",67.6470611172006,0.463523239549364,0.298445356381813,0.0691280437857148,0.183428570689566
"YBR298C",98.3294075964019,0.443048047753239,0.281421230040878,0.0693890773604009,0.184041090736137
"YBR280C",38.138310746898,-0.509050672449213,0.349244902284091,0.0696015947445427,0.184524454096558
"YOR053W",31.2624806622814,-0.542464652105094,0.384234070452324,0.0698333817475665,0.185058461631051
"YER105C",160.762872830043,-0.417154001424573,0.261539485282932,0.0698648917907069,0.185061501722885
"YDL200C",21.9309338730865,0.550871395918474,0.394856621607829,0.0699218323840329,0.185131871581529
"YBR281C",53.4484615791686,0.464764339177467,0.302614527835439,0.0702292439390511,0.185623261842375
"YFR029W",48.3611850197853,-0.461064259561311,0.299528272203359,0.0702087980722873,0.185623261842375
"YJL191W",85.575346847805,0.446588080673381,0.28635447437321,0.0701535538563751,0.185623261842375
"YML020W",54.5132890200771,-0.47545507434126,0.311877332346183,0.0702157164317809,0.185623261842375
"YFR001W",31.0623209349857,0.596435360867257,0.461089234044605,0.0702731041908054,0.185658677955336
"YKL070W",55.6339007155839,-0.480427159244864,0.320562283203687,0.0703209792307841,0.185704665689614
"Q0085",411.037137485786,-0.533893732274428,0.377855902132895,0.0703566465787418,0.185718389301616
"YOR357C",28.4672111045856,0.520969254947682,0.359638014154118,0.070479975005181,0.18596339725393
"YOR056C",52.327939680732,-0.460132459213733,0.29827836379739,0.0706804444402077,0.186411643817856
"YHR012W",49.9116863972991,0.492145154950415,0.331508189473441,0.070856272820721,0.186794542751857
"YHR196W",33.6771889054312,0.52626506716303,0.364842462072697,0.0709984615040462,0.1870884664363
"snR17a",1631.79156892257,0.640923282990849,0.716545509063785,0.0710754041558661,0.18713362687519
"YPL152W",87.4634717426362,-0.418465017285009,0.263020838583553,0.0710770051215859,0.18713362687519
"YAL065C",4.12633188453518,0.643234050123501,0.77485286576312,0.0712913347791432,0.187616876286217
"YGR066C",16.2478433759521,-0.589562974948485,0.454889150853473,0.0716356049663353,0.18844152450143
"YLR297W",144.805709559391,0.414945528648387,0.260211899146372,0.0717515688965287,0.188665147724048
"YPL115C",102.688998368937,-0.403234602594117,0.252000723164572,0.0717980415148839,0.188705934900051
"YIL098C",42.4698020896318,0.529661518932664,0.371746172845439,0.0718883814228009,0.188861933091367
"YCR065W",32.4301588856186,-0.521639109120428,0.367438948014135,0.0719792169777985,0.188907969095842
"YML107C",22.8009221919286,0.548887250481278,0.401076945993746,0.0719929343990053,0.188907969095842
"YPL238C",139.709504261652,0.431475884310693,0.274758024172535,0.0719988863346415,0.188907969095842
"YPR099C",94.9556333494868,0.431182376380812,0.273985757568559,0.0720391826044568,0.188932365737592
"YOR216C",28.430489627503,0.602690709099235,0.479652868458236,0.0723169969603654,0.189579396332657
"YMR232W",3.8047006274656,-0.633431679235619,0.796574953367085,0.0724453121504355,0.189834126206752
"YOR304C-A",12.6403085748331,0.606202484525852,0.485943536673261,0.0724974378627458,0.189889077685189
"YOR086C",387.923620470841,-0.34027184792828,0.20507059377813,0.0725685261904046,0.18999362849249
"YBR002C",46.8997578883147,0.494103830572531,0.33769986083707,0.0727469725423082,0.190298765882785
"YCR031C",252.800693033363,0.385577127225728,0.23849424021007,0.0727647831989743,0.190298765882785
"YGL099W",34.2566073594949,0.498818136307536,0.340103046242737,0.072795715028831,0.190298765882785
"YMR061W",53.5051644951465,0.457060045603665,0.298123458676939,0.072809962598631,0.190298765882785
"YBR128C",25.8912196509789,-0.529996696781394,0.377806213156214,0.0729649994324537,0.190421963239283
"YLR328W",18.0332384390896,0.562074431361276,0.419347750708918,0.0729820682734973,0.190421963239283
"YOL037C",42.9308111298421,-0.498884048405902,0.34244972905239,0.0729784321980922,0.190421963239283
"YPR146C",9.51301376588646,-0.637044864598855,0.581047295442771,0.0729060683823834,0.190421963239283
"YDR382W",164.129294931328,0.401317766690828,0.251072339365532,0.0733489260342334,0.191215442334753
"YLR305C",161.707924485771,-0.434428685340923,0.281296267219602,0.0733350956306613,0.191215442334753
"Q0158",86620.8743833459,0.523702356121232,0.422630737033404,0.0734365324234752,0.19136197739251
"YNR066C",24.2688469736824,0.604478361953808,0.509710684957238,0.073476587050675,0.191384529091395
"snR3",277.237260344341,0.515523112972959,0.362306348293738,0.0735237265411224,0.191425507589979
"YBR093C",13.0428397982879,-0.602087242041948,0.499264549549088,0.0735613054372188,0.19144156987184
"YGL056C",47.1750126680817,0.466043152177086,0.309350239148425,0.0736997161660468,0.191719918921065
"YHL010C",34.9615932756144,-0.484460232476704,0.328011406388531,0.0737559538333393,0.191784359477049
"YGL018C",16.6497619552693,0.599478976647851,0.482816459571226,0.0738242575600949,0.191880106536793
"YPR079W",34.0488590746973,0.514715032205421,0.363087941949993,0.0739866003075291,0.192220089034267
"YMR021C",62.5247818097894,-0.436500344202386,0.283403827594368,0.0740359773104171,0.192266417429481
"YLR166C",60.087977458964,-0.472713788460699,0.316137944328941,0.0741693694177464,0.192530794974942
"YPR185W",57.5325223734512,-0.44847746705836,0.294522742748825,0.0742387460724491,0.192628845173085
"YJR034W",36.5966347146907,0.483718010874335,0.326815416439606,0.07441369865369,0.192918542447571
"YML124C",48.6394462766396,0.470870391076671,0.315313002061265,0.0743993298119491,0.192918542447571
"YKL094W",175.706630372161,-0.376455346928765,0.233311069251334,0.0745767087615127,0.193258945536318
"YDR079W",85.5787211505424,0.454697670855111,0.299054879861892,0.074747585244435,0.193515861939986
"YGL132W",10.2077746752012,-0.617122658708885,0.536585982227721,0.0747246769353003,0.193515861939986
"YIL023C",16.8465727307973,-0.56751745884209,0.441965397808217,0.0747711000604867,0.193515861939986
"YMR165C",33.6593438405659,-0.528959914735417,0.38100245084663,0.0749067685771379,0.193784700542299
"YNR007C",40.2215741071952,-0.473821420450926,0.320522739670279,0.0752547791806209,0.194519880876117
"YPL225W",169.111083840428,0.431073918178958,0.278186074182735,0.0752491521930174,0.194519880876117
"YIL067C",34.9352761951644,0.532650042582889,0.390885059383073,0.0753900678963917,0.194704433825639
"YOR181W",11.9780578085318,-0.606981659983008,0.504918831233502,0.0753724431684607,0.194704433825639
"snR70",69.3624016468467,0.536538029168836,0.396202999106714,0.0754551568140282,0.194789996095511
"YEL032C-A",6.50627919887896,-0.630125745528523,0.661774129887375,0.0756650590799944,0.19522030027623
"YEL045C",11.7076562665968,-0.609715795904318,0.522154487878765,0.075685901485272,0.19522030027623
"YLR196W",42.9297163221457,0.48014649027747,0.325264469413805,0.0759793162287652,0.195894218449376
"YPL022W",94.1515085375252,-0.405214153700252,0.258963404776783,0.0760389096644523,0.195964970150037
"YKL150W",757.722465005785,-0.345227245236185,0.211539341765684,0.0760836471226232,0.195997391890274
"YHR133C",32.2473276470242,0.490997274155476,0.339357502794478,0.0762342998835098,0.196302517021543
"YGR061C",218.545278493589,0.452338499864561,0.300873731319321,0.0763079939949236,0.1964093004219
"YJL173C",37.3521887166896,0.502848342767342,0.351035481516809,0.0763515799335008,0.196438530896871
"YPR176C",34.8824378626073,-0.485394108208061,0.336023423315181,0.076407698811788,0.196499968041286
"YLR220W",114.712269033951,-0.408470684131705,0.262248662446861,0.0765134512244137,0.196688943573514
"YPL011C",36.4973923976369,0.478395117053597,0.325462869751216,0.0766332227289177,0.196913782686658
"YIL169C",21.2634141110638,0.581787380148162,0.474635955423154,0.0767032883911048,0.197010763903828
"YGL017W",19.7409715268771,-0.54028850118025,0.401332077460239,0.0770651829322936,0.197856903947906
"YNL311C",62.6276907621577,-0.440287167147607,0.290890187807353,0.0772797326600888,0.198324198131891
"YLR240W",61.6857498806253,-0.441742549706783,0.293719298580543,0.077437633862416,0.198645782151273
"YMR180C",42.8126905494049,-0.462746013107434,0.312490420750317,0.0775084903433333,0.198743899302741
"YCL048W",2.90944474334311,-0.555465464624115,0.803618204354802,0.0776473440578625,0.199016216161763
"YHR056C",44.3459914027938,-0.483049521737993,0.337590987461327,0.0780138437538614,0.199845334420394
"YLR332W",40.3678331914943,0.485876919044336,0.337777544202243,0.0780364062215814,0.199845334420394
"YBR131W",24.7919891944748,-0.530566693653544,0.389557675603917,0.0781498162009605,0.20005171345857
"YJL100W",46.8867735507504,-0.450892472341641,0.302425388905911,0.078251947433029,0.200229059447654
"YIL103W",45.8161520257986,0.462508586826756,0.312388974728792,0.0783227153176256,0.200326038548438
"YHR116W",17.0393089578516,0.571096271351289,0.448244879474027,0.0783868862600104,0.200405420252396
"YPL047W",20.5430515929961,-0.544615474216273,0.414973031799902,0.0784195122726769,0.200405420252396
"YBL045C",541.510327452747,0.329047920329176,0.20124510745018,0.0786030901225739,0.200415204994654
"YCL035C",203.023409298787,0.396736671781387,0.253281194999883,0.0787098023552319,0.200415204994654
"YDL005C",81.1149675722824,0.555047062145321,0.42686368888077,0.0784619166610855,0.200415204994654
"YGL032C",2.88525238568215,0.502486897745141,0.769777884681905,0.0787192782210341,0.200415204994654
"YGL244W",63.4730366512931,0.481154417718259,0.33092154584586,0.0785334578223143,0.200415204994654
"YGR076C",26.5353779821186,0.543404460473471,0.406972509885742,0.0786430234475354,0.200415204994654
"YLR276C",38.9185434351668,0.52119729138325,0.376666266504218,0.0787019556546281,0.200415204994654
"YNL153C",26.6811315665916,0.518805657789974,0.376936482623607,0.0786668494130823,0.200415204994654
"YOL056W",17.8270023468937,-0.548790796314435,0.418139379744278,0.0786612763022818,0.200415204994654
"snR69",60.1394177651215,0.512052904502227,0.372887204749036,0.0790818457102173,0.201168135487792
"YHR159W",28.6318633482134,-0.506050196285352,0.362352499108845,0.079180042171487,0.201168135487792
"YNL182C",22.8292389213555,0.541686587424851,0.410687328749799,0.0791258087046887,0.201168135487792
"YNL209W",174.87517521522,0.446664158715818,0.30018525445827,0.0791665051634308,0.201168135487792
"YOR239W",71.4305216045467,0.470285546091348,0.321070082353619,0.0791177021725931,0.201168135487792
"YHR206W",67.3832453840188,-0.452725041096507,0.306543315025059,0.0792619372723679,0.201289632923997
"YOL084W",45.9695051341276,-0.481084182020546,0.338754252443293,0.079293914462759,0.201289632923997
"YGR083C",76.0549296656432,0.489655983106293,0.342436870363952,0.079427990422611,0.20154604563939
"YER046W",24.3420815012828,0.527839999601619,0.38744963752328,0.0795564596440818,0.20178802394119
"YGL255W",29.5339878398732,-0.499457879048012,0.358500554324642,0.0796268493807211,0.201798605811017
"YPL203W",92.4756856265823,-0.445898950663991,0.301408952303948,0.079620495926092,0.201798605811017
"YDR254W",62.4704895619205,-0.433222839551754,0.28714152260643,0.0798490720717327,0.202277678419456
"YAL036C",28.2482068538506,0.520416615115144,0.385661211707974,0.0800278293170459,0.202478048853215
"YBL029C-A",73.8669315530882,-0.457174540258189,0.310535505046612,0.0800239519438899,0.202478048853215
"YGL144C",47.7953917237362,-0.464151494114111,0.319530768657896,0.0799835933607844,0.202478048853215
"YLR072W",38.4533891109703,-0.470643326809382,0.325349278725815,0.0801829273139665,0.202786282978683
"YBR155W",34.1341249094434,0.503376299400815,0.36070001636733,0.0806066895146748,0.203773443630005
"YIL104C",20.5065002059963,0.531728282469412,0.397778439743725,0.080675081795132,0.203861784221115
"YNL310C",39.7924443220667,0.470364497792595,0.325734453520775,0.0807131262899919,0.203873396078533
"YKL059C",34.8050669673791,-0.481085708603975,0.338949886391059,0.0810202199026132,0.204564308329092
"YDR045C",16.1794254974807,0.557719887895299,0.436797234223149,0.0810941374451035,0.204666156409071
"YNR027W",11.5606701226477,0.592476235603196,0.52228809274668,0.0812790777037768,0.205048004389288
"YGR065C",42.171784890751,0.490999856644768,0.350908853182709,0.0815115462775259,0.205549389557932
"YDR016C",9.01419256426249,0.607642733226101,0.572727487995649,0.0816313157024607,0.205766281723118
"YFR036W-A",40.4780640489663,0.474828277383458,0.330213838319409,0.0817356708400722,0.205944156167937
"YPR083W",73.9736819700859,0.407533035405222,0.26637050766081,0.0818958619104252,0.206262511712414
"YIL047C-A",8.8808457474433,-0.62126412494862,0.610748765957263,0.0819967518736007,0.206431310478974
"YIR015W",12.3850855815241,-0.581899331201372,0.493950556696024,0.0822167220793995,0.206899637107324
"YER006C-A",3.48167328364702,-0.565208059881349,0.76454613397765,0.0822717274726075,0.206952612028701
"YIL009W",62.228447889962,0.428881041122959,0.287590594110405,0.0828554878585187,0.208249154019658
"YLR116W",14.1991879940216,-0.562006859903655,0.455814039221173,0.0828480029791898,0.208249154019658
"YPR033C",112.016165591995,0.462746475356538,0.321681727368014,0.0828928571255869,0.208257198755339
"YDR496C",61.6776084632554,0.445058050643904,0.30189346835826,0.0833532912582129,0.209327692714795
"YNL329C",86.6596827897613,-0.399643121694859,0.262293051537912,0.0834040940206774,0.20936900867217
"YJL076W",73.3724853021249,-0.434963523118415,0.29336971188035,0.0835372466159442,0.209444474752851
"YMR189W",87.5200810897268,-0.40203472239758,0.264945014222398,0.0835310280515583,0.209444474752851
"YMR276W",23.7035401019093,0.528417659473527,0.406139925406267,0.0834920596964959,0.209444474752851
"YKL095W",37.8707203836917,-0.48871575499154,0.348903915542142,0.0836017476687644,0.209520004951118
"YNL305C",141.766217365408,0.382487368823628,0.247923274281718,0.0840296420474025,0.2105058233781
"YDR341C",149.741059182473,0.390919503461744,0.254941528944999,0.0841893092903048,0.210646075584732
"YJL077W-B",3.37102835880548,-0.569533641123237,0.758520256685347,0.0841405317746355,0.210646075584732
"YKL020C",176.687668182109,-0.360473921764411,0.230556929499788,0.0841670273026695,0.210646075584732
"YLR444C",8.76337834226354,0.599616603236685,0.560286513243181,0.0842627797568989,0.210743390487607
"YLR393W",12.0589582203983,0.579720188949291,0.499882477323922,0.0844523437235062,0.211130859308765
"YGL225W",139.703537420209,0.451908708239526,0.313186271567466,0.0846451562161513,0.211526128387635
"YIR039C",61.2990147331496,0.428006698528588,0.289674314950749,0.0847645091597644,0.211691844314657
"YOR390W",7.91328885758214,-0.603083309137865,0.579248973923821,0.0847809338756487,0.211691844314657
"YER021W",212.880555777674,0.357694450224717,0.228061747199564,0.0848649493116614,0.211728148200809
"YNL183C",195.072334763918,-0.379456222413592,0.246444428108957,0.0848603029173748,0.211728148200809
"YKL162C",31.0587504190969,-0.489908417374348,0.356538594843375,0.0849031515219826,0.211736787449462
"YNL259C",21.4591940317454,0.52720012990186,0.400538390378194,0.0849909472045878,0.211869048348451
"YML077W",13.4615891178579,0.575576982161941,0.488221012311038,0.0851952275706609,0.21229146036107
"YER145C-A",22.6234642704277,0.524235325450616,0.399233147043212,0.0853890733874652,0.21267206330291
"YGR247W",25.7152119996143,0.500006161068821,0.367891532596534,0.0854177540550492,0.21267206330291
"YEL053C",39.3621813837043,0.455286183579714,0.316056566079256,0.0855006598649585,0.212704702806907
"YNL166C",29.2080758785893,0.505665421782932,0.374539065831426,0.0854937826921325,0.212704702806907
"YDR162C",31.3370782560028,0.503099730281685,0.370724600913513,0.0860952996523691,0.214096634590449
"YLR267W",8.9767986015883,-0.591465605367553,0.544572818108427,0.0864634229020295,0.214903539185994
"YMR140W",58.5479127436166,-0.418126205920889,0.282067401403529,0.0864903005124271,0.214903539185994
"YDL031W",115.757735314719,0.43667254790675,0.298799700225793,0.086638998372639,0.215185287319167
"snR128",187.749386762507,0.504346031924093,0.378979619582976,0.0867957572844728,0.215486819001573
"YGR003W",61.3367549167183,-0.471736253683746,0.341308737579345,0.0869848237719416,0.215868282121329
"YMR261C",142.51376152232,-0.428102572940521,0.294470790077983,0.0871393820637108,0.216163831370907
"YLR340W",158.912606046632,0.377055220737444,0.246585153200676,0.0872906739208023,0.216451040499304
"YOR188W",46.3331857454727,-0.44497259521621,0.309205706126086,0.0873721866574866,0.216565058022522
"YBL086C",59.8023745531304,-0.435545155176479,0.299646394612665,0.0875548724400669,0.216915280137734
"YPL101W",32.9907951794333,-0.466638894714071,0.334812021843721,0.0875932355162743,0.216915280137734
"YPR148C",129.319065168538,0.447111333129854,0.31067085287313,0.0876202493353734,0.216915280137734
"YOL086W-A",41.6550812944574,0.467859495264669,0.336296147389227,0.08766497852207,0.216937898535126
"YMR220W",48.8365564951661,-0.459988430567427,0.330353009018437,0.0878724954297249,0.217363173556888
"YIL011W",6.96613182265095,-0.600210755915332,0.607194299381627,0.0880579997823675,0.217703564869131
"YOR281C",43.6612515725746,0.442291114966686,0.306600512392698,0.088081540765755,0.217703564869131
"YMR197C",41.1635851931905,0.47653806882715,0.342997605879657,0.0881944663543178,0.217894313915512
"YMR267W",17.6552619712951,0.530133249479759,0.417544386015953,0.0883842051049503,0.218274607015669
"YMR296C",40.1561512656682,0.451012566890767,0.317376735523551,0.0884569761483344,0.218365844319197
"YLR384C",175.660154523445,-0.371209336462585,0.243861984831749,0.0885663154135039,0.218547243904982
"YAL016C-A",20.3923896684996,-0.517035974819032,0.403297288715612,0.0886598429920649,0.21868949536084
"YLR432W",25.9899105998806,0.521792785375658,0.408329905352447,0.0887560653730168,0.218838276071415
"YBL067C",111.73230776367,-0.379391156851318,0.250272882191225,0.0889930215172242,0.219333791406179
"YBL054W",24.7549173274804,-0.500496357367369,0.37957169446797,0.0895336443672683,0.220487904007475
"YOL017W",17.5688525253,0.543985641376992,0.439616639383603,0.0895170699799456,0.220487904007475
"YMR029C",78.2714670599856,-0.396225063867701,0.265464876612072,0.0895706105188934,0.220489851014804
"YOR023C",61.0287759578418,-0.432561252830615,0.299506678453157,0.0897302674073099,0.220793693923114
"YMR024W",64.0889840549508,0.427743172234963,0.295422562185401,0.0898036444429029,0.220885073801248
"YHL023C",110.99705051574,-0.382504775856946,0.25499777585824,0.0899563824966422,0.221171501136359
"YLR097C",73.2600799117368,-0.402431553289264,0.272411849620149,0.0900236490509215,0.221247637486035
"YNL186W",159.61612808939,-0.392061750385898,0.262795496884712,0.09041395963944,0.22211732527303
"YDR461W",19.053101651001,0.525331152177831,0.41406781439851,0.0905369165294944,0.222240236104417
"YML018C",56.2034310151588,0.430942869032077,0.299899091886388,0.0905016402422666,0.222240236104417
"YGL167C",195.295324295064,0.405514445181695,0.275661715714454,0.0906870073237602,0.222430416099449
"YHR171W",45.8402259875583,-0.447792705315975,0.319503687623031,0.0907238743926548,0.222430416099449
"YPL272C",35.0633353027915,-0.484019411616921,0.361465965581801,0.0907010237756236,0.222430416099449
"YBR282W",38.272549422761,0.485718107851494,0.359536424669363,0.0909195537792895,0.222820538916272
"YCL051W",45.4509643974063,-0.4607488600779,0.33110711811915,0.09099369969339,0.222912620430551
"YDR320C",34.4716642649709,0.502990193650694,0.383561358045295,0.091096837459379,0.223075622464811
"YGL035C",56.8863399467185,-0.425462804830673,0.295853857795737,0.0915141230149254,0.224007461757418
"YBR259W",22.1468649005893,-0.509066585429892,0.392924125981693,0.0918650920970273,0.224655335066116
"YGL159W",23.7231130967008,-0.495580008021756,0.381295709734337,0.0918841622740862,0.224655335066116
"YNL083W",39.8528845864408,-0.450546555451373,0.323647879625407,0.0918893765906199,0.224655335066116
"YOR156C",20.8155562857502,-0.517783159377088,0.408089563533838,0.0919601333951991,0.224738176841916
"YKL013C",102.971854501948,0.390324631111665,0.263208211187487,0.0921104235943661,0.225015243209483
"YOR243C",55.671433769985,0.432358329430402,0.3027790725105,0.0922455963320619,0.22525517213298
"YFL028C",60.1875383442595,0.41329237599985,0.283875539148489,0.0923148085969906,0.225333904044316
"YCR087W",8.71831161068066,0.582334667350345,0.573096467033515,0.0925130971646834,0.225637185761803
"YDL135C",43.4691440931593,0.452330234927899,0.323797852287789,0.0924888564471348,0.225637185761803
"YDR288W",29.8713264647097,-0.473980190442798,0.34913872375366,0.0925548757684121,0.225648787123389
"YNR011C",32.6406873938817,-0.46725774425577,0.341302328767469,0.0925972141928732,0.225661743504823
"YBL024W",57.388370442174,0.422063307178368,0.293608531710714,0.0927502514834749,0.225944357630607
"YOR034C-A",9.64055800755698,-0.573478394070873,0.531933856703273,0.0928204079392827,0.226024924646396
"snR30",370.227720617146,0.478929870349535,0.357890063573735,0.0929729920787872,0.226125453599444
"YER063W",95.9795710116499,0.386207787804835,0.259995785394351,0.09292905629342,0.226125453599444
"YGL061C",18.2654191804623,0.535896649314658,0.436568197075226,0.09297275231949,0.226125453599444
"YCR097W",55.8214037328623,0.488785593779891,0.368174171064027,0.0930859397658269,0.226219618370301
"YMR214W",34.5498504073531,0.460137025979793,0.335329334044681,0.0930705667695962,0.226219618370301
"snR32",306.119343192228,0.470001718150127,0.347343464690473,0.0931362123706197,0.226251580071314
"YDR443C",75.5762570131492,-0.405214536160064,0.278765258390117,0.093279648797147,0.226509744788291
"YDL148C",44.7838529011684,0.540468411814387,0.451095846168217,0.0933431886468303,0.226573769335894
"YDR263C",22.0749143908884,-0.50123960716427,0.389885287005402,0.0934242318288632,0.226590009151182
"YKR088C",53.500196259579,-0.466391606610083,0.34806881598229,0.0934065217030351,0.226590009151182
"YIL027C",37.9473330819767,0.461294936603338,0.335063554300636,0.0935404839112229,0.226781722131624
"YJR046W",30.8032788463344,0.491351477563028,0.373171047980699,0.0940189736642628,0.227851150888144
"YGR029W",41.7859674546182,0.442006963886536,0.31464248555632,0.0940659438994581,0.227874375225436
"YDL094C",6.72164611027099,0.578322226192751,0.654284578733462,0.0941935326565448,0.228092801566007
"YER116C",41.191088760832,-0.437589385783644,0.312545494375333,0.0944823170741471,0.228701240098065
"YLL005C",66.6787722233509,-0.430409457971574,0.303731294825553,0.0945645016733475,0.228809304366436
"YDL091C",57.8304005713665,-0.424811309291249,0.298398621695977,0.0946805484724914,0.228963122201924
"YOR064C",58.0848361960951,0.465224968702222,0.341645996188057,0.0947032044415178,0.228963122201924
"YPL127C",54.7861739384253,0.423952938984394,0.299571156933979,0.0949789138187298,0.229538651754623
"YKR015C",34.847893212606,0.514789220320055,0.410841436348915,0.0952267608913426,0.229955272437691
"YML066C",25.9164879874334,-0.479273362442806,0.364988047354042,0.0952203047478931,0.229955272437691
"YDL176W",32.8939637389854,-0.456411827311846,0.333918502466303,0.0953456275891352,0.230151128774566
"YBR143C",133.866879469939,0.371295362048684,0.249487568888509,0.0954247567754568,0.230250947168016
"YGL168W",38.8732312709957,0.465081147473716,0.344201065504023,0.095701444187041,0.230735879082284
"YGR032W",1789.65371050138,-0.409099083067817,0.286665718049373,0.0956711991693994,0.230735879082284
"YNR057C",6.46634114190523,0.564683153554762,0.645859813702309,0.0958061433069064,0.230896972501224
"YKL198C",20.2387992763715,-0.544136548925652,0.505421807227502,0.095922781578783,0.230995398547089
"YLR414C",43.1471369460389,0.437413254420526,0.313739057914475,0.0959145308168054,0.230995398547089
"YOR280C",32.0102116464971,0.477011236139207,0.360022533642697,0.096030772712343,0.23116412309705
"YGR044C",31.5082437010181,-0.476757104917352,0.367044568111905,0.0961890320059663,0.231453671565876
"YBR097W",87.0392970125756,-0.388499062860913,0.266616986160639,0.0963596748948527,0.231772777618045
"YKL193C",77.8649032038354,-0.438291737493066,0.315074230043201,0.0965199907063806,0.23206680211258
"YDL007W",264.58219157994,0.355384081061774,0.236612616216157,0.096649186994776,0.232285802339574
"YKL134C",58.7302601699264,0.421791991966982,0.298841153531289,0.0967185983404209,0.232360999954618
"YBL011W",58.7461806360267,-0.440481268591423,0.319621730103361,0.0968582182574512,0.232509261536823
"YMR055C",14.5498656904909,-0.527824306022716,0.448642352248629,0.096821921277269,0.232509261536823
"YPR137W",36.8737974758341,0.449308984042465,0.327646756707707,0.0968947537823674,0.232509261536823
"YCR075C",14.8815014420768,-0.527498780446483,0.441120951748775,0.0969482377520042,0.23254604844489
"YBR211C",18.4565398232356,0.51359120505882,0.416208629322561,0.0970691378812121,0.23256991985074
"YDL139C",22.8415216088991,-0.506943112326079,0.402797283830699,0.0971108196915724,0.23256991985074
"YEL058W",104.449064021173,-0.40656308608259,0.286057359418736,0.0970734776206061,0.23256991985074
"YOR371C",52.2917461886575,-0.416581075602485,0.295254653752407,0.0970804784452483,0.23256991985074
"YKR051W",35.986264128057,-0.455475902995909,0.336112833297285,0.0971823754412916,0.232649873650696
"YDR325W",31.9019459775156,0.456172860418863,0.337865131411318,0.097436145969019,0.233165806706388
"YBL076C",249.568304060921,0.410727135800859,0.288473874699548,0.0974781979811463,0.233174888812828
"YDR232W",183.225499192806,0.36088363328505,0.242915539522663,0.0978842851095569,0.23381417227724
"YDR359C",62.6849818872668,-0.434299792367581,0.312731562955187,0.0978293850924452,0.23381417227724
"YKR026C",16.5674704129264,0.524202747456418,0.44184580411246,0.0979108177443794,0.23381417227724
"YLR203C",111.721331656773,0.368938509362834,0.250096874365654,0.0978235387446009,0.23381417227724
"YPR125W",53.014695641702,0.415232399196099,0.292991214567321,0.0979372570670705,0.23381417227724
"YLR345W",110.43123910665,-0.359726568549441,0.24260493761556,0.0980273877428923,0.233927110293042
"YPR149W",499.665978294792,-0.387431327796757,0.267400254030138,0.0980613235108651,0.233927110293042
"YKL172W",72.2758325779306,0.494724820995275,0.388194812089032,0.0983239100525379,0.234461749518865
"YIL130W",100.643037987481,-0.386384546561367,0.266222684712783,0.0986278647677679,0.235094577927081
"YBR179C",111.236381439491,-0.40454946570121,0.283653266003134,0.0988171296791103,0.235269689607101
"YDR118W",24.7302181917107,-0.497653990272813,0.403164317257209,0.0988153508348496,0.235269689607101
"YJL069C",32.3148730327909,0.45134011632538,0.333288662584864,0.0988005457480907,0.235269689607101
"YDL174C",168.509233739642,-0.365409765535194,0.249272782597245,0.0993035796245211,0.236335539949807
"YDR287W",16.8880117745079,-0.526345099324093,0.4473264214315,0.0999585829345142,0.23765612762948
"YKL155C",63.2161612039506,0.439381907778352,0.320873751560738,0.0999754407287918,0.23765612762948
"YOR066W",52.0712626202289,-0.42630376490825,0.307568044598453,0.0999521245643661,0.23765612762948
"YHR103W",83.6526398048373,-0.375569325556923,0.258428437841605,0.100208509552521,0.238117296578018
"YLR369W",35.6954654767473,-0.443399340366828,0.328049955995753,0.100459659041846,0.238621052946239
"YER173W",30.4285774043006,-0.465134177497982,0.353958382361857,0.100544982640919,0.23863772164969
"YMR106C",23.3920590252961,-0.479364361955234,0.375521080971649,0.100517141793791,0.23863772164969
"YDR463W",85.6260527069943,-0.428561490809308,0.310720078047291,0.100874373812455,0.239047165002687
"YJR032W",29.4556711192248,0.466865331364602,0.355103728938913,0.100863639994196,0.239047165002687
"YLR285W",41.4903618159291,0.438349551043165,0.320822074116223,0.100830488593134,0.239047165002687
"YNR015W",13.4859022963682,0.531393427781814,0.467175372427085,0.100763459597681,0.239047165002687
"YDR283C",165.760244140197,-0.34431540139442,0.232288291598102,0.100990061650957,0.239228303833106
"YGL104C",22.6673596273241,-0.48927689058791,0.393010418217209,0.101163105605852,0.239545116032505
"YLR382C",65.5000189513918,-0.407642683266226,0.289352955799006,0.10132924177566,0.239845331503941
"YNL278W",37.2527691586493,-0.446590054075387,0.336226864896736,0.101382774538958,0.239878886185928
"YBL098W",43.2811582196579,0.430130987980363,0.314524900891898,0.101464333746731,0.239978701663301
"YNL273W",70.010631356805,0.384949442927456,0.268349408649879,0.101640892218932,0.240303040370207
"YKL175W",156.303076524406,-0.384161154246485,0.269846589950933,0.101722540305648,0.240402824025949
"YOR002W",115.399056200618,-0.390819100309697,0.27592211476863,0.101855580440518,0.240623939063936
"YKL065W-A",7.86687938392328,-0.551597355515809,0.571062794205867,0.102033147031715,0.24095003144452
"YML083C",10.2812018322996,-0.547613373392436,0.523894902958721,0.102185348289075,0.241215994508874
"YIL121W",77.3139417081059,-0.397319909715789,0.282833709277985,0.102241392941138,0.241254854810777
"YBL003C",147.57547569492,0.357108040682357,0.243569476311568,0.102696272073278,0.24180695833097
"YDR255C",73.3686608573517,-0.380584819929439,0.265408471156392,0.102671156295279,0.24180695833097
"YFL013C",49.1237632314888,-0.414036422723765,0.298420382936816,0.102753079914227,0.24180695833097
"YGR050C",10.6333597832955,-0.545292821792899,0.517471519398775,0.102724371834349,0.24180695833097
"YMR285C",64.1594269957458,0.398484875316532,0.282629869790421,0.102682349853443,0.24180695833097
"YOR079C",18.8077022351778,0.513977699267049,0.441761695765154,0.102633480453881,0.24180695833097
"YPL173W",43.9774480953914,0.442617834033022,0.327830057828143,0.102579386331904,0.24180695833097
"YMR243C",154.703077090085,0.422058364009506,0.308148289263898,0.102868378398608,0.241984857714981
"YPL188W",35.8823579313644,0.442531973623979,0.330808932874281,0.103092364476434,0.242418195016924
"YMR226C",298.394673336903,-0.347153903764506,0.236756624323302,0.10319107311922,0.242556726055398
"YFR048W",40.0395645227152,-0.431625072635754,0.320853833479196,0.103322275385894,0.242771499027381
"YEL009C",1715.4590251242,0.317163172296413,0.211210230413797,0.103589700774524,0.243306060200664
"YDR030C",79.5360009005939,-0.409153953409615,0.294132315519151,0.103705182431108,0.243483469536826
"YLR101C",35.994180761173,-0.456480141343101,0.353930086967826,0.103837236687954,0.24369963712479
"YIL108W",114.97367821308,-0.363923356382281,0.252572609116839,0.103974786110986,0.24383467539302
"YLR379W",28.0951682439459,0.465102849469985,0.362642511124525,0.103965743213676,0.24383467539302
"YCR023C",71.945692107733,-0.422983301034999,0.31313309378412,0.104017122859939,0.243840139935125
"YOR169C",18.6835731689892,-0.496110937715224,0.412545147252721,0.104304121981913,0.244392602946179
"YPL268W",65.9016755653251,-0.392540223504687,0.278295397176237,0.104332986524357,0.244392602946179
"YER140W",48.7606871307091,-0.405787851973656,0.293126474032572,0.104882847422347,0.24558622936581
"YOR090C",56.8391129239162,-0.419350236967346,0.309044874569328,0.104949706263826,0.245648410014601
"YKL222C",53.3587067365415,-0.421599163861569,0.310507952558819,0.105049743763178,0.245788172067782
"YIR031C",140.629563287887,-0.3691395964965,0.258803339501053,0.105471778022427,0.2465863011303
"YNL263C",42.7020732338769,0.452775859491928,0.349780577237849,0.10543253805615,0.2465863011303
"YNL124W",33.8976666063202,-0.444922097991206,0.336114314885431,0.1055835348905,0.246752931425459
"YBL014C",45.0413884590715,-0.428894284444205,0.320834612995817,0.105767149889258,0.247087304934851
"YMR316C-A",12.5904841938696,-0.52308888887992,0.47143144596317,0.105904193393749,0.247217946662159
"YOR342C",20.0230570588804,0.511707052381592,0.435782691112243,0.105903067102605,0.247217946662159
"YER179W",3.83229825221044,-0.475827059138511,0.707784325377198,0.106033518767604,0.247425075378463
"YLR204W",79.7176992840668,0.400427476844642,0.28778807397017,0.106085306818161,0.247451184484
"YDL119C",15.8692170750675,-0.517738576202886,0.450020543398539,0.106312995435786,0.247859950693213
"YNL244C",196.908759894817,0.334234111905224,0.227248335806473,0.10634188204475,0.247859950693213
"YDL107W",19.9650277207986,0.488291718771853,0.396334868115855,0.106427270264448,0.247964148418123
"YBR058C",64.9956826190496,-0.391186462290798,0.281325916249241,0.106631268279622,0.248160060210649
"YOR112W",26.5770280488783,-0.464602672460929,0.365298635947744,0.106633502492484,0.248160060210649
"YPR183W",47.4443372698335,0.406344548369498,0.294451903626907,0.106570038500719,0.248160060210649
"YJL195C",5.59353360310872,0.544283725390221,0.628676504736311,0.106921746454999,0.248735894901992
"YDR268W",17.4202372318513,0.508716708132523,0.437362689787551,0.107411857893357,0.249769451524254
"YKR003W",35.9380516306301,0.434511763187103,0.327032932202395,0.107447990467037,0.249769451524254
"YDR414C",27.3461488971326,0.467667834011038,0.373480615886856,0.108072451821472,0.250934353686101
"YGR048W",51.7233899628092,0.400916749697713,0.290967524258403,0.108072629766369,0.250934353686101
"YGR051C",4.68559003790397,-0.523747010348907,0.660917839348395,0.108041315488054,0.250934353686101
"snR68",43.689455569974,-0.501760480012752,0.447541826591824,0.108172905023243,0.251071536982738
"YPR085C",29.1727878117482,-0.467531688745057,0.370676019510769,0.108302806881049,0.251277353612482
"YJL025W",15.1978552240059,-0.507889500397614,0.452530782388075,0.108552443668902,0.251668291991558
"YNL122C",21.7357208306621,0.486201968865564,0.399456567914825,0.10855388673434,0.251668291991558
"YGR095C",35.4788787860821,0.452546630835062,0.350363791119092,0.108949285115101,0.252340268979196
"YNL172W",78.8883848686028,-0.399921363220731,0.293160143256965,0.108922376355878,0.252340268979196
"YPL182C",10.5357820286819,-0.528746363956338,0.513863259843318,0.108967938958695,0.252340268979196
"YPL179W",336.79276727933,-0.366781298453318,0.260270298974016,0.109014090726944,0.252351265849117
"YER186C",71.5264887178068,-0.379343956074077,0.271864296559537,0.109115556813822,0.252404067286205
"YNL010W",106.975155439605,0.388206097807141,0.279711742409544,0.109119723921107,0.252404067286205
"YGL257C",42.49620583817,-0.422672528722334,0.319706973281215,0.109361355631277,0.25286181950365
"YLR359W",177.725598239898,0.398220638597687,0.29057134385373,0.109400593606419,0.25286181950365
"YOR184W",101.590218492564,0.381636553759709,0.27331100255147,0.109494587618028,0.252983135531418
"YBR271W",22.8033314353501,0.465936116498835,0.372660069919027,0.109598859285123,0.253032214902586
"YHR147C",39.8400732827008,0.424328664006179,0.317336248068914,0.109590164918971,0.253032214902586
"YAL063C",6.21601421718602,-0.538395467570883,0.60202137729537,0.109700948336706,0.253172010644537
"YJR118C",44.008514274331,0.413082358136799,0.306727703944928,0.110447540786292,0.254798546969133
"YKL141W",797.403524791217,0.318948046496017,0.217990637512251,0.11082061297425,0.2555624805441
"YIL064W",18.5609087279743,0.482000264694079,0.401341848129984,0.111504734840442,0.257008821547616
"YMR075C-A",14.0343443151959,0.537090816455667,0.537196054076737,0.111532130105569,0.257008821547616
"YGL228W",148.79981353322,-0.33196701117487,0.230604681776767,0.111980182008974,0.25774894612715
"YOR116C",157.716571451938,-0.401226975686654,0.298938206159777,0.111961620611587,0.25774894612715
"YOR338W",87.0594390188141,-0.363739406390879,0.259674666690771,0.111944429189797,0.25774894612715
"YJR149W",70.7070749082076,0.38380546243283,0.278457754968921,0.112128503672523,0.257992914263507
"YPL168W",41.5127181157135,-0.433945082902301,0.333259122355923,0.112345314265348,0.258394222810299
"YFL029C",23.8828571314927,-0.467133019260659,0.381988872861821,0.112792462200984,0.259324804645415
"YLR284C",28.4258727500885,-0.452045010284531,0.360120120110589,0.112868979492823,0.259402877077209
"YIL075C",343.45919719442,0.367306696164199,0.262801407363614,0.112935546427735,0.259458030711288
"YJL008C",114.026380350033,0.397859479111327,0.294810320490535,0.113063199721288,0.259653429653824
"YOR149C",31.8010784203086,-0.456238835795236,0.371713087485794,0.113107547711083,0.259657440037308
"YNR049C",16.8483713677487,0.517979679895266,0.47902876965489,0.113177427454142,0.259720037775976
"YGL245W",188.849825430159,-0.338932757569945,0.238264742696459,0.113287125649286,0.259873929556792
"YGR036C",16.1497186283185,-0.493326757605546,0.43345029977634,0.113336567060105,0.259889532065966
"YBR145W",76.0898217658565,-0.388488115152096,0.286161231775488,0.113440864812794,0.260030865375698
"YJL108C",18.7567673544579,-0.483748589056022,0.417134342209295,0.113875081166257,0.260829996132408
"YLL020C",3.87505442873876,-0.505002548339434,0.679365085116308,0.113844122275103,0.260829996132408
"YBR226C",15.3564743622449,-0.495683916953847,0.440345604101357,0.114080303060933,0.261046830750399
"YPL108W",7.48286033661268,0.533153853205666,0.563724207543608,0.114098237427246,0.261046830750399
"YPR155C",49.5879501905691,0.427678644115891,0.330903907553408,0.114041553863912,0.261046830750399
"YHR203C",65.6850825581721,0.445408234880049,0.354986518384551,0.114253864437325,0.261206790602211
"YMR125W",120.895929263764,0.377685887236993,0.274087123808907,0.114235834869455,0.261206790602211
"YPL086C",51.0478658922484,0.427340631665793,0.330907914546069,0.114384464539042,0.261407315847566
"YNL213C",69.0435219496552,0.450405695343751,0.35804583099723,0.114506616385572,0.261538576755185
"YNR036C",158.174546164297,0.358149252922109,0.256248341569028,0.114527721305921,0.261538576755185
"YLR438C-A",28.4086487720041,0.522777191376617,0.511091446607801,0.11471636009986,0.261871241501366
"YDR239C",34.6422301513968,-0.424349575898724,0.328029744147591,0.115011225012666,0.262245358200834
"YDR308C",12.5364102909898,0.519036494345362,0.48759139810379,0.115052352391965,0.262245358200834
"YLR251W",25.5986133217408,-0.457298974675311,0.374523230117956,0.11493802618423,0.262245358200834
"YNL252C",37.1494457941394,0.422950000069557,0.323744223110303,0.115017179750244,0.262245358200834
"YDR058C",38.3780884330565,-0.425544677017335,0.328204142583289,0.115687136260223,0.262754703879987
"YDR267C",26.5591115182202,0.453637753124541,0.366872158127446,0.115467177804122,0.262754703879987
"YDR398W",65.2674024076524,0.372955960683078,0.271287880212302,0.11557697890685,0.262754703879987
"YDR532C",32.8037120024877,0.508772495795955,0.468243437180952,0.115682213591308,0.262754703879987
"YFR033C",1135.5772107624,0.455086111454252,0.36996679451555,0.115693650564037,0.262754703879987
"YJL140W",109.142599666734,0.397988305593621,0.296428547021854,0.115706911437881,0.262754703879987
"YJR061W",188.358675394694,-0.327384368835819,0.229568562916247,0.115368732978013,0.262754703879987
"YJR075W",83.0962550929617,-0.359517333217603,0.258999679771046,0.115439249229132,0.262754703879987
"YNL007C",309.351258238484,0.425795509768534,0.328744990398771,0.115577401841954,0.262754703879987
"YPL124W",4.61282889828347,0.512422447758595,0.657594988001812,0.115604905551314,0.262754703879987
"YDR371W",23.6022688853019,-0.47626908932809,0.402947327164864,0.116188957916341,0.263751098137839
"YLL048C",283.058583709793,-0.324227216556039,0.227530973421843,0.116369584627759,0.264062776733504
"YNR048W",19.0565578578581,-0.484946699596148,0.425362996259982,0.11673659651837,0.264797006244684
"YDL057W",16.8825844888359,-0.479121475924991,0.412953030103186,0.117440712321804,0.266277532934984
"YGL199C",21.6119663433576,0.492519696114749,0.445491473954425,0.117554762044831,0.266277532934984
"YGR037C",132.812982860106,0.33577319274529,0.237851015190365,0.117554422495624,0.266277532934984
"YHR110W",54.2478985678362,-0.395829050633923,0.298267030420558,0.117564042842993,0.266277532934984
"YER175C",29.520283966317,-0.439211311613467,0.353584492556181,0.117757023331739,0.26661554873958
"YER030W",71.0010728789378,0.47089582374591,0.668529808970112,0.117806150448407,0.266627733747881
"YBR132C",56.9797554399689,-0.385270011436405,0.288404008691872,0.118054306598328,0.267090199969119
"YDL058W",183.77687829454,0.476643116812535,0.410008724596442,0.11828959386261,0.267523218772768
"YOR361C",69.0285908738761,0.372585602150653,0.273483005616017,0.118431835759521,0.267745563410342
"YMR266W",122.027937556803,0.332762899700661,0.235880978431725,0.118511934905804,0.267827305617676
"YKL183W",25.6365644434069,-0.46515070056617,0.389159534479834,0.118713615511158,0.26818364957024
"YIL112W",187.759156315056,-0.409602540540822,0.315313040045304,0.118964968725756,0.268651902328078
"YGL220W",43.9640091110919,0.435129920809999,0.349921705214263,0.119243769068146,0.269181767581611
"YMR047C",70.7720447914627,-0.377048718989488,0.279602631798977,0.119416377051114,0.269471609821007
"YOR027W",209.210680235458,0.340206751843905,0.243153949751676,0.119557052648687,0.269689206474369
"YAL008W",61.9957277470173,-0.38874466941682,0.293891292719694,0.119810018790302,0.270059935106099
"YDR421W",75.4900728898202,0.362824553399869,0.264901355561124,0.119790933083535,0.270059935106099
"YMR063W",12.0451021588536,-0.508647618029493,0.518986012251392,0.119882990960636,0.270124521221839
"YBR267W",34.1586708748473,0.43238774343866,0.345851569262051,0.119943578793304,0.270161165094304
"YDR244W",82.260959554773,-0.360202424186786,0.263222699726182,0.12008076478076,0.270370248001009
"YLR091W",11.5630359421252,-0.507177943106378,0.488064467470459,0.120247717240023,0.27064617303469
"YDL202W",20.6093693670155,0.487140161739003,0.431403778020707,0.120395907570947,0.270799727476665
"YIL035C",51.0042292154396,0.421524698179209,0.329120896217588,0.120418964933865,0.270799727476665
"YMR128W",57.464052729478,0.426337403725902,0.335665922499765,0.120449230711934,0.270799727476665
"YGL042C",19.638781289925,0.479053585057213,0.418435343276705,0.121213201878965,0.272316426631881
"YLL018C",161.900590826232,0.329182269265194,0.234998178093404,0.121173825210437,0.272316426631881
"YML043C",14.7961815435215,0.507072028449255,0.484833895393036,0.121435048080696,0.272650565573005
"YPR113W",120.631989996248,-0.358756247650516,0.264703601005059,0.121451400415211,0.272650565573005
"YNL062C",15.0284197699153,0.487614971309204,0.449675214672765,0.121790779842606,0.273311783188765
"YBR247C",19.1777255381276,0.474550480563895,0.418595515387898,0.121961689358703,0.273556065688317
"YGL137W",142.806157628966,0.355325799509644,0.260828524201517,0.122034280985485,0.273556065688317
"YPL093W",91.8926919517676,0.386990748724904,0.29361159799017,0.122014913903766,0.273556065688317
"YNL132W",48.1358706310623,0.409918453221981,0.317672800129342,0.122331677313004,0.274121901920132
"YMR182W-A",6.35663404150484,-0.514142823152886,0.585819056986539,0.122385114359011,0.274140857044532
"YMR313C",71.2269394048154,-0.360947930206826,0.26753420743016,0.122643543923296,0.274618809776814
"YDR490C",59.3413612726874,-0.393822771072811,0.303833795424139,0.12294833595557,0.275000597557765
"YGR021W",43.6632897425916,0.422557524448636,0.334773565699774,0.122929084873164,0.275000597557765
"YIR016W",31.0976358309127,-0.424276742253463,0.341537618535829,0.122949405799001,0.275000597557765
"YLR254C",47.8007776486276,-0.446705134700276,0.368974001867017,0.123104382415138,0.275145291829947
"YPR175W",17.4311863826224,0.472307046642041,0.416647417858863,0.123073021945241,0.275145291829947
"YDL088C",76.5389922469464,-0.382244957951982,0.288595079358753,0.123429156632015,0.27577005486515
"YCR035C",47.2805911584989,-0.39085226984656,0.299859518868498,0.123758674915258,0.276303708281501
"YOL134C",21.4838510564349,0.455899401805411,0.386655983538142,0.12373302480559,0.276303708281501
"snR33",127.268201211599,0.457203665873787,0.392517577815688,0.123946385180573,0.276621463813839
"YCR084C",41.6612208655833,-0.416437600757772,0.335029859332236,0.124367604774514,0.277358416063177
"YDR346C",161.195808137073,0.323247255037808,0.231880623020541,0.124348456006115,0.277358416063177
"YDR312W",22.4330929930184,0.448810688491465,0.374969145477068,0.124577399647793,0.277724671124104
"YIL147C",88.2646489013962,-0.349796097382618,0.257571338837995,0.124651903764893,0.277789160309697
"YAL003W",259.382245434122,0.313860168218036,0.223712217634047,0.124899608493776,0.27823944216724
"YDL066W",293.84140682798,0.325757502743642,0.235008980847282,0.125151271139304,0.278596419866346
"YGR102C",42.1510569736582,-0.455508501691165,0.387253070644544,0.125110868399394,0.278596419866346
"YBL001C",98.4343996349519,0.353408832853669,0.260549947266542,0.125277398171721,0.278775371251054
"YER086W",74.652248191849,0.397323771221176,0.309406719256888,0.125618303353589,0.279431955817565
"YBL056W",135.844484302255,-0.352397008380858,0.261909196947578,0.12583696114899,0.279714178775746
"YOL149W",31.9653397520651,0.46554440701424,0.405768782042239,0.125821801063691,0.279714178775746
"YDR399W",154.033183332966,0.332138147052151,0.240926889657305,0.126006467671113,0.279988851788346
"YAL037C-A",9.50668801156049,-0.50921059784361,0.536521557097099,0.126275130270324,0.280101032224927
"YHL029C",88.1575068818335,-0.373543198109798,0.283700382290202,0.126156590973418,0.280101032224927
"YHR165C",215.762299983934,-0.332485344158591,0.243111278131578,0.126179403123563,0.280101032224927
"YJL058C",12.8610185067917,-0.486086621438494,0.457887501909602,0.126286732822658,0.280101032224927
"YOL052C",31.1361463196885,0.435412921547124,0.359370976011436,0.126252661747317,0.280101032224927
"YDL198C",116.867954990785,0.356631285035726,0.266105654096327,0.126505501936372,0.280454607332834
"YIL046W",116.674476594025,-0.404377431117793,0.322253500138022,0.126581376828951,0.280454607332834
"YNL144W-A",9.11581691218816,-0.505462105720401,0.521522275336431,0.126584187821596,0.280454607332834
"YGR184C",367.515562124148,-0.342209959298428,0.253603826791352,0.126650961793468,0.280500585803483
"YIR012W",43.362407445226,0.41845100769118,0.338284488070634,0.126929393712258,0.281015130648824
"YBL103C",39.7935446514496,0.403289471132344,0.31691968152608,0.127226351438959,0.281322426139248
"YDR111C",19.0250927614162,-0.452878286655981,0.391979263923014,0.127298974781304,0.281322426139248
"YGL190C",84.6991251653054,-0.362748428809343,0.272428325521691,0.127178326794845,0.281322426139248
"YIL115C",132.63689165834,-0.334016831479587,0.244347837481001,0.127117227650914,0.281322426139248
"YOR250C",18.0900619454547,0.466600219532306,0.417836545345909,0.127295478276808,0.281322426139248
"YIR023C-A",13.9448010016059,-0.504178157342093,0.526702333284716,0.127537248248796,0.281644756549424
"YOL016C",113.39296245996,0.34484075036208,0.254796614622161,0.127536862905242,0.281644756549424
"YOR101W",12.719563520114,0.485442297644757,0.455433413715787,0.127814444759808,0.28215466889208
"YCR067C",41.1738300519121,-0.396474960001027,0.31269561886144,0.127894607852037,0.282229411606867
"YGL145W",28.7193772029982,-0.434636057255551,0.359496752140921,0.127957345024351,0.282265659762367
"Q0020",61584.9439286182,0.4511618231136,0.38631821545493,0.128099225605075,0.282374242337408
"YOR134W",12.1886606360349,0.489619358694082,0.474171468588899,0.128093750287571,0.282374242337408
"YIL139C",14.936089041853,-0.479498400768189,0.442472729131136,0.12843344412245,0.283008619640757
"YNL051W",22.4512136870395,0.463459170970553,0.406012507116656,0.128569180212122,0.283103017844251
"YNL165W",31.3963793792412,-0.414909149870838,0.33600722820586,0.128526784755993,0.283103017844251
"YOR035C",91.9745874349563,-0.378341953142521,0.293247622333871,0.128634074021511,0.283143619054211
"YGL183C",11.6518164734823,0.499968611453991,0.513608247625265,0.128714710516827,0.283166617625862
"YNR061C",39.0498749034098,0.42393236988794,0.350916249986661,0.128737440105211,0.283166617625862
"YHR001W",87.1093149598486,-0.35663896915306,0.269347851515732,0.128834211254847,0.283277243000826
"YBR142W",45.0926581876534,0.392175168213246,0.306628906149953,0.129193371254951,0.28396451417199
"YGL155W",16.876786824775,-0.464444918258292,0.415250900043914,0.129409583303195,0.284030036093977
"YIL049W",13.0553022491988,0.488008554161583,0.464799377488717,0.129387925689077,0.284030036093977
"YJL171C",312.702264213888,0.416214634900465,0.338197509471004,0.129326921879192,0.284030036093977
"YPL263C",58.7220086357311,0.38008832715136,0.292395218359166,0.129340502383413,0.284030036093977
"YJR147W",6.40276242727807,-0.49036865436099,0.587963759590041,0.129559313015592,0.284256304114483
"YOL142W",42.5026368167714,0.392323668845172,0.307802807221052,0.130136623718267,0.285317525742028
"YOR333C",4.22792844887008,-0.479462890647075,0.640358377709954,0.130102147141076,0.285317525742028
"YBR195C",24.3618595721097,-0.428972766665944,0.359045637521599,0.130441122401565,0.285882287320221
"YLR356W",55.9376103612834,-0.377357313084433,0.294032353312988,0.130729872247406,0.286412139233624
"YNL267W",84.010226191057,-0.347730534856175,0.261151897140296,0.130900300194984,0.286682475633642
"YJL014W",158.76530876423,0.367839880155161,0.282113309120719,0.13119271130737,0.287116544135877
"YPR089W",67.367560529022,-0.381799298533718,0.296707396364967,0.131174605017352,0.287116544135877
"YDR158W",172.707262814327,0.359750392722026,0.273962730144462,0.131261095667753,0.287128237329329
"YGL207W",132.712542132293,0.329500665256899,0.243153106653619,0.131292271933854,0.287128237329329
"YHR192W",24.5758837291999,0.443759236194899,0.379427040355353,0.131831103936107,0.2879966231149
"YNL159C",43.6712955074003,-0.386228272493049,0.30524071411871,0.1318203656124,0.2879966231149
"YOR154W",67.8914600662145,-0.368843686320818,0.285592122228541,0.131808207084392,0.2879966231149
"YBL023C",31.9892802087695,0.431342282210257,0.366271177969808,0.132100480494952,0.288171950113361
"YDR374W-A",17.4739134110945,-0.460644776089764,0.415431259325699,0.132058079577868,0.288171950113361
"YKL061W",17.1335647849037,0.472888696609378,0.43665427552293,0.132042678900881,0.288171950113361
"YKR074W",40.3049279728185,0.396228775971342,0.315536904248475,0.132014092115205,0.288171950113361
"YMR245W",35.6801148347421,0.411206518745958,0.3339602518322,0.132149637715382,0.288176043604742
"YCR083W",66.4567305587588,-0.379895954360298,0.297783170011864,0.132286956015178,0.288269215914377
"YKL044W",14.2533414894138,-0.479996781405264,0.469281000704908,0.132286938776712,0.288269215914377
"YIR001C",43.4923452968181,0.414261868951366,0.337663189758566,0.132783715280769,0.289248300441846
"YGR251W",25.4903579614539,0.434684648487287,0.367119540344487,0.132877723470219,0.289293859701464
"YNL297C",125.438644567731,-0.334633640021448,0.250892678049362,0.132899558189352,0.289293859701464
"YDL095W",143.191670895569,0.323121613260895,0.238914742706542,0.133054013199666,0.28948447331431
"YJR058C",36.7522483593756,-0.406131804091392,0.33258295503625,0.133082115541706,0.28948447331431
"YER133W-A",11.7160301485947,-0.485743117182535,0.477699158688565,0.133521646303836,0.290336936932529
"YLR387C",103.195254435913,0.328843453259643,0.244758436100577,0.133652757124554,0.29039532872892
"YOR075W",43.8068798551945,0.445213580990282,0.38606053317956,0.133657528750376,0.29039532872892
"YPL091W",408.790428319624,0.323956317686183,0.239995107885129,0.13369143435822,0.29039532872892
"YDR042C",15.5879042416294,-0.465944760298386,0.428895950873785,0.133868946590082,0.290531254133157
"YKL205W",50.4574101316046,0.375419419830725,0.293577103018983,0.13385503975651,0.290531254133157
"YNL315C",93.2570811579755,-0.344722670956495,0.261037036711206,0.133897012774412,0.290531254133157
"YEL023C",26.6996321364995,-0.438290355799042,0.378643342078765,0.134032841659446,0.290722480396557
"YDL027C",124.078765285887,0.350167262104214,0.265406410179956,0.134119486244394,0.290806925883877
"YOR323C",72.8194434536849,0.384923508114279,0.305658676915645,0.134279078005703,0.291049424055747
"YOR340C",11.2860645586641,0.491095673972647,0.502405354456691,0.134431064025212,0.291275270257258
"YDR136C",3.65214475576821,0.442803418788705,0.654968474010119,0.134485011688199,0.291288609182507
"YHR020W",140.113666601441,0.362608444354285,0.280463119934658,0.134619589842912,0.291476518682967
"YGL109W",21.0581652250873,0.459995075884049,0.417399680389549,0.134940300833697,0.292001632708856
"YOR366W",3.33320768281249,-0.442672446665844,0.659174809849311,0.134957932623601,0.292001632708856
"YOR302W",75.4141346064709,-0.34474421365746,0.262252457554166,0.135034358242841,0.292063312097273
"YPL038W",12.7999626088889,0.482904511905202,0.481465251799961,0.135284347906125,0.292500213014484
"YOR137C",72.3108850032352,-0.380127956834325,0.303628699860956,0.135339946213078,0.292516656797415
"YJR067C",13.6484802350161,0.468590627962741,0.444050569555322,0.135441426367984,0.292600435167153
"YMR089C",219.799005496496,0.362205623877367,0.279640706599733,0.135474721581904,0.292600435167153
"YBL091C-A",23.8350303882008,-0.42860116510245,0.367763310468402,0.135829312346635,0.292847420853464
"YJR040W",29.2662517794769,0.415738115112984,0.34681438116073,0.135775222975653,0.292847420853464
"YLR342W-A",8.63222700231331,-0.489757222453654,0.519046226901111,0.135828287517541,0.292847420853464
"YOR378W",14.5003332324752,-0.461671470431496,0.432319465047412,0.135641313673334,0.292847420853464
"YPR131C",19.2568524868442,0.441223575585111,0.386220821348425,0.135788437451787,0.292847420853464
"YMR309C",100.4782278353,0.367359787077886,0.286446388838531,0.135938957959798,0.292980179902747
"YLR082C",22.5280407396458,-0.435054204187152,0.377727943356358,0.136152004699157,0.293335619880297
"YBR012C",19.3475439405778,-0.457813906192971,0.420910584700798,0.136663137645392,0.293917369071511
"YBR266C",15.7851411093125,0.464258196716639,0.437161071471443,0.136611474339757,0.293917369071511
"YDR203W",10.4022777114745,-0.489824423471779,0.524124844263642,0.13661538933704,0.293917369071511
"YDR516C",288.063462588383,-0.305152136271409,0.225425867548567,0.136585259005826,0.293917369071511
"YHL030W-A",37.3271383931869,0.417231092719638,0.351635870021891,0.136517861852949,0.293917369071511
"YKL220C",12.1674617390333,0.481116362211236,0.531621485715196,0.136724348556016,0.293945292574575
"YAL040C",42.5208398874462,-0.385174676140766,0.310300541550986,0.136941626622368,0.29430860869652
"snR56",4.99386056024988,0.470757400157297,0.617826510024874,0.137154415123364,0.294662023326368
"YBR028C",48.2299610348525,0.373448430133648,0.295039614521825,0.137279625118365,0.294680857782182
"YBR176W",34.2108096749218,0.398043615455915,0.324921903235836,0.137308225775455,0.294680857782182
"YDR054C",98.4391319167865,0.376072125029188,0.296458946146984,0.137237424538413,0.294680857782182
"YKL068W-A",23.8464728094828,0.431395400281256,0.375097685543556,0.137527979517811,0.295048586821914
"YLR006C",61.8391255088626,-0.356709870756643,0.277753851371199,0.13766164766147,0.295231436487213
"YJL098W",76.0498915310031,-0.364560878450659,0.285355134667772,0.137929647561691,0.295702146285088
"YOL154W",10.5523643304379,-0.477529296956063,0.501063396799384,0.138241368621094,0.296266224242464
"YGL142C",55.5436177260024,-0.36855614049228,0.292616194134533,0.138356345283251,0.296310695807209
"YPL249C",71.9381551909042,-0.357214268026839,0.277964897551152,0.138359350330979,0.296310695807209
"YDL014W",30.7797523936064,0.417233057744603,0.357122492267374,0.138902986181963,0.297370460407118
"YGL240W",9.35557717786975,-0.472685437371885,0.526706647345661,0.13913999426631,0.297773267223721
"snR189",382.951034856869,-0.4348660776948,0.390459797320286,0.139737671448704,0.298947387672815
"YDL195W",150.151648711426,-0.33987200854017,0.262853392881427,0.14013909305099,0.299595851331386
"YKR012C",7.95535433295744,0.478671868206764,0.575351362339265,0.140094478411748,0.299595851331386
"YLR149C-A",4.13155483238708,0.447991907868004,0.632832392447639,0.140319286432413,0.299682172431736
"YLR180W",28.612867999486,0.40731927290853,0.341915944682252,0.140288138133633,0.299682172431736
"YLR221C",31.0573494282185,0.445723303924903,0.401421138342744,0.140326976229725,0.299682172431736
"YDR120C",59.1611130101352,0.375019599590077,0.299044204536058,0.140511086946838,0.299920419639503
"YLR398C",97.7806504464012,-0.330505303587454,0.252692523905959,0.140536951351997,0.299920419639503
"YLR252W",16.168596906919,-0.462251046550271,0.443615921031329,0.140681350562072,0.300123497261403
"YGL094C",103.589941628575,-0.339410563608558,0.261371235406921,0.140784411927453,0.30023827526166
"YCR048W",13.7286863129243,-0.464841623306335,0.492995870985737,0.141236862868391,0.300712143983693
"YER039C-A",15.2465651166401,-0.450730690760363,0.427267738215768,0.141253300775277,0.300712143983693
"YLR187W",42.4202351154096,-0.40278163472489,0.336167750328222,0.141247875323194,0.300712143983693
"YLR413W",17.530265226057,-0.451163731101485,0.424075089269087,0.141160939083546,0.300712143983693
"YNR040W",13.9681067996077,0.460279196275875,0.440469112580729,0.141218789745644,0.300712143983693
"YGR042W",38.4252302698972,0.408206372957409,0.34314317955165,0.141592633091407,0.301268582683962
"YNL089C",20.9280455785179,0.430168590849164,0.380492777760167,0.141613533944143,0.301268582683962
"YJR129C",13.3021262583601,-0.461726098774994,0.463775635551565,0.141942341070504,0.301862724642261
"YLR242C",13.345186425891,-0.461990443814434,0.447324216959951,0.14217466709223,0.302251341446509
"YOR040W",56.2937819574111,-0.35835138455636,0.28477225131296,0.14243171486004,0.302692225269158
"YJL026W",294.070234536623,-0.334054418351504,0.258861321186417,0.142487437661144,0.302705100224702
"YDL164C",23.9213324189655,0.419403047959459,0.36262192761135,0.142668159248545,0.302983425303094
"YOR185C",76.4054841502046,-0.339223571773159,0.263625919203378,0.142740544916721,0.303031564356466
"YBR213W",5.91450916351573,0.461375389945161,0.604936154537833,0.142917440452089,0.303301462240766
"YHR030C",58.2470585282037,0.364935151945569,0.292467100061425,0.143098263760336,0.303450527428684
"YNL014W",43.9142941408328,-0.37713237488403,0.308493476196282,0.143186828036898,0.303450527428684
"YNL090W",24.6256749588586,0.423810777736863,0.369785096227544,0.143052568448647,0.303450527428684
"YOL018C",40.7427262425669,0.394651499743999,0.32774186420915,0.143169031781239,0.303450527428684
"YML010W",77.6735285411983,-0.371714711370938,0.303178333281274,0.143501907101157,0.304012556058934
"YDR330W",43.6706765724923,-0.378576545307756,0.308106951870152,0.143913797239196,0.304779219657019
"YAL013W",24.9162670498396,0.423384981196967,0.374829880488452,0.144175923616983,0.305031174668902
"YER004W",97.6804994118198,0.377050170431464,0.308204439951283,0.144168688495429,0.305031174668902
"YNR063W",22.6054094123654,-0.42970009863762,0.394134669744648,0.144232952484951,0.305031174668902
"YPR120C",15.6716738981011,0.455790914526771,0.433265790147023,0.144205535729365,0.305031174668902
"YBL057C",34.803445578702,0.407583369900765,0.35209536093445,0.14453563614798,0.30556528002842
"YOR362C",149.666413052361,0.305330703872103,0.230561278609157,0.14470508014066,0.30571142580843
"YOR365C",19.1804160625347,-0.431581395521173,0.388241493971893,0.144667040890328,0.30571142580843
"YOL094C",16.727759338702,0.448514310556306,0.424491588958115,0.145176656987786,0.306601429085433
"YJR050W",41.8008923274254,0.393065896820448,0.32714564820904,0.145283641412041,0.306721092624313
"YDL213C",54.6608601278882,0.432352017950414,0.389568008372346,0.145458679260646,0.306874665250271
"YNL309W",12.8550317368139,0.459870421346575,0.460743105206318,0.145507429462393,0.306874665250271
"YPR105C",41.6060387798972,0.372570308489084,0.302178306238458,0.145465744113721,0.306874665250271
"YAL010C",16.1150372872685,0.450749402166119,0.427053140433473,0.145815476020204,0.30719834586261
"YKL128C",25.2789454570553,0.413379408880258,0.361841159537039,0.145862512375126,0.30719834586261
"YML053C",14.7741463580852,-0.471052676771585,0.487610684980588,0.145749601914332,0.30719834586261
"YOR131C",22.5830208714624,0.436618991612856,0.396797825212408,0.145809855641265,0.30719834586261
"YDL078C",209.795016584155,-0.303297819621122,0.230948299229501,0.146392305329749,0.308173419509282
"YPL096W",52.3373390936418,-0.359356651483908,0.28939763152195,0.146426615734024,0.308173419509282
"YGR020C",86.877601665934,0.331557599459024,0.258279880624104,0.146648413315296,0.308320827580796
"YOR324C",44.7358501048783,-0.37108183911744,0.304219875973113,0.146644057553444,0.308320827580796
"YPL215W",59.2787275722828,0.370376967402611,0.302505951823495,0.146564133795265,0.308320827580796
"YDR306C",96.8033765002553,-0.345511527494851,0.273637681338879,0.147106267249039,0.309176792718239
"YBR120C",36.6638864454872,0.436993263558206,0.401561682850289,0.147195934227051,0.309258607071313
"YCR073W-A",15.9866173408692,-0.443248805236329,0.430961042420539,0.147787277702228,0.310364853704953
"YML076C",81.2806737048666,-0.342504508500999,0.272352697188093,0.147875231363279,0.310364853704953
"YNR070W",25.6000601591302,-0.405536352075733,0.353710497185926,0.147842739868944,0.310364853704953
"YGL256W",26.9476387141663,-0.407480792092069,0.357540658838641,0.148444627015668,0.311452668385712
"YFR027W",9.04666977431276,0.469667075270969,0.508379158669329,0.148547233934807,0.311560698841241
"YIL105C",81.0534281041914,-0.347799277631685,0.277619830948979,0.14875796961698,0.311895364573613
"YHL038C",46.0444896651409,0.367437340294725,0.299590369234884,0.148883033203583,0.312050236374085
"YDL236W",103.546790036057,-0.343556983918588,0.274695425359062,0.148991307153466,0.312169823685244
"YHR036W",32.9645993354909,-0.404920485066964,0.353314646051863,0.149217270890225,0.31253583026664
"YJL170C",9.16927091299966,-0.460154308447447,0.514558226271626,0.149584199763613,0.313027393258565
"YLR255C",3.39362897952832,-0.420684445453979,0.633881407047212,0.149564692745762,0.313027393258565
"YLR349W",20.6666276698942,0.423618993762696,0.386090554058091,0.149657395234694,0.313027393258565
"YNL212W",161.161414194623,0.308467236832593,0.237349671187744,0.149637502727656,0.313027393258565
"YIL009C-A",16.1069303956927,0.439716323583366,0.421229240341576,0.150057853745247,0.313757330558244
"YHR207C",33.8742846363272,-0.387379328717882,0.328425096247269,0.150122959410221,0.313785815365328
"YOR277C",56.2244260271043,0.377844403765841,0.314048995381749,0.150351881396825,0.31415657083087
"YCR081C-A",4.50484372400132,-0.448998326756462,0.60935095046373,0.1504103477122,0.314171031290561
"YMR238W",68.2940371098931,0.401645674244491,0.352185047392019,0.150585984265891,0.31433435778507
"YPR025C",58.9512226603968,0.394434068191087,0.336587825025495,0.150591685764135,0.31433435778507
"YBR163W",51.4216585612555,-0.353785570979039,0.287109776432834,0.150699554702005,0.314451826740404
"YJL004C",36.0846087330604,0.386707561033531,0.328308626890049,0.15092910001206,0.314823020045691
"YLR190W",40.484090870828,0.375609836210984,0.313686407175617,0.151758867072151,0.316422709819775
"YNR037C",21.0485883359726,0.430371484311093,0.399708096031029,0.151829389280318,0.316422709819775
"YPR049C",105.568456416533,-0.33352665998063,0.265355538461763,0.151851751636233,0.316422709819775
"YPL141C",25.0768724761869,0.423996079948871,0.386859699737814,0.151945198112285,0.316509221631708
"YJL092W",35.6578814050841,0.400112712636616,0.348637992558296,0.152058153974431,0.316591134753356
"YOR271C",39.1401779934736,0.396077732540061,0.343512447588837,0.152088407310554,0.316591134753356
"YML072C",415.340000894803,-0.293257917955831,0.224907549552815,0.152166361594716,0.316645262519561
"YPL236C",39.8877848503742,-0.368147296317658,0.306166423478643,0.152473794979993,0.317176716861112
"YPL176C",60.6412234026158,-0.346863017533506,0.282411214904467,0.152907528933997,0.317862001655086
"YPR177C",4.00169835718794,-0.436283761426117,0.621704721501347,0.152891871971005,0.317862001655086
"YPR128C",51.7821843256806,-0.373201806656674,0.31592763442954,0.153022400495772,0.317992339250506
"YDL089W",27.9689336225797,-0.403588946896873,0.356941746693559,0.153368970782216,0.318495358404637
"YOR164C",48.54748482368,0.405529803205905,0.363160534211939,0.153347331825235,0.318495358404637
"YDR013W",13.639378635528,0.445417132442268,0.43784564070959,0.153456233258717,0.31854483422502
"YIL084C",26.9220292347876,-0.398724938122864,0.353564845751151,0.153497322086773,0.31854483422502
"YHR113W",225.853395733366,-0.326377447641286,0.260103460376136,0.15357927886315,0.318606434537407
"YHR151C",43.8898856574455,-0.390985568808203,0.343720145982214,0.153761888275822,0.318876729854078
"YDR274C",5.22937530066474,-0.441067891772236,0.597017593644021,0.153869701146742,0.318883314685274
"YOR061W",68.0609825138021,0.348824511147375,0.282432591067552,0.153865246467023,0.318883314685274
"YLR084C",31.9845542292866,0.408472792348658,0.368979983981182,0.154149596709219,0.319354789919338
"YFL051C",4.45114169314316,0.426417694850502,0.619289144505937,0.154223804777009,0.319380913869329
"YPR088C",92.9167656909119,-0.326411298675649,0.259686675893164,0.154267007453864,0.319380913869329
"YHL006C",6.43607580142867,0.456430569546664,0.559199309460671,0.15439148348763,0.319530082124653
"YFL050C",84.2274247987498,-0.328462336750443,0.262545895070276,0.154482590106975,0.319610110896813
"YGR064W",18.8826383224764,0.424838731185296,0.400629112669817,0.154618944160603,0.319783666324695
"YPL140C",54.8832557758128,-0.352736867124617,0.289644427033897,0.155180713065948,0.320836650657039
"YKL118W",3.8793519107372,0.424433702754477,0.623501537856105,0.155298617103967,0.320971539928342
"YJL024C",14.3839725951539,0.439000587488088,0.428395394937018,0.155588524171999,0.321243921012309
"YJR102C",20.4215598654572,0.416152264357384,0.379980022329278,0.155540689236201,0.321243921012309
"YLR434C",2.5763856654519,0.37985048672365,0.638632431275819,0.155526248791189,0.321243921012309
"YGR173W",18.6172400074341,0.428695791680461,0.409932220505321,0.155984325767822,0.321952070963386
"YBR177C",117.821412979825,-0.324896050502389,0.260800174852439,0.156198996427017,0.322286013277816
"YNL110C",43.3026389519585,0.414287129183788,0.378129026099012,0.156352054065329,0.322492646202429
"YGR024C",54.6261518141886,-0.344320550503444,0.281937598272024,0.156549721792082,0.322681959527473
"YIR005W",10.4941307754446,-0.453066019673499,0.485844845884574,0.156547902749585,0.322681959527473
"YBR080C",106.060748638922,-0.356864268012207,0.298778753136195,0.156783804265031,0.322976916912197
"YDR181C",32.7158709441531,0.4023813502058,0.35736863751395,0.156798801828251,0.322976916912197
"YBR175W",20.2042901260283,0.413048947798719,0.379000032089138,0.157380939143601,0.323903986088717
"YDR441C",46.7576352052488,0.407430067358197,0.373894347964547,0.157350561206952,0.323903986088717
"YNL279W",10.7913793554521,0.450491800963028,0.485073450726642,0.157408303001604,0.323903986088717
"YDL204W",193.63723278788,-0.320929159479774,0.256385067584454,0.157534366775326,0.324053987679923
"YAR007C",73.1974637469454,0.353836450001868,0.294103571277781,0.157669914799037,0.324114040708308
"YMR269W",14.6573612421795,0.4537873649451,0.493524824357656,0.157634251020256,0.324114040708308
"YDR207C",38.0928647407984,-0.423110174002825,0.399951757424086,0.157993381338069,0.324341414366969
"YFR010W",176.430484049976,0.324587714693603,0.259597324618402,0.157837743610752,0.324341414366969
"YLR074C",31.6071022627314,0.398054325180612,0.353548448059723,0.157959123127909,0.324341414366969
"YNL181W",73.3005577026793,0.324974766475157,0.260545592269296,0.157957706055061,0.324341414366969
"YGR261C",64.8369082521878,0.337239228273287,0.275032174096999,0.158221430289668,0.324700207951355
"YBR265W",35.6777195575964,-0.396308917457708,0.357854620573037,0.158419337578974,0.324887571515426
"YPR037C",30.53252686191,-0.379924785625192,0.330980937890562,0.158379134599404,0.324887571515426
"YDR156W",6.96761945302571,0.44681285560887,0.563147140010284,0.158553403495638,0.325053143056144
"YDR224C",247.618160123688,0.308813859101515,0.243816751739327,0.158645137414063,0.325131846852292
"YER002W",101.641264099393,0.418967314896768,0.608310029621961,0.159196740222312,0.325861036227992
"YGR091W",12.5349048469051,-0.439572223293096,0.450809028014967,0.159209695735386,0.325861036227992
"YOL096C",53.7806506609551,-0.347838250113253,0.28987967695323,0.159214793418697,0.325861036227992
"YPR052C",28.0319674311112,0.408176195712753,0.377515126026776,0.159212234531937,0.325861036227992
"YKL011C",10.570395023723,-0.445106046246092,0.47986115529736,0.15941579046116,0.3260534372016
"YNL097C",46.7604892061614,0.352154547318637,0.292844868739311,0.159404731960372,0.3260534372016
"YPL099C",19.1335807676399,0.412329486249022,0.384203415516653,0.159734533483797,0.32659576705258
"YFR005C",26.7370782942951,-0.398195035225289,0.361341543530264,0.16013127268619,0.32720529067259
"YGR007W",49.2221691609082,-0.358129737438623,0.303144101313859,0.160140013466175,0.32720529067259
"YDL228C",28.7168230453522,0.392082757575837,0.350446782336363,0.160199799734506,0.327217754484523
"YEL052W",97.0629921417894,0.349163029033079,0.291208012984417,0.160343144061693,0.327400825144396
"YHR016C",60.2214165907326,-0.372761003500416,0.325543089987781,0.160469564997378,0.327521889108927
"YLL047W",3.73728369488931,0.391087386698126,0.624174600805785,0.160509906934924,0.327521889108927
"YIR009W",7.94451222589264,0.451537163920483,0.522802627372788,0.160742748825946,0.327887233632578
"YER144C",31.7654212746406,0.391140561251607,0.35198665343406,0.160936576768585,0.32813615648977
"YLL038C",29.47268828626,-0.401467860859796,0.371895193808412,0.160972454127057,0.32813615648977
"YPL161C",20.7722408549421,0.410138464261784,0.380130130426357,0.161220918544306,0.328532764469257
"YKR081C",41.7135954075431,0.380177224259537,0.331054445962729,0.16133159171011,0.328648412925508
"YGR268C",18.5857498910583,0.428102807468152,0.429176901570627,0.161420508094669,0.32871967819479
"YDR022C",24.6420291541366,-0.397817503446386,0.363839284844978,0.16154921598745,0.328871900949736
"YAL044C",75.0701393036569,0.333819067329784,0.273827613898774,0.1617476252199,0.329165868352352
"YDR439W",13.8793450653139,-0.432688734418475,0.437919106311734,0.161978280582416,0.329525240370435
"YDL099W",66.5435118555481,0.430961946127731,0.431440330366166,0.162145790658497,0.329739094033925
"YIL158W",14.856893837602,0.425249806880676,0.416426445255789,0.16219160031398,0.329739094033925
"YGR196C",78.3333485965386,-0.334479178299646,0.275413897842338,0.162318305872503,0.329886653648852
"YPR081C",38.8482929967239,-0.361939073597944,0.310717665157418,0.162947900779687,0.331055818417397
"YKL058W",42.8306688845413,0.356713635177458,0.303793830308973,0.163149876816546,0.331355714494118
"YDL222C",22.8431735223239,-0.416234144329118,0.410464605467549,0.163207416888345,0.331362160537796
"YDR353W",98.9777972920519,0.310369007495467,0.24976410270834,0.163325343013843,0.331380814137609
"YGL045W",77.1320578839455,0.324179589177162,0.26419827722712,0.163298984716676,0.331380814137609
"YKR055W",26.6073811675824,-0.391725555098206,0.356904260307154,0.163395547681873,0.331412932818973
"YOR057W",61.0704408701997,-0.34301781691772,0.286474315911833,0.163520099145301,0.331444963182777
"YOR171C",111.673876816366,-0.318537879591155,0.25959982865898,0.163519246293214,0.331444963182777
"YDR347W",68.4007638449217,0.330665802043018,0.271820095020352,0.163706996595006,0.331713478805372
"YIL085C",68.961205297873,-0.329885928957558,0.272895824014356,0.163854553059071,0.331902127249929
"YOR049C",58.354437339855,-0.355726783166483,0.306259655128591,0.163985882645334,0.33205779226688
"YDL013W",45.9971268592807,-0.350574123758854,0.29825759832557,0.164357086036217,0.332478074806088
"YDR318W",35.2343328338224,0.368789014473221,0.319612046223195,0.164349880306483,0.332478074806088
"YMR022W",72.4165402193478,0.331011632581611,0.273348950781075,0.164249485775932,0.332478074806088
"YGL106W",55.2102392119522,0.366862133625921,0.31719413690044,0.164894644913253,0.333454831037252
"YBR254C",27.640381003705,0.388095780835641,0.352434551163547,0.165203139628495,0.333952494740477
"YDL173W",44.3911630749727,0.388571940227993,0.349900216990897,0.165407281414766,0.333952494740477
"YDR437W",3.54611296695828,-0.39465419129228,0.612758294988599,0.165393865473227,0.333952494740477
"YGR002C",38.3638293477014,-0.36469714894413,0.316237540949542,0.165447338664742,0.333952494740477
"YGR030C",23.9238658935532,-0.413967952728032,0.397523556263635,0.165466615532672,0.333952494740477
"YGR047C",75.6322332550607,-0.333601640180515,0.276828436938716,0.165469488780351,0.333952494740477
"YOR091W",32.5515164129066,-0.375629350085754,0.335327254500128,0.166180372754756,0.335167068574944
"YOR132W",44.8586502383715,-0.349860058579111,0.298121445745454,0.166181276658487,0.335167068574944
"YOL100W",138.419714381944,-0.3617895390886,0.313581199475234,0.166305597855079,0.335306853763383
"YNL295W",36.3831577314945,-0.368907525076146,0.322907201399539,0.166487790600741,0.335563189058041
"YGR039W",3.50158458605408,0.400797995894219,0.612739789373601,0.166712941263691,0.335853827484581
"YML080W",16.6729543770354,0.41308223900487,0.3997974073156,0.166742195564946,0.335853827484581
"YBL050W",154.13784638165,-0.28603570912426,0.227886565028429,0.167076022212666,0.336192920233145
"YGR280C",82.7955165461561,0.376732903415129,0.619198741712183,0.167044815840975,0.336192920233145
"YIL004C",18.6000304462994,0.419208772541939,0.410667173667484,0.167030399590094,0.336192920233145
"YNL249C",26.5932066647669,0.384966517312107,0.348151146091615,0.167166342164031,0.33626364867649
"YGR240C-A",4.21255731304446,0.420960404526255,0.596304784434157,0.167856463920354,0.337537915166223
"YJR119C",44.6210552772612,-0.356547160281969,0.311341350702273,0.167952063653456,0.337537915166223
"YKL181W",126.748641375403,-0.345659287101301,0.297018150829415,0.167965955159829,0.337537915166223
"YOR212W",27.6388844320925,0.38246211009549,0.347771085055497,0.16810106546314,0.337698086353936
"snR9",1053.82000995471,-0.396408710065337,0.37549771761119,0.168185211775291,0.337755804207709
"YPL208W",35.0638096739733,0.396681847837855,0.37525713355618,0.168646582553676,0.338570790732758
"Q0120",80.8558869923293,0.407613416685203,0.391112577785258,0.168943474392349,0.339055145347833
"YER074W-A",40.4831579872624,0.355760883060074,0.307702003644804,0.16913987382782,0.339225906870865
"YOR283W",70.4851389041084,-0.338381287192575,0.288749687891609,0.169134652699393,0.339225906870865
"YDL026W",21.9864466060647,0.401447347164105,0.383919787563355,0.169362749506474,0.339561170474329
"YDR479C",50.7196813006675,-0.34513445072007,0.297862849242501,0.170284634008509,0.34123028549784
"YLR459W",35.5785718770508,-0.374559171288859,0.33922397104486,0.170307223705402,0.34123028549784
"YPL081W",76.8525290385679,0.320309870641338,0.265553568960807,0.170555815346838,0.341616067873473
"YOR033C",64.9384255709778,-0.326447554882166,0.27452371428905,0.17094424491568,0.342281594205344
"YEL018C-A",10.5545595689172,0.436433002912792,0.491387692739455,0.171160112791161,0.34260127667065
"YBL018C",29.4161559350941,0.378200650705552,0.343246744205367,0.171868644908538,0.343906562940755
"YKL165C-A",3.55423972566807,-0.381604164967272,0.608707848792764,0.172007739981596,0.344071931469586
"YDR523C",16.477036381046,-0.407624636477238,0.404409808746126,0.172798638354209,0.345540584241765
"YKL186C",43.8633667372559,0.371372485794284,0.335754661160659,0.173085229751748,0.34600015589928
"YER051W",47.5989908455914,-0.339026979355654,0.293538400618704,0.173816090238944,0.34734723606766
"YDR160W",44.5686796444916,0.34433974965314,0.297811298417854,0.17407374395542,0.347748105345227
"YDR381W",187.284552723245,0.281300411865326,0.227419469551647,0.174270170139358,0.348026437417887
"YJR087W",16.9493816436782,0.413293941051763,0.417245733693094,0.174798538810931,0.348861495962395
"YNL190W",106.717465695932,-0.327039546735458,0.280412839575296,0.174860027918805,0.348861495962395
"YPL175W",34.1155143890134,0.364560316929103,0.329246579366016,0.174814017965112,0.348861495962395
"YCR086W",9.68292791570356,0.431059416833763,0.487139100379442,0.175040201507614,0.349106684616789
"YHR122W",36.7875456516754,0.37410710367021,0.344799690228884,0.175329252972382,0.34956879190928
"YDR130C",22.0564099046009,-0.389779196393172,0.370984426071249,0.175683957880595,0.35016145300269
"YOL004W",132.539468954751,-0.285271946812585,0.233212444634247,0.175765377647983,0.350209211103123
"YAL041W",44.9165982781291,-0.344778494397228,0.302171488209407,0.175987296540799,0.350379973683106
"YBR194W",9.14221745721617,0.427611650885125,0.493405873632472,0.176023540511513,0.350379973683106
"YNR020C",38.6970755346303,0.364708258306878,0.327823062532977,0.176003174738342,0.350379973683106
"YLR036C",8.4009358783968,0.430064954013138,0.540006604394332,0.176166678894611,0.350550410663615
"YBR283C",123.457844878911,0.306176602838972,0.255537231526445,0.17631546678974,0.350731974570321
"YGR169C-A",54.376329946271,0.414617454046606,0.42523847590565,0.176471919287967,0.350814203542125
"YNL316C",14.2229680838757,0.413988408756791,0.424089631262716,0.176436932811511,0.350814203542125
"YNL116W",36.1882024930114,-0.360435191234293,0.327577372919384,0.176554972743141,0.350864870841032
"YGR164W",2.62030141047723,0.350309027284972,0.615989585130159,0.176852092739778,0.351340777460543
"RPR1",249.555842455736,0.386482087941362,0.369239149805937,0.177710259393574,0.352700759037393
"YGR182C",173.741051329853,0.347347830733348,0.305592179018097,0.177668979721758,0.352700759037393
"YMR171C",69.9747408652417,-0.325032138113014,0.278741077781718,0.177675357994693,0.352700759037393
"YNL179C",13.9054576302408,-0.416433235549041,0.437076145546226,0.178095516344564,0.353350316445351
"YDR357C",30.3994942882483,0.38956765135268,0.370921374482026,0.178317232640325,0.353675083938424
"YLR275W",14.9215182486319,0.409918473267888,0.418209543816163,0.178506643485849,0.35383263823583
"YPL029W",53.6970386023044,-0.328978670642757,0.285013816283781,0.178512774827757,0.35383263823583
"YKL189W",28.4453947898897,-0.370578622817814,0.344284141078242,0.178595011922319,0.353880558409146
"YGR169C",7.04705744755127,-0.42521779098399,0.531864279607448,0.178691787839714,0.353957246305836
"YDL190C",96.0191083709162,-0.31554882247053,0.269876213867079,0.179206250278374,0.35428546722241
"YJL088W",16.8061747969743,0.411676433576554,0.442394978823205,0.179148933434273,0.35428546722241
"YKR017C",26.1921415613441,-0.3768390745501,0.35705898792264,0.179187575597158,0.35428546722241
"YMR152W",102.505182809125,-0.297457753614342,0.248682421711587,0.178982727748668,0.35428546722241
"YMR192W",28.1986715524122,-0.392363401637882,0.38114175481833,0.179015326117763,0.35428546722241
"YNL192W",141.550479516375,0.318281793134952,0.272106178487627,0.179199806161211,0.35428546722241
"YHR041C",18.5282209990972,0.397036955034972,0.397512908950495,0.179414470792727,0.354442356095786
"YNL038W",27.8405951172273,0.374645374718262,0.349508502135056,0.179460067417817,0.354442356095786
"YNL100W",121.257393567521,0.297988403121516,0.247801147028903,0.17940283964459,0.354442356095786
"YPL248C",39.810812026726,-0.361213938250966,0.334209007000571,0.179906364608661,0.355168465505789
"YPR051W",28.1360084135236,0.367621456104541,0.337774759255906,0.17994425290925,0.355168465505789
"YNL133C",43.6301080880001,0.3951793005778,0.387764733288271,0.180057371936731,0.355276685644019
"YDR260C",25.155534229492,0.386000264910236,0.372403696515962,0.180246622063779,0.355441271464888
"YDR415C",26.7017731682957,0.369534710238256,0.343132658343312,0.180257419212136,0.355441271464888
"YFR047C",68.7573014125726,-0.324813840780503,0.28298467448995,0.180742025752919,0.356065785604293
"YJR060W",24.8640994006053,-0.373411867446711,0.353894016126953,0.180640735184803,0.356065785604293
"YMR235C",49.7725443512117,0.340805969131808,0.300154281491464,0.180749391412581,0.356065785604293
"YLR417W",40.0518555839864,-0.342248938321194,0.304913036508279,0.18090818010425,0.356263443533248
"YKL083W",47.2544878467731,0.363668470164084,0.606720051150251,0.181231437459482,0.356669554832271
"YPR030W",90.2974250532875,0.322097631732257,0.278554698514754,0.181218119460928,0.356669554832271
"YBR251W",41.6886131337845,0.351174753267914,0.314551986681632,0.181376479072872,0.356740604371087
"YNL188W",20.6432831993314,0.412389957486713,0.431363971896081,0.181384599334864,0.356740604371087
"YER079W",70.32108431284,-0.36314907946708,0.334950626228673,0.181579764062262,0.357009245793382
"YCR004C",65.4636763178759,0.315202067082406,0.270473000981227,0.18191537388795,0.357098211650591
"YCR020C",34.1686305428025,0.355753158583359,0.322016458967287,0.181892010992893,0.357098211650591
"YGR010W",19.0895243464207,-0.392443462539955,0.389600701607275,0.181917956878603,0.357098211650591
"YLR331C",12.7725760593362,0.415320166481704,0.451480899247244,0.181700409058427,0.357098211650591
"YPL145C",122.610991083383,-0.301520643400787,0.255183507070258,0.181865159557446,0.357098211650591
"YGR022C",11.5492690836753,-0.411119908930453,0.458167188776571,0.182483577217461,0.358093175512049
"YIR008C",24.7843703483134,0.379051835887005,0.364003798981746,0.182613144388995,0.358194943665897
"YJL199C",8.28137608991998,-0.422275174496158,0.502640995715054,0.18265297537549,0.358194943665897
"YDR284C",125.038257299331,-0.284962615920876,0.23823514691189,0.182908342828097,0.358580363312077
"YBR022W",35.5877778353785,0.356434597088385,0.325911975036202,0.183885450094723,0.359917090021623
"YEL007W",70.9188925939166,0.355569358876839,0.325244769166747,0.18369117129424,0.359917090021623
"YHL012W",12.5883540424253,-0.412563308914597,0.452293172749352,0.183835514573638,0.359917090021623
"YMR035W",34.7248470525423,0.368298448827691,0.348151871955759,0.183815699531181,0.359917090021623
"YOR219C",94.0876937194081,-0.298473603703989,0.253446157541206,0.183880975528216,0.359917090021623
"YGR137W",9.70486593629845,0.419235431854977,0.489437819463463,0.184365652445363,0.360642763953227
"YLR400W",4.21627510734436,0.395458232994015,0.584435959703363,0.184404803466258,0.360642763953227
"YNL265C",49.1750090436026,0.339058594416089,0.30165583989728,0.184492885644981,0.360642763953227
"YOR229W",40.7211767854899,-0.340469141012062,0.30493221241818,0.184460860307308,0.360642763953227
"YNL214W",26.0242454337201,-0.373563298902142,0.358806130795932,0.185019705862788,0.361556623031002
"YDR101C",40.4056421886234,0.361230716123323,0.334897094489513,0.18524524029696,0.361881326798068
"YNL118C",123.945285052031,-0.329283688425598,0.290694071870395,0.185307466053489,0.361886897018909
"YGR165W",66.1061088302786,0.318035097869391,0.277087408129486,0.1858045232935,0.362741373950635
"YGR158C",20.2093317596494,0.394496561818802,0.402495343969486,0.186233154380755,0.363461759830516
"YOL014W",4.57932550749029,-0.387069818424343,0.58452947888754,0.186607859664388,0.364076473961091
"YDR063W",37.8997847956119,0.349196543255743,0.317873635413963,0.186880980683634,0.364376064384757
"YFR020W",33.9710528348489,-0.353503290437864,0.327879593291467,0.186832442700898,0.364376064384757
"YDR170C",298.535429697098,-0.263798852357031,0.218731279489562,0.187339059689548,0.364919005691209
"YGR258C",64.7523929310965,-0.333351126492842,0.297913492873802,0.187282507271216,0.364919005691209
"YLR383W",60.5405896473908,0.343006643141251,0.309685946199658,0.187221758001835,0.364919005691209
"YGR153W",24.1247928860006,-0.375514145228981,0.372603200867776,0.187559827278685,0.365115665047457
"YOL112W",59.4380529847749,0.321634863559268,0.28253809054256,0.187523244001611,0.365115665047457
"YOR063W",203.40045753822,0.273250303538027,0.227993498243262,0.187634858309849,0.365145102617665
"YJR012C",21.5413450611016,-0.379822316127281,0.374419261433897,0.187945529239821,0.36553816450835
"YOR269W",20.8043639701892,-0.382618047975809,0.386704626433318,0.18795678549125,0.36553816450835
"YBR148W",36.9671621577574,-0.381098618532732,0.375279365769157,0.188305241543543,0.366099026222614
"YNR041C",43.6899174527561,0.354433561943845,0.332607756883046,0.188589381865511,0.366534528848944
"YDR384C",9.30688053590602,-0.412401541227314,0.496361307407788,0.188771956437713,0.366772417751948
"YDL183C",30.7803234195997,-0.361465978277923,0.342716162088286,0.189085679267996,0.367264886914735
"YHR017W",53.8317373216496,0.324746194454242,0.28855688715479,0.189177820221305,0.367326796511263
"YDL052C",39.0006383718447,0.343530128178932,0.313917337237792,0.189322156523375,0.367365269402528
"YDR315C",25.2417291490103,-0.369028060611681,0.355090574433563,0.189438727109458,0.367365269402528
"YJR044C",54.3176174353761,0.323070439997179,0.286984411090772,0.189402146081536,0.367365269402528
"YLR238W",23.7586124200446,0.385734729744754,0.386545772642125,0.189411466217536,0.367365269402528
"YJR110W",60.7308989091185,-0.314528682949932,0.276625300559201,0.189793638043003,0.367936457974588
"YDL212W",89.0751943548823,0.296016599654691,0.254347836948967,0.190021951117005,0.367979010166314
"YGR105W",31.3275092414808,0.376306371724112,0.367281978527895,0.190093475924432,0.367979010166314
"YLR086W",83.2433007208334,-0.347034235252371,0.320122389356299,0.189973687861922,0.367979010166314
"YMR014W",36.9679527643692,0.391588572936028,0.401687577647869,0.190238205255792,0.367979010166314
"YOR014W",175.507467626385,-0.277589069042819,0.234824325732331,0.190013661490981,0.367979010166314
"YPL224C",49.9070372282835,0.322912209254179,0.287438472302474,0.190216382826666,0.367979010166314
"YPR012W",8.2427959699994,-0.407763513114442,0.500585307335366,0.19018301119869,0.367979010166314
"YFR019W",97.3329789589493,-0.291617566181602,0.251190746372864,0.190563123817277,0.368490558269766
"YDR083W",36.5954199720653,0.366347554169842,0.35023961908548,0.190795514319632,0.368589115619067
"YGL221C",45.4005312062146,0.347688246834494,0.321091503565898,0.190756145551073,0.368589115619067
"YNL151C",28.265662833813,0.376762941402852,0.369391172824772,0.190787178878913,0.368589115619067
"YGR017W",57.5188981297697,0.334257261862434,0.30136485665596,0.190880102318642,0.36863568556151
"YBR204C",32.2121258042708,-0.355024021156294,0.334532402741917,0.191015232924864,0.368744399490649
"YDR477W",38.3610466023945,-0.342281359385912,0.316738777745773,0.191057393534285,0.368744399490649
"YGL231C",42.5568522992829,0.337450118966272,0.306530417789039,0.191237841734567,0.368975829494202
"snR46",537.873349466433,0.365818478430978,0.355753175419841,0.191412144762056,0.369195260229345
"YNL230C",21.6823349915596,-0.377507456313883,0.378746979386882,0.191613904574722,0.369467493952209
"YOR111W",27.5627313487913,0.362117739430655,0.34642360718347,0.191830240378699,0.369767651836865
"YDR021W",15.915927912196,-0.38859549857175,0.407755045005062,0.191955895048372,0.36985263963731
"YNR003C",19.9370302373169,-0.374709953586242,0.371684825866564,0.191995693488507,0.36985263963731
"YKL053W",5.40808134295049,-0.383376298285022,0.565875039409055,0.192209606283162,0.370143478986385
"YLR207W",56.0833257385449,-0.328734896854062,0.29903019000077,0.192268130347973,0.370143478986385
"YPL020C",59.8441394346997,0.377910820628214,0.375653153045344,0.192430752887763,0.370339576523813
"YIL151C",151.577232131,-0.271983632561996,0.231100970626545,0.192695681501677,0.370732379656793
"YER039C",49.1602186555218,-0.340685799755235,0.318670363746452,0.192770699874418,0.37075967678592
"YMR135W-A",6.10672954634773,0.394243568623245,0.554206464455531,0.192894880297115,0.370881481202181
"YMR147W",11.5156764210218,-0.401785267634463,0.45243290492043,0.193276729976672,0.37149847657137
"YDR349C",72.4888347314018,-0.306102631755825,0.271227268537039,0.193882319651225,0.372340852654869
"YLR046C",21.9734753874485,-0.378673593135529,0.383849973845719,0.1938982553448,0.372340852654869
"YNR038W",33.3402132914991,-0.341637563425446,0.318200806681501,0.193871606201382,0.372340852654869
"YGL127C",25.6374979840913,0.368342616156107,0.361417826710218,0.194034067016305,0.372484295579332
"YLR401C",12.8206797359243,0.396786321429375,0.436643279920337,0.194564867466222,0.373150681940411
"YML058W",178.784995198911,-0.306950915193883,0.269295395763653,0.194445877881858,0.373150681940411
"YPR097W",74.4023021377249,-0.301753668731142,0.265852588569953,0.194564152344154,0.373150681940411
"YOR151C",187.069101810453,0.285642751299376,0.246612857672671,0.195294408641765,0.374432029151166
"YLL035W",18.7641530157346,0.375833457177946,0.37992767695364,0.195438733574298,0.374590906017404
"YPL066W",33.1736347346761,-0.364537667890969,0.355294889310692,0.195722623295571,0.375017098078122
"YMR107W",11.8983692885853,-0.399645781148419,0.461659898069484,0.195911508310822,0.375261044360295
"YKL041W",43.4045976421483,0.340763019206296,0.316811320975115,0.196176501255541,0.375650573406386
"YML023C",30.3693927466477,-0.349465078197904,0.333890558140728,0.196313222159908,0.375794311892161
"YLR028C",121.07752901668,-0.276904726460508,0.238210695040693,0.19647854011506,0.375992685086748
"YPR084W",31.6048847797663,-0.362190248677336,0.353114573473457,0.196920941688448,0.376721010543343
"YMR119W-A",5.61799354437804,0.388406059976676,0.560300739806502,0.19707619257207,0.37689971563438
"YDR047W",59.8521527691777,0.314328757756479,0.283159981040151,0.197386374363553,0.377256178032567
"YGR155W",175.339328222937,0.26289425766039,0.223154399301562,0.197384832441462,0.377256178032567
"YIL095W",30.8243134351495,-0.347326290892911,0.330456296310182,0.197564046424114,0.377477386506261
"YPL023C",40.8289572710174,-0.335428368606477,0.315831924855802,0.197637123987579,0.377498674617453
"YDL053C",39.6855452807606,0.363763239858243,0.357456425849152,0.198061585566671,0.378076145658383
"YGL119W",55.6727281628929,0.33731922665533,0.316881786273107,0.198063516503235,0.378076145658383
"YOL025W",38.3345582644633,-0.334144935632697,0.312794209628982,0.198403300306474,0.378606172626162
"YDR215C",5.89885232761318,-0.368051485359147,0.563784438091396,0.198896242121599,0.379428042482361
"YJL144W",99.3255894250346,0.342546656255531,0.323177728929935,0.199265143183264,0.3800128434612
"YDR193W",3.29489639788139,-0.325429242526575,0.592582739722677,0.199583463897374,0.380500848437439
"YHR015W",4.90314206005989,0.383182483080596,0.569212602183761,0.200103067026338,0.381252952024236
"YMR131C",62.7120755981637,0.323824483179851,0.296725456024571,0.200081585711226,0.381252952024236
"snR36",88.5316320555736,0.376608338232154,0.396918073882804,0.200883528899387,0.381981838236228
"snR84",130.201688888521,-0.373841430717015,0.396238508815787,0.200986998395994,0.381981838236228
"YBR076C-A",15.2004552704613,-0.385904242655833,0.415397840644469,0.200788127439962,0.381981838236228
"YBR275C",56.7425529316746,-0.316367727320528,0.289350367206833,0.200967298231198,0.381981838236228
"YDR253C",18.5133339347909,0.310749648052188,0.600239777165948,0.200613309689693,0.381981838236228
"YLR302C",5.25308040633572,0.37224137363517,0.570710632619879,0.200811247494057,0.381981838236228
"YNL012W",12.5369279546431,-0.388504730595136,0.429470801398952,0.200771355928727,0.381981838236228
"YPR158W",147.526283222604,0.300300351541173,0.26703069838133,0.200565518483764,0.381981838236228
"YGL153W",44.8129286418071,-0.321135903449796,0.296355543514287,0.201090820816315,0.382060022716782
"YFL040W",4.95744867764194,0.38319378824974,0.56476347948137,0.201202423741439,0.382152936336576
"YJL125C",20.3299173930466,0.369628165946659,0.377291905503099,0.201407109288672,0.382303435414033
"YKL149C",21.4832239111115,-0.372018682702667,0.384097638261779,0.201370093718392,0.382303435414033
"YDR351W",64.1664510732868,-0.302119504052305,0.272204129436166,0.202097317746179,0.383494131900051
"YDL143W",134.529298005406,0.290556865264439,0.257491205027644,0.202318866653418,0.383795048942603
"YGR160W",21.887794849923,-0.373516332438212,0.392990472487447,0.202502635464232,0.384024132904324
"YMR312W",26.3179037161664,-0.350617101733764,0.343663665236473,0.202580471147485,0.384052246234501
"YHR128W",10.3074210630968,0.394431788153509,0.475598859547245,0.202763649580049,0.384279988865174
"YGR269W",4.80830335798522,-0.361470029083619,0.574301717444767,0.202928576706285,0.384353534811935
"YNR024W",28.1068212442765,0.392227297576596,0.441073479896233,0.202899563500617,0.384353534811935
"YCR088W",53.0998658322461,-0.314635673867874,0.289408935252613,0.203148132846958,0.384649850792858
"YDL182W",54.9201457619368,0.334302118428052,0.318659818056915,0.203277292888819,0.384774875825264
"YER089C",24.8583986747857,0.364149492133852,0.374309673470445,0.203756455257742,0.385562121948444
"YOR244W",51.9884083040973,0.337503969789481,0.321269710879643,0.204847289985915,0.387505969107433
"YEL035C",3.52032108806098,-0.360567839268098,0.58152392819646,0.204935100663564,0.387551796011301
"YJL111W",117.618787772866,0.304599744349374,0.27768164164549,0.205114941350659,0.38774753044558
"YPR047W",47.0940586692906,0.322451498571985,0.299584758299865,0.205165838504839,0.38774753044558
"YAL015C",13.6165785879678,0.388229983203097,0.45083214180477,0.205354444990793,0.38798367706723
"YGR040W",15.4408916292982,0.38250144266353,0.428938981588343,0.205497085440229,0.388132858927238
"YOR158W",58.8839342950662,0.331071294655234,0.31266489094423,0.205683178548452,0.388363994192321
"YCL054W",37.9965523015677,0.352541990754096,0.347845976825206,0.205873953371064,0.38860382341178
"YBR076W",12.5040009585329,-0.383199616867313,0.44494649283544,0.205968870355824,0.388662620686919
"YLR427W",58.1482229476761,-0.301230218172764,0.274651520301474,0.206183618215928,0.388947432072448
"YIL109C",94.9280745306173,0.291595725883523,0.262593581975955,0.20649001825804,0.38940490757511
"YGL160W",58.3471873710567,-0.313400436496959,0.292925532704142,0.207119530643704,0.390471246295507
"YJL176C",68.6222849959443,-0.315327523369717,0.293342808365333,0.207648919329713,0.391227252956599
"YOL003C",33.9084487221741,-0.342116873056374,0.337994443305303,0.207587657079463,0.391227252956599
"YIL015W",8.65251851642976,-0.391719977183612,0.482253252421274,0.20777529027353,0.391344373985528
"YLR011W",13.6683135925162,0.380791274515893,0.419583882401021,0.207923580853358,0.391502695490027
"YGL066W",58.5305090597856,-0.343001787423138,0.33728489489496,0.208080200724526,0.391676597719576
"YBR037C",28.4310421449504,0.344317735967443,0.340316784056022,0.208392358067233,0.392113640329757
"YMR005W",60.7979940251927,-0.316966435404591,0.297141247840448,0.20844104916627,0.392113640329757
"YNL167C",80.6885186134199,-0.317634820551483,0.298253163079707,0.208588973796756,0.392270840879736
"YJL124C",39.8243939673485,0.336403593449528,0.324802198128315,0.209138049589017,0.393182113585768
"YDR540C",9.65627814578751,-0.392432920501706,0.495731796984867,0.210000401461757,0.394681605584153
"YAL009W",26.9754985878695,-0.353363544737789,0.364580086883263,0.210196516384778,0.39492841164156
"YPR098C",158.958421100405,-0.257487636840662,0.226163269292679,0.210378473369201,0.395148473092536
"YDL229W",59.627328627743,0.327521708974145,0.31572954366544,0.210685385516601,0.395603026717093
"YBR053C",118.735631351753,-0.274893875015475,0.246517376838984,0.210753963613803,0.395609919379775
"YEL017C-A",381.326207567232,0.252750416497383,0.220501631188771,0.211001229230772,0.395830253050648
"YGR229C",87.5295627093052,0.3315458308352,0.319068245135035,0.210978973647508,0.395830253050648
"YOL081W",587.337297683855,-0.259700742666031,0.229341445124981,0.211242210805506,0.396038534253939
"YOR115C",39.3904029776984,0.343255592713886,0.338813022334102,0.211203023777726,0.396038534253939
"YPR201W",16.3904688301214,0.375628975164938,0.420395389008093,0.211422902588826,0.396255409372354
"YPR117W",261.695313486332,-0.249159417604555,0.218416918033416,0.211953339079411,0.397127452102371
"YCR018C",10.127529600699,-0.382734606951344,0.461107654725676,0.212285766266906,0.397628071726119
"YCR071C",20.8314154403433,0.369578189214389,0.397253848568363,0.21237228958642,0.397667927812359
"YNL202W",13.4969440871978,-0.376937191809486,0.457997818622674,0.212790675755636,0.39832898302537
"YNL136W",65.2237659571637,0.350457365733799,0.575427895861752,0.212862890538041,0.398341823097747
"YPL104W",37.2974421045042,0.330828470573242,0.321535001013242,0.213341253162627,0.399114468393557
"YJL105W",18.4726673487992,-0.360783843503462,0.38041311225689,0.213487142887869,0.399201741407787
"YKL115C",3.72096238728481,0.34725911084241,0.580037061808958,0.213518896962984,0.399201741407787
"YHR023W",70.1222533363898,0.348346234941845,0.35243945903813,0.213680930039949,0.399259738992485
"YNL290W",21.8954129353691,0.353562157418899,0.364059361633728,0.213627689922444,0.399259738992485
"tK(UUU)D",3.1874979843873,0.304071278299376,0.588438439734794,0.213893435508866,0.399316855945186
"YBR201W",26.6546369029843,0.371093505548954,0.402820387203785,0.213907350470405,0.399316855945186
"YGR146C-A",2.93012635164135,-0.292609661670075,0.585514143015452,0.213908045063336,0.399316855945186
"YJL090C",37.2716386768862,-0.32129790001965,0.30939727571677,0.213974812657805,0.399319192636044
"YGR092W",19.8624512960198,0.361142988724325,0.388530977105018,0.214525528805932,0.39983925373886
"YGR126W",8.28380154473591,-0.386457551435069,0.492194929203087,0.214647094049803,0.39983925373886
"YKL049C",23.1701294058694,-0.352664248135583,0.362979516295199,0.214644958792806,0.39983925373886
"YKR028W",95.4280568389396,-0.278644110017974,0.253625748939292,0.214394077267355,0.39983925373886
"YLR318W",11.8080641636352,-0.381651534841869,0.45637556921608,0.21432419325377,0.39983925373886
"YMR262W",15.7652692807151,-0.366752859768467,0.401199951320601,0.214582294846996,0.39983925373886
"YDR227W",113.813685350692,-0.311475401259491,0.295782540295855,0.214857099618987,0.400007247100687
"YLR406C",61.3962807006728,0.309088975399267,0.290966985754508,0.21486853601438,0.400007247100687
"YIL124W",62.4969447286787,0.292018241361373,0.269541724906092,0.215163237917498,0.400433567971649
"YCL009C",37.9661902357484,0.356117544542117,0.379715689406496,0.215353843261861,0.400593034598832
"YGL182C",3.63868766087758,0.347711830758907,0.57987696158781,0.215380373155106,0.400593034598832
"YIL037C",17.7006203046788,-0.362533891827242,0.388569204073959,0.215471496384081,0.40064025944508
"YDL225W",51.6560689366599,0.330142072951923,0.323970729811282,0.215766357614997,0.40106616336182
"YBR205W",40.1939800813957,0.342438695582722,0.348436249130438,0.216209590559681,0.401767516604041
"YPL194W",12.2684486124566,-0.378173961462757,0.443629852450101,0.216309934943865,0.401831470125833
"YDL140C",405.750291932554,-0.292613825064806,0.272915756943704,0.216478121172942,0.402021373720013
"YFR002W",88.0233699815978,0.279603440299942,0.254699498386641,0.216918616644264,0.402471527685476
"YGL219C",163.683628560096,0.283052110919225,0.258725627143333,0.216898680918839,0.402471527685476
"YPR107C",27.5617271249927,0.346415848433368,0.352449228051913,0.216872069540755,0.402471527685476
"YLL031C",89.2113804680777,-0.304715621712812,0.289889757816843,0.217389850463704,0.403223109731065
"YBL071W-A",13.1631614350508,0.376723973557152,0.44943003715722,0.217607738469577,0.403504461810792
"YDL218W",8.714192448794,-0.372867781827245,0.501406195561937,0.217929636778762,0.403732868135731
"YML079W",23.6469476464481,0.34830955809044,0.358440838025247,0.217924697352118,0.403732868135731
"YOR076C",37.4856691894403,-0.337466663689676,0.339799190232466,0.217887902312594,0.403732868135731
"YNL138W",80.9441663545716,-0.290802020182214,0.271577910970667,0.21875133021187,0.405131983482634
"YHR180W",23.7460935060072,-0.344420490222127,0.358991753355461,0.218875945764397,0.405174102175652
"YLR222C",21.0574421129351,0.356590321540385,0.382278835850127,0.218973501651616,0.405174102175652
"YLR326W",32.6356527582727,0.328627444809403,0.326737753101536,0.218918992638531,0.405174102175652
"YJL181W",36.4513515142341,-0.315567561720101,0.306397348936372,0.219187602762218,0.405447174153481
"snR39",7.67374655930815,0.370808910177388,0.51767545551991,0.219754070804245,0.406371681296078
"YJL106W",10.2417795368961,-0.375354971988513,0.472276088037997,0.22063913065725,0.407884592464645
"YIL086C",18.9161107810477,-0.36225214516948,0.397902364396022,0.220799333286439,0.407933293840814
"YNL215W",46.7089350729175,-0.340127403792119,0.349476445903206,0.220778547992957,0.407933293840814
"YER127W",26.0482270977374,0.354188003649177,0.374495806910945,0.220954330800933,0.408095953403541
"YIR025W",18.7499597579745,0.353879698136422,0.378543956606377,0.221181130235529,0.408379028398562
"YPL151C",42.1094410883568,-0.311305286697309,0.303446344773604,0.221241599962601,0.408379028398562
"YHR032W-A",8.87290756925882,-0.371313086814623,0.485286887111389,0.221361280948714,0.408471186172523
"YJR008W",69.3643923575418,-0.285542660838672,0.267400296051023,0.221425561790651,0.408471186172523
"YER094C",136.360418323988,0.25734854571455,0.232236259928332,0.22178293364791,0.408882934235939
"YLR362W",43.8560465636352,-0.326256599791066,0.325419277328252,0.221754742646611,0.408882934235939
"YBL006C",62.1648141674048,0.291882511202075,0.274156873719585,0.22228593140814,0.409544745314995
"YBR045C",18.4689299443979,-0.359133218740922,0.393033102443976,0.222477875592772,0.409544745314995
"YGR031C-A",4.87012199679829,0.36119494044202,0.549451979195408,0.222364186150915,0.409544745314995
"YJL075C",11.349783035152,-0.37343437916333,0.454724821136629,0.222377842155179,0.409544745314995
"YPL085W",172.249840971953,-0.290463578966373,0.274224068227876,0.222474998334773,0.409544745314995
"YER057C",171.510306391822,0.265311995392095,0.24230871794777,0.222675878026135,0.409785469978651
"YBR108W",37.8227820708346,-0.330813296260561,0.335574861287447,0.22316695731143,0.409912214727664
"YGR134W",59.8985310649354,-0.31377400830707,0.310749475537526,0.222890906151206,0.409912214727664
"YGR252W",44.8395523905891,-0.305109412202278,0.295043135766342,0.222859102793328,0.409912214727664
"YIL154C",35.2340488996279,-0.323055179702049,0.324646485320298,0.223215527593293,0.409912214727664
"YIR030W-A",38.9561849376562,-0.320128949220106,0.319198136199702,0.223115480140539,0.409912214727664
"YLR117C",46.2020411763948,-0.335020895516514,0.341333630514445,0.22312893221465,0.409912214727664
"YPR143W",47.161805965734,0.362493126749599,0.402230149959744,0.222970252814448,0.409912214727664
"YIR018C-A",10.2297221698183,-0.370557698839026,0.455580309320449,0.223419011759451,0.410038806586527
"YML096W",29.4419746780565,0.346873624436816,0.365618120521442,0.223367548019804,0.410038806586527
"YLR390W-A",267.101824286117,-0.263520637027845,0.242159621232744,0.223852651161842,0.410629347486366
"YOL032W",58.2414101487432,0.298878839086496,0.285353145588048,0.223875524478621,0.410629347486366
"Q0045",2061.5376688973,0.280851064262092,0.260949172662767,0.224036386395324,0.41080077469299
"YIR035C",71.1017442763454,-0.28664575733708,0.271598653520274,0.224172241430359,0.410926259103169
"Q0080",3.48600868531541,-0.329817682430357,0.577757476879172,0.224353564186287,0.411134989090624
"YHL016C",165.212158560024,-0.257943178116367,0.236025467116601,0.224592191806259,0.411324942625946
"YML122C",5.76549255065624,-0.361838162417206,0.544323474722876,0.224529524960776,0.411324942625946
"YDL079C",56.0692345967808,0.315495602660117,0.310193512356725,0.224721735044614,0.411338732667335
"YJR140C",76.356990957404,-0.276240830248079,0.257734781575469,0.224734697257133,0.411338732667335
"YEL055C",95.5539693151144,-0.274791350998397,0.256040340287342,0.224839220060645,0.411406498429791
"YNL312W",28.084677052724,0.329402912698838,0.335103813651338,0.225101493820561,0.411762786565522
"YDR428C",8.60995773648378,0.374822897559529,0.482364539163287,0.225263785478923,0.411936025350745
"YLR291C",24.4141155888957,0.336495481126019,0.348016284206137,0.225841022548018,0.412867736181814
"YOR073W",14.1848585848506,0.364878653407078,0.417463227665706,0.225961529357569,0.412964174343143
"YCL022C",10.8203165349489,0.370165135414644,0.444624784925505,0.226867716356329,0.414496022539515
"YDL103C",31.9132211451043,0.3238510813795,0.328258145730467,0.227570038923963,0.415119253284513
"YER095W",70.9822621219381,0.317716915697551,0.319908571731683,0.227477084621613,0.415119253284513
"YIL163C",6.07862698806151,-0.366338580993644,0.519636439161574,0.227617480636069,0.415119253284513
"YLR299W",180.92862141167,-0.291268700807717,0.280656357739325,0.227499873928336,0.415119253284513
"YMR293C",34.2929602083145,-0.317281926363622,0.318319383159941,0.227488286127397,0.415119253284513
"YNL245C",24.1173306511359,0.335627779466395,0.348900314088784,0.227606224809441,0.415119253284513
"YBR237W",63.8902939454123,-0.289395153111865,0.277161090519276,0.2280791547144,0.415836807653086
"YGR267C",91.6540404074493,0.273597080120813,0.255445102889372,0.228261216004836,0.416044291731302
"YLR130C",31.7120503945755,-0.319368751172117,0.323636129406412,0.228406063983757,0.416183844538415
"YAL026C",63.2835746032064,-0.285894315345936,0.272475100380225,0.228571380267462,0.416360598544584
"YDR504C",37.6612377000277,-0.32484136418871,0.332831820579389,0.229457244013102,0.417849388186394
"YIL042C",14.6756951518654,-0.356285420433837,0.416224220734142,0.229726503340302,0.418214766385645
"YJL109C",87.0524044535685,0.305330712103307,0.3022910957769,0.230237433735465,0.418992578443368
"YNL246W",29.9465203928757,0.327387619207891,0.339544116533466,0.230291244919653,0.418992578443368
"RME3",14.4977648705932,-0.35365545894661,0.403579626319728,0.231178908414081,0.420374225912557
"YOR237W",7.3466383242074,-0.367933719686675,0.494340012792466,0.231188581666758,0.420374225912557
"YBL055C",32.9364195621493,-0.317659078441668,0.324656413835186,0.231685702024788,0.420774005390428
"YFL010W-A",22.5861307108403,0.344559768377099,0.376037964446251,0.231599691634389,0.420774005390428
"YKR050W",13.5342885239658,-0.360553691874133,0.441099921305272,0.231607538529797,0.420774005390428
"YLR335W",85.7054531604072,-0.277862521420161,0.264319490931851,0.23162217142531,0.420774005390428
"YMR270C",25.2389859296561,0.337745712695102,0.357313325963119,0.231753623641619,0.420774005390428
"YBL087C",59.9092029267194,0.306355047463914,0.306310605883408,0.231961802001653,0.421026558427657
"YBR221W-A",21.853976307267,-0.337833182410064,0.364796651910047,0.232165856801138,0.421146100358017
"YLR215C",37.8404976964194,-0.315406770785069,0.323429486657324,0.232162371724928,0.421146100358017
"YFR028C",31.6556671889981,0.324474053014538,0.338610165058611,0.232532447849288,0.421685590491345
"YDR458C",95.9714700362938,-0.313697924840293,0.317695827008241,0.232630796328639,0.421738460328095
"YHR069C",44.0846776869164,0.312138958335097,0.315815719221679,0.232918164592155,0.42213387249158
"YDR209C",25.0619092299699,0.338700525983102,0.362057055545234,0.233370967991547,0.422703135188255
"YOR296W",47.3159454663233,-0.29265718020548,0.286865398816905,0.233331191817518,0.422703135188255
"YGR177C",6.76440900552857,-0.359438254118531,0.5088009379786,0.233552851914488,0.42278430424007
"YOR025W",9.4857437193867,0.36149000040617,0.485973731538158,0.233554512284876,0.42278430424007
"YLR358C",24.1945470636758,0.337748572932123,0.362402460328006,0.233710319934399,0.42294073634209
"YGR006W",10.0271654417182,0.365636839609408,0.456502368747673,0.233825891309734,0.423024282437765
"YER161C",75.8820517785557,-0.31153734825,0.315769124899178,0.233914133005525,0.423058350346787
"YMR172W",40.8804250737607,-0.304713669798331,0.306337817151935,0.234038144752704,0.423157072758152
"YGL154C",22.0515752063633,-0.335234108839083,0.365947915597472,0.234452571891112,0.423780671908757
"YPR136C",6.3015347290563,0.360853596494683,0.517776693589004,0.234662070331256,0.424033595810556
"YNR054C",18.1844245743977,0.363478525872282,0.444061762114867,0.234827204250261,0.424206227002175
"YLR333C",107.40200882298,0.264798355023448,0.250089839676729,0.235022498622065,0.424433223437477
"YER008C",152.237229530538,-0.311374320881032,0.317115043177021,0.235105331528141,0.424457048478679
"YOR202W",49.1873093307669,0.309396704528793,0.315150532387159,0.235359574224127,0.424664477470709
"YPL070W",55.1399303715556,-0.308808339528731,0.312352341841651,0.235305611584705,0.424664477470709
"YDL044C",27.5282222405666,0.344583737613585,0.379349318110113,0.235476708562094,0.424750085435325
"YER184C",31.7204987889134,-0.330928894191276,0.361128328476697,0.235602099688192,0.424850531834181
"YDR212W",97.1005125890069,0.282564612414951,0.27450224353272,0.235727615890686,0.424951144292732
"YJR094C",6.40386697262798,-0.359498491180559,0.510957386158707,0.235839558392502,0.425027234891277
"YCR054C",26.2790626020943,-0.326720367196751,0.349511844114807,0.235973067938447,0.425142136885851
"YLR121C",49.7957417449019,0.326990149262005,0.349742017850303,0.236368904514679,0.425729454201232
"YGR284C",109.289472924818,0.293515599571372,0.290578203325085,0.236465037288941,0.42577678058378
"YGL206C",499.149864204153,-0.295114263510499,0.294629763493644,0.236808466426791,0.426269227073624
"YGR056W",35.6198876546653,-0.320127912474543,0.338050410518551,0.237037481104878,0.426555490798415
"YGL211W",56.196626761632,-0.295546628259767,0.297303661267194,0.237576357282494,0.427399025276506
"YNR056C",16.7371353761121,-0.346037391997109,0.396364704882832,0.23764928282893,0.427404065754597
"YBL020W",89.2397206323301,0.275902252773165,0.266676046461482,0.23776941677669,0.427493980900862
"YIL020C",29.4965115394181,-0.314572713792086,0.326082107488264,0.237844227623453,0.427502379051887
"YEL038W",33.6040581519973,-0.329151469286951,0.361811456875754,0.23864710462651,0.428581847649638
"YGR210C",55.9367429005753,0.281285092538611,0.273768296942132,0.23865158716271,0.428581847649638
"YOR246C",31.6937900865038,-0.316047169538515,0.33130172056479,0.238655749125984,0.428581847649638
"YML048W",205.288976398353,0.269560787543292,0.25895539197308,0.239008405881188,0.429088728673297
"YGL198W",43.473589662465,0.318729190130939,0.3371546616196,0.239305243138356,0.429495128659682
"YGL143C",52.9456536772895,-0.285340062704948,0.280967819160886,0.239422031395294,0.429578240021878
"YHR101C",33.3501785359197,-0.313356405937212,0.328287742180708,0.239762576573669,0.43006265574353
"YAL042C-A",6.64889211250558,-0.351249425143917,0.527974343968911,0.239896658644553,0.430176562059004
"YJR130C",67.1373584694521,0.278852204012701,0.272906714699151,0.240220169000672,0.430629979429145
"YDR378C",57.3681449340769,0.282170741633416,0.277164741334118,0.240444039258368,0.430651313335221
"YLR360W",41.5050901095384,-0.301127704518418,0.305020165576132,0.240380989093691,0.430651313335221
"YMR161W",32.4615514362775,0.317533183173683,0.332367496047696,0.240419941665645,0.430651313335221
"YDR503C",15.0330253369989,0.348458756677021,0.406916642513529,0.240844530748079,0.431214021507438
"YML071C",36.2438966866252,0.34432167233739,0.39202027900483,0.240899711769127,0.431214021507438
"YDL116W",43.6780173315891,0.307751611933611,0.316497496339758,0.241116301703471,0.43134835893239
"YPL044C",12.7254262706684,0.356652052864268,0.447122615302774,0.241087460453333,0.43134835893239
"YPL138C",42.3253482555017,0.302099443718299,0.306563814534941,0.241363356494307,0.431663631993193
"YGL115W",72.6435163195509,0.277300050255157,0.272223143503401,0.241927201689221,0.43254511419648
"YDR184C",21.4574985587922,0.338902716588651,0.378020745634009,0.24230831315673,0.433099462959023
"YPR116W",18.0652716745093,-0.342501626714364,0.407864240322,0.242515395839898,0.433342520564109
"YFL013W-A",26.0296294655085,-0.336427767914485,0.376036044284496,0.242699442930154,0.433544286242465
"YDL220C",18.1628678478087,-0.346095096576236,0.434958653249609,0.242917966267624,0.433807502022025
"YIL063C",59.3852589898788,0.330024864780149,0.359393541470696,0.243085484674849,0.433979504713885
"YLR070C",9.43893155060155,-0.35378039781169,0.475741331529061,0.243192592152108,0.434043586871772
"YOR221C",41.981132718376,-0.301841186953978,0.309453651381546,0.243286526465275,0.434084127285085
"YCR003W",39.3353660340673,0.331901770556474,0.364715671113045,0.243585886442108,0.43449106756355
"YBL037W",25.2021635533824,-0.323792002312134,0.354591356592706,0.243772335425061,0.434696426101739
"YDR010C",2.87819700879175,-0.295749013790475,0.570747576358811,0.244025018815635,0.434765416451709
"YKL019W",46.1343601198585,-0.289044322602,0.291635966114559,0.243972125122382,0.434765416451709
"YNL256W",51.7523931145705,0.291684347818431,0.294222148493262,0.243948988661043,0.434765416451709
"YJL037W",4.39669911725015,0.336203916054565,0.544561865625191,0.244453418293086,0.435401398157907
"YBR130C",26.6101547662207,0.340976087412988,0.389500642544151,0.245495290778178,0.436905012707771
"YOR194C",85.3456393124433,0.309951812571791,0.32415685825101,0.245512660955557,0.436905012707771
"YOR325W",12.1227471932123,-0.351456936995677,0.442106073564325,0.245392018765572,0.436905012707771
"YGL086W",50.3595399870034,0.318947778145459,0.560226759066749,0.24562710707642,0.436981090960531
"YJR006W",28.9973657537731,0.315064582460021,0.333455735360101,0.245783435512076,0.437131613494632
"YDR067C",33.8844225861376,0.308162409745287,0.321729865794687,0.24606853584092,0.437511005236408
"YCL046W",8.65392353316657,-0.345258055646302,0.487950574817385,0.246504067285731,0.43803521756635
"YJL045W",15.5879606896438,0.34165669175799,0.404458589875346,0.2465285329124,0.43803521756635
"YPL067C",7.29637299976351,0.339414776305776,0.521761208597057,0.246578971529146,0.43803521756635
"YFL026W",12.2300924404576,-0.349857718592869,0.440243390769306,0.246804236622772,0.438307640505768
"YNL199C",48.1322516847291,-0.301602146673183,0.313102038725589,0.246969776749906,0.438473868130113
"YLR290C",53.169850630846,-0.28315241298684,0.284471219284363,0.24736269014803,0.439043563323308
"YOR117W",154.205718717929,0.261388510155195,0.254958882344436,0.24764734804115,0.439420840265155
"YLR373C",67.192031466573,-0.273825288134214,0.272579212277932,0.247808290086294,0.439578442396962
"YMR200W",71.2649904733679,0.270878311868883,0.26730092489818,0.24847657674247,0.440635651802548
"YDR211W",107.294523295405,0.265273200493752,0.260117577719199,0.24908228911907,0.441549512254387
"YLR423C",26.8690855739242,-0.338717599390748,0.393206263822378,0.249136796167816,0.441549512254387
"YDL010W",111.723675544263,0.278193015959037,0.277580489585354,0.24922489004791,0.441577239779655
"YEL051W",159.975744551715,0.257812872053872,0.250412891310833,0.249372943116005,0.441711156144159
"YDR112W",4.37874264876347,-0.313731131265522,0.550731528619913,0.249670829808041,0.442110316002326
"YPL041C",18.2042418050257,-0.334117668965058,0.396174606240521,0.250017941877752,0.442596385636044
"YML015C",17.4263299603527,0.335664654121176,0.387730610062527,0.250260644197201,0.442768832041201
"YNL260C",11.1917845584711,0.348982368820619,0.441844130529977,0.250243891098025,0.442768832041201
"YBR245C",79.5428257235583,0.276197697215956,0.276323062963996,0.25043999360154,0.442957562681772
"YNR051C",117.81338996835,0.324634896589214,0.361213358952321,0.250720670260879,0.443325351099523
"YBR021W",39.6681683687848,-0.29815352060732,0.314405456393115,0.25084268470314,0.443388051383349
"YHR073C-B",13.9794566794896,0.344155992531338,0.417602921953166,0.250901622513728,0.443388051383349
"YDR297W",192.554638433925,0.233186444580536,0.221550456907092,0.251122816995075,0.443650310024633
"YHR156C",18.5515733286012,0.328878291064583,0.372967253793879,0.251227186570103,0.443706085814192
"SRG1",80.806839902613,-0.25935683561717,0.255994294219189,0.251906586133262,0.444571479311817
"YJL050W",109.922381023633,-0.25908954384493,0.256156182449072,0.251935995002956,0.444571479311817
"YPL097W",34.5468694379796,0.300866535869638,0.317565439376374,0.251880668168809,0.444571479311817
"YMR038C",43.5669297172529,-0.286833095974604,0.294992658408389,0.252022563910657,0.444595521573213
"YLR127C",24.6882118371725,-0.314849366036903,0.346731096869308,0.25215005168473,0.444691714415055
"YOR082C",4.11636166862491,-0.309318209689599,0.563208010291612,0.252710734591321,0.445551613345126
"YDR087C",24.4957388490285,0.317114899849647,0.34983282899645,0.253461581736747,0.446746194530213
"YCL011C",74.9583007777445,-0.26260776534332,0.262619780474662,0.254119690054987,0.447551349259652
"YDR295C",51.0744465442601,0.313573924065342,0.341008875854833,0.254138674288377,0.447551349259652
"YMR181C",216.305487516276,-0.232241183576777,0.223428158784365,0.25413370326173,0.447551349259652
"YIL094C",111.617457424186,0.256689873694042,0.252901062309782,0.254274317879591,0.44755262427033
"YMR275C",53.4723447442063,-0.277679400915643,0.284573988813949,0.254286257235136,0.44755262427033
"YBR171W",20.8001279229118,0.328005183927574,0.37871836019357,0.254548233698124,0.447728934103029
"YGL152C",28.1741972566469,-0.309651941492604,0.336920144832359,0.254753723292749,0.447728934103029
"YIR029W",18.6511875781835,0.329552545472749,0.38286838471444,0.254478599826661,0.447728934103029
"YKL063C",32.779371536245,0.343584125634146,0.428633099767033,0.254658662841937,0.447728934103029
"YOR297C",16.8132517764487,0.333503111447103,0.40094637264551,0.254742589914667,0.447728934103029
"YJL033W",65.7805300161325,0.280738024159159,0.286138593852365,0.255001441967015,0.448035107751213
"YLL029W",196.606811484044,-0.232248744207323,0.224213420431129,0.255293741509991,0.44841941051971
"YDR374C",3.07205255250592,0.301482950729994,0.56527204327218,0.255520418808434,0.448621880554386
"YGR174C",92.430124591449,-0.251103202872081,0.248021948048511,0.255556221375689,0.448621880554386
"YPR169W",64.2165959057522,0.282545832996898,0.289908057241424,0.255825177695565,0.448964715823343
"YKL174C",76.759090866349,0.27075710397612,0.274886442578364,0.25617121897572,0.449442596331897
"YKL046C",120.593561261302,0.245605421709028,0.240426480200788,0.256322601212637,0.449578778242022
"YMR137C",26.681585655051,-0.312439861873222,0.344295130683983,0.256616031350945,0.449963956008058
"YHR142W",23.1195597729886,0.317290905890749,0.357937300421439,0.256984598616751,0.450351100796176
"YOL137W",52.6377414466346,-0.277269539024735,0.284899515122898,0.256925386248407,0.450351100796176
"YCL056C",28.0722905807044,-0.314221561385925,0.351348526277178,0.258054753248619,0.452000223367348
"YLR213C",9.46905602178437,-0.341554648501032,0.461397730137161,0.258075760231365,0.452000223367348
"YOR159C",19.7450245770529,0.328645870549378,0.384606390423462,0.25814811772629,0.452000223367348
"YLR120W-A",3.55982181200406,0.306406734894572,0.557408335578345,0.258310658313087,0.452070369244312
"YML050W",14.5283594790388,-0.332675557140545,0.403271693504776,0.258336521095642,0.452070369244312
"YDR035W",168.682477323907,0.234399983064038,0.227698367377059,0.258415590653175,0.452078939446355
"YBR276C",93.7191668442278,0.254639188237078,0.253986165640876,0.258681907158423,0.452414985403326
"snR24",15.6730840190257,0.335633235922348,0.421372428825731,0.258903244563132,0.452672196102206
"YDR221W",43.3890755662878,-0.307744594181946,0.345796110533358,0.259560610684127,0.453691402959494
"YKL076C",4.30121425304203,-0.319593868613909,0.546826698150368,0.259715293650813,0.45383162695003
"YBL077W",47.7567887106181,0.277683825990387,0.287365437840045,0.260697563467416,0.455417497659474
"YHR047C",25.1951694903045,0.315851018066218,0.362992497918223,0.260898142622842,0.455637300655078
"YDL132W",99.8255252410125,0.245702731341847,0.243755100723959,0.261446239647897,0.456202356328065
"YGR205W",42.7290406767758,-0.282823589525709,0.296784290670739,0.261298762654584,0.456202356328065
"YMR019W",70.5538541187857,-0.263397184504029,0.269542544091579,0.261396749420606,0.456202356328065
"YML127W",46.5493826248463,0.282419768499447,0.296517904778204,0.261541062637052,0.456237199992225
"snR34",577.826239701655,0.312998453144345,0.353747788146406,0.261924090489521,0.45677462990948
"YKL184W",27.5626715360045,0.312899189549995,0.358292245137715,0.262177144174542,0.45708515267272
"YDR413C",26.608505329887,0.330685074849856,0.397854301669191,0.262489436683647,0.457498746521827
"YGR136W",37.1667394172552,0.291782299068936,0.313701387114517,0.262896376637867,0.457941908060171
"YML005W",38.6345347547924,0.287407918150804,0.305678578401466,0.262953695150043,0.457941908060171
"YPR059C",28.2008255296704,0.303067050919597,0.334628209061745,0.262969102249483,0.457941908060171
"YCR028C",26.202793064892,-0.310952088389229,0.35396554713165,0.263267421635744,0.458110418063923
"YDR080W",46.3806114422195,-0.274170164700248,0.286183303561283,0.263291780627757,0.458110418063923
"YER178W",322.206051694017,0.244608098325929,0.243553618008701,0.263184016570101,0.458110418063923
"YHL011C",50.1052984935148,-0.295113595953253,0.323117842032089,0.263517137100798,0.458110418063923
"YIL038C",48.004211439505,-0.27710301104616,0.290515982260707,0.263591999368364,0.458110418063923
"YML003W",13.8934365682916,-0.329705812266341,0.407446330998361,0.263526120941166,0.458110418063923
"YOR144C",22.579464339087,0.316795635585348,0.362491290819771,0.263574968070443,0.458110418063923
"YER054C",79.1694325599733,-0.294792636051385,0.320478942063308,0.264194477455737,0.459026607780135
"YDR393W",42.5947716636429,0.290589325219029,0.3106847369972,0.264304476882708,0.459086858535225
"YMR016C",37.5428760717992,0.297198430015426,0.323149327939739,0.265039092078561,0.460231699777444
"YGR266W",38.4549292544421,-0.285968631298452,0.307838095241035,0.265394466911675,0.460717537973985
"YAL042W",53.1406473048339,-0.273041918052616,0.287862902453375,0.265722363805837,0.460917581242256
"YAL049C",166.436080401752,0.233988485462277,0.231653607744646,0.265736567758045,0.460917581242256
"YGL173C",301.534988262326,-0.214052159055649,0.208501671427186,0.265707390356898,0.460917581242256
"YML099W-A",25.9974099565941,-0.309432753675425,0.353521291605892,0.265872630710589,0.461022385257764
"YBR119W",30.8339261334291,-0.327514339242151,0.402454999983937,0.266103685827545,0.461178407520269
"YDR256C",40.7494779998737,-0.291661504306102,0.321732712675402,0.266265269247551,0.461178407520269
"YOR261C",224.254034842839,0.267902772411169,0.277332473697245,0.266203156521849,0.461178407520269
"YOR263C",4.21604597619044,0.31804550469008,0.537863516054086,0.266183341164945,0.461178407520269
"YBR126W-A",11.4042489977947,-0.337817376884603,0.457248785914566,0.266390295728187,0.461200394656642
"YBR196C-A",2.45923679887074,-0.274041421470562,0.569440655575008,0.266504969644084,0.461200394656642
"YPR168W",10.6911592677647,0.334917948345195,0.44012414935992,0.266468278566311,0.461200394656642
"YDR088C",39.3842932890283,0.328946868880502,0.405380137589343,0.266718876418819,0.461439554860262
"YKL167C",44.5610188531634,0.294788446611429,0.321194589317729,0.266967722948594,0.461739010037368
"YMR292W",46.6817628504298,0.287938363542173,0.313560774254933,0.267486795419179,0.462505537043942
"YLR050C",39.5893238724193,0.298065140490261,0.333704714998594,0.267773376876333,0.462869748173922
"YDL136W",11.80961003744,0.333712506289362,0.435851247316386,0.26820710426338,0.463281802810771
"YDR233C",192.125710693683,0.225145491283937,0.221932575307325,0.268163356503582,0.463281802810771
"YER122C",89.5330651926442,0.258053621385664,0.264473417948371,0.268239783776737,0.463281802810771
"snR62",4.69173825850942,0.319166054920702,0.529548985488353,0.268491377026942,0.463409236107887
"YLR309C",147.67860362399,0.320931412662348,0.384906745008884,0.268541660694513,0.463409236107887
"YMR065W",12.9100133131116,0.331427460181759,0.42184217850124,0.268533753931383,0.463409236107887
"YOR186C-A",17.1737521242811,-0.317310568816154,0.384372600884465,0.269011912829641,0.46408933164355
"YFL031C-A",17.575965931246,0.326940078483952,0.427215032890279,0.269122290399501,0.464148375773899
"YGL063W",3.55921523279755,0.268526858772436,0.56249041059819,0.269370487560272,0.464445013205052
"YPL197C",17.6452406907359,0.319616136089893,0.388180649705979,0.269885577340172,0.465201525420914
"YEL041W",65.2968168108034,-0.282327486818123,0.307066988497914,0.270101659848983,0.465442357019946
"YER142C",80.3308373121608,-0.262033936971517,0.273096885510399,0.270630458555421,0.466221776397765
"YGL259W",7.28004191537816,-0.32613691391514,0.499247782213395,0.27128087588873,0.467171620925369
"YPR126C",23.4190780122598,0.32185846450272,0.389169096679844,0.27133511699357,0.467171620925369
"YLR092W",57.4919822167641,0.27036986122683,0.286843286879066,0.271835219855093,0.467900498451509
"YCR010C",2.56533140637597,-0.272983151187615,0.563269638917822,0.273321970381546,0.470194019044743
"YHR137C-A",6.51640720571017,0.32876883276968,0.494839960789013,0.273305312381182,0.470194019044743
"YCL063W",6.47616107490126,0.328004422140104,0.495982755697674,0.27423023538331,0.471423994071577
"YDR109C",36.5866736365439,-0.284261754717873,0.314298516064271,0.274344685103444,0.471423994071577
"YLR151C",12.8528726707649,0.324909435997211,0.423030664503377,0.274346334203754,0.471423994071577
"YMR211W",14.3205793194541,0.324192417994562,0.409476156018203,0.274306325841225,0.471423994071577
"YPR010C",131.311589900395,0.288394692946322,0.32082979757433,0.274517765677151,0.471585620575603
"YKL104C",105.682902068549,0.278389449794947,0.303481237483455,0.2747695384001,0.471752207478482
"YKL221W",23.0580239005352,0.305938174981214,0.35895710367589,0.274703279986859,0.471752207478482
"YNL085W",110.007760910911,-0.237552603070335,0.242894667683225,0.274890635121906,0.471827209537599
"YDR432W",23.7465802508887,0.300245929065139,0.34396797744799,0.27497447726453,0.471838242941248
"YHR127W",15.9562444189638,0.321068050480495,0.400086689441258,0.27583090661233,0.473041467586425
"YMR306W",50.1214006584889,-0.278373646588824,0.30784011839769,0.275828700152488,0.473041467586425
"YKL082C",95.8233468232177,0.279945886221552,0.55828815992753,0.276434020114391,0.473809154273681
"YMR068W",22.5102946091118,-0.306880857626471,0.37120399746257,0.276388169642186,0.473809154273681
"YJL061W",39.6432673807933,0.292624122360952,0.330530540555458,0.276571844132212,0.473912114137147
"YHR136C",2.96847723471647,-0.273947646054859,0.560455813838377,0.277451407731413,0.475214097537942
"YLR342W",1118.14558530102,-0.277737515872061,0.306933429124182,0.27748760839008,0.475214097537942
"YDR179C",14.5208814682364,0.320671809450868,0.404802386758347,0.277725455357571,0.475487823147303
"YOR213C",37.0669257408355,0.286132123608477,0.321243096015924,0.27785266712874,0.47557203205551
"YOL091W",4.9576133116265,0.309349225349088,0.535095691877789,0.278092388514174,0.475600907447126
"YOR305W",19.9845411333706,0.316648309748335,0.390413647499103,0.278103631524455,0.475600907447126
"YOR321W",60.1119709987305,-0.264942234132785,0.286648534090644,0.278049133162856,0.475600907447126
"YBR086C",153.645257500612,-0.248301649532391,0.260830107681404,0.278331938368311,0.475857830113564
"YNL024C",6.75074228389391,-0.322089812674019,0.491706853671719,0.278435164922227,0.475900821705265
"YLR113W",75.0346966697085,0.249640682324677,0.261461543768402,0.27852178861664,0.475915419573429
"YER087C-B",92.0163400784103,0.245438912146747,0.255246291627657,0.278813478266696,0.476146861876019
"YLR126C",23.35396676894,0.311381500249037,0.374242880644769,0.278768069668836,0.476146861876019
"YLL042C",10.5889666986454,0.324880014007562,0.435929107571498,0.279176684740232,0.476479822375075
"YLR088W",38.6589561832055,0.277098837079362,0.304803258469746,0.279274073349372,0.476479822375075
"YML082W",23.3668460477061,-0.297736431355248,0.346342414726531,0.279321149359498,0.476479822375075
"YMR150C",22.2637509776034,0.311540757806878,0.385718328327019,0.279207184183878,0.476479822375075
"YGL023C",42.1088027670613,-0.268999581357041,0.292873321595887,0.27958823016011,0.476494478022258
"YLR124W",3.58485394421519,-0.282289581130394,0.550200604363786,0.279584184255744,0.476494478022258
"YPL226W",224.183922196079,-0.256541440019257,0.271800920048966,0.279642452483284,0.476494478022258
"YPR038W",9.30634531214957,-0.322678673250423,0.461146134087978,0.279566865503733,0.476494478022258
"YDL063C",34.6729446464904,0.297799107141313,0.348391739581416,0.279764219075808,0.47656872981192
"YER078C",68.9832267972871,0.250533949276812,0.263224173823965,0.279850336968524,0.476582230741311
"YLR439W",19.725237766452,0.308506846086617,0.374062460092399,0.280038848944254,0.4767700514847
"YER018C",20.7502497589325,0.311909437929464,0.392690850735024,0.280268764390434,0.477028237631861
"YEL019C",23.9871251735318,-0.295377587525607,0.342562964163344,0.280446288913472,0.477197133145621
"YAL016C-B",18.415568149164,-0.314359382379898,0.396529566427455,0.280850495663852,0.47775154090739
"YGR059W",2.96990816347007,0.278907562222481,0.557886285448679,0.281053708369267,0.477963826035347
"YJL168C",49.2608778588949,0.277447599847575,0.306218162343843,0.281456379172157,0.478418795844011
"YML111W",62.1890437038888,-0.256447898510244,0.274117184761425,0.28147822836696,0.478418795844011
"YGR071C",39.384568744983,-0.277172758556043,0.308596147390744,0.281871993810217,0.478687601636464
"YOL009C",18.5307666844624,0.307755037161387,0.372277423218713,0.281797386496107,0.478687601636464
"YOR099W",243.808125347223,0.255173098745999,0.271861867367428,0.281752512944814,0.478687601636464
"YPR141C",39.1343996519728,0.293772622492378,0.337938738246141,0.282121844158133,0.478978451293544
"YGR098C",67.3984630113496,-0.26091219943456,0.282672019277464,0.282810382986167,0.479960626877189
"YNL293W",30.4219432621309,-0.285316549312903,0.324995314923323,0.282857846061175,0.479960626877189
"Q0110",78.1459666924484,0.303378906826834,0.530238264048533,0.283160917941705,0.480073934591014
"YLR229C",91.2659033306713,-0.261247955367266,0.284470903007753,0.283057606247012,0.480073934591014
"YOR322C",64.4406446381822,-0.251220490643996,0.268292214347352,0.283128228620403,0.480073934591014
"YMR076C",37.1632366595318,0.278139914534331,0.309310974705958,0.283324043893179,0.480216920892361
"YHR169W",22.7463481754743,0.302333026510936,0.361575549094225,0.283402867098993,0.480216979418505
"YKR075W-A",17.9371929831427,-0.308253680681162,0.381099579276965,0.283503097883602,0.480253302279198
"YMR049C",37.8131311080079,0.279686560554915,0.313856026271382,0.28374034181894,0.480521640285202
"YIL142C-A",16.8289501877608,0.312893486524228,0.404836129444133,0.283914395381648,0.480549358470187
"YMR066W",44.2322291334539,-0.268087695399497,0.294580935078098,0.283861436540734,0.480549358470187
"YPL192C",11.3465435968941,-0.32042467709675,0.437462569194913,0.284469453684152,0.481355169407248
"YDR404C",34.9178821599178,0.286077984538875,0.330148363253695,0.284965150717221,0.481792675068366
"YMR247C",151.356606964507,-0.232083723179741,0.242506873888685,0.284916644874229,0.481792675068366
"YPL009C",115.063533896458,0.296564361635851,0.348904072668108,0.284949532074614,0.481792675068366
"YJL147C",17.6331253215041,-0.308918195780548,0.384213636951008,0.285395422505686,0.482386328389395
"YDR241W",4.46335521795753,0.303812987729166,0.533147679452889,0.285542693105742,0.482501445655529
"YDL235C",31.5956907786094,-0.287421150166387,0.331406722975211,0.285659260962118,0.482564632916882
"YDR304C",163.392015511091,0.229430602593491,0.238527146439145,0.285849820597973,0.482684154963243
"YPL043W",65.2828952292237,0.271792791880022,0.300524939150533,0.285888400232536,0.482684154963243
"YBL060W",40.2663870386247,-0.269109046758952,0.298762258231234,0.286059596675216,0.482768424544754
"YHL019C",48.523720040267,-0.269960590575028,0.299010938688806,0.286096726735956,0.482768424544754
"YJL197W",112.123226302564,-0.241936626138367,0.257795414547078,0.286254894323724,0.482901627706365
"YHR175W",50.9435722857013,0.265042765311421,0.291219164921091,0.286656000419809,0.483177080353633
"YIL135C",59.8708128650204,-0.264575889726202,0.290785859203392,0.286616434584742,0.483177080353633
"YOL066C",40.4656039838761,0.272090207752477,0.304176405494425,0.286649300872234,0.483177080353633
"YIL136W",243.91317969323,-0.251731042079813,0.271840620576007,0.286835490139872,0.483338318898399
"YNL261W",27.3650028508149,0.291348829923975,0.342289769916885,0.286989561295046,0.483338318898399
"YPR130C",30.597652312352,0.294411223030909,0.346327423895597,0.286965976267336,0.483338318898399
"YBR200W",57.0811421486532,0.271294279626661,0.302253152928493,0.287438749657051,0.483827445225
"YIL090W",60.5134656696033,-0.276955595992937,0.317539562315723,0.287431455628823,0.483827445225
"YGR057C",21.7167287256934,0.30844968729042,0.383324143688849,0.287522547409669,0.483834877543328
"YDR530C",108.025821337654,-0.232635964157315,0.245267074440829,0.287849491096333,0.48411772854088
"YJR116W",39.6147787594511,-0.270143892522807,0.304472013660179,0.287845029598321,0.48411772854088
"YPR162C",36.5293381722634,-0.272583688694604,0.308521698142912,0.288003307335058,0.48424280226405
"YGL120C",40.289602793592,0.283149758536603,0.323306045389553,0.288274686245726,0.484431820421202
"YOR205C",31.3493450924262,-0.290603550579321,0.341495807230682,0.288246433741668,0.484431820421202
"YGR212W",15.645405096393,0.30984949363556,0.399554781750181,0.288554560167307,0.484768479663654
"YNR004W",12.2078255298347,-0.313984198847511,0.423363067893221,0.288756601354533,0.484974231263676
"YGL174W",19.9805706846069,0.319194490462967,0.437037350464439,0.28891817820961,0.485111927324401
"YMR041C",38.1303456050143,0.272993592671081,0.308187184890761,0.289172127045523,0.485404603233947
"YMR201C",41.7006746037448,-0.290519973472466,0.342190767303926,0.289277913217197,0.485448480467735
"YBR060C",32.386731579166,0.283811600428505,0.32673559842907,0.289571871123184,0.485674340807872
"YGL172W",40.1521488716912,-0.267124138155335,0.29850579168626,0.289515597852968,0.485674340807872
"YBR074W",92.7383214681467,-0.256631369993791,0.282866554288353,0.290368091524873,0.486496126900373
"YDR321W",17.5439895871217,0.305614155554348,0.389147631231977,0.290460936142815,0.486496126900373
"YJR056C",20.7205414900394,0.305487718159109,0.379765548705995,0.290150265688623,0.486496126900373
"YLR094C",16.8561562698757,0.303595592657862,0.379759632293362,0.290414842863783,0.486496126900373
"YOR372C",30.4018055691872,0.286582066199947,0.333987778907607,0.290293367156081,0.486496126900373
"YEL014C",5.37791404111495,0.30577843140375,0.51244808920014,0.291266489291428,0.487423035956009
"YKL085W",675.762751285619,0.236582011690044,0.251224305609395,0.291286799599255,0.487423035956009
"YML061C",44.5131822574719,0.267007311992302,0.298591753699003,0.291301965586632,0.487423035956009
"YOR315W",5.97496280686184,0.311889732634859,0.504181640082765,0.291334228053772,0.487423035956009
"YLL052C",4.30457788034746,-0.28933224479374,0.532356615163034,0.291572813556058,0.487688336614757
"YKL006C-A",35.258266722599,0.281242921281537,0.324391681510174,0.291736444361219,0.487828155934603
"YPR129W",47.181342822135,0.27310689408478,0.309596369556219,0.292444895615765,0.48887867218269
"YBR092C",4.68010928322456,-0.295847744401622,0.521819694959491,0.292586235701421,0.488980835371582
"YGR170W",58.3508667886261,-0.254254186443594,0.279994303408575,0.292765569120115,0.48914642099427
"YBL071C-B",4.20362341395628,0.294799736678552,0.529565378427692,0.292881817966357,0.48920654439708
"YLR055C",23.9082274616607,-0.288444891565406,0.34884905666348,0.293316976194487,0.489799169837095
"YOR193W",41.6785515979624,-0.273978317771276,0.313498543875127,0.293816507662099,0.49047729432498
"YPL258C",15.1608727045959,-0.306994516096807,0.409470676863514,0.293884016222285,0.49047729432498
"YJR141W",16.080331860486,0.313520957463765,0.423980760399742,0.294265949659949,0.490980280092359
"YCL055W",11.7812848317651,0.311967141210596,0.426548870748461,0.294521662569845,0.491272450290971
"YGL203C",84.6785150557656,-0.276614889742156,0.320964312609534,0.294608750564387,0.491283265305046
"YHR050W-A",67.0975636394305,0.276471858503869,0.318136591481137,0.294947057459731,0.491651715684521
"YPR104C",68.1183439253646,-0.246443996913203,0.26919238689016,0.294991029410713,0.491651715684521
"YNL163C",73.4074011696655,-0.248990208915786,0.275567919523039,0.295249931441539,0.491948696592723
"YCL010C",16.2831429176619,-0.30105661812867,0.390343180596942,0.295650918639026,0.492482194344045
"YIR004W",63.6810674427862,0.288780268252448,0.346377811644389,0.296003918146242,0.492935486639712
"YER023C-A",10.6269253102149,-0.308472344472118,0.446971567986061,0.296131872709409,0.493013866201542
"YBR182C-A",2.90061667844415,-0.267879815313191,0.549920550306887,0.296274200453463,0.493090952917972
"YHR090C",32.2828394615487,0.291097330092414,0.353008323684546,0.296339977118709,0.493090952917972
"YDR266C",57.7295965687637,-0.253886944391322,0.282295814344115,0.296664884165255,0.493362201633623
"YNL024C-A",46.1800729419231,0.294270829639477,0.368481227401039,0.29664396079738,0.493362201633623
"YPL116W",44.2710675413848,-0.258227971432477,0.290908864201556,0.29682779671669,0.493498478174639
"YER187W",8.36205248993226,-0.310711636736883,0.468440934225918,0.297177339152645,0.493944881956742
"YJL044C",34.545140347756,-0.275138804552018,0.320488430606874,0.2975282114958,0.494258503425158
"YKL030W",13.3876921714399,0.30664573892999,0.422126411837007,0.297473100790686,0.494258503425158
"YBR160W",18.9969969774281,0.29751891258676,0.373692351013222,0.297690612733125,0.494393538040434
"YDL227C",5.28238099682336,-0.30268420938354,0.508721555140048,0.297915852952168,0.494498127381117
"YKL090W",18.6038244426632,-0.296669000001687,0.374144751880047,0.297834813933129,0.494498127381117
"YGL254W",27.3147152965609,-0.285209818546687,0.345750011177745,0.298079237514453,0.494634618200542
"YBR121C",176.27303882499,0.21437632369553,0.225860947638907,0.29880481156548,0.495476146684444
"YIL153W",15.0263407469474,0.305768939630131,0.413645826794707,0.298729397413709,0.495476146684444
"YNL013C",6.59843924753439,-0.306939554744719,0.483349469148381,0.298830240395737,0.495476146684444
"YOR069W",35.0593118307562,0.27091968514673,0.313855722542884,0.299239347061781,0.496019532320249
"YHR071C-A",3.91951026331862,0.278590226850756,0.539773892332567,0.299502584520327,0.496320895228764
"YLR353W",31.7010806512205,-0.283871277129084,0.349374004755631,0.299766255501506,0.496622812525598
"YKR042W",195.315872204891,0.245453546997036,0.272052966077013,0.30094569879647,0.498441313631654
"YHR088W",42.1977612435803,0.276106975975277,0.324482320043539,0.30116881709318,0.498649115975435
"YKL132C",21.9578295983508,-0.288300213007861,0.360543791176748,0.301234789995333,0.498649115975435
"YMR268C",12.4944967735771,0.309888882909139,0.431249217108964,0.301438129498102,0.498850230597593
"YNL008C",50.9148921687593,-0.250731428808801,0.282617080507112,0.301656274391161,0.49899154188659
"YNL235C",10.3688977273047,0.306707658848387,0.440091211703753,0.301687257071712,0.49899154188659
"YMR138W",9.68154605911625,0.309596739163051,0.440911431244683,0.301879850873483,0.499039243578486
"YMR274C",9.68154605911625,0.309596739163051,0.440911431244683,0.301879850873483,0.499039243578486
"YDL030W",46.739203056429,0.256943021895884,0.291071865069857,0.302000664239911,0.499103592337922
"YMR136W",36.0166952251682,0.277047019839682,0.328557288358592,0.302632920572597,0.500012917020866
"YMR303C",10.2084446511772,0.303331838583279,0.467111332818672,0.30290951546457,0.500334280963835
"YCL017C",192.662784348346,-0.248249917679063,0.281604875727367,0.303767501769158,0.501559062775984
"YFL009W",47.1509654177452,-0.252574043351445,0.288273748674222,0.303815596352573,0.501559062775984
"YBL089W",36.6977697958935,-0.268140400084244,0.317858378121592,0.304096734281704,0.501887244908472
"YNL185C",32.9581610773982,0.269210264254073,0.316153060419477,0.304370610721696,0.502203268096573
"YDR132C",35.6815637674195,0.263903720316956,0.307275496814271,0.304510174541985,0.502297568019864
"YBL009W",10.3291581445786,0.303567956528834,0.457154097772745,0.30530528762393,0.503472870148229
"YKL022C",51.4435427078186,-0.256817894652443,0.297336887056867,0.305544106178193,0.503730410374922
"YML098W",37.9167854671369,-0.264666192761982,0.309866204984877,0.30586485870457,0.504122853922215
"YDL127W",14.5036810754793,0.297647670124099,0.3998339024263,0.306228293444247,0.504449040146672
"YLR234W",8.26074991321896,-0.298470616731614,0.484278989035048,0.306152117272258,0.504449040146672
"YJL072C",14.4993292323906,-0.298110544465458,0.406718203329948,0.306551401554759,0.504582444502161
"YLR408C",9.98935334766469,0.306824280242799,0.446315757165925,0.306495803530277,0.504582444502161
"YPR021C",80.0433376043791,0.237226541403817,0.263249421419008,0.306557636093766,0.504582444502161
"YLR139C",13.30414581605,-0.299654225455692,0.406649911106012,0.307210776662493,0.505520972936797
"YJL127C-B",21.0217952206475,0.287208394842717,0.363197220009046,0.308302159889812,0.507068031581669
"YLL036C",35.8636663399012,-0.261316001749511,0.308603009778115,0.308317329785343,0.507068031581669
"YDR467C",24.7007615520642,-0.289293241278987,0.369537932849176,0.308680913383743,0.507529044260565
"YOR389W",4.57821411907676,-0.286782598539361,0.520067685062614,0.308837414547304,0.507649417924979
"YBR255C-A",56.8154753617817,0.251012116593263,0.286977102282083,0.309015222394454,0.50775227930994
"YDL077C",53.2508021195871,-0.24445418928985,0.278641216795714,0.309281439274484,0.50775227930994
"YJR142W",29.8008665756406,-0.268664217618553,0.322394195828103,0.309355209103419,0.50775227930994
"YLR129W",42.1741883496447,0.255912251817382,0.296888142952495,0.309399830247271,0.50775227930994
"YPR055W",52.85681267408,-0.264581146946337,0.31324005133458,0.309280960618071,0.50775227930994
"YPR193C",29.0130665477348,-0.277376688413039,0.341886400773061,0.309365897444508,0.50775227930994
"YHR148W",7.88480855245186,0.302356741113256,0.472589637948488,0.309525415618948,0.507821644198516
"YKL213C",106.731791528154,-0.235790853623623,0.265996173294653,0.309926596428112,0.508343004636529
"YBL069W",5.55435926256933,0.288699237000842,0.508958011363961,0.310345293214924,0.508847192268176
"YDL054C",63.4181615760726,-0.250223934436159,0.291212352102879,0.31040096158377,0.508847192268176
"YER157W",35.6311885406295,-0.264437336319664,0.316687833863433,0.311056283800246,0.509784364012503
"YER110C",146.73954614011,-0.248105315217163,0.289182621431568,0.312809351087648,0.512381885213441
"YFR006W",204.175195630584,-0.21973585337279,0.243615812393724,0.312806220535407,0.512381885213441
"YBR004C",37.7237108981776,-0.256854914405403,0.305042280364246,0.313313592593463,0.512932137216535
"YER120W",98.0378155292775,0.24206345801591,0.277489535336122,0.313298507698101,0.512932137216535
"YDL237W",129.144375138596,0.246313296820597,0.285225724201626,0.314133943064266,0.513585403158986
"YEL030W",11.8636562776377,-0.297336768358428,0.419243428381837,0.314098959604156,0.513585403158986
"YER007C-A",28.6448459006363,0.276771882183356,0.342785403049489,0.313938090411938,0.513585403158986
"YHR119W",79.5567492553221,-0.235474499704287,0.266728144097678,0.313868140195397,0.513585403158986
"YOL061W",82.0923373400317,-0.253439516438397,0.300260601602723,0.314064236367511,0.513585403158986
"YHL026C",13.6029873425126,-0.293311693091121,0.403303929675822,0.314340273381243,0.513784919887014
"YDL118W",5.65620624663365,0.281575200982692,0.512433039575622,0.314657117711061,0.514164914865661
"YGL027C",74.6456819272726,0.253007608513387,0.297995774356334,0.315209756444869,0.514792791053562
"YIL010W",24.3077669512112,0.283840939464036,0.36257238329592,0.315255460366082,0.514792791053562
"YOR036W",118.10255260033,-0.216198311982768,0.239679186286782,0.31529474799064,0.514792791053562
"YOR094W",19.5800249602374,0.287250635650752,0.375480339735959,0.316252442678104,0.516218167681587
"YGR073C",13.8641649562361,0.294466296467404,0.426250887723348,0.316484827438517,0.51645917623501
"YML030W",79.4472661552409,-0.263768792812608,0.32030441999271,0.317125458045728,0.517366077834237
"YNL222W",13.6293535783205,0.294163466360078,0.427058346028805,0.31764747944937,0.518079043950739
"YGR156W",22.3768284416003,-0.276063216655485,0.351047089026455,0.317754569673296,0.518115062107741
"YIL021C-A",7.553912256751,0.296601329296841,0.468851543795151,0.317934052702248,0.518269069596202
"YIL115W-A",19.9686199011837,-0.291502063601914,0.396530336682286,0.318152233704017,0.518347464428224
"YPR172W",27.6563865627297,-0.270781204357439,0.336904838298307,0.318067487378796,0.518347464428224
"YMR295C",295.705164776607,0.193108985989804,0.208921951880312,0.318320906406356,0.518483678393035
"YLR144C",47.6876103800607,-0.253085938317532,0.303521920708759,0.318499692806897,0.518636288447245
"YJR005C-A",2.46565296238287,0.237995605359468,0.553727753438805,0.318986781083272,0.519152050921907
"YKR006C",62.7505944906041,0.247938832539777,0.290266426240278,0.318969118892664,0.519152050921907
"YLR040C",6.85152287230418,-0.288820386334975,0.485208399749181,0.319170137334045,0.519173201775021
"YNL286W",30.2873293681185,-0.283557537152997,0.374412444424384,0.319090151556322,0.519173201775021
"Q0285",6.47040661943429,-0.292764403844746,0.486138602084106,0.319556218157771,0.51966252659328
"YPR112C",62.3698217211894,0.254960046963872,0.303099066729116,0.319683789984649,0.519731315005717
"YJL183W",62.2550523308597,0.248333458746514,0.294734621678172,0.320199980193729,0.519880797099019
"YKL214C",37.7226795528451,-0.251430548656447,0.300203982021685,0.31986150354887,0.519880797099019
"YKR075C",53.6793459929209,0.24193887946711,0.281946086744499,0.320180327359161,0.519880797099019
"YOR083W",9.23737385109641,-0.296097118843203,0.449808155040752,0.320190083139067,0.519880797099019
"YPR018W",48.1218248771627,0.286502540779955,0.38122740372586,0.320202216949912,0.519880797099019
"YBR178W",8.18136748587496,-0.292431680352976,0.45703019535336,0.320520442227504,0.520258880260089
"YNL001W",29.9275468427185,0.276719053584172,0.351232813984427,0.320640371052174,0.52031497911688
"YGL041C-B",3.75986625965042,0.265718612781975,0.532330655589673,0.321037396582779,0.520820583490028
"YMR265C",29.1600947852023,-0.263706854767685,0.326935524768865,0.321130344448742,0.520832743324929
"YFR007W",34.4059930315674,0.256868845177052,0.310569453401202,0.321548834933378,0.521234082159292
"YLL004W",12.805186146065,0.293796118437188,0.416171164660329,0.321493677113388,0.521234082159292
"YBR182C",63.4583085532701,0.258774685866519,0.316846573313585,0.321796756802974,0.52149727006491
"YDL203C",27.6626040819337,-0.266505225745325,0.335397056994404,0.322763033729881,0.522924160176403
"YGR198W",54.6901282859527,0.239582830709997,0.280111382040108,0.323223254036358,0.523391533834113
"YHR031C",35.1215142578686,-0.261772194167277,0.326911918770421,0.323139282711052,0.523391533834113
"YBR174C",4.56301446029932,0.276616189509894,0.51437686102934,0.32335756899649,0.523469955653016
"YPL080C",9.06725413036123,0.292609380768843,0.44932885113972,0.323499640835293,0.523560889774591
"YMR167W",44.0403551795837,-0.250207632038703,0.304311765326597,0.323926539523145,0.524112625004929
"YNL307C",87.5346275920695,-0.257324215867273,0.31960822501144,0.324215610518796,0.524441121579634
"YBR044C",75.1175389817195,0.226197940901761,0.259196748914851,0.324322159562192,0.524474280321454
"YBL026W",31.5272219111081,0.278056808342481,0.361067459291791,0.324473348022947,0.524513732871388
"YNR046W",19.1557884700173,0.282545665242938,0.380842051163067,0.324518668852831,0.524513732871388
"YGL158W",5.53700937328916,-0.282962395766883,0.494924239810857,0.324623260223183,0.524543682677704
"YEL073C",11.389666417027,-0.288189207148628,0.419271792312649,0.324936180604101,0.524910156581499
"YPL094C",112.091139687463,0.246726105979687,0.293505877968567,0.32508186066377,0.525006343599809
"YBR223C",12.7094906421214,-0.286023879234164,0.414973383882213,0.325254652386292,0.525146253323034
"YDR456W",250.426932947003,-0.232848387230961,0.273693277975407,0.325520939579344,0.525158847733219
"YML013W",43.626865588263,-0.246169065719778,0.297292861692674,0.325389106044468,0.525158847733219
"YOR046C",50.1361508552395,0.239388252886527,0.281247013712253,0.325435880871377,0.525158847733219
"YER180C",13.1925702002586,0.289394139714652,0.417263425477908,0.325831964540002,0.525383097522172
"YNL326C",15.0184318337608,0.287081978680161,0.408592583630825,0.325832339398492,0.525383097522172
"YDR138W",40.1463594264094,-0.248609797150221,0.300255723812891,0.325918951401724,0.525383763235522
"YLL055W",257.984380285293,0.203428991091091,0.227266916084462,0.326495016376786,0.52617322179178
"YBL004W",194.699932996337,-0.21127378513781,0.240209751258797,0.326742000967859,0.526432063415042
"YNL059C",67.7806269740993,0.274128855487214,0.35583908627769,0.326828897072128,0.526432908999636
"YCL008C",12.7125390989213,-0.285115107568322,0.407781267991546,0.327331842708019,0.52710372029204
"YML109W",36.7457397825103,0.249299022996319,0.301600898637732,0.327531868473553,0.52728651303389
"YBR001C",112.588764757051,-0.234581798571235,0.279259187207331,0.327987636530108,0.527830204546328
"YOL065C",33.0656668300695,-0.264198654430274,0.333374940242563,0.328042791603198,0.527830204546328
"YGR168C",21.2335743681093,-0.275917101336104,0.367097135875084,0.328476035025214,0.528387815644941
"YBL035C",21.3342113664089,0.279550036167353,0.383245932775105,0.328683111601462,0.528581415622931
"YPL001W",17.2915521543781,-0.279025517486708,0.378412422980554,0.328775734725547,0.528590900330311
"YGL163C",100.211433191556,-0.225431595307561,0.263441600736167,0.328954697299238,0.528599757458174
"YGR150C",75.1399634410116,0.241644250592013,0.287459358395269,0.328931228060844,0.528599757458174
"YPL146C",46.2887041552002,0.251690874280912,0.537413045538276,0.329927405908608,0.530023073013434
"YLR431C",15.1207615672824,-0.282840939900634,0.393637708759015,0.330116655552935,0.530187355888047
"YDR289C",37.340647553387,0.265432969767733,0.337274605617736,0.330328289618665,0.530387493473594
"YEL061C",50.3014199906304,0.268540232482864,0.345814913520809,0.330590157115673,0.530668161079806
"YNL306W",129.975380240255,0.20621162283834,0.233310145157993,0.330761297916752,0.530803083413007
"YJR073C",115.03992658598,0.207416930289829,0.236403320206569,0.331033266467465,0.531080686191732
"YOR166C",18.9561236408941,-0.273796359133845,0.368522451586567,0.331108549225362,0.531080686191732
"YDL156W",17.3057874603668,0.279833550506356,0.389629591958593,0.331288751006473,0.531229923016168
"YMR194C-B",21.1048186922259,0.271885546415759,0.360491466694662,0.331394204131265,0.531259251493966
"YNL120C",6.65309145017144,-0.284169844326802,0.477734179512659,0.331563417764764,0.531390752373451
"YDL068W",10.0963068256798,0.28619461583757,0.442798724534124,0.331966389925638,0.531896726234691
"YIL137C",82.4468458054398,0.219251429365115,0.254670589878591,0.332328817751396,0.532230253441977
"YMR149W",83.498759840497,0.240898900636532,0.292266710604708,0.332523840050377,0.532230253441977
"YNL314W",27.7123225229112,-0.258242163095391,0.327016676712299,0.332441404199552,0.532230253441977
"YPL231W",868.906317675061,-0.236321442867934,0.285726091689523,0.332474621226913,0.532230253441977
"YGL044C",44.0450688033651,-0.241612161489309,0.29362743852798,0.333033601898757,0.532906223043561
"YGL098W",21.6183067661882,-0.269276633424011,0.357314458686977,0.333298909337056,0.533190774910592
"YHR124W",10.7314086915892,0.286850633951257,0.438798028400977,0.333705453073654,0.533701059166603
"YEL005C",31.7071584535686,-0.266132216473445,0.347958013065175,0.334485964145819,0.534742301082458
"YJL172W",554.22679931222,-0.225821068411102,0.269004936000883,0.334540245288307,0.534742301082458
"YPR150W",50.1902674530078,-0.260187112135476,0.334838005045604,0.33461971063634,0.534742301082458
"YBR036C",148.731423715352,0.220084362601334,0.258098447482262,0.334863156579319,0.534991071913748
"YJL197C-A",7.80209500763983,-0.278268130763813,0.473887605486824,0.335157676772587,0.53530222625282
"YOR336W",133.01426372144,-0.213748836909934,0.249879275936376,0.335233568106155,0.53530222625282
"YNL137C",147.274395373771,0.199201861086573,0.226685428228548,0.335397736787055,0.535424097882949
"YDL113C",53.5683592557055,-0.233773791482067,0.281496712508704,0.335614072855834,0.535488946088039
"YLL051C",43.5523398673045,-0.258673541789003,0.338557010158435,0.335530488046976,0.535488946088039
"YLR107W",44.6222272648527,-0.238814971184098,0.292074520255589,0.33596298674405,0.535905366188166
"YNL046W",12.3234500412125,0.28213890625714,0.419361943611085,0.336271334701302,0.536256877290538
"YHR158C",56.4995255835907,-0.26528145023771,0.349777228983106,0.336370017707713,0.536273936157078
"YJL046W",27.53706990035,0.261187274235715,0.337274647504959,0.336460136315184,0.536277335470986
"YMR198W",17.7143012417995,-0.273837824794013,0.380275621663047,0.337142054320195,0.537223744073618
"YIL134W",13.4573121380437,0.280771573567908,0.408710116631913,0.337579534285111,0.537780256525811
"YER165C-A",14.2692816932261,-0.276393451578004,0.397837028251606,0.337829931268376,0.538038523930167
"YOR125C",63.2471301625851,-0.224776455234121,0.269034821260123,0.337990444952386,0.538153542838243
"YDL160C-A",9.9782231249145,0.282402668833188,0.43219082201766,0.339228613858359,0.538884417098724
"YEL067C",12.3631150963816,0.28218925280997,0.414173095952568,0.338555819128982,0.538884417098724
"YHL043W",13.814383756965,0.28017216204017,0.418641579240333,0.339176123283461,0.538884417098724
"YHR168W",26.0840050223907,-0.258903136917642,0.339898093623104,0.338887220419589,0.538884417098724
"YLR458W",5.50131355981657,-0.264214712275478,0.511936711976702,0.339071581887253,0.538884417098724
"YMR129W",125.747588684972,-0.227910846796306,0.276548661980455,0.339245202363872,0.538884417098724
"YOR070C",53.1132252365441,-0.232383076941395,0.284200936832444,0.33879511365661,0.538884417098724
"YOR186W",38.3460247800961,-0.25100657465584,0.32341762234689,0.338663100758665,0.538884417098724
"YPL055C",31.6310093931345,0.265695877900864,0.351752620195895,0.339080137187561,0.538884417098724
"YAL048C",26.2737660915009,-0.259117643687015,0.342212194397635,0.339543322420586,0.539217444021227
"YBR077C",37.3618654225536,0.248357568351248,0.313905273306293,0.339751186858447,0.539239172865225
"YGL188C-A",5.72632768413912,-0.26650638805538,0.508970556597049,0.339822422145255,0.539239172865225
"YOR106W",29.0125050821964,-0.260362505300197,0.339999810895227,0.339745928722766,0.539239172865225
"YKR078W",23.5087837150755,-0.275551873058216,0.386624121316723,0.339946731037823,0.539296024381971
"YNL162W-A",4.34874008660404,0.262698141361352,0.519635689498998,0.340597345389905,0.540187567044359
"YBR260C",42.464190020236,-0.234255130838413,0.288295325229899,0.341096255166236,0.540813168341911
"YHR040W",14.2546014974846,-0.274974871279756,0.399491468141664,0.34116925878173,0.540813168341911
"YDR009W",14.3711913028858,0.275570566885867,0.401139377579134,0.341927598863338,0.54149088796428
"YGR094W",254.428647778787,0.204464202948619,0.238429370585274,0.341847683168333,0.54149088796428
"YNL238W",80.3565678212454,-0.222736632899025,0.269676338906629,0.341783368959072,0.54149088796428
"YPR061C",89.5002097263361,-0.217013962382511,0.25846250160874,0.341952162063086,0.54149088796428
"YEL017W",15.7402605386793,0.275089473059266,0.402531830681218,0.342365791885186,0.542005065335119
"YFL003C",10.5780962752053,-0.281529312415922,0.440909210402128,0.342661173492211,0.542331823535452
"YBR096W",35.3317564532548,0.245349867704731,0.31073581123296,0.342810265932269,0.542421629297691
"YEL003W",30.6052012617906,0.281127032595707,0.440404982767615,0.34289590446005,0.542421629297691
"YBR215W",55.9744050442609,-0.255480827951091,0.333410018285245,0.34308569162304,0.542581030213395
"YBR090C",4.12128899567091,0.258271211568398,0.516466893327076,0.34384505498055,0.543452316616893
"YHL031C",55.379649809421,0.225112861199525,0.273070322989471,0.343904115699976,0.543452316616893
"YPR058W",63.363779739089,0.243344144591172,0.308671807963576,0.343887105721836,0.543452316616893
"YHR123W",36.1680753593778,0.249660166069679,0.322473877465337,0.344178941794441,0.543745632513509
"YJL054W",72.5144780281092,0.218319276732204,0.262213780480596,0.3447113147157,0.54402264712382
"YKR084C",59.6595325454558,0.233706837383992,0.28971101217198,0.344534860252812,0.54402264712382
"YLR419W",69.7249758175023,-0.233459614644067,0.288543028050573,0.344706658944036,0.54402264712382
"YPR182W",32.9541040574743,0.249040153773995,0.320916129256693,0.344473747045609,0.54402264712382
"YOL029C",19.1772417751393,0.272823030843293,0.387246355800918,0.345212573419329,0.544672698677403
"YBR023C",90.7371995719179,0.248941837836709,0.322727803385268,0.345777774466921,0.545423275200797
"YOR335W-A",17.0813492583445,-0.268290920209483,0.375786687842033,0.345967072432993,0.545580674380101
"Q0140",10.6351233973682,0.275301801678571,0.479767196193835,0.346726376569409,0.546212785006603
"YAR023C",7.70560692973838,-0.272478369750127,0.46397316546964,0.346568087772887,0.546212785006603
"YBR222C",217.934913574838,-0.204156242600563,0.242520612314642,0.346511899909435,0.546212785006603
"YLR244C",113.542065016978,-0.204774208796501,0.243237468817064,0.34671728909172,0.546212785006603
"YOR319W",48.775422810191,0.229372498514019,0.282283089716661,0.347118369061231,0.546689007604187
"YGR204W",124.531659966762,0.209414985177059,0.250088124100212,0.347641020104058,0.547370709773762
"YOR215C",177.595961711079,0.237789800882337,0.298441231797928,0.347744779168825,0.547392672787704
"YGL060W",24.3339502518299,0.264500929771439,0.371056385752658,0.348131724593261,0.547860279214026
"YDR498C",29.6107891113958,0.250622078107198,0.327689546273913,0.348621704833988,0.548342744906904
"YEL013W",99.0739845828973,-0.231504906639344,0.29172105418272,0.34870820004252,0.548342744906904
"YIR037W",201.731616773538,0.187987991050711,0.218147048904825,0.348581341303206,0.548342744906904
"YLR233C",26.4730082040601,-0.259849733037217,0.364043804088774,0.348911351158836,0.548520682309287
"YHR109W",16.4954720371506,-0.270243165391909,0.402078092347341,0.349039463457271,0.548580590451796
"YER058W",25.2361674508032,0.26122122090981,0.354226053036512,0.34930962435834,0.54886366601291
"YFR023W",4.77057375323528,-0.259821506741993,0.510308792446246,0.349529066335863,0.549066922504403
"YGR231C",142.371344197986,0.212086850916163,0.254557434985868,0.34963721873445,0.549095297136427
"YER159C",32.3142983503368,0.267589702197855,0.378081815565786,0.350040788042598,0.549587481483677
"YCR059C",8.51288678355977,-0.273677215790773,0.44700065776893,0.350334264223693,0.549633511126669
"YDL008W",23.5875499599183,0.257445637527284,0.347204513770145,0.350421570937116,0.549633511126669
"YDR188W",122.560693180952,0.214347578699181,0.259688748455322,0.350247528742028,0.549633511126669
"YIL106W",14.1015747206708,-0.272350206609358,0.426180235737453,0.35043081611784,0.549633511126669
"YIR042C",15.7621769532644,0.266326737400927,0.378239332862088,0.350616136497061,0.549782699240953
"YBL065W",8.20245467386491,0.26769394426747,0.476540965477635,0.350774670172576,0.549889818596156
"YPL137C",312.470100882725,-0.210954310359261,0.256768227610619,0.351208412412896,0.550428200991669
"YBR224W",3.55665989156009,-0.244411311404948,0.530381971883446,0.351304436231675,0.550437156512098
"YJR125C",58.947429372785,-0.224422641414662,0.280014791738876,0.351689203721917,0.55075685937438
"YPL228W",30.0988031353679,-0.253139215391178,0.340674855267395,0.35164431405407,0.55075685937438
"YAL021C",78.265940680997,-0.245086784433122,0.326098845932857,0.3524982414239,0.550969414214148
"YBR253W",31.3059026631876,0.255110772394714,0.342215128675278,0.352445260726848,0.550969414214148
"YER100W",72.1041484365066,0.216927388461415,0.264735621501373,0.352442479598285,0.550969414214148
"YKR036C",24.9246666132871,-0.24975477761425,0.335165354890847,0.352350219981498,0.550969414214148
"YNL029C",64.5191547659216,-0.213605678638455,0.261124376827851,0.352262886511204,0.550969414214148
"YNL164C",20.7383223047433,-0.257884750995559,0.355764079611893,0.352548107536534,0.550969414214148
"YNL240C",35.7471635028604,0.23822755706332,0.305601724302858,0.352449967564433,0.550969414214148
"YOR139C",7.64539477613389,-0.2640765053285,0.482106901745111,0.351997332165407,0.550969414214148
"YOL024W",4.62208487134262,-0.258149754792094,0.505483503453458,0.352669240985832,0.551017437531056
"YHR068W",135.354532909593,0.20947446589986,0.25383928833055,0.352834587892367,0.551134498514603
"YBR024W",80.5080159402207,0.218178464205839,0.267481377475387,0.353003113138855,0.55122691105551
"YGR110W",47.0799621192044,0.233690590193131,0.297120080970524,0.353074628508731,0.55122691105551
"YLR249W",1654.74814730569,-0.227438991679603,0.288081288014222,0.353371474888372,0.551549075401953
"YMR311C",209.755998815265,0.249765582722443,0.33145455886345,0.353582336081989,0.551736901797164
"YHR115C",48.1714293153979,-0.229105844588419,0.291711736237571,0.353674503052457,0.551739466625218
"YPL212C",56.3367329894786,0.222871350757196,0.276543380856301,0.353920893656696,0.551982560603266
"YDL248W",15.0316037765761,0.266411893302989,0.389558244610953,0.354880070494292,0.553336922400284
"YDR220C",2.8066877184284,0.232716307022541,0.534692926858402,0.355655606383432,0.55426257246408
"YFR038W",54.0940540276115,-0.223092552240996,0.279882168162985,0.35563848271319,0.55426257246408
"YDR189W",55.1773916505197,0.220994212621777,0.274950088098504,0.355834571521771,0.554399722245704
"YPR007C",4.96710878194464,0.252917926035709,0.510897510316372,0.355933881334985,0.554412728529705
"YDR367W",48.7949228326461,0.230183177918426,0.293419737380053,0.356034331706356,0.554427504279571
"YGL081W",6.19766463725399,0.266914765169652,0.484691872313155,0.356182825579139,0.55451706817493
"YNL058C",9.76875616172445,-0.270764769321494,0.436046872441064,0.356322160127664,0.554592330433635
"YBR151W",138.229733668288,-0.199185208303035,0.241432850089585,0.357170095046236,0.55577016321338
"tG(CCC)O",17.1103994631425,0.260701488686246,0.375422424872127,0.357554659172025,0.556101614252533
"YGR203W",9.43499403876823,0.269054943793649,0.452306969331232,0.357565582650645,0.556101614252533
"YDL142C",30.312942427618,-0.249742075093293,0.346397452184708,0.358216076834949,0.556414305885823
"YDR107C",31.2531702525132,-0.247540306933532,0.338289433932082,0.35813610454146,0.556414305885823
"YDR183W",13.5551243127352,0.266875645143582,0.399952214768335,0.358083818256035,0.556414305885823
"YER084W-A",4.05407738040592,-0.237973574259714,0.519695557423367,0.358097611904118,0.556414305885823
"YGL146C",8.8010931840673,0.267484160329398,0.456182305077342,0.358223090450528,0.556414305885823
"YOR270C",505.960361932559,-0.221480872694433,0.280897439784526,0.358592206276792,0.556845731785236
"YPL039W",29.4430917421352,-0.245433324278342,0.329221683795842,0.358703828508679,0.556877186642996
"YGR179C",15.8918444394881,0.264579489791608,0.386096381839107,0.359244960124139,0.557575256418799
"YDR483W",279.342351337264,-0.208753796487397,0.25938540680854,0.359628161807421,0.55788131838585
"YML069W",62.88865061546,0.219375307778734,0.274376460844689,0.359716748360359,0.55788131838585
"YMR290C",31.1772679398759,0.249700236093105,0.338299072733376,0.35969207125948,0.55788131838585
"YLR021W",18.044603849666,0.259012862720057,0.370840877201363,0.359868968386354,0.557975416513565
"YBR190W",2.9590753456914,0.225853197994643,0.534522364966662,0.360424153052889,0.558650981184397
"YKL098W",28.9108530228712,-0.249995782680514,0.35216715745044,0.360487991632196,0.558650981184397
"YOL062C",67.8219892663686,-0.216773191693145,0.2743440806933,0.360780649873805,0.558962394758729
"YIR003W",39.7913723130212,-0.23584216140168,0.310004891298591,0.360895283229906,0.558997903757631
"YMR124W",78.9078693095959,-0.209726261584994,0.260440899685093,0.361107115439223,0.559183909705809
"YGR167W",122.416190922255,0.206517062265248,0.253786417991693,0.361490965619823,0.559494016112956
"YNL323W",74.5267971548471,-0.206286049762627,0.255892242581504,0.361408729907262,0.559494016112956
"YHR187W",30.0875211513626,-0.239016022052963,0.319361244172477,0.362031511153742,0.560188388038096
"YGL186C",174.42053786427,0.19560466739112,0.237775689253432,0.362159571486537,0.560244311728539
"YNL053W",42.3837009194751,0.241124203201398,0.327046946386919,0.363139142632492,0.561617121122821
"YIL005W",96.8491291160904,-0.202345800771721,0.249993820860645,0.363655623599861,0.562130617763417
"YPL125W",67.7638749746593,-0.213453240652554,0.270082777960058,0.363578596220918,0.562130617763417
"YMR233W",11.5764413255271,0.267116971043353,0.427745351637246,0.364458738754545,0.5632292121473
"YMR099C",88.5992148792898,0.201581400668462,0.248142420917966,0.364675168232826,0.563420823923719
"YPR142C",21.3393457711711,0.26677947941851,0.422436664847777,0.364940870069396,0.563688444772673
"YKL018W",17.68179548041,0.257180927722209,0.380962353744916,0.365059854660664,0.56372936766069
"YPL134C",115.695562299218,0.200133232618182,0.247265281097164,0.365340709562189,0.564020168384382
"YKL138C-A",8.72900521899684,0.264563623452021,0.473850815316081,0.36559784147628,0.564131352860234
"YML037C",12.0655908084283,0.263734717261024,0.407693015993582,0.365578968778837,0.564131352860234
"YAL011W",25.9951708626812,-0.256341716482355,0.372927455677061,0.365944427121025,0.564434986169868
"YMR057C",2.70405231200431,-0.223640760292071,0.533510807181688,0.365979830245007,0.564434986169868
"YEL056W",28.6394860995044,0.245118551449614,0.341472249085362,0.366377217862816,0.564762049285246
"YGL105W",119.553164315786,0.199573468097035,0.246739946444978,0.366336406718773,0.564762049285246
"YGL213C",45.782788249056,0.229103385093839,0.301485314580257,0.367166532384749,0.565835654838191
"YDR038C",6.19731905219899,0.259642262558252,0.480142479596472,0.367753053288145,0.566596273961387
"YOR355W",117.143445773836,-0.206607684874209,0.260629133119663,0.367973026454701,0.566791912115594
"YBR127C",552.328880912988,-0.217234022329739,0.2810298077374,0.36810485349517,0.566851713505068
"YDR068W",45.8257234030714,0.256523310488668,0.375303931397917,0.368572450196499,0.56740809425959
"YKL086W",4.88495646041929,-0.248479401759942,0.50281855835081,0.368652346721571,0.56740809425959
"YOR251C",26.9538636057926,-0.245860722572421,0.350040060254162,0.368924270769486,0.567683269462261
"YER084W",3.99499065227673,0.243137798360762,0.511645012086648,0.369338223612721,0.568033427433645
"YOL063C",48.4256210355657,-0.227463242612498,0.30464605508305,0.369312567536731,0.568033427433645
"YOL105C",33.9399952349625,-0.236684638837259,0.32714935242121,0.36982132213052,0.568632936020565
"YOR038C",32.6850382298154,0.232357082523909,0.312175053531622,0.369945150127088,0.568679871380732
"YBR269C",49.5102979232345,0.223741650549049,0.294362357853388,0.370182418541171,0.568901119770156
"YHR198C",66.5179319990898,-0.20692945283252,0.263070755056703,0.370314181172228,0.5689601548386
"YBR218C",111.631094370438,0.200426876346877,0.2509742577003,0.370671834313271,0.569267462804315
"YHR146W",76.1295197716625,0.241596676819776,0.333210785656267,0.370813246285424,0.569267462804315
"YMR104C",72.6452164965004,-0.230936327560732,0.314919508328929,0.37088779241935,0.569267462804315
"YNL291C",28.1529315672347,-0.237969966844543,0.328579202054177,0.370818785306865,0.569267462804315
"YBR089C-A",55.2059445059414,0.217251074235807,0.281321024076678,0.371278193299876,0.569568703071577
"YPL120W",19.3557630405545,-0.255708501764851,0.380562697496563,0.371319668647358,0.569568703071577
"YPL204W",97.620897866416,-0.206906684374528,0.263088753657514,0.371364401313609,0.569568703071577
"YNL303W",7.52573159132659,0.257112452813848,0.473420923620061,0.371641761050952,0.569850700278127
"YHR216W",10.3364609621915,0.259878215459599,0.440347030848304,0.372220595919122,0.570594701239198
"YEL050W-A",38.8327573969741,0.234122690441128,0.31880614353,0.37302751068518,0.571687874685988
"YMR006C",58.7281852872016,0.232894297446752,0.318467275618495,0.373269464886139,0.571914878954505
"YDR484W",29.7938332284272,-0.237100865102876,0.327635222993157,0.373530913899613,0.572171631117904
"YOL089C",70.2901262263302,-0.209427974916586,0.270619268647912,0.374242305064541,0.573117298836276
"YBR272C",37.3215086521591,-0.224671510501407,0.30120720447814,0.374478343374349,0.57333471561584
"YDR369C",30.1361216597595,-0.240380530680332,0.337072710880441,0.374781806737692,0.57365522653597
"YBL039W-B",17.3148582850313,0.256695307549045,0.392714321915697,0.374922720321972,0.573726834135681
"YDR062W",86.9302478151584,0.19867372426942,0.251078672336512,0.375026873663643,0.573742167414635
"YBR112C",55.0136133694686,0.233925729134788,0.318761277269606,0.375220991175992,0.57389012150995
"YKR005C",25.8101693259555,-0.239426311801678,0.337550837803566,0.375311898989116,0.57389012150995
"YPR147C",37.149731045849,-0.233461806599749,0.326945589794297,0.375759332680468,0.574430181260961
"YPR181C",177.481905894906,0.220297058187151,0.291546112821424,0.375916062040504,0.57452567656391
"YLR433C",37.2972419148564,-0.223236372592063,0.299347881695491,0.376195985492096,0.574665296133916
"YOR278W",22.51174046701,0.241529655573805,0.343021180767496,0.376153370960789,0.574665296133916
"YCR072C",12.3928624826722,0.256608787617499,0.401745508331028,0.37638285229866,0.574678816976027
"YFL016C",157.815207757167,0.23276978093352,0.318563571061991,0.376393410560836,0.574678816976027
"YDL040C",91.745882542637,0.194969782779186,0.24590648564655,0.377105592944574,0.574911481520927
"YDR123C",27.4329112966379,-0.240365112332378,0.347877650495067,0.377300398044907,0.574911481520927
"YHR019C",145.611067799066,0.226092975026209,0.305499298921828,0.376804501257256,0.574911481520927
"YKL108W",19.9348985317329,-0.248275167744469,0.364768090290335,0.377207482761443,0.574911481520927
"YLR137W",14.1522873098746,0.255065646345729,0.394844761956631,0.37674855119644,0.574911481520927
"YMR007W",12.9609845224357,-0.253932248300753,0.411000785790706,0.377084631021654,0.574911481520927
"YNL041C",61.1702343924835,-0.206638184143624,0.267513358732769,0.377171639991771,0.574911481520927
"YOR118W",70.3713828885078,-0.202829466119387,0.261727393882683,0.37706849105561,0.574911481520927
"YDL126C",788.513807347515,0.196126574115875,0.248536494208174,0.378018011873025,0.575142232243157
"YER165W",316.340058684269,-0.176298907612211,0.218162764362159,0.377591745768864,0.575142232243157
"YGR146C",14.7962554173854,-0.252194236223226,0.395653736293776,0.377995373035481,0.575142232243157
"YHR176W",38.4649790814025,0.224554644358355,0.302035849106006,0.377822747241217,0.575142232243157
"YNL288W",48.0741837586086,-0.21597853194008,0.287235061289008,0.377726500302105,0.575142232243157
"YOL073C",22.0783741852609,0.241449628660683,0.3449195723134,0.377997108056884,0.575142232243157
"YCR066W",14.5829745297544,-0.252989166603792,0.394732777864492,0.378581698909577,0.575634074431942
"YER068W",79.9621558626299,-0.200662257261245,0.258082478791673,0.378623754410311,0.575634074431942
"YPL178W",48.5823998018441,0.21899322429371,0.291982482456092,0.37862461105786,0.575634074431942
"YJL103C",109.139329811906,-0.189425370887303,0.239328312479242,0.379159269544748,0.576198224421491
"YMR187C",12.2811759368676,-0.254947163166402,0.423994568012832,0.379184754414208,0.576198224421491
"YPR140W",41.3931513855147,0.2229492965229,0.300336166697176,0.379342220874527,0.576293827574836
"YDL134C",106.028722519251,-0.192407094468034,0.245503925485792,0.379489325080594,0.57637364474613
"YDR052C",73.8881261048504,-0.232439321286728,0.323758903998717,0.379930755425339,0.576900337398466
"YDR435C",49.2749653483452,-0.223797267670147,0.309284256083337,0.381600520258065,0.579238178742461
"YMR011W",15.0583642425123,0.250456466356417,0.38541119529122,0.381755498606803,0.579238178742461
"YPR005C",28.8930805478551,0.233080922734186,0.325188955755576,0.381702742773905,0.579238178742461
"YKL147C",23.0488900418252,-0.241469044115004,0.361852986346733,0.38221761447934,0.579795012506615
"YKL032C",52.3308830935959,-0.224867823192943,0.309637107388157,0.382550479598704,0.5801555544051
"YNL232W",50.808986247471,-0.210393628769522,0.280935791297265,0.383171062043964,0.580952145064169
"YIL118W",40.3854324833654,-0.219375133452248,0.298046544831684,0.383781813656391,0.581733438009376
"YLR181C",32.8944990232487,-0.23147605116538,0.325023130177959,0.383895422678645,0.58176096499909
"YDL155W",35.9059577889992,-0.222925485526672,0.307030076292683,0.384504319581226,0.582538858525372
"YHR070C-A",7.48963672379161,0.249563684198304,0.471966482031593,0.384811311900198,0.582859082015831
"YHR209W",24.9879269824156,0.241014529543112,0.361261248189378,0.385372189301249,0.583563600941892
"snR161",109.015034892661,0.237566797774246,0.347333593946546,0.385922890291708,0.584252363717824
"YHL002C-A",16.1102085400118,0.24771176172728,0.387472644123152,0.386021697209607,0.584256827537262
"YKR030W",12.0290142918358,0.251177993438611,0.404624665483507,0.386197252343877,0.584377421309814
"YGL043W",36.4139664546462,0.225857289019607,0.313581261472452,0.386564053826353,0.584787269315369
"YPL073C",4.49795098861285,-0.237118102988207,0.498922743664043,0.387331900405674,0.585803457313296
"YLR288C",24.1034856177532,-0.232909615598797,0.338228158514889,0.388311998719128,0.587104295766042
"YNL027W",57.5629947432134,-0.205217234996663,0.273885896400357,0.388384662925132,0.587104295766042
"YIR014W",22.0419719849922,-0.244691219913669,0.376273648600801,0.389425695375623,0.588532014211362
"YEL039C",255.148400001766,-0.227537511236818,0.326134458860622,0.390006453619733,0.589117555095979
"YPR050C",16.9919988682128,0.248744401195667,0.391002906439565,0.389953654069275,0.589117555095979
"YGR174W-A",9.08318366530988,-0.250423361052316,0.447632397704712,0.390126037814007,0.589152180494642
"YCR024C",21.3412782244799,-0.234128950924187,0.345652089142329,0.390671671300981,0.589830031354837
"YGR206W",18.3764491223044,0.241117145559129,0.36449052766892,0.391114017411948,0.590351643418975
"YPL053C",95.6971572394498,0.19017565090735,0.247516227109361,0.391301890395728,0.590488987858867
"YOL097C",54.7273590625491,0.214406228941914,0.295196024972056,0.391401120294349,0.590492531731202
"YHR138C",181.847685247418,0.188537797326703,0.245154686370664,0.391818603352289,0.590976091915913
"YGL057C",24.1419974638562,-0.230629719657498,0.336597462143595,0.392146962888179,0.591240103465803
"YLR370C",80.0431682297268,0.19799976000293,0.262137092389691,0.392187651897005,0.591240103465803
"YLR366W",3.0908257680914,0.197666892011351,0.532658798085304,0.392319901386383,0.591293224270525
"YBR295W",97.8418622071094,-0.216783352649052,0.305898784721453,0.393411308690943,0.59279157638351
"YBL066C",108.691010858902,-0.188024718128378,0.247620528273734,0.393717382303055,0.592959586147052
"YMR083W",337.93104045934,0.174443712105257,0.223493944871357,0.393703778707381,0.592959586147052
"YEL037C",60.9087347696975,0.209214132127704,0.287559115683329,0.394695108488726,0.594285248576775
"YDL006W",35.5134612908498,0.219056102492098,0.309985875343068,0.395143668368265,0.594813696889251
"YLR030W",4.64415566292447,-0.225840568019322,0.50240770101652,0.395473697673177,0.595163503041485
"YAL053W",134.563957237884,-0.197232922701718,0.266766106915285,0.396218896754613,0.596137787143759
"YLR153C",389.519061906397,-0.203256675009154,0.278414610094169,0.396541709841151,0.596476239260073
"YER042W",43.665125037371,-0.210188351518211,0.291992779134183,0.396727776197508,0.59660888130368
"YGR236C",96.8676032705552,-0.225033362117367,0.327328700884391,0.397048100683635,0.596943308748582
"YOR103C",61.206154705305,0.198109667147684,0.266671364854059,0.397459836043394,0.59741496934266
"YML032C",39.905168734866,0.218029851611997,0.309448982864299,0.397579717552047,0.597447825068966
"YMR130W",24.5629654808465,0.22772800673774,0.332955379048986,0.39789218255449,0.597769990798525
"YMR098C",58.3460133306877,0.207379966054185,0.284872223661006,0.398217598897793,0.598111450291288
"YEL044W",22.5657220891297,-0.233496978880328,0.364468501412003,0.398982850657527,0.5986707224908
"YKL054C",206.606288115509,0.229362384683381,0.338443857956749,0.398978157680054,0.5986707224908
"YLR054C",18.3473429993903,-0.237272083927645,0.380483518111555,0.398881366871163,0.5986707224908
"YML101C",23.1167328178877,0.230391477558456,0.344918325396002,0.398919959186541,0.5986707224908
"YAL005C",641.861314837198,0.167873135860887,0.216160770241487,0.399628356630726,0.599377352391008
"YBL096C",18.2122452667708,-0.234486521930661,0.366270753388433,0.39965046105284,0.599377352391008
"YBL107C",44.4745587656452,0.217689101106815,0.308463678527489,0.40014083379919,0.599817605018707
"YER014C-A",19.8732425344218,-0.233686759917779,0.358768002891485,0.400050761388575,0.599817605018707
"snR81",102.408754676712,0.227363592150532,0.339702489737171,0.401359847709419,0.601365044483771
"YER172C-A",2.49714525309122,-0.192821118884161,0.532606116953469,0.401370467753894,0.601365044483771
"YDR264C",64.7943681905655,-0.217048853960621,0.315651989374247,0.401575246578591,0.601523993093269
"YDR535C",6.00111814203973,0.227936783116274,0.497585743739947,0.402029785138169,0.602056889537381
"YDR149C",65.8600666762402,0.23455725260399,0.36128559463249,0.402932855634108,0.60311290645626
"YER097W",3.55659161774249,-0.212320203384035,0.517494742884057,0.402869335968377,0.60311290645626
"YOR204W",223.432549751971,-0.201752866864717,0.281609318715627,0.40319082208027,0.603350861914865
"YPR114W",33.1401014621179,-0.214079090955366,0.308717731514477,0.403340886991167,0.603427272020413
"YDL152W",5.91800160330995,0.237894472161491,0.480477371776122,0.403609651683372,0.603533078265493
"YGL111W",26.8933547009097,0.224153923440968,0.331332462967227,0.403561153379778,0.603533078265493
"YHR201C",37.886577361066,0.212815584383907,0.304203896356224,0.405263378990233,0.605737508298538
"YJR100C",40.3979101896553,-0.220574744386556,0.323691391444601,0.405282618349703,0.605737508298538
"YDR454C",69.5218262159415,0.194758377504598,0.267717545624587,0.40551193724715,0.605931664016028
"YIL068W-A",12.036870537082,-0.240065247176639,0.408709982241273,0.405807324098675,0.606079150560615
"YLR376C",7.7908537408211,-0.239088935500602,0.449439092459312,0.405809518201455,0.606079150560615
"YDR514C",28.2935466354141,0.217938986821262,0.318470112709859,0.406094888739009,0.606356772872185
"YAL058W",17.8988265541559,-0.234098451283272,0.387587096475263,0.406249423055619,0.606438950165073
"YJR153W",5.66760352020771,-0.231908773393349,0.481010322321415,0.406419009872618,0.606543551707543
"YLR253W",66.3182563296068,-0.194645067941685,0.269114462437469,0.406989052981015,0.606948440890454
"YLR428C",7.79139209149978,0.237329707853958,0.45927039628714,0.406979863133441,0.606948440890454
"YPR045C",66.7647592623938,-0.209492525405455,0.299959117356836,0.406845217212933,0.606948440890454
"YMR244W",9.99177171417401,-0.238898780897113,0.429460054480899,0.40711849295112,0.606992958546251
"YMR264W",49.7750151885944,0.206756841910442,0.292427302337865,0.40744455149346,0.607330531022901
"YDR440W",21.6214605283599,0.229515105365831,0.353058942293605,0.40767523722925,0.607525811958992
"YIL006W",29.2531020407957,-0.222783643782964,0.33812817919117,0.407887100414828,0.60769295454128
"YNL296W",3.70299733685867,-0.207043875388487,0.517226018977913,0.408312012944791,0.608177350659457
"YOL060C",108.764351897169,-0.184127056688625,0.249960989174334,0.408540950189544,0.608369677841503
"YPL162C",16.260016758588,-0.23324614502343,0.380893257702612,0.409444313812532,0.609565972810792
"YGR018C",20.0223188543765,0.233847145291652,0.371353455640169,0.410046024209841,0.610312702700606
"YER071C",25.7811301679623,-0.22368923119844,0.339998019895785,0.410492389608723,0.610571993008056
"YJL094C",195.855895271712,0.196926183849798,0.275772818063128,0.410620935084499,0.610571993008056
"YLR223C",160.526548789211,-0.222462570198449,0.339797329336691,0.410336491201222,0.610571993008056
"YOL095C",16.7777295381985,-0.231486089149257,0.373792325202825,0.410579200604695,0.610571993008056
"YBR055C",65.6799085125774,-0.198472731803719,0.280569791124698,0.410796681782238,0.610684335478717
"YMR075W",62.4145621718889,-0.227411716458552,0.354533572025567,0.410917784112388,0.610715409452574
"YLR085C",24.8325958095905,0.225488523115572,0.348309438744781,0.411759927384096,0.611817834569982
"YGL210W",56.1583475127502,0.202662993151187,0.28732418865596,0.411868318555107,0.61182973472907
"YJR052W",66.0822232992885,-0.188589714362029,0.261604172601037,0.412286821460778,0.612302187330273
"YOL048C",27.0399064234002,-0.219486385068942,0.334240387385954,0.412575777787042,0.612582062268459
"YJR013W",36.9232655844906,-0.208878115495207,0.304475641008013,0.413161284977291,0.613302004855478
"YGL249W",14.0410880799925,-0.232881926362822,0.388877882306554,0.413305096434958,0.613366097582437
"YBR284W",32.1888581447149,-0.209608362952792,0.309824882123691,0.414315747490539,0.614579535809762
"YGR096W",8.21604508377697,-0.234310512447213,0.443470810536445,0.414324415527861,0.614579535809762
"YKL025C",58.7700726315231,-0.191595451714038,0.26917408970683,0.414778570079227,0.615055264571638
"YOR231C-A",3.99808465820142,-0.213703521861241,0.504491019284905,0.414846955316489,0.615055264571638
"YGR090W",80.8524080935931,0.196659828949198,0.278768938253256,0.414957173068055,0.615069058815611
"YGR115C",36.5047774993771,0.229007095359604,0.364483180837676,0.415240414034372,0.615339247152808
"YAL055W",29.967900169011,0.229885366287818,0.369272814738692,0.415740197349523,0.615780438115515
"YIL091C",44.8657641728055,-0.209780891836011,0.309084234421528,0.415711618887313,0.615780438115515
"YJL112W",139.188345380493,0.172112678434156,0.232840451616137,0.41603482261829,0.616067114640057
"YGR072W",81.5455389226039,-0.225981958636481,0.36103553849593,0.416232424353719,0.61621001370802
"YKR059W",6.41413280934416,-0.229718307428486,0.46413071048962,0.417160403317363,0.617433865521934
"YCL007C",25.9295507760373,-0.217817018774953,0.333335381152662,0.417438334272095,0.617592209246324
"YGL181W",36.1321641159905,-0.20530857225386,0.303000461027916,0.417470041360928,0.617592209246324
"YPL213W",44.8288804783227,-0.203791876341069,0.297565757669632,0.418474291360532,0.618927640340316
"YIL159W",23.0462250813865,0.223970748998263,0.35450227999215,0.418591099480428,0.618950206534014
"YDR282C",18.87715458879,-0.222869703323712,0.354346835062871,0.418984354273433,0.619236564499986
"YLR396C",63.3217223168358,0.197188529002383,0.284465494967664,0.419069658337286,0.619236564499986
"YNL032W",33.1271225537502,-0.212107409452763,0.320071028110871,0.419089553496709,0.619236564499986
"YGR140W",30.8353765514805,0.211888187507374,0.318176795445389,0.419424030644504,0.619580578472674
"YOR026W",20.0665996736496,0.223530663489351,0.35696089643644,0.419536719032136,0.619596874848769
"YMR209C",24.4817880605012,-0.21634825911022,0.334200015004179,0.420362184501661,0.620523119179698
"YPL217C",150.188550213707,-0.181791710875954,0.254417308122759,0.420367507644459,0.620523119179698
"YLR163C",114.671455339173,-0.173412845064059,0.240072057868271,0.420603306994946,0.620655077212011
"YLR199C",34.2298119455029,0.21095106638043,0.315401285478554,0.420660561765844,0.620655077212011
"YBR230C",272.883990844898,0.163056646902923,0.220471803025087,0.421028259177713,0.620896985165294
"YDR205W",55.4202890639011,-0.206776219572961,0.312804920083734,0.421019702082259,0.620896985165294
"YIL114C",26.4692325625545,0.218673051089941,0.344533361097386,0.422050801829228,0.622254387312323
"YDR216W",179.869945377587,0.182333690932345,0.256653050262621,0.422937960010617,0.623260847742919
"YGL110C",40.9589798231717,0.215470871967457,0.330395309137454,0.422892765264969,0.623260847742919
"YJL198W",31.7906413218944,0.20883776584252,0.316609331762323,0.423164631474747,0.623444145235336
"YDR129C",219.050049135786,-0.17797541499775,0.251105982885372,0.42382553663487,0.624152863173206
"YER034W",23.5438598834072,-0.226512418083769,0.376930303515901,0.423850484113847,0.624152863173206
"YBL053W",13.3023202217113,0.233148280624847,0.438009072879221,0.424063295226241,0.624290121839661
"YIL041W",125.685475824294,0.19868942519593,0.29236774037979,0.424148547094017,0.624290121839661
"YER029C",34.8427272651667,0.218889926151733,0.343952719088953,0.424329477817507,0.624405261201099
"YOR110W",29.365143177262,0.216072723162587,0.335159304930841,0.424431664832839,0.624405261201099
"YGL235W",3.66337499442496,0.197790545605814,0.5181401100599,0.424845180280016,0.624712032281471
"YOR174W",17.5171521474059,0.225247136406304,0.370509611777207,0.424798316736963,0.624712032281471
"YBR243C",17.8123901109612,0.2234424902177,0.36778609058743,0.425030248474728,0.624833421238173
"YBR278W",42.781275045688,0.205799321105523,0.308013674756131,0.425389024985598,0.625210057219007
"YJR042W",51.2635282543859,0.206846822904075,0.314106342223327,0.42587427218849,0.625772345465006
"YDR110W",43.4755895912308,-0.207977270536206,0.316213362470267,0.426095791165274,0.625796107747552
"YJR088C",41.6247806917366,0.205814782337084,0.307995824968371,0.426019338653095,0.625796107747552
"YGL072C",23.4912016169761,0.225023360302175,0.370265298116161,0.427013520816815,0.626841861603682
"YPR066W",9.47503593744857,0.226910340929862,0.442548759725537,0.427009291126258,0.626841861603682
"YJL023C",25.1187059926371,-0.213422779316625,0.335590256652345,0.428337122120432,0.628330868670044
"YLR143W",21.8955422437164,-0.216262014859566,0.345801565422898,0.428277737773243,0.628330868670044
"YPL191C",14.1820931932019,-0.225972600254346,0.386478269304362,0.428302447906642,0.628330868670044
"YBR197C",8.24151136566185,-0.22489314659543,0.446491400264182,0.42862916292571,0.628514930123991
"YOL114C",7.37584374936947,-0.226388201759152,0.455971335496779,0.428668837493918,0.628514930123991
"YKL143W",40.9230167701719,-0.211378386132996,0.329672587117887,0.429061795060855,0.628800829176708
"YMR135C",68.5104530065565,-0.180324233446641,0.258470255053595,0.429070163830341,0.628800829176708
"YNL109W",22.8425464139265,-0.215508424080368,0.346771126472005,0.429344381446382,0.629051443489351
"YKL207W",74.626423603852,0.185636345991093,0.269153071908661,0.429883824832763,0.629458202115261
"YMR172C-A",15.3528621637445,0.229602028511749,0.415494291963561,0.429783714344364,0.629458202115261
"YMR217W",86.388720451483,0.190275415292402,0.278326736837927,0.429931828614574,0.629458202115261
"YHR034C",12.1666502622156,0.227045198888717,0.41352381087648,0.430073137152029,0.629513873905288
"YLR405W",31.1036815742771,0.211446099225642,0.332906428767111,0.430390358930881,0.629826947823222
"YGL122C",81.6264800716306,-0.178985393801624,0.258247639889871,0.430783065002967,0.630250307535546
"YDR407C",59.4707257953211,-0.192774468923024,0.286135175147715,0.431328703670362,0.63089715595653
"YDR265W",30.2972408441989,-0.206178996253224,0.321033657250046,0.431783731280212,0.631411190535723
"YGL015C",3.82724478892408,0.190451237582786,0.517256224259621,0.432150785389169,0.631557047281622
"YGR159C",57.129211596863,0.203622519701256,0.312265540788718,0.432194330469507,0.631557047281622
"YPL266W",64.7917501884673,0.18588620531736,0.270620429136791,0.43215329889894,0.631557047281622
"YDL147W",314.700690627063,0.166152980759159,0.232907208449907,0.432977609906002,0.632549983791248
"YGL248W",69.6363773302275,-0.180898357734028,0.262519988144407,0.433140606372769,0.632636471565307
"YKR035C",91.7113873534517,0.193313803947175,0.286612959816969,0.433581597622471,0.633128854218726
"YDR236C",25.3006259696141,-0.214137650122249,0.355672793317072,0.433851124149437,0.633219013814852
"YLR163W-A",7.93038004795199,-0.221306534783021,0.451062547198779,0.433764151435563,0.633219013814852
"YBR244W",7.95282828758643,-0.221787087647732,0.455178782459051,0.434079011636466,0.633251059620997
"YFL038C",213.831465070502,0.158608130505094,0.219939440200624,0.434080874010915,0.633251059620997
"YDR502C",68.979744067455,0.199070186929123,0.303928541008905,0.434189117215975,0.633257398763189
"YDR003W-A",29.4295777077732,0.209923912506201,0.335887076569291,0.434397726308398,0.633410081782221
"YOR068C",3.75566602990174,-0.204398472811222,0.502234782342048,0.434695225144783,0.633692273919506
"YGR001C",36.6748731463509,-0.201343009348771,0.310575741820212,0.434881653296849,0.633812452617001
"YMR121C",17.3468016170428,0.221674526998598,0.379429330799931,0.435000299482541,0.633833809549626
"YER182W",116.596594749876,0.189260394016616,0.279954473617136,0.435795223970219,0.63453700193466
"YGR265W",16.5649344551902,0.221867956001099,0.400384094885319,0.435703975817499,0.63453700193466
"YJL133C-A",352.028911108734,0.170053384048431,0.242429480224515,0.435673041581849,0.63453700193466
"YJL020C",130.77737284187,-0.19093191642813,0.286642794628782,0.436200909637258,0.634976007699805
"YPL154C",604.12579525887,-0.155085867288851,0.217935427295732,0.436645151934486,0.635470917153938
"YMR246W",164.365013013448,-0.169015266113562,0.243002280141128,0.43700379173067,0.635841038576853
"YPR154W",78.6058783796511,0.175287962615444,0.253335115960899,0.437500089959044,0.636411228711306
"YPL109C",56.5242213897038,-0.189315237516658,0.286007310419221,0.437621059421862,0.63643530354957
"YMR090W",688.519661308303,0.146959651672163,0.203710393765074,0.437927455087701,0.636728969169736
"YCR057C",32.7022212738525,-0.200447447968575,0.314660548815159,0.439025051744029,0.638029687184942
"YFL014W",679.49714628771,0.199946185232946,0.308962744625178,0.439031420517416,0.638029687184942
"YGR074W",26.3427269206164,0.206854745943531,0.329608066587651,0.439259003909502,0.638208254786273
"YDR339C",37.9692280870777,0.197859352818624,0.303845293241224,0.439502465162871,0.63840980104092
"YHL039W",54.3312331222546,0.184593078690345,0.274535252838395,0.439607794164266,0.638410651758685
"YDR105C",104.51212907583,-0.188216565641058,0.286465403426617,0.439920443258134,0.638712506350245
"YDR336W",20.45693458445,0.213387334196461,0.351870891116694,0.440131344364962,0.638866526293032
"YEL018W",23.7820630265793,0.213783278413823,0.353919437613255,0.44093818148635,0.639580727310639
"YIL150C",23.6792542798968,-0.207426137022315,0.335702071262211,0.440915069016628,0.639580727310639
"YPR173C",93.9094156680397,0.169726425989335,0.24520809729277,0.440855497395557,0.639580727310639
"YPL196W",49.1510628344949,-0.184690659646405,0.27801063891655,0.441649732595429,0.64046041403025
"YHR193C-A",6.6105076427741,-0.216535438999056,0.462904149882722,0.441954577774264,0.640750036045228
"YBR114W",65.0642838781914,0.177964366737456,0.262593603484644,0.442521659140935,0.641419622464685
"YIL066C",7.05189004761461,0.218691168729158,0.460769233191612,0.442784675251988,0.64164826335256
"YIL102C-A",12.1417508557017,0.221408988767018,0.412486142391435,0.443068375809206,0.64190676267105
"YOL117W",40.036809860437,-0.195760390220851,0.308480357618983,0.443441264562292,0.642294322126229
"YER020W",60.3647747752062,-0.181726656030335,0.273422694758096,0.443646804422927,0.642439361596042
"YPL193W",26.1379249597152,-0.218485073420436,0.385975749793612,0.443974275674045,0.642760857537601
"YIL132C",7.87289075413495,-0.217590921210889,0.445658856555858,0.444197015172279,0.642777969486003
"YOR228C",23.0582198986676,0.2128682034605,0.365496968163748,0.444138878607082,0.642777969486003
"YIL102C",7.57615404174833,0.213201163567481,0.464167616578713,0.444709146064453,0.643141871358936
"YLR224W",60.8448895296381,-0.176485588751388,0.263147831667167,0.444567575611085,0.643141871358936
"YNL016W",141.448526749004,0.163265979098218,0.235412376074454,0.444765051317132,0.643141871358936
"YHR069C-A",3.67684067125505,0.189511498284588,0.51094279123762,0.445500311895859,0.644052277278287
"YLR230W",49.1082697478605,-0.201009683079061,0.327787352714035,0.445706970979566,0.644198242380948
"YBR166C",43.8280567956862,0.190235468050787,0.29396710856627,0.44644574107804,0.64507429276559
"YOL020W",6.40078388917372,0.215226150810753,0.462228465612466,0.446524764754393,0.64507429276559
"YGR232W",61.2777944714141,0.176853889567101,0.263997062183124,0.446765702815766,0.645269421483909
"YKL012W",76.6780548430642,-0.189159825988348,0.292141485361536,0.447032433516943,0.645280135647662
"YOL069W",27.9629063170854,-0.211018221311904,0.360198787969217,0.447060470298595,0.645280135647662
"YPR197C",8.12780506906738,0.208722466483622,0.473565486703658,0.447090732213302,0.645280135647662
"YIL093C",44.2506009584131,0.185082205384198,0.28263245791543,0.447625782691065,0.645702313020061
"YMR081C",128.558004437675,-0.174803527040605,0.261767510685758,0.447701062317109,0.645702313020061
"YOR043W",78.5912338504569,-0.172006104067848,0.256049822137993,0.447592056292698,0.645702313020061
"YBR141C",9.95322194840107,0.217343912895051,0.425681818369615,0.448454946646303,0.646226134991106
"YCR007C",9.8702761003282,-0.218393942391052,0.420728061594613,0.448357168094371,0.646226134991106
"YLR443W",25.72512554091,0.206285688022065,0.344516926106239,0.44848835947701,0.646226134991106
"YNL125C",172.930209828066,-0.15983845052599,0.23386856347564,0.448178639223907,0.646226134991106
"YER083C",38.4186013498326,0.194990359156905,0.309249762344821,0.448698392658502,0.646375963898267
"YDR150W",473.764942197933,-0.174481288784742,0.262639366638359,0.44900747298124,0.646668371413199
"YOL155C",232.451868335257,0.170514366692111,0.253581079229952,0.449615184554455,0.647322655501138
"YOR354C",113.510719005246,0.165548756051646,0.24329048439875,0.449674179391603,0.647322655501138
"YIL097W",61.4915332393698,-0.192631515985483,0.303949787948747,0.449782178239878,0.647325236451489
"YDR499W",48.0723275225807,-0.19268494918759,0.304011148821767,0.45007709942314,0.647443927539306
"YGR163W",55.8849258117477,0.18445766662095,0.282947765793163,0.450050587835175,0.647443927539306
"YLR306W",13.1908610681848,-0.214618537450152,0.388627043827543,0.450216099781179,0.647491063748533
"YDR539W",80.0530574215092,-0.187081944186566,0.294239150334922,0.450706024553187,0.648042750566566
"YPL114W",6.87845968108667,0.213466181752058,0.456025312176383,0.45082858946997,0.648066097363081
"snR57",4.48712135815819,-0.191718912737514,0.50364070821269,0.451367102825762,0.648617887204767
"YKL133C",34.2344417013789,0.194137076323805,0.309272259673784,0.451490549159297,0.648617887204767
"YOL122C",70.7307881503368,-0.172327847182733,0.260156866174856,0.451531697360102,0.648617887204767
"YHL047C",10.2404068368967,0.21737403331492,0.418223486680261,0.451791080392274,0.648667700739093
"YPL030W",19.8103367983585,-0.210723880395583,0.380112315003616,0.451775633983355,0.648667700739093
"YPR068C",17.0502443251677,-0.211822496262779,0.382970654485813,0.451885653377882,0.648667700739093
"YNL148C",9.13467603442715,0.217190751148063,0.425825118163871,0.452242407862617,0.649026954537945
"YMR294W-A",181.328418003233,0.154580426852228,0.225215375255096,0.452747826474158,0.649599341421843
"YDR363W",35.6589112802595,-0.199186600175179,0.326684909924181,0.452994558762076,0.649800384950542
"YAR008W",23.6593337188177,0.206250117151891,0.348803478252877,0.453524303852207,0.650136097069956
"YIR036W-A",13.4445405734046,-0.213251893282639,0.407386966746515,0.453548594707376,0.650136097069956
"YML014W",17.9393232256028,0.209423698835271,0.36512893232713,0.453341739998277,0.650136097069956
"YLR205C",22.2549050980186,-0.202238902041438,0.338106414797565,0.453765452837685,0.650294012472535
"YIL144W",50.6837448388738,0.206055379171327,0.347663605737079,0.454587127919026,0.651318416705797
"YDR271C",22.2174349180633,-0.204215378854399,0.347759158330997,0.454704893625456,0.651334036814843
"YOR108W",17.2696712438545,0.210305216586568,0.375364863818167,0.454818699924751,0.651343979333025
"YGL019W",83.1848327229009,0.182599244417281,0.284837788702684,0.455113792597788,0.651613475659741
"YOL067C",16.9291734774479,-0.21001563055467,0.39237116251682,0.455440423568027,0.651927990053341
"YMR072W",139.234860238029,0.177988140554009,0.272971354105215,0.455927016399282,0.652471276110266
"YHR114W",28.4422629246969,-0.203347174691869,0.34622497772516,0.456134590353412,0.652547516686307
"YJL026C-A",53.2385442941429,-0.194251931196149,0.321401862225832,0.456301479264485,0.652547516686307
"YMR206W",11.0346123903196,-0.210064424906494,0.429164828487256,0.456295892318812,0.652547516686307
"YKR101W",44.4387619468555,-0.188647384839928,0.300953580082673,0.456577854574151,0.65263649709884
"YMR153W",38.185498809596,-0.193554291246529,0.318259550226441,0.456497251186921,0.65263649709884
"YPR054W",5.92015202691259,-0.201961530059531,0.477523021507091,0.457319303979167,0.653543061606805
"YGL075C",25.9910324570246,0.197450822461038,0.32629257418357,0.457963431861517,0.654202356715628
"YIL078W",252.313290911271,0.149889766731352,0.219337317489485,0.457995316834387,0.654202356715628
"YOR241W",48.7234533213008,0.189600831836108,0.304517840155743,0.458457858825534,0.6547096179807
"YJR089W",67.0062216618826,-0.182663659166398,0.288305725641553,0.45893992434396,0.655244516016968
"YLL002W",7.68356649230419,0.212678278047332,0.441125803235548,0.459690935518791,0.655984506395801
"YNL275W",50.2360795611274,-0.183169481447061,0.294016160622933,0.45978110111942,0.655984506395801
"YPR056W",32.0195119049691,0.192327690560784,0.312970599534489,0.459698728133021,0.655984506395801
"YDR099W",438.508306370164,-0.166624638933771,0.255023156806199,0.460174966519483,0.656392796849111
"YBR274W",32.7857586992546,-0.19128729648763,0.315940039301267,0.460859005964417,0.657214703171062
"YCL045C",105.324797796729,-0.165729494073757,0.254532626828066,0.461026441829562,0.657299687240043
"YJL064W",8.45023453652754,0.211751183498874,0.431938242999044,0.46181675579774,0.658272480492803
"YPL027W",4.47400696375713,0.189774078137216,0.498351533007884,0.462003839041852,0.658385176282461
"YGL222C",50.7373472554222,-0.180758181087508,0.287875868866077,0.462727603435404,0.659262445754743
"YJL095W",48.5823167674251,-0.181843239108109,0.291501972329578,0.463408517926267,0.659924045972103
"YKR079C",22.9956061758466,0.200163505446263,0.341538478734717,0.46335300312025,0.659924045972103
"YOL145C",94.2764012036065,0.192469058865461,0.316902625320826,0.463675715123208,0.660150311533742
"YLR452C",21.9691918821101,-0.198341790353808,0.341514846403753,0.463883453091985,0.660291837131165
"YDR040C",2.67216536407466,-0.17465526980297,0.520273766239927,0.464451675478884,0.660946290460845
"YBR058C-A",47.2927707708588,0.189358324442575,0.308807848753452,0.464651053297954,0.661075669899866
"YIL019W",33.9349163613954,-0.195135124984989,0.329744354661457,0.464878265344563,0.661244580460936
"YDL189W",12.4421640253684,-0.208911046702139,0.410790585588302,0.465043822453448,0.661325734450249
"YFL054C",15.6540802965708,0.208126843998563,0.394902757840505,0.465513659225697,0.661839457191655
"YGR274C",85.0603478881555,-0.171512408626323,0.269295173913232,0.466202105413846,0.662663673623459
"YNL294C",48.0919596392902,0.18031901927155,0.28987587065853,0.46690280415547,0.663504917539657
"YOR190W",26.9072773848045,0.192373182720135,0.32645354742613,0.468325748871783,0.665371897289864
"YFR003C",64.3451056531889,0.181305521917351,0.293141020337327,0.468568306867706,0.665468907062968
"YGL004C",28.9817466109404,-0.190748646639331,0.325695324483499,0.46865688861559,0.665468907062968
"YNL266W",26.1333037140217,0.198812805883347,0.345724942133043,0.468721578018264,0.665468907062968
"YFL036W",210.437576081177,0.155397751939481,0.236970238906362,0.468862956892861,0.665514606954352
"YOL103W",60.0078367775957,0.169185964517195,0.266498581695535,0.469673024589422,0.66650921650117
"YAL022C",28.9163231578388,-0.19586062733288,0.350393540312738,0.469888262780939,0.666601165690833
"YGR041W",35.3285839130989,0.183805674759315,0.302817216162694,0.469956556025186,0.666601165690833
"YDR291W",63.0088815608678,-0.172367832592847,0.277216699679413,0.470691189627707,0.667487854997876
"YPL189W",19.0597356722621,0.200184106086249,0.364415548069752,0.471578134258617,0.668590074041934
"YLR418C",32.3243823823362,-0.188061275228196,0.322735645664946,0.471848861468992,0.668818328058955
"YGR202C",87.2067247342449,-0.171509764504446,0.275682184867792,0.472358882350931,0.669229983247077
"YJL206C",35.5664555317535,-0.181883545303232,0.30215182427047,0.472276833786518,0.669229983247077
"YPL139C",50.8781622310804,-0.17501887971784,0.284709711963648,0.472512999700577,0.669292756954454
"YDL158C",22.3501427936488,-0.200910744147482,0.374100891213996,0.473279477675051,0.670222680397174
"YOL123W",145.486125592768,0.173707097675933,0.278896426291517,0.473473994217115,0.670342391348041
"YLL059C",10.2649659019898,-0.20380700788343,0.414724458930078,0.473594263112405,0.670356951618697
"YDR228C",37.2047822868969,-0.183509209995142,0.306336546161328,0.473757271880233,0.670431987952176
"YPR019W",69.7151976910226,0.168753645133763,0.269862914342038,0.473928873773557,0.670519147086776
"YDR388W",89.3583057891416,0.17131529216071,0.274639321005864,0.474213693555057,0.670766410354624
"YDR066C",8.88939848233751,0.204853489779244,0.427136192610731,0.474334963292676,0.670782274076302
"YER130C",40.3677850413036,0.179119837247766,0.293837386593236,0.474587572862594,0.670976636675728
"YNL076W",44.6506024533144,-0.177517307847671,0.292913964891476,0.474692577087078,0.670976636675728
"YDR142C",19.1872635968467,0.196556933321722,0.35263217542868,0.47518822789184,0.671521504521392
"YDL009C",59.4058963764867,0.188997708081032,0.322020884648009,0.475489374932276,0.671690492039095
"YER049W",78.5617752421936,0.171466109666787,0.276827537238515,0.475528215446874,0.671690492039095
"YOL147C",90.0981664014389,-0.172180367334355,0.282901053371476,0.476161350096586,0.672428968683664
"YER088W-B",3.19588584294016,0.172717328601122,0.511872897033762,0.47662455880365,0.672771349214508
"YNL099C",42.711758508915,0.181285283753093,0.301071739121691,0.476516326499106,0.672771349214508
"YDR385W",44.4161648914726,-0.179626359807223,0.303571601131407,0.477193059125399,0.673417850282312
"YEL022W",66.7339694203184,-0.168839030763861,0.274201775997338,0.477396893503998,0.673549552293257
"YGL179C",48.3802268957981,-0.176139959732926,0.293559472371755,0.478120881739025,0.674148416694127
"YIR034C",80.8310169759781,0.173474928501145,0.285419512796757,0.478153175614226,0.674148416694127
"YKR063C",68.6460222373736,-0.168028544790119,0.272959219368493,0.47813345098312,0.674148416694127
"YER128W",11.2309779344634,-0.20065663356368,0.436156907558265,0.479509436205438,0.675755110609646
"YKR023W",50.7398271838732,0.197660245545998,0.360994921472476,0.47951449604376,0.675755110609646
"YDR217C",76.4359241762228,-0.168126343605041,0.273687661548533,0.479766351089686,0.675953747085445
"YHR056W-A",6.61914094956676,-0.194761907308995,0.466282335407155,0.479883730505858,0.675962869755768
"YER019C-A",109.235001845117,0.153342116637686,0.240591142180863,0.480100282816552,0.676111650593087
"YDL217C",11.9107978200835,0.202947150858781,0.403691429258508,0.480276807638407,0.676204006134464
"snR77",17.8376822243324,-0.198043629588651,0.409269414212945,0.480473725174486,0.676325024235218
"YBR083W",15.8177680694925,0.199586083157808,0.383355225588094,0.481477951951177,0.676800765023622
"YDR073W",22.2885425150419,0.195776384135227,0.357928545363234,0.481463731277791,0.676800765023622
"YDR331W",40.5649917932286,0.177789271623793,0.299585408875442,0.481349407955081,0.676800765023622
"YGL135W",74.9782950262611,0.177823658095337,0.2991349440513,0.481155997883581,0.676800765023622
"YLR361C-A",16.5527734916489,0.200427195576079,0.382545364921285,0.481391819412773,0.676800765023622
"YML007W",177.153381125717,-0.144923273963969,0.225993690149726,0.48125881021646,0.676800765023622
"YNL021W",52.217508689181,-0.170392713751187,0.283326277334831,0.481682991188291,0.676859144409856
"YOL150C",126.863627243655,0.161889053083736,0.26175498278913,0.481741586292035,0.676859144409856
"YLR322W",4.01921288045266,0.186377146497178,0.492701779683022,0.482473433847314,0.677731177529241
"YKR022C",31.0642900257147,0.190479041444577,0.336461503232379,0.482741165252653,0.677951014335236
"YBR094W",43.4772709697865,0.176458553718959,0.296986862080181,0.483030370637231,0.678044704982478
"YGL007C-A",2.74244770420621,-0.162474705971335,0.517062787523501,0.483013800772012,0.678044704982478
"YDL197C",27.0251906937044,-0.185898105861338,0.334601617253141,0.48471325354413,0.678881460752448
"YDR057W",41.5832005064827,0.177265532920589,0.298712730980768,0.484383175068187,0.678881460752448
"YDR196C",64.0954504630404,-0.171584477540233,0.285999293785833,0.484023847696314,0.678881460752448
"YHR195W",67.301429274716,-0.1584867962009,0.256879521718129,0.485051834181538,0.678881460752448
"YIL048W",132.859638309266,-0.16351503038305,0.269129250651831,0.484516665564245,0.678881460752448
"YIL066W-A",4.4679310963761,-0.184840600710277,0.486313444374039,0.484763097142072,0.678881460752448
"YJL057C",67.1747021729429,-0.165462725874201,0.272351339842596,0.485297214847976,0.678881460752448
"YJL099W",20.5712791871229,-0.192131514654999,0.360670003998986,0.485295453893412,0.678881460752448
"YJL169W",10.9769975195137,0.200832636403312,0.426258762608924,0.484674042691753,0.678881460752448
"YKR049C",174.589555243595,-0.151877116081417,0.243074609874621,0.485102429127577,0.678881460752448
"YLR128W",15.5074210947356,0.197809974815954,0.379820371554365,0.484563344260352,0.678881460752448
"YNL298W",30.6274874125012,-0.18073329246916,0.312571216084109,0.484382145672771,0.678881460752448
"YOL042W",34.8838161087448,-0.177521477520636,0.305549512419164,0.485081154524743,0.678881460752448
"YOR231W",34.5099867981705,-0.182432764992396,0.318493318114576,0.484183501570271,0.678881460752448
"YOR299W",51.9577768851798,-0.172380467085128,0.291483009766127,0.48410441135415,0.678881460752448
"RDN5-1",4.56512290004228,0.169276108447171,0.512759687403103,0.485640089351893,0.679205219045386
"YPL186C",198.951707499768,-0.182576840148619,0.321071322825488,0.485892585211538,0.67940245626619
"YKR008W",75.4149858541247,0.167726566666356,0.276126499264444,0.486061839519032,0.679483236667087
"YBR186W",28.9374877608374,-0.188414093082294,0.342580776397903,0.486535212459337,0.679989020852937
"YGR075C",22.474937885679,0.191687241663791,0.358692990856112,0.486667507079413,0.680017986164379
"YOL070C",26.9775885215183,0.184585288189067,0.323666769896617,0.486808735641416,0.680059418687699
"YMR151W",2.98943993090034,-0.169890678071849,0.512199660610235,0.487002156154007,0.6801737263425
"YIL165C",29.9975037951304,0.192851673008051,0.361296993591843,0.487584967434886,0.680831701378151
"YDL125C",176.352336880354,0.157239313724886,0.255345914622567,0.488073873477074,0.68135828191543
"YOL088C",38.3290922879471,-0.174406825189739,0.298581107227009,0.488324247067266,0.681395669843174
"YOR016C",50.5915334465716,0.168164696633979,0.280577232035636,0.488278058632315,0.681395669843174
"YGL113W",28.0547305536046,-0.180838908612013,0.318468572945727,0.488966992308941,0.68198027874668
"YGL149W",18.565068297872,-0.196402155340765,0.38986168491318,0.488964343221978,0.68198027874668
"YNL218W",36.9920038802728,-0.177144769903049,0.308990572420753,0.48922754640045,0.682187576140641
"YGL250W",24.7922734432174,0.1905698983209,0.358608819475891,0.489501622858408,0.682413630220037
"YGR133W",20.8053815237028,-0.18739257703807,0.347584015634555,0.489794939646035,0.682537578690168
"YHR089C",60.3909740478537,-0.162754920979147,0.270194794888831,0.489814498636718,0.682537578690168
"YGL073W",152.710969591462,-0.168196133945481,0.284103704991492,0.490047568054042,0.682706269094716
"YDR402C",7.95826583367198,0.19677030274263,0.439804588047294,0.49065032716806,0.682838882458327
"YER185W",7.99610611976641,0.19217780329489,0.460190674137172,0.490279517429489,0.682838882458327
"YGR245C",87.2764362853608,-0.152354705172358,0.248309331591475,0.490926986535257,0.682838882458327
"YHR046C",35.4751688595217,-0.173420432811718,0.299783482490608,0.490914374790567,0.682838882458327
"YKL212W",123.736611245636,0.15972422921135,0.263025294557249,0.490556111605337,0.682838882458327
"YLR269C",35.1582986356823,-0.181442932112011,0.324928699650305,0.490475572523133,0.682838882458327
"YPL060W",17.5237573111435,-0.192778559599271,0.366500962924006,0.490719340371907,0.682838882458327
"YDR020C",10.7536223902372,0.196368104824103,0.418092197071323,0.491664107857977,0.683386420123452
"YFL027C",31.0747927862468,0.183087378312333,0.329560161962552,0.491476893556061,0.683386420123452
"YGL194C",26.6811326064845,-0.181537043262754,0.326419215330523,0.491769128574481,0.683386420123452
"YPR178W",20.0862855762612,0.192349149705769,0.362071465753247,0.491623548554502,0.683386420123452
"YOR279C",18.4863185397392,-0.190599466129455,0.360996991621061,0.492042753929576,0.683610801276673
"YKL219W",13.2161145360016,-0.1936340920473,0.394481784848725,0.492488511674954,0.684074174717148
"YGL171W",30.1267483593593,0.182604803689362,0.326023121047755,0.493061436690799,0.68431721110397
"YHR097C",50.5121302417277,-0.168372498839584,0.288090792075696,0.493009731910832,0.68431721110397
"YKR038C",64.6583867826723,-0.156245895232575,0.258330387601482,0.493112582636363,0.68431721110397
"YML068W",47.6321835807425,-0.169405239800852,0.292274184826462,0.492857291681261,0.68431721110397
"snR61",2.63940389403183,0.15918343178373,0.517474696191693,0.49337690952246,0.684528172897654
"YKL109W",574.363401161708,0.163732230653432,0.279285508522789,0.493658017222603,0.68468169994448
"YKR091W",17.9778132390958,0.191304094251399,0.373239823301796,0.493822602496656,0.68468169994448
"YML009C-A",12.5535001203199,-0.19539828797122,0.409844990632533,0.493824569804091,0.68468169994448
"YJL051W",35.0545268446733,-0.188649319743035,0.357919645684483,0.494028402197003,0.684808531132758
"YGL003C",39.1255101494665,-0.176497108624567,0.315519353581826,0.494254135164298,0.684965655713141
"YGR178C",136.403899917424,-0.162224222237902,0.275067028343104,0.494656112542815,0.685253941101591
"YJL122W",19.0410589225351,0.188925593603149,0.356178239080838,0.494687012444134,0.685253941101591
"YLR381W",15.3191525444781,-0.193323154035902,0.400159377274842,0.49482151443464,0.685284510447429
"YGL165C",31.383626524257,-0.175713310543372,0.310521878214485,0.495185064920293,0.6856322059721
"YPR196W",21.5384777102155,0.187846396766884,0.357418513351776,0.495551218975911,0.685983347639831
"YKR043C",75.3296225866892,0.173232044609804,0.303767599364701,0.49578351110163,0.685993303102029
"YML052W",34.8787084087026,0.175636201532219,0.310500034260564,0.495683473442752,0.685993303102029
"YGR282C",955.562566980598,-0.164391853636707,0.282111654783831,0.496004166012208,0.686142848807174
"snR18",17.8384644656855,-0.189167005239054,0.379173503262039,0.496297865449087,0.68635215251544
"YGR011W",5.18599382691128,-0.180370871461218,0.479134024093499,0.496380687167853,0.68635215251544
"YKL135C",89.7681154681105,-0.152678999497614,0.253399723514943,0.496570878950194,0.686459402858116
"YCR053W",57.74662203723,-0.161448511480617,0.274374841394914,0.497310555367327,0.687315152580116
"YGR209C",443.440203705763,0.128734404175997,0.20331416117032,0.497415445124019,0.687315152580116
"YJR053W",17.5828644357653,-0.187223740136125,0.359302786531353,0.497727356514223,0.687590262455618
"YBR250W",3.74576617473327,0.174994979752571,0.495153132695569,0.497998106769083,0.687633688305332
"YBR270C",25.2024053458826,-0.180378918517356,0.333474466484903,0.498097249199022,0.687633688305332
"YLR033W",51.9512972773019,0.182308864475762,0.331358666882262,0.498064421822314,0.687633688305332
"YDL012C",18.0003711952593,0.189757223912504,0.367558660314908,0.498317500749428,0.687781967180199
"YER139C",18.4145474688331,-0.187511651098542,0.359733195103624,0.498719943795425,0.688160091439121
"YHR111W",66.2335577064905,0.154305423887223,0.257036736055904,0.498817273827406,0.688160091439121
"YAL030W",66.4890711189847,-0.155075999862398,0.260690945119099,0.499008172989057,0.688267665618534
"YBL036C",82.3917017085488,0.15110751292395,0.250036320597203,0.499254224051596,0.688357414905551
"YPR062W",172.543077838578,-0.137221303078538,0.22273815012196,0.499299119162829,0.688357414905551
"YJL101C",118.956759677646,0.144978573057228,0.237364266220522,0.499429264283164,0.688381132023041
"YKL113C",39.3820283820419,0.168337977974132,0.291763221402806,0.499735337560755,0.68864727163301
"YDR465C",24.693936954909,0.179544791840749,0.329049603818718,0.500143053162385,0.68905332482476
"YCR014C",46.7960440744364,-0.182891219827913,0.34266251743939,0.500366657509945,0.689103603637598
"YHR135C",63.3207531546088,-0.159012330329988,0.271227833970705,0.500405668531584,0.689103603637598
"YMR094W",9.23200955031808,-0.192706477570899,0.436220059604226,0.50060417107578,0.689221238470042
"YML114C",29.3708195968062,-0.183857526116513,0.346115063529602,0.500890667480892,0.689459940897931
"YOR379C",3.06167026188867,0.158459586950003,0.514352012853034,0.501409319456718,0.690018018082794
"YDR368W",161.451932736998,0.135926400032203,0.220339359204346,0.502731682696368,0.691338490372852
"YHR166C",27.1477311487962,0.177285861706202,0.323508249094765,0.502562683959788,0.691338490372852
"YIL096C",14.4364227767549,0.19262632499412,0.397172368525621,0.50267159116236,0.691338490372852
"YNL282W",7.2533027984192,-0.18935142101319,0.442430035850621,0.502822564039844,0.691338490372852
"YKL067W",218.456582395747,0.133995357641734,0.217478194521162,0.503793308585895,0.692516963426034
"YDR214W",99.2949033843122,0.147519441796291,0.246244965110697,0.504149040855788,0.692849696508688
"YMR119W",61.2845394875919,-0.170340010694222,0.308308494208356,0.5045201016598,0.693047108320144
"YOL005C",34.8389579187232,0.170364414329935,0.303157433181059,0.504434546555001,0.693047108320144
"YHR044C",21.2527039585221,0.185044924069395,0.356787357674512,0.505140189790943,0.693742554478548
"YCR052W",9.11799403419885,-0.18968096434715,0.424399001816735,0.505415859151334,0.693808482325987
"YLR141W",6.30637249370919,0.18572868689276,0.456317034293082,0.505391880529471,0.693808482325987
"YNL187W",9.97625425393234,-0.188750659555638,0.415079083615101,0.505649296957616,0.693816403637251
"YOR329C",43.4426633662947,-0.161943848026135,0.284293082863289,0.505611234744453,0.693816403637251
"YKL144C",16.4423578036528,0.188228697421996,0.375712772073199,0.505946374529342,0.694067781399131
"YGR157W",319.591369066571,-0.158877630821955,0.277773766360145,0.506145811770242,0.694185131129529
"YNL239W",216.917790718553,-0.146156894218041,0.247525460165711,0.506725982672465,0.694824491426023
"YMR059W",8.15942340860772,0.190154174744029,0.430455367544645,0.506991863247882,0.695032705014809
"YDR526C",20.910931723857,-0.179815890013801,0.344519353667828,0.507196071596398,0.695156297814267
"YKL125W",76.4847224491741,-0.156033903966659,0.27193112928729,0.507376256660074,0.695246916444054
"YJR079W",23.5798688021701,0.178982890256588,0.336938816300089,0.507583172451603,0.695374114653298
"YER064C",6.62295060150096,0.183159767651166,0.460904556441687,0.50861598762539,0.69647594800646
"YOL099C",35.6081998137058,0.184133236589871,0.358843152851973,0.50854995549453,0.69647594800646
"YGL192W",32.121289946847,0.176039326205571,0.330793639942871,0.508824258241978,0.696604639259851
"YDL172C",29.6776506123211,0.184053488546352,0.361198657001727,0.509116124649637,0.69669123927695
"YMR114C",46.3853803919065,-0.167277072135049,0.301823268810197,0.509057900284306,0.69669123927695
"YJL055W",130.827082002134,-0.142010607207756,0.240157528383618,0.509786191575021,0.697451590942706
"YBR156C",17.6166055396519,0.183472978215391,0.361832864671117,0.51047480457729,0.697939266062533
"YDL233W",23.778405420016,-0.176768932906997,0.337057177865054,0.510600687017692,0.697939266062533
"YFL055W",6.06903138092817,-0.179447707262834,0.463573516577385,0.51055234109374,0.697939266062533
"YMR004W",60.1215269233027,0.15716614860477,0.273111126397962,0.510520573297961,0.697939266062533
"YJR135C",6.27409178064107,0.183406550276179,0.455199653910126,0.510873368935994,0.698155422346386
"YGL236C",26.8077247025364,0.177165641402891,0.338978566019918,0.51122234049615,0.698319176450926
"YHL020C",78.9208583394722,0.147367070841119,0.251033422916888,0.511113134861558,0.698319176450926
"YCR075W-A",18.2039511856022,-0.182559846142946,0.362817107527251,0.511709584686937,0.698455387110367
"YDR154C",20.1700621632049,0.183344643823383,0.364802366838005,0.511780436232141,0.698455387110367
"YGL020C",35.3893229659892,0.167043107895776,0.303045424840227,0.511714810208303,0.698455387110367
"YLR399W-A",3.85557857653839,0.166569769139017,0.495216390647448,0.511608144682512,0.698455387110367
"YPL209C",6.73900483509739,0.182686327128999,0.464746420316953,0.511931739436321,0.698505473889495
"YGL077C",235.281778536612,-0.149175555898587,0.259668531123618,0.512719693718338,0.69934758576018
"YHR204W",34.0020659832291,-0.168682840613547,0.31300867304546,0.512778402093887,0.69934758576018
"YDL022C-A",3.33455767640221,-0.162023848335113,0.500439274217832,0.513596654781888,0.70030684807508
"YDL230W",38.7678053286545,-0.162660076752876,0.295251282447227,0.514199219685705,0.700971649291964
"YHR120W",22.3965958658139,-0.175889628385544,0.342216623061878,0.514838812326086,0.701686619214555
"YKL077W",139.261403108365,0.150112206768582,0.260863197029147,0.515064269115361,0.701760114469498
"YKL124W",70.5336607642189,-0.145819255073895,0.252708688069113,0.515166549878225,0.701760114469498
"YKR024C",30.9206794861102,-0.170737859296818,0.320559056835671,0.515238148031337,0.701760114469498
"YDR395W",81.0774542170371,0.164067156441542,0.299723739422955,0.515985259262772,0.702620678106925
"YMR195W",131.099533763798,0.170358270234978,0.317940385650283,0.51662547006239,0.703335322767538
"snR87",2.57152372765807,0.152883541124638,0.511933917490543,0.517493650515778,0.703600295625127
"YBL082C",19.9137519846961,-0.180122637407413,0.38375133992993,0.517862007941071,0.703600295625127
"YFL046W",23.6548194828958,0.178040854964263,0.348175627854529,0.517932811834081,0.703600295625127
"YGR100W",90.766900921304,-0.145916232209143,0.255165036167869,0.517680333847159,0.703600295625127
"YJR112W-A",20.7666437337699,-0.17702225007113,0.353651898992959,0.517002552479346,0.703600295625127
"YKL159C",10.0234630724214,0.184861589454331,0.4096734176559,0.517787532282869,0.703600295625127
"YLR208W",79.247555965876,0.14566915494094,0.252382713198679,0.518084079853611,0.703600295625127
"YNL107W",31.7047613756348,0.175956458240961,0.340150777359848,0.518205369493223,0.703600295625127
"YNL161W",53.9922405059742,-0.152813741531351,0.271845606170697,0.518121450318102,0.703600295625127
"YOL107W",17.1288471874071,0.182145174497034,0.387628543137456,0.517630294860838,0.703600295625127
"YOR170W",23.4469221552101,-0.174588804268595,0.342223771992472,0.517062691344057,0.703600295625127
"YOR180C",5.0037027613126,-0.175224756774069,0.471184722248436,0.517274146579725,0.703600295625127
"YJR017C",16.3168366092134,-0.178970252985765,0.365771356632957,0.518432431688098,0.703751819852775
"YNL157W",109.740307397459,0.151489004962815,0.267225661856768,0.519418014642077,0.704932709695715
"YNL035C",9.14890115518484,0.184788232221199,0.421112043809543,0.519635531710247,0.705070918471494
"YMR077C",31.3004428490354,0.180293008109443,0.363729940230797,0.519903146275242,0.705277025717249
"YHR189W",5.40333993846455,-0.1748509377728,0.466570247413621,0.520307547285049,0.705668558233728
"YDR464W",121.718020168111,-0.174106495417412,0.34428094786958,0.520678340005887,0.705857313686806
"YLR059C",36.2505567188463,0.164538505006777,0.306452896834423,0.520598214367094,0.705857313686806
"YOL098C",68.4169055216025,-0.162098197036619,0.301905964236254,0.5208041934948,0.705870927140495
"YJR071W",17.5190310780538,0.179944886962982,0.369790572437252,0.521235378163433,0.706298272544715
"YGL037C",317.445066431567,-0.135576771631528,0.237023142023786,0.522349882297653,0.707651151945809
"YOR334W",26.2385112437591,0.170384450790978,0.328045080674848,0.522706415989285,0.707976801212153
"YLR017W",38.5536625198549,0.16263459359061,0.304250450389692,0.523456749039426,0.708835566628593
"YOL013C",68.6737931872648,0.145741231311583,0.257998784014181,0.523822999932894,0.709090325344945
"YOR041C",13.99681978594,-0.178539180281365,0.402848554350677,0.52387756112031,0.709090325344945
"YDL050C",22.555209718991,0.174023871454923,0.345637771278609,0.524075017747245,0.709200096174391
"snR42",130.649195460509,0.164798599873971,0.312849325471023,0.524734528894869,0.709462500801737
"YCL057W",84.0295821333135,-0.140553265152437,0.248333752479969,0.524509257412988,0.709462500801737
"YHR118C",18.5948450549571,0.180286322928408,0.3764789349907,0.524621174254094,0.709462500801737
"YPR027C",2.8910142282472,0.155106781988977,0.506543007003278,0.524416500466819,0.709462500801737
"YOR236W",44.1177375144153,0.155869165692604,0.285134795045776,0.525250052245096,0.710002011185154
"YGR045C",3.91849270980494,-0.163871796975704,0.488136973431253,0.526045087674151,0.710919026468725
"YML074C",122.407544662764,0.170713336054477,0.333422909463209,0.526281982163786,0.711081507711877
"YMR084W",6.24213337156981,0.170902509378156,0.469440615955684,0.526516948672413,0.711241312535097
"YBR287W",285.783133527151,-0.148784106595826,0.271916827788924,0.527517191330672,0.711730081141898
"YDR190C",76.0055326711542,0.145561333474456,0.259915793519458,0.527112640444089,0.711730081141898
"YDR478W",13.8570140659718,-0.17679060264483,0.378269583409453,0.527579410434634,0.711730081141898
"YMR159C",11.0510892088209,0.181312654632762,0.421919143794378,0.527226674272841,0.711730081141898
"YMR223W",20.2944782642928,-0.170767247578326,0.341841289401476,0.527386775952525,0.711730081141898
"YOL092W",72.5820013354816,-0.154009133366494,0.286699596885693,0.527377224564268,0.711730081141898
"YBR066C",14.7228419984522,0.179665518525836,0.389429581723871,0.528108900498385,0.712286733467063
"YMR257C",83.1790113810181,-0.142232268909105,0.255589890477285,0.528819894885645,0.71308788923186
"YHR063C",64.6182718048831,-0.146456505025546,0.265690664013852,0.529181009458964,0.713352498559719
"YPR161C",38.1430319549495,-0.160494667060632,0.305413112510421,0.529250204837908,0.713352498559719
"YER098W",54.804881488467,-0.152685326915321,0.28203058258285,0.529531978007755,0.713416756400811
"YGR106C",209.65801967469,0.141195913151295,0.250520380949964,0.529441354605005,0.713416756400811
"YDR100W",32.3526369737676,0.16918689700665,0.337436950517014,0.52988884450602,0.713438757682597
"YOR067C",79.9645903315962,-0.153577582437346,0.288219608397943,0.529899467765236,0.713438757682597
"YOR080W",28.4473694334285,-0.168784562575633,0.33746708370178,0.529772080505471,0.713438757682597
"YGL237C",6.51189085297134,0.175908130314148,0.452525994920068,0.530084485140995,0.713530242255823
"YDL201W",28.9552114725032,0.165683027316747,0.323706012407562,0.530211245302521,0.713543285519732
"YNL091W",177.084704577558,-0.162979697619999,0.319011319982833,0.531853471174809,0.715595343666768
"YGR194C",59.0260664571957,0.148655381691745,0.273602176205624,0.53207911894488,0.715740946804027
"YDR517W",63.623113483631,-0.150567208479794,0.281999690850424,0.532777502581112,0.716522259097943
"YDR494W",80.3024142896122,0.15260485740946,0.282708306953108,0.533080581080288,0.716613617486624
"YKL002W",135.682193283301,-0.138297543598551,0.249082965669425,0.533070134225888,0.716613617486624
"YKL209C",28.6974979709487,0.163836105038668,0.320817743541874,0.533198573573554,0.716614179918591
"YLR135W",29.6089685120225,-0.168291496289563,0.338537802291392,0.533340479441978,0.716646874382464
"YNL189W",97.7337190852979,0.139310329262314,0.250657112670107,0.533678047128766,0.716942406270626
"YDR195W",54.9658777809662,-0.153440148230984,0.290004063529099,0.534936329428344,0.718372546866919
"YDR434W",52.8321794908559,0.147536448322217,0.273031282613633,0.535096203900871,0.718372546866919
"YPL056C",12.895767206537,0.176581294517343,0.40272968106237,0.535067221638137,0.718372546866919
"YHR132C",127.877737076482,0.140276013261276,0.2552867894923,0.535290766648486,0.718475494984039
"YNR006W",59.8904923631963,0.145475887185341,0.266927968226421,0.53543914233125,0.71851641842998
"YJR022W",7.61705715435577,0.170101254720036,0.468157124445008,0.535649191093055,0.718640065972302
"YDR286C",19.560992924833,0.16956377584637,0.349706616313611,0.536274181243233,0.719320232103325
"YMR291W",79.1227650225577,-0.141338946072447,0.260686113465101,0.53643894212834,0.719382915791471
"YKL187C",12.8847697547738,0.174557107602614,0.398008531885803,0.536732925606719,0.719618825686966
"YBR111W-A",25.8522662105885,-0.16918960723452,0.350456391197121,0.537635009813347,0.719682326430455
"YCL029C",16.127613693715,-0.173402148707902,0.380480531270012,0.537901933242762,0.719682326430455
"YDL025W-A",12.9424404380041,-0.173740378034658,0.396055014353626,0.537756874740889,0.719682326430455
"YDL072C",111.658346509071,0.136537216803684,0.247239096041685,0.53738918237764,0.719682326430455
"YDR165W",27.0529725503094,0.162864014494657,0.321958467763357,0.538022963657073,0.719682326430455
"YER146W",26.8676931467769,0.165850658602941,0.334370144464614,0.537720114387094,0.719682326430455
"YGR152C",7.52242591702344,0.173927089634538,0.438708867324329,0.538079140532171,0.719682326430455
"YLL008W",43.0602550496929,0.158427698263728,0.305905223520565,0.537714014858256,0.719682326430455
"YMR031C",154.846574860162,0.132140803754128,0.236314369100551,0.538064234672836,0.719682326430455
"YNL226W",3.63357649819571,0.156526698801991,0.494795312834383,0.537288367952591,0.719682326430455
"YOR162C",43.4500575304663,0.152265241795524,0.288714364757972,0.537650796526511,0.719682326430455
"YFL049W",49.6569046079307,-0.150651636393456,0.286438203277788,0.538798451284953,0.719854572683426
"YGR223C",47.2404394597432,0.152334920378799,0.289723857351034,0.538498554976284,0.719854572683426
"YKL111C",17.1121229462866,0.174090354458384,0.377407856643457,0.538709618338007,0.719854572683426
"YMR028W",41.3521066324394,0.153674812313336,0.292800409994005,0.538747634638053,0.719854572683426
"YMR244C-A",41.9972077225839,0.160357611153245,0.312972757591388,0.538776968373175,0.719854572683426
"YHL021C",74.1113539819629,-0.144808545351437,0.273126558937516,0.539323250652094,0.720397811247975
"YHR164C",53.6674062253288,-0.147612375012334,0.279682148752815,0.540086687112223,0.720628212221039
"YJL178C",87.980166840182,0.141541440136654,0.261439033551648,0.539845376355864,0.720628212221039
"YLR148W",57.6110999164256,-0.152268831479036,0.292108701710706,0.540086902941051,0.720628212221039
"YLR277C",26.4190319917729,0.16311528371733,0.326237648056167,0.539975369673543,0.720628212221039
"YOR341W",173.591101349884,0.147262238799386,0.276359161337763,0.539915365692799,0.720628212221039
"YGR111W",43.3777099138959,-0.148237396401429,0.282235949833833,0.540724276595643,0.720847433475601
"YMR258C",23.3908315792058,0.16551055808695,0.336364365868943,0.540598612256195,0.720847433475601
"YNL257C",71.3872133745449,-0.140074947006059,0.259820308615806,0.540667923190096,0.720847433475601
"YOR207C",86.1293554124294,0.158905668620459,0.314151397135441,0.540449860595803,0.720847433475601
"YOL148C",42.8408262589958,0.151935033604687,0.290219968311659,0.541439941690008,0.721643657249202
"YEL034W",510.402459238236,-0.115124473276415,0.204618830979478,0.542612978907011,0.722950690953815
"YHR005C",9.7484896071402,0.173830386234919,0.428206553552299,0.542657819706924,0.722950690953815
"YGR014W",67.7185325537733,0.14167091603331,0.265587196691904,0.543380732308177,0.723008160039967
"YGR215W",44.2287554185316,0.161634175532355,0.324048943156522,0.542991762247829,0.723008160039967
"YKL131W",6.04174293041833,-0.164295071652157,0.466114011111837,0.543212783396473,0.723008160039967
"YLR365W",2.86661104900083,0.144911259681861,0.50741372132445,0.543253273084287,0.723008160039967
"YML011C",19.9976897160831,0.166438125098437,0.348579576326667,0.543415547370671,0.723008160039967
"YML103C",111.164089572342,-0.134074323835023,0.247947957142054,0.543531318999693,0.723008160039967
"YNL154C",80.8577277676585,0.136000216277425,0.249255385457059,0.542859913774594,0.723008160039967
"Q0115",3.48916580046816,0.150020105645299,0.502819784586792,0.544410488133568,0.723908352688947
"YDR335W",200.324246343526,0.12265176632514,0.221475820173045,0.544445592900104,0.723908352688947
"YNL080C",40.9706794244895,-0.155770772792454,0.313619055680358,0.545821962620069,0.725580122610539
"YCL059C",55.4022332055782,-0.153952272043518,0.305604514022527,0.546524733411153,0.726197569248088
"YLR271W",20.073349048232,-0.170726607304147,0.397513646460286,0.546510376694501,0.726197569248088
"YDR396W",25.4803303789793,0.160255142507213,0.329049955542658,0.546878942089007,0.726393793066966
"YJR084W",28.7552482589173,0.15814362057572,0.31967444260864,0.546910765608582,0.726393793066966
"YGR246C",70.5848617701814,-0.149957073174729,0.293860928106683,0.547171569474173,0.726581855325727
"YJL081C",49.0066452937038,-0.145659613682021,0.281072980429379,0.547420181135424,0.726674249358149
"YJL205C",52.9665410781679,-0.150839959200848,0.296629231133782,0.547479598532013,0.726674249358149
"YBR133C",59.3074376214721,-0.140293445506001,0.268254379860618,0.548063280763283,0.727105277799117
"YNL108C",26.4437511278111,-0.159825871448531,0.33282287715796,0.548162223377677,0.727105277799117
"YPR087W",29.4515124195959,-0.161018882195226,0.334133302678455,0.547932719516746,0.727105277799117
"HRA1",5.4571114379817,-0.161195877842588,0.466309747938422,0.54882909974569,0.727408777462046
"YBL071C",12.5410858225909,0.171398570485375,0.40087080590469,0.548718813514802,0.727408777462046
"YER069W",108.839927966134,-0.129820731213964,0.241986574313188,0.548868411410656,0.727408777462046
"YGL201C",49.008500837602,-0.143642841475023,0.277273878527294,0.54880937994041,0.727408777462046
"YHR073W",109.488935767363,0.129125990338049,0.238373928458061,0.549495842796988,0.728081991706009
"YAL024C",29.4942792011604,0.157849632405476,0.320359647303617,0.549796370360192,0.72816359785862
"YJL186W",76.0589186403998,0.137539158964329,0.261214458422359,0.54969561491146,0.72816359785862
"YFL005W",138.672449648011,0.142967050723917,0.275525185047663,0.550301064472745,0.728515418757902
"YPR072W",74.9408737365474,0.144730125954741,0.278226509393118,0.550182106724866,0.728515418757902
"snR11",593.554932600287,0.16422476341676,0.35036468599736,0.550559614734097,0.728541218368285
"YLR239C",16.1228141514906,-0.165735838050516,0.364876541953394,0.550495053582437,0.728541218368285
"YHR108W",88.0628918362818,0.13765865645567,0.26257029051694,0.552098209521025,0.730418621018156
"YGL212W",22.1569000973016,-0.16056629848525,0.341496432154187,0.552257508381431,0.73047081458004
"YGR193C",41.6138035759592,0.146874076086554,0.288530384264896,0.552623728073524,0.73079662022307
"YOL006C",114.953209593277,0.160529611566098,0.336431181889931,0.553096548727289,0.731263224401915
"YDL080C",52.7444755885599,0.145030306887721,0.284802312617772,0.554043264832321,0.731919770547308
"YDL114W-A",7.53711788202844,0.166708228021794,0.437909994170754,0.553915647558282,0.731919770547308
"YER152C",24.4071028160579,-0.159163594230109,0.345398115052779,0.554079752939115,0.731919770547308
"YJL194W",18.5288868012249,-0.162389734180331,0.35987539945977,0.554193558831144,0.731919770547308
"YNR033W",45.4788535185454,-0.149376946719766,0.303458459548175,0.553903996952955,0.731919770547308
"YJL002C",126.045282706341,0.136177096003456,0.260947519460399,0.554833169882557,0.732605756159919
"YGL107C",80.6990533154084,0.137525885521825,0.264639263650674,0.555209560100899,0.732943961190162
"YGR279C",1017.98337919169,-0.112004703811716,0.205877827236061,0.556228313432482,0.733654965394746
"YJL143W",110.670880464129,0.131518222362151,0.250326852607542,0.556166294878208,0.733654965394746
"YKR004C",11.9438807020404,-0.166884838582555,0.401288229854762,0.556162572435066,0.733654965394746
"YMR308C",109.360882392015,0.144123180977095,0.285100890632238,0.556229630039232,0.733654965394746
"YDL115C",97.0226003820912,-0.138470759250466,0.270858736711403,0.556842617508568,0.734304576744855
"YOR358W",12.0968212129023,-0.164214708449267,0.395665826845617,0.557277169800817,0.73471865670257
"YJL133W",28.4421206040688,-0.154347857019381,0.329709779323098,0.558024754580831,0.735386136036792
"YLR374C",17.8777206334716,0.161776439797987,0.359815120021475,0.557944193766716,0.735386136036792
"YLR016C",28.3760043506642,0.152936016065296,0.317545358744267,0.558583188710284,0.735942192636367
"YML025C",80.6715813953092,0.134072764084905,0.257803230642744,0.558688191194171,0.735942192636367
"YDR037W",208.758755270253,0.119843773096802,0.223731530183697,0.559120674303314,0.736319818373804
"YER107C",36.7105642032478,0.14930186759514,0.305936079766864,0.559337286147779,0.736319818373804
"YKL026C",89.9425883056403,-0.148788413315014,0.305610385321683,0.559244626217177,0.736319818373804
"YNL236W",47.5225552864632,-0.14360867388112,0.288605810794181,0.55953227703302,0.736417453793189
"YGR033C",40.3245787007742,0.145535623638242,0.292061300648716,0.559781363433253,0.736586228438186
"YCL016C",17.1936144602134,-0.160844432152629,0.366510216983533,0.560187003259076,0.736960886005627
"YLR073C",9.09556907562254,-0.164951413722512,0.418842689452231,0.560471109564931,0.737175531462722
"YLR317W",12.1499519449015,-0.163525246785079,0.387843057320672,0.56061598260677,0.737206993309226
"YNL039W",78.8820173913135,-0.14853162352137,0.306217148430247,0.560854938849679,0.737351166958161
"YNL119W",32.1531248043709,0.156914745205346,0.333192049944569,0.560967573615257,0.737351166958161
"YBR027C",3.59728058585616,0.140349429063425,0.502759281836117,0.561785861503085,0.737631371361762
"YBR030W",26.5596100406239,-0.15706591294653,0.348353117409137,0.561756059215463,0.737631371361762
"YJL119C",2.89270033286965,0.1402750963488,0.502218710952653,0.561340979945204,0.737631371361762
"YLR026C",25.1912504693501,0.155699311703747,0.330632482841641,0.561596562175561,0.737631371361762
"YMR010W",37.7997191843009,0.149626876727622,0.309540524965838,0.561468061517567,0.737631371361762
"YMR139W",58.9357573318834,0.136307904252001,0.268014952871955,0.561942729250914,0.737678426617343
"YDL186W",4.0086083017451,-0.147518914944244,0.485394227865615,0.562803570460267,0.737811132220967
"YIL077C",45.2434776395447,-0.144961906891525,0.299281604283203,0.563133287463813,0.737811132220967
"YJL049W",30.5661968708066,0.163077952668998,0.370491929750855,0.562229250834822,0.737811132220967
"YKL045W",40.8602459042457,-0.149148910338557,0.314964696051472,0.562450808974746,0.737811132220967
"YKL048C",68.0397208973797,0.134245528947957,0.26273850359674,0.562352780735987,0.737811132220967
"YLR052W",18.4199738357754,-0.16403195194131,0.4149226824759,0.563038775368016,0.737811132220967
"YLR210W",9.80822502266995,0.16364939215864,0.414274724816982,0.562825975891903,0.737811132220967
"YMR304C-A",27.2551102549474,0.151745627842266,0.319231226260835,0.563030395687639,0.737811132220967
"YPL233W",14.1667566840307,-0.161699418431028,0.374563325996684,0.562770182565304,0.737811132220967
"YIL100W",4.8064721237881,-0.135572452391693,0.499107289201695,0.563344851964489,0.737859341073873
"YNL093W",20.9739663904315,-0.157965481039753,0.349608101874331,0.56341220235567,0.737859341073873
"YOR189W",13.8705070305342,0.164747181997007,0.393534353421936,0.563931473158507,0.738380736606037
"YGL247W",20.8857677127418,0.157244461587802,0.345334347703223,0.564786569152129,0.739024074491675
"YHR099W",314.075375176518,-0.120598215206044,0.231965419524477,0.564724095047148,0.739024074491675
"YOL023W",55.5263828343528,0.144379907405274,0.293402188038865,0.564553632431437,0.739024074491675
"YOL033W",21.8712280375389,0.159177174406664,0.361311513266573,0.565141650667741,0.739329976565762
"YLR279W",7.60603708359131,-0.156205967098246,0.448475582496498,0.565302929757448,0.7393822654231
"YEL028W",10.1051177871017,-0.163308433365085,0.415735452011295,0.56561529253001,0.739632097826735
"YPL195W",90.9909709856543,0.130253519614524,0.254346888934644,0.566210111232276,0.740251099948675
"YFL022C",57.0074797369098,0.137181151707369,0.275767446405689,0.566976756979376,0.740935534688957
"YGR276C",58.9641574612345,0.136597809803752,0.274019735086356,0.566951603864174,0.740935534688957
"YNR053C",54.283893325308,-0.144471302320418,0.303650252462742,0.567218850287429,0.741093010182611
"YKR092C",18.4648226943922,0.160437589467701,0.368250022575159,0.567494676166281,0.741294481618835
"YJR133W",78.437700416728,0.132462981455466,0.26297576324099,0.567738147790927,0.741453612767453
"YER045C",198.582991511997,0.116782524881485,0.222860477386508,0.56846599117022,0.742236353505973
"YPL234C",167.319681049878,-0.118794224692877,0.230508622281144,0.568581055704576,0.742236353505973
"YBL074C",16.1467816392544,-0.158624580016903,0.386779733650731,0.568728719140136,0.742270137721441
"YHR066W",23.8362802479666,0.159236956995121,0.36344498180606,0.569113205121741,0.742612927685081
"YBR232C",5.70029520758301,0.152301669702198,0.466523675729194,0.569479122963398,0.742931347273525
"YHR063W-A",55.2969602930805,0.144531259248282,0.300899353182147,0.569836967138621,0.743080084447987
"YPL160W",215.710004026432,0.126701356602438,0.249250558534861,0.569763298340594,0.743080084447987
"YOR001W",48.7077462797682,-0.142451840582025,0.300716943978466,0.570001402021646,0.743135517715922
"YML036W",17.8295843865392,0.158435529708642,0.369056529791951,0.570430887377027,0.74353641115547
"YIL043C",81.5072088227913,0.143152178722707,0.29982946931316,0.57092630339331,0.744023053064406
"YPL032C",155.110186919626,-0.120556480908979,0.236191615221713,0.57138715647872,0.744464454625437
"YDR534C",6.75322365393973,-0.154712260238713,0.447728850181114,0.57172504315292,0.744745487928414
"YER175W-A",3.05512377361209,-0.130476468246167,0.505542208948419,0.572509688564111,0.7455501047352
"YML056C",25.7972741655602,0.1486348796839,0.321782917013894,0.572631423941399,0.7455501047352
"YOR217W",46.5944254972968,-0.138282260640701,0.288198155959966,0.572709694892569,0.7455501047352
"YMR194C-A",3.13460874212977,0.126525518457047,0.509400746985679,0.572935955558432,0.745685383115234
"YOR285W",182.552552422194,0.1220910735788,0.239970959185392,0.573205257772185,0.745876611042158
"YOR145C",70.6674545089996,-0.127725290186201,0.257191463587099,0.574214902488201,0.747030913695962
"YDL065C",83.9728218150411,-0.149010398064728,0.32933030167815,0.574358302936473,0.747058014596202
"YLR095C",44.8894379034099,0.146187073683622,0.312419232805926,0.57451127991899,0.747097557308779
"YGL130W",55.3335570297933,-0.132141193747287,0.271502359758633,0.574676240233841,0.747152663017334
"YLR426W",8.91060003730434,-0.157752234641308,0.420915097897627,0.57487455179376,0.747251096861371
"YOL071W",58.0017832856713,0.138170858505493,0.287807672234404,0.575208775879748,0.747526117054812
"YOR015W",37.4477658584867,-0.146067684956899,0.317217401612994,0.575391575069411,0.74760427415222
"YMR048W",19.4141430379863,0.155286825070737,0.367967249261725,0.57565085628807,0.747781749589895
"tA(UGC)O",3.1945444312899,-0.135740308662534,0.499948419931194,0.576565801425945,0.748209558435627
"YDR014W",25.1471755001727,0.157598618053946,0.372983139529016,0.576188157731446,0.748209558435627
"YEL004W",21.5547762169688,-0.150993145827287,0.343060153490845,0.576530194432489,0.748209558435627
"YMR115W",47.8242386557436,0.138902609194142,0.290060504507622,0.576446940496872,0.748209558435627
"YOR214C",3.6076587970666,-0.140714977629313,0.49026786854123,0.576593978010195,0.748209558435627
"YDL034W",7.6483381851358,-0.154891917242299,0.434370064239072,0.576736751174502,0.748235525416898
"YLL053C",6.7470612031726,0.149420032746834,0.463551467255094,0.577344480501043,0.748864568770772
"YBR050C",24.5336208047942,0.153591813476729,0.352256827609342,0.577856508890737,0.749209832309942
"YNL050C",25.6779037198796,0.159011510773838,0.402983859744193,0.577735406284013,0.749209832309942
"YBR246W",19.6728403093311,0.151700379086296,0.348605092363451,0.579272806243073,0.749451868828598
"YFR043C",13.298541102349,0.158018908900583,0.397744622490973,0.579036688044913,0.749451868828598
"YFR045W",41.8676401127153,-0.13694971813784,0.291521531557877,0.578703113600427,0.749451868828598
"YFR046C",18.4277575613442,-0.154626424380316,0.365090772657036,0.578323103595897,0.749451868828598
"YHR045W",60.3301754698232,0.140673872701356,0.301327529468946,0.57861936443786,0.749451868828598
"YJL120W",4.57645115869725,-0.14637648463704,0.472683210585542,0.578289535646081,0.749451868828598
"YLR389C",173.798837178556,-0.126794427255736,0.260085940038757,0.578463752000564,0.749451868828598
"YOR126C",15.2014706014665,-0.153291199343836,0.369890502584468,0.578965981390566,0.749451868828598
"YOR260W",62.5820705341759,0.13079335569302,0.268352186685981,0.578841001612832,0.749451868828598
"YPR016W-A",13.1543686588631,-0.154579252362788,0.39177967158669,0.579230780873177,0.749451868828598
"YDR495C",70.1397832621527,0.143987877910258,0.310808043381013,0.579558526906637,0.749662398449905
"YER027C",51.0336840404863,0.138744117855799,0.296716246556431,0.580391833278204,0.750506023685487
"YPR144C",37.0503452015362,-0.14098621365283,0.308294384364842,0.580456996825822,0.750506023685487
"YBR261C",20.9207409767394,0.14898010623882,0.338105529406087,0.581061143643253,0.751043218512763
"YER032W",25.2132714628812,0.152230543932338,0.350974182916804,0.581226162884276,0.751043218512763
"YLL021W",101.403664593482,0.130145953098333,0.268569322155741,0.581242143022921,0.751043218512763
"YKR086W",61.1826475898127,-0.127261502315391,0.263697604336262,0.581764536237864,0.751558891133909
"YML007C-A",11.5380009253486,0.155030995954953,0.397814516138333,0.582303194068378,0.752095352372698
"YBR020W",5.91869505344406,-0.147666006883619,0.458089024394825,0.58312340054511,0.752995153881874
"YNL331C",11.5933475911112,0.155972318842505,0.394935048239835,0.583667762343032,0.753538447676505
"YOL079W",5.00578352315634,0.14750836609611,0.46581647475668,0.583881223918841,0.753654396396725
"YLR010C",11.8492037042001,0.155085688688257,0.397866767408718,0.584225647214636,0.753705559196973
"YLR176C",26.6230366277694,-0.143827766886162,0.326518352223468,0.5842918403947,0.753705559196973
"YOL054W",44.9714470874069,0.134284259243359,0.284129813541247,0.584118220179986,0.753705559196973
"YIL055C",16.3878504587005,-0.153402391957387,0.388735026375611,0.584434832068551,0.753730491209864
"YER082C",35.6141844816473,-0.145022990275137,0.327469585507688,0.584662669816168,0.753864813312787
"YDL137W",219.48628868306,0.110548471867194,0.220221852882121,0.585054598926809,0.754028299199752
"YER152W-A",4.14022684524095,0.13707646624846,0.486021677913488,0.58546705998834,0.754028299199752
"YJR113C",42.6018989823163,0.135115978738078,0.289877845994959,0.585529337339309,0.754028299199752
"YMR023C",25.589652655479,0.145674324375499,0.332697423623412,0.585069026615719,0.754028299199752
"YOR108C-A",4.90190484941456,0.147674956035885,0.4656875402451,0.585531737508192,0.754028299199752
"YPL058C",1205.49403698748,-0.120642993696729,0.250386841709581,0.585530980414473,0.754028299199752
"YHL034W-A",123.751696392227,0.120680137533357,0.246430364461374,0.586000774811458,0.754472902931102
"YKR095W",291.689021244286,0.141927739774732,0.481880505877993,0.587451248311746,0.756180645926102
"YLR057W",55.9263736306027,0.128365930465448,0.27002841010595,0.588072815110201,0.756820905425818
"YCR095C",33.2031525666869,-0.142463668669253,0.322493937430102,0.588301029560335,0.756954776265621
"YPR022C",111.92087028994,-0.118702810608843,0.24573386405758,0.588447495997632,0.756983429317343
"YDR305C",33.139491605113,-0.137416447561104,0.305484318774525,0.589084251456328,0.757642648792218
"YJL151C",289.563474832467,-0.109431233006719,0.222409095985837,0.589347203741549,0.757820929705642
"YNL250W",57.0509100743326,0.134675957767442,0.291378268120101,0.589547601584669,0.757918715810706
"YOL046C",5.6640633839627,-0.142676579393116,0.464395063913182,0.590085763517972,0.758450596508233
"YPR024W",139.324632829642,-0.117152331385826,0.243811061142281,0.590294023164837,0.758558311446275
"YCL005W",19.3150388412452,-0.147052860967196,0.362953548928517,0.59090663535557,0.759185485348271
"YGL233W",56.4754283462505,0.126319322538509,0.268091643608846,0.591384412456421,0.759354655769014
"YLR241W",115.928998962297,-0.126223545370892,0.271525520332211,0.591227605810136,0.759354655769014
"YPR091C",69.7322136577388,-0.122621554237769,0.259033248757959,0.591412067421741,0.759354655769014
"YOR133W",30.3614877772835,0.146643948131904,0.353008132260137,0.591884785797368,0.75964156020951
"YPL042C",66.0046261762945,0.128194652189014,0.275439489717509,0.591798049407532,0.75964156020951
"YPL241C",11.0369138222864,0.152099901242649,0.399218413134391,0.592433142714405,0.760185264177747
"YPR190C",38.0853982118979,0.134617027781274,0.295611358787174,0.592857696041365,0.760569913149257
"YGL085W",16.4179978330003,-0.148336173635639,0.369808021835605,0.59362441578983,0.761393268989691
"YDR202C",43.0371804659071,-0.134034578515686,0.298107587628034,0.593979883928953,0.761528690060363
"YML115C",63.7110710534874,0.127312706613015,0.27485330179111,0.593884131658732,0.761528690060363
"YPL065W",23.6416379603668,0.145797144070239,0.346200650036188,0.594580545590303,0.762138470109968
"YEL046C",62.0584330100383,-0.133903521586581,0.303729288209775,0.595428052119391,0.762423104552035
"YIL030C",179.744580925332,-0.13020446063052,0.289395127486856,0.595297473882794,0.762423104552035
"YJR023C",6.255423507162,0.141866996613649,0.472634906365875,0.595178209431838,0.762423104552035
"YLR188W",51.2387989492047,0.129825888857595,0.283963665002857,0.595235495633652,0.762423104552035
"YMR239C",22.7275635956497,0.149631898526682,0.372945160120073,0.595366270102726,0.762423104552035
"YDL159W",52.3832681465848,0.129759342165885,0.282709679438691,0.595716909785118,0.762632758903654
"YKR010C",32.1212636292662,-0.138416972303501,0.318612357610322,0.596173876279867,0.762897286568505
"YMR095C",5.8068509619615,-0.144615385964161,0.451816644398175,0.596135210648506,0.762897286568505
"YKL055C",13.7402593125775,0.148307383571144,0.400745416329203,0.597103914813816,0.763927027873679
"YGL090W",20.0108916497806,-0.14311142625762,0.345324253836389,0.597366335755274,0.764007364505457
"YKL140W",79.6970851862344,-0.11851435473225,0.253011360252814,0.597542757440117,0.764007364505457
"YMR179W",35.9370915310891,-0.138700307838001,0.321622910141259,0.597484995455865,0.764007364505457
"YJR054W",23.7837110871974,0.140903393423238,0.328787538442246,0.597727236378043,0.764082950026042
"YGL176C",29.9671440717525,-0.137508636273027,0.322460152332505,0.598322330001216,0.76468328818566
"YOR262W",78.9896255377827,-0.117843219675313,0.252613437041517,0.598542831719663,0.764715372540367
"YPR106W",35.4073991356665,0.133247357809034,0.29946041830695,0.598598366265807,0.764715372540367
"YOL135C",13.7472602103552,0.148239394605453,0.383103810052034,0.598960543508314,0.765017710118016
"YER149C",18.626381265468,0.145010653718842,0.358679351496328,0.599184743016516,0.765143726940218
"YJL065C",13.3912895533406,0.147261392516922,0.3798159735268,0.599923072148422,0.765926083943157
"YAL014C",14.6391383697087,0.146900539685385,0.389797822354904,0.600287263697298,0.766230549159169
"YGL059W",69.1122704315627,-0.121245319748897,0.264142493614424,0.600449390764135,0.766277017736056
"snR35",546.393020769763,0.139479005562668,0.327691496891099,0.600729606072989,0.766474136281111
"YOL043C",19.3898931618039,-0.141376015807326,0.344364397788338,0.600861845334276,0.766482408395231
"YDR180W",47.2705934196378,0.128985604668575,0.288044056418668,0.601152074834348,0.76653627471636
"YPL232W",88.6448597109313,0.115451999406387,0.24585712582525,0.601155601828417,0.76653627471636
"YLR219W",72.408312364305,-0.122834708882756,0.271507036162708,0.601433547439126,0.766730280619425
"RNA170",5.89463745925269,-0.140435113978782,0.455294861229558,0.601728839587979,0.766946314782252
"YDR168W",110.287153513068,-0.122507801502607,0.269722656071401,0.602355099859402,0.767295296766656
"YDR489W",8.25900957184068,0.147413613668285,0.42450769963072,0.60238031091525,0.767295296766656
"YLR336C",76.8849509987659,0.119042714937733,0.256632771932042,0.602334582737808,0.767295296766656
"YPL014W",49.0311291126432,0.130428211466697,0.294798708250851,0.603299400298968,0.768227337314716
"YPR086W",126.963644999705,-0.109393633271148,0.233289211180389,0.603364112178104,0.768227337314716
"YJL010C",33.4514501569353,-0.131329742664585,0.302020118872743,0.603870222647633,0.768711154351989
"YCR063W",4.410120390645,0.137301900087885,0.47511795210858,0.60401346489492,0.768732943941227
"YAL056C-A",5.68415395896613,-0.136782985076091,0.463770976784462,0.60428127866549,0.768880744531133
"YNL155W",68.1274124439743,0.122451111164108,0.268724332554558,0.604381894511675,0.768880744531133
"YER143W",63.4394550822446,0.127353478581744,0.286164901262246,0.604646088269625,0.769056324708549
"YDL073W",45.2032228959277,-0.127715831366384,0.290305600667531,0.605140479306422,0.769061411414004
"YHL019W-A",18.7658847298836,-0.141276283895941,0.355860815953776,0.605154803796811,0.769061411414004
"YLR315W",6.02139784160294,-0.142097182022153,0.446617854932439,0.605130206885759,0.769061411414004
"YPL220W",6.91314105563692,0.144754073353263,0.441741854952333,0.605104682749236,0.769061411414004
"YBR167C",15.6601991906958,-0.145921922985752,0.398375332053065,0.606056677171148,0.770018187088861
"YIL126W",185.520129956994,0.115325816328589,0.248994153170785,0.606197463677193,0.770018187088861
"YOR085W",138.193574957921,0.116240023191323,0.253245114486011,0.606286674296873,0.770018187088861
"YLR182W",52.2364791036177,0.12746304305115,0.287476822259214,0.606791438108519,0.77049871151488
"YLR397C",32.250808647215,-0.134426813419264,0.325185103240885,0.60695260469147,0.77054282974266
"YDL071C",3.25417124897361,0.121913658887476,0.50000076888974,0.607825130320662,0.771168644734478
"YGR070W",103.967029647289,-0.112897230904813,0.245471983777661,0.607614305699849,0.771168644734478
"YOR242C",10.1715462689308,-0.144493092019205,0.408728404014934,0.607823075042934,0.771168644734478
"YOR022C",34.2329074637032,0.129282672447911,0.297910411231346,0.608180023791804,0.771458323623526
"YER123W",54.295295104406,-0.126307365927024,0.289032942085021,0.608363804983973,0.77153087627493
"YOR264W",17.7435733262377,0.140360036295001,0.351178565873882,0.608591573509822,0.771659172153602
"YJL167W",375.162044536195,0.0992917774634986,0.209115214416849,0.609009181367146,0.771867531801363
"YKL190W",47.4251920847935,-0.124727205176922,0.284197960844759,0.608985494770997,0.771867531801363
"YPR163C",121.837263469783,-0.109446325483635,0.238562344685443,0.609174168826489,0.771916124531695
"YLR243W",16.6037132946015,0.143031509537298,0.369042406176726,0.609640262507449,0.772025223349865
"YLR319C",26.1493729687125,-0.134926922111343,0.325410299397055,0.609478245962503,0.772025223349865
"YPL112C",47.0570019972734,0.123210043666658,0.277607938037354,0.609622526638357,0.772025223349865
"YOL021C",56.9275154597605,-0.119932893967787,0.271367536255222,0.609964418442775,0.772275265976052
"YLR354C",167.697128381097,-0.111105088761816,0.244430443116893,0.610288441917574,0.772525037069079
"Q0075",38.0338674086094,0.136452479349415,0.331110624449875,0.611700412343588,0.77383022275512
"YER026C",155.894038200991,0.104494454819952,0.224476665319917,0.611610770819699,0.77383022275512
"YJR010C-A",33.6539523761351,0.130436641479741,0.306791619070929,0.611670450045034,0.77383022275512
"YKL126W",124.799793018703,0.120719205859398,0.272865108849882,0.611895073565617,0.773915848388138
"YNL003C",21.098983301595,-0.136668393009966,0.346751255998433,0.612140389429925,0.774065492443027
"YJR115W",11.9467511684936,-0.140010395729564,0.429134930054669,0.612370597104328,0.774195973729699
"YDR097C",50.6753316813892,0.125183943294566,0.289060205066309,0.612735958925027,0.774497235513902
"YNR030W",50.823737333313,0.125692237189578,0.290760802524162,0.612948918406612,0.774605776008355
"YOR211C",67.7524286205551,0.115095551910763,0.256042711224896,0.613304679157914,0.774894697236211
"YNL322C",86.4532232779266,-0.125106265835429,0.293472067173341,0.613638814815015,0.775156181616065
"YBR078W",372.923425724125,0.114978283727471,0.256190608377807,0.614203260496914,0.775374634995484
"YDR486C",45.9037677379913,0.128250253717943,0.299741687198068,0.614139517884545,0.775374634995484
"YER079C-A",13.2371172387796,0.141353995994529,0.393266977880747,0.6143206090883,0.775374634995484
"YPL107W",53.9903694161643,-0.122700359425972,0.284432152539914,0.614032870082659,0.775374634995484
"YGL097W",54.01019330693,0.120916774835195,0.277026155219905,0.614790428508106,0.775806969307848
"YBR079C",83.7208439720703,0.113604167723208,0.253430916057689,0.615585986662161,0.776078924633175
"YDR375C",69.8753413052685,-0.112569918166944,0.252779380447938,0.615423748735478,0.776078924633175
"YKR029C",44.0780721141892,0.136424422222406,0.337526081715796,0.615266825283446,0.776078924633175
"YNL102W",75.0271095015236,0.11527666709218,0.258539284496655,0.615642592387433,0.776078924633175
"YOL151W",342.951431007459,0.120250375105572,0.274283946982942,0.615454422751716,0.776078924633175
"YKL080W",144.864859236562,-0.106234971467918,0.235010437701139,0.616045169905191,0.776156687158244
"YLR330W",105.538120696242,0.109701783434712,0.242129665509047,0.616086308855059,0.776156687158244
"YOR252W",33.0865522536824,0.141114899015424,0.371116404965259,0.61585485710381,0.776156687158244
"YEL068C",22.6045725111307,0.137540542960078,0.357980642289187,0.616393004035829,0.776222181735202
"YMR042W",6.63913505871168,-0.136207686068538,0.444374107872887,0.616326353828489,0.776222181735202
"YDR139C",47.2953447848251,0.126948505896137,0.299131055762843,0.617238474825358,0.77696582074774
"YOL041C",37.624521134033,0.138432642074181,0.354451352402521,0.61713593290075,0.77696582074774
"YER156C",21.468853482355,-0.133090769918721,0.335467075251378,0.617820519688567,0.777537903675783
"YER113C",36.0270482439343,-0.1309957588152,0.330193307105039,0.618587274401293,0.778342162980157
"YML094W",26.6180648098798,0.133112133723944,0.328799629633065,0.618945291508024,0.778631899224232
"YLR077W",68.7248182730706,-0.114918272122497,0.263879581004848,0.6191757872566,0.778761127389389
"YDL214C",55.9530703522606,-0.11605884846437,0.268384675661877,0.61933073758097,0.778795305458224
"YLL057C",6.94397115466744,0.134778488218878,0.450591249951947,0.619814151411691,0.779242420143205
"YKL017C",26.2937786075421,0.133787428666485,0.335626519951594,0.620182994106101,0.779545339054792
"YLR202C",7.05542281143725,-0.136305900815636,0.440036091013564,0.620627007752818,0.779942600464624
"YBR200W-A",4.40771036083215,-0.12485759624531,0.480045701657279,0.620896214634465,0.779981910940315
"YPL089C",37.6042216703958,-0.1284898951522,0.317313218515913,0.620914230005317,0.779981910940315
"YBR015C",99.8928444793887,-0.109767952762651,0.250531965107428,0.621093774259399,0.780046683311567
"YDR521W",5.92311667920023,0.133353315897456,0.460091280188287,0.621514900316049,0.780414774912715
"YPL136W",20.3436977714253,-0.134368638498024,0.362542299986979,0.622158880913915,0.781062487985646
"YPL247C",27.1953979390603,-0.129105000474572,0.327137546930062,0.622697739766724,0.781577990913959
"YOR039W",92.6841702360511,0.107133289126785,0.241232391066282,0.623282400076274,0.782150757353281
"YHR170W",43.0333205962221,0.12677314910359,0.308585545564214,0.623737030137016,0.782560147938475
"YCL005W-A",44.2025019174921,-0.121850261840842,0.295419387400502,0.624660463136986,0.783396198111096
"YML116W-A",11.0067174815118,-0.137456184843803,0.399150145860774,0.624634541911538,0.783396198111096
"YAL039C",54.5455661752729,0.118577931194602,0.280946670111033,0.625122445624936,0.78375389957681
"YDR323C",19.669769009816,-0.132788291260299,0.349141758825351,0.625202864600894,0.78375389957681
"YBR198C",58.2389962326234,-0.114824202480268,0.270940323056772,0.625593838068405,0.783921554898628
"YBR207W",57.1586352492463,0.119640954066233,0.285144807223228,0.625510758988406,0.783921554898628
"YDL216C",19.8092471368634,-0.130932753821519,0.340897593423315,0.625997589822788,0.784266250764623
"YDR333C",47.4514371941072,-0.116115282476349,0.276331925435153,0.62641906728793,0.784356017516881
"YHR081W",47.4909874805975,0.133748470329556,0.348150485348477,0.626217596179698,0.784356017516881
"YJR069C",15.3916988927651,-0.13424379714013,0.374840255341055,0.626500495249847,0.784356017516881
"YLR078C",33.3186177330041,0.125416748168162,0.30814981297542,0.626583994961394,0.784356017516881
"YBR035C",129.333862793846,0.103117228632492,0.233098174434445,0.626957779633472,0.784501676630263
"YKL052C",12.820723836601,0.13651942434676,0.387129068093838,0.626875523876694,0.784501676630263
"YHR007C-A",31.7427633658586,0.133909484794533,0.353296681879553,0.627410308854505,0.784906780063262
"YDL105W",29.2938678194818,0.125602975320721,0.310938017722484,0.628062389369071,0.785400136069857
"YKL120W",65.4309460571375,0.115307890290525,0.273792516167487,0.627933617859255,0.785400136069857
"YBL073W",4.4581476951087,0.128592979220243,0.46864605029489,0.628379268234574,0.785509575893392
"YDR200C",50.3858941675168,0.131409692094999,0.338985170597592,0.628407660714714,0.785509575893392
"YGR200C",45.489800740227,0.117132312884272,0.279243897216924,0.628884506905156,0.785944447321494
"YAL045C",21.9703045862736,0.134977211152733,0.369366160465239,0.62959958307039,0.78665379510537
"YDR007W",41.6636863604936,0.118755493847823,0.286533487678479,0.629710232373929,0.78665379510537
"YLL022C",27.3963609490947,-0.128902163801534,0.34326140929737,0.6300069881493,0.786713619121093
"YML004C",199.939235719517,-0.094757681927616,0.214382990078332,0.630016271522568,0.786713619121093
"snR85",83.9587619729411,0.129502054709177,0.337729642489362,0.630202984787186,0.78678557809871
"YJR104C",855.412566030143,0.0991904159450418,0.220410160845576,0.630353184274699,0.786811930811855
"YNL056W",27.7946416405279,0.127942080312995,0.326238331524763,0.630987003009696,0.787325773352018
"YPL015C",44.8974045277816,0.120397132368588,0.296261465279698,0.631023199807155,0.787325773352018
"YBL017C",290.756524442623,-0.104001378788812,0.243398573956322,0.632089243528505,0.788333116289388
"YJL110C",42.849194519673,-0.118298335828032,0.291393659521359,0.63205119420185,0.788333116289388
"YGR139W",6.01749580321705,-0.129305949034812,0.453891710900453,0.632317111091343,0.788455972197573
"YDR125C",22.3871069849526,0.128967252151503,0.339670031387906,0.632751090797046,0.78883573295316
"YGR080W",62.1978711520206,-0.111326397308249,0.267712989177725,0.633377230153583,0.789193777753984
"YOR152C",38.143696759919,-0.123040614438122,0.316130255888237,0.633426736796143,0.789193777753984
"YPL221W",309.766055071973,-0.110330313780757,0.265066054261335,0.633213847095547,0.789193777753984
"YHR085W",16.8445118695878,0.13138300803305,0.35624501297479,0.633896409665924,0.789617538711181
"YMR318C",78.4494220290801,-0.118541033518432,0.297983446925997,0.634413665739919,0.79010038673576
"YGL079W",14.4261031991414,-0.132907918059502,0.381845323419965,0.6345967143892,0.790166899734868
"YDR387C",39.7772244899691,0.128993994854471,0.347745235772879,0.634889737979586,0.790208893809593
"YGL232W",13.8694988453512,0.134228014015265,0.38269642552857,0.634770461191185,0.790208893809593
"YCR036W",62.2580442943554,-0.108576058309245,0.260761981327759,0.635047124757805,0.790243410657171
"YGL164C",32.1598498702281,0.127314235913437,0.331912102382584,0.635873387649312,0.79111008322567
"YPL008W",36.4475939286903,0.118735448074682,0.29590935829679,0.637428351463618,0.792882816769541
"YHR083W",37.4394053299646,-0.118557678318681,0.304621126731857,0.6389430209994,0.793471416664904
"YIL079C",18.4045216857413,-0.127558350949369,0.348516976667142,0.638438231438982,0.793471416664904
"YJL041W",44.1484806972285,0.118810583469948,0.297496047500579,0.638339394360278,0.793471416664904
"YJR057W",27.1106068075027,-0.122284317520916,0.318696382957392,0.638589983200321,0.793471416664904
"YJR098C",40.1316214286469,-0.116636465693274,0.293834017894845,0.638916649685715,0.793471416664904
"YKL027W",46.037638456986,0.120257516446776,0.3071379877435,0.63853866981601,0.793471416664904
"YLR049C",33.6776619994507,-0.121631378536463,0.313649775124387,0.638204545511094,0.793471416664904
"YPL024W",51.2642158442701,-0.119306459064244,0.304479070445342,0.638744830608353,0.793471416664904
"YKR007W",29.8788280962548,0.122377373932226,0.314338241967023,0.639240557199749,0.79367920067885
"YPR004C",98.7826863003152,0.110615548335614,0.269865463782189,0.639514913873873,0.793858126285388
"YKR104W",13.0482290585984,-0.129944709727547,0.385528810667423,0.639688096426317,0.793911412689554
"YNL045W",49.4989807039914,-0.110813957048512,0.273475504051076,0.63989946697394,0.794012062541971
"YDL240W",54.1593541499935,-0.117061465076176,0.298601071644058,0.640801119823828,0.794807249761139
"YPR015C",12.2548191937248,-0.130824586793,0.394749966379379,0.640672071619576,0.794807249761139
"YGR275W",34.3202910274784,0.124390059763947,0.326441321320825,0.641071386623085,0.79488643977481
"YHR048W",28.6929645908911,0.125008880179395,0.338449718431807,0.641125797856106,0.79488643977481
"YGR058W",48.9427368162249,0.113898768884414,0.284367927495289,0.641381380901302,0.795041593775359
"YDL001W",30.9111250312605,-0.122250164144893,0.326241170535045,0.642268548137499,0.795979422712089
"YGL005C",37.9894075132655,0.123110640044378,0.324822142311709,0.643678801600391,0.797479740619778
"YNL169C",76.2137423420855,-0.107333750274618,0.266521396225621,0.643740824257475,0.797479740619778
"YDL159C-B",7.18375284450888,-0.126563459805247,0.436906959035125,0.644575785043473,0.798101122641819
"YGL112C",43.6689208032248,-0.113655139562679,0.292849872649528,0.645380612130906,0.798101122641819
"YGR054W",33.252959980297,0.117398667859468,0.302071937470271,0.644681211377889,0.798101122641819
"YHL014C",19.7605790648817,-0.125987193844745,0.351800898109651,0.644853472378188,0.798101122641819
"YHR165W-A",6.5796140752172,-0.125214402282096,0.443541125105792,0.645420907875558,0.798101122641819
"YJL068C",43.4777488239126,-0.114399408841248,0.296431844236966,0.645046611419008,0.798101122641819
"YOR087W",39.3493125668154,0.11614836081111,0.296348353849855,0.644399772486538,0.798101122641819
"YOR359W",12.6339507274836,0.129017156010784,0.383634564057253,0.644910438685824,0.798101122641819
"YPR040W",32.0502881869438,-0.119770241655035,0.317156432800596,0.645352086890214,0.798101122641819
"YLR375W",182.621173534478,-0.100134864014544,0.24432605063688,0.645617639633845,0.798182457113242
"YDR079C-A",19.011170803511,0.125570689939637,0.350929001956399,0.645991532181531,0.798263034950045
"YGR227W",36.4937568620733,-0.120252150956834,0.323405306457907,0.645870472919628,0.798263034950045
"YKL069W",26.0598787642148,0.121707229572979,0.3237865116761,0.646075726236025,0.798263034950045
"YER090C-A",7.35717378230432,0.125530736944535,0.44453607457416,0.647356545529739,0.799538595083666
"YPL128C",40.7631948066661,-0.113063832501106,0.292730420659256,0.647370462139112,0.799538595083666
"YMR127C",27.4260456980004,-0.120030205306251,0.323228060875461,0.647580983552173,0.799636567007799
"YOL044W",37.4014469720019,-0.113067964548093,0.292749836502249,0.647744776714097,0.799676810628403
"YGR230W",4.90005321872474,-0.121703304677112,0.459622246584251,0.648145715732126,0.800009748357089
"YNR039C",28.3031909062636,0.119062072554264,0.314877327881779,0.64844770784065,0.800220445290294
"YIL107C",122.570052556474,-0.0991152270383929,0.243139764284584,0.648778527104567,0.8003046190452
"YMR310C",22.5033003489669,0.122498475256929,0.338584320583213,0.648692249151,0.8003046190452
"YDL242W",4.23847248890646,0.115520293111596,0.478323996367435,0.649652380789358,0.800797656135051
"YFL001W",14.8482883144001,0.127246113985465,0.371452042768769,0.649703758751079,0.800797656135051
"YGL195W",243.426140660465,-0.111778300252357,0.291597725771942,0.649572496695597,0.800797656135051
"YLR347W-A",11.2862096400628,0.127470936185495,0.404785440112298,0.649370112779806,0.800797656135051
"YDR476C",37.7409686885475,0.121718678482959,0.338987162220601,0.650335507256232,0.800949041833964
"YIR018W",22.0706767104268,0.121555116510192,0.333463853656315,0.650238269334988,0.800949041833964
"YNL146C-A",5.28360278246561,0.118799689082417,0.475033953276993,0.650352224452221,0.800949041833964
"YNL227C",36.6642755080347,0.119882461090728,0.321807376635304,0.650004404797135,0.800949041833964
"YMR097C",26.1258564888566,-0.118402610684086,0.323060321700787,0.650916319196093,0.80148181121216
"YIL101C",27.2291659344548,-0.121490984097086,0.344255745508275,0.651611686817694,0.801852055552967
"YOR258W",16.6820422412445,-0.126291795069986,0.376856735925608,0.651488865197961,0.801852055552967
"YOR367W",15.3332179574511,-0.124717338292226,0.364746780297187,0.651519174257089,0.801852055552967
"YGL067W",47.8196757798663,0.114203739086926,0.301063952175562,0.651918764941373,0.802068000064124
"YKL096C-B",4.93826765985621,-0.119293474788684,0.46233706577677,0.652172737888788,0.802218534295088
"YMR052C-A",8.87211572118536,0.125254930088685,0.43205676383008,0.652778516463862,0.802801666232292
"YMR202W",91.2275550971976,-0.102002632685559,0.258653554458925,0.653352782642714,0.803345816059581
"YGL082W",50.5500044050113,0.107184588381535,0.274208294335643,0.654376514294439,0.803822483270368
"YGL161C",63.3463579954342,0.106191490607705,0.272752117853585,0.655190812843496,0.803822483270368
"YGR089W",116.319011959772,0.109624274823687,0.281651389056018,0.654037608627315,0.803822483270368
"YJL128C",68.522823418959,0.102099092029618,0.257148443400839,0.655191156175092,0.803822483270368
"YLR351C",86.5039376081632,-0.104734014154336,0.270302298610827,0.654787781952183,0.803822483270368
"YMR025W",9.95942484410526,-0.125094715789202,0.417724088712242,0.654532780630693,0.803822483270368
"YNL105W",3.2361224997268,-0.107583916558123,0.489583126163711,0.654832392421649,0.803822483270368
"YOR141C",91.5772669614866,0.0986381022579552,0.244798325018486,0.654866876334073,0.803822483270368
"YOR339C",3.65033038269144,-0.111479814899705,0.485600516260131,0.654650741747394,0.803822483270368
"YPL068C",9.04403919528545,0.125528197879214,0.416684739829326,0.655096589681239,0.803822483270368
"YPL105C",84.978450862768,0.117975908911074,0.320471372277095,0.654985125404757,0.803822483270368
"YDR204W",61.8863286639124,-0.104581895135435,0.270897264782351,0.655510769897253,0.804052755589405
"YNL262W",101.047211194832,-0.0962434104206813,0.241094269591121,0.65589505762072,0.80436224873205
"YBR192W",38.545272151252,0.11251749383914,0.300592780495086,0.657229948229891,0.804905800313712
"YEL034C-A",558.232363468622,-0.0873235487005394,0.214918495090474,0.657356254612417,0.804905800313712
"YGR263C",25.5601813855844,-0.117018617590722,0.327007497816749,0.656742240288851,0.804905800313712
"YJR140W-A",4.74537290763278,-0.116710932363487,0.462443195746823,0.657526821946181,0.804905800313712
"YKL018C-A",31.8083759406337,0.114080548401246,0.306672326409221,0.656806040914648,0.804905800313712
"YKL161C",13.9446326362629,-0.122589322542464,0.395132082148328,0.657188226318734,0.804905800313712
"YNL216W",36.1781189231157,-0.110749201830707,0.296843690931453,0.657013520874379,0.804905800313712
"YOR150W",68.130212077588,0.103473820802515,0.265952246435835,0.657354893796118,0.804905800313712
"YPR075C",96.2002315505804,0.103837997274498,0.266552284316805,0.657434475632882,0.804905800313712
"YOR318C",2.8638400091299,0.101242458786336,0.500591212774727,0.657951399211009,0.805263810881746
"YBR013C",14.0070384555641,0.123374587347244,0.370631064127236,0.658716514616158,0.805876587030407
"YJL047C",50.6937024593172,-0.104470854713164,0.273650079537652,0.658662882364903,0.805876587030407
"YAL027W",17.2558404322698,-0.120305325351062,0.354571948938884,0.659946747363239,0.806248832467216
"YBL039C",30.3362547811419,0.117604407180744,0.331347530839801,0.659570277335319,0.806248832467216
"YDR176W",54.1835597960469,0.114735063831149,0.311275184760904,0.65932663031414,0.806248832467216
"YGR171C",22.4626037513983,-0.11778101786304,0.339975090660109,0.65990533070769,0.806248832467216
"YKL116C",27.576879553285,0.116756958909627,0.326363612015613,0.659256702271861,0.806248832467216
"YOL108C",45.5200584664658,0.110833905147083,0.294481623825849,0.659781975430622,0.806248832467216
"YPR151C",61.4980030418447,-0.116171284161691,0.326743991005416,0.659715395542927,0.806248832467216
"YHR057C",64.6606052264858,-0.101049029938787,0.262154406793925,0.660109277221096,0.806285780493503
"Q0182",3.51954670276299,-0.107355094933782,0.490513687657205,0.661011333113629,0.807169014680279
"YOR021C",56.8589482961493,0.105240332573975,0.275230480996938,0.661097247134365,0.807169014680279
"YEL027W",504.057883100666,0.0940987387748703,0.237792183542389,0.662672710016043,0.808930536260321
"YGL039W",18.1624004624131,-0.118874192485553,0.351768727026863,0.66283182729242,0.808962752772787
"YNL313C",50.2153413608666,0.105083856476234,0.277737806905437,0.663091594255097,0.809117771168131
"YJL137C",35.2591940301337,0.111558772934985,0.307459043608726,0.663446311760358,0.809388564887786
"YDR397C",26.8895779519711,-0.114640680163425,0.325457897462452,0.663610656923998,0.809427047018565
"YFR031C",74.8356543921518,-0.111762169627434,0.311110527019952,0.664014054027241,0.809595050869381
"YPR076W",16.8524117771678,-0.119261056426923,0.371927162098216,0.663885158080183,0.809595050869381
"YGL006W-A",3.30607569279787,0.106514320319565,0.490075350201338,0.664460577305343,0.809661707817648
"YJL053W",65.3164390698902,-0.100506247866359,0.26606004079009,0.664467245693827,0.809661707817648
"YPL174C",50.9915716820599,-0.113908467075372,0.322508184663267,0.664373132738283,0.809661707817648
"YMR003W",7.57620599848005,0.120972032447151,0.427233243509844,0.664657977463141,0.809732235186457
"YML021C",33.8337700643032,0.111876576175119,0.310466875157582,0.664867224965291,0.809825287003087
"YLR171W",39.9924221856194,0.107464973452918,0.290441965691363,0.665677874639701,0.810650678507288
"YBR217W",9.12634463513866,-0.120656689345815,0.409429341370413,0.666750855092451,0.811461189876768
"YDR076W",26.4108606634295,-0.112942154457328,0.323313696753962,0.666875980326945,0.811461189876768
"YFR034C",21.814155849884,-0.11475698434942,0.335463509763189,0.666788653642612,0.811461189876768
"YNL193W",55.0083216450873,0.104185387866843,0.278539721739554,0.666781326518075,0.811461189876768
"YCR027C",16.3184458580788,-0.11819056280726,0.371352635173008,0.667013240825102,0.8114662081495
"YER176W",110.427019640675,-0.108335097517475,0.302190803309372,0.667623370534093,0.811740838224246
"YFR025C",48.4017782662081,-0.102614899136666,0.277447504812103,0.667638526992313,0.811740838224246
"YPL259C",31.1389845750958,0.110046078610356,0.306035771818691,0.667498681925854,0.811740838224246
"YDR410C",22.7830045351946,0.116282945294395,0.34769806428633,0.668444509878983,0.812558693201515
"YLR014C",29.6062842826774,-0.111473640927456,0.322928847086937,0.66875515430411,0.812774210465314
"YCR047W-A",7.86327972199853,0.119472846710731,0.425136896087515,0.669102929575887,0.812872703959544
"YOR004W",21.1084499330325,0.117361478112816,0.351373045304344,0.669080946966214,0.812872703959544
"YDR485C",106.310660303783,0.115945831188701,0.340666642343342,0.669621334991349,0.812902692857467
"YEL015W",37.4956208843989,0.106885378123609,0.29393439372192,0.66966110268045,0.812902692857467
"YJR007W",25.2622683039823,0.113688507108202,0.330602820733152,0.669621535931852,0.812902692857467
"YOR146W",23.5602596461983,-0.112649512898159,0.327273152191822,0.669517362223955,0.812902692857467
"YBR026C",95.3118612220895,-0.0953286535704825,0.252584766553638,0.66991620199266,0.813050428344337
"YCR020C-A",24.469127909508,0.113548018648718,0.328928778546998,0.670404969287566,0.813481642008305
"YHR061C",16.5694977931711,-0.116540903206058,0.3706464306206,0.670594178655054,0.813549267297483
"YPL133C",37.819813989947,-0.108390277302044,0.31086218054293,0.670784530627893,0.813618251577514
"YBR273C",67.7688806849551,-0.0959204506038426,0.256325627668389,0.671226583253787,0.813830520177409
"YMR298W",101.745348105257,-0.0925171187842484,0.243179414514737,0.671103738794298,0.813830520177409
"YBR199W",162.714286733801,0.0881181612844441,0.227173357231305,0.671694649405428,0.814236055713223
"YGR278W",22.1529348169895,-0.114497694707493,0.343894075624722,0.672098840259648,0.814564014989572
"YJR031C",72.6191184671254,-0.102405387810846,0.283809764064774,0.672357620199525,0.814715645152307
"YOR326W",228.602798987869,0.0843320736928607,0.216425364326207,0.673600349622691,0.81605925878559
"YHL017W",42.1217122068751,-0.103056533006584,0.288914294022599,0.673982430450767,0.816177091499915
"YHR197W",21.4022907206889,0.114540160999479,0.345275947890049,0.674030142392387,0.816177091499915
"YML031W",64.3517413005264,0.101218001730759,0.277813730330811,0.674099340215024,0.816177091499915
"YNR016C",847.060827373633,0.0935196757107823,0.247260125997571,0.674384381372213,0.816360040608469
"YPL190C",91.1964261941556,-0.10586625436638,0.301705529695169,0.674732838980618,0.816619669099854
"YFR016C",212.342345050344,-0.111465021603415,0.33706365300048,0.675540105102514,0.817272120007905
"YKR056W",57.3663477971754,0.102940291518067,0.286795709960117,0.67553116495884,0.817272120007905
"YKL182W",1725.56264340614,0.0990899520614173,0.268910807734028,0.675889477661553,0.817532519616425
"YAL047C",13.4612269129584,0.118366492730217,0.410372009294004,0.676781513769449,0.817800025064391
"YBR149W",273.652226611323,-0.0883742945927374,0.235938151253229,0.676565112601359,0.817800025064391
"YBR293W",22.0217871215289,0.113945307241606,0.353092727307806,0.676504064194452,0.817800025064391
"YDR172W",89.3402159709028,0.0937539292810553,0.249444203392794,0.676296891279975,0.817800025064391
"YJR124C",17.2487475441595,0.114878747538581,0.356136324993386,0.676670655670737,0.817800025064391
"YDL084W",166.723706901737,0.086753289829473,0.227837618715996,0.677561143822684,0.818579815976067
"YPR031W",38.0362167605592,-0.103411737197112,0.296046151870754,0.678021509643954,0.818973662560424
"YDL070W",259.876422909211,0.106051205069019,0.300692406997892,0.678162986807031,0.818982247788558
"YNL068C",61.9973826575524,-0.0950024831310473,0.260752235505024,0.67866058796628,0.819420816888763
"YBL010C",17.4138129095256,-0.112860005671991,0.357369617019394,0.678834602126559,0.819468587831527
"YLR119W",28.1728379501901,0.11576617754666,0.369736241637693,0.679032903150057,0.819545652415761
"YJR108W",3.13630720533992,-0.101182959427145,0.486287404592657,0.679764749802414,0.819941846436911
"YML095C",15.4373662525736,0.11432544098221,0.362696170850152,0.679640949163529,0.819941846436911
"YPR017C",18.7961570796222,0.113116163759298,0.35185305086746,0.679594831489807,0.819941846436911
"YER073W",27.3053518147005,-0.107337645381151,0.320769928645828,0.680583337246316,0.820766806592065
"YNL072W",7.52040280928546,0.115010057044639,0.423624023681934,0.680723880815097,0.820773897837392
"YMR218C",50.3487048087803,0.100766767701616,0.284459903459356,0.680947112076093,0.820880666159768
"YLL014W",43.9465105720818,0.100133829652626,0.283052816986503,0.681662811191918,0.821580944080431
"YGL242C",17.4676381046503,-0.113843819314471,0.374812164607062,0.68255883228243,0.822498237003046
"YDL076C",42.3320831508174,-0.101542982681638,0.293252245719029,0.682873550117227,0.822714822685215
"YDR520C",44.2023169323047,-0.0982907170168986,0.281146708492263,0.683172264022648,0.822912045300007
"YNL251C",113.433558085065,0.0863167730070885,0.232482525143501,0.683613297690958,0.823280586727206
"YMR177W",21.9190485270914,0.109571833773635,0.334957197114705,0.684551330285575,0.824247403810861
"YMR234W",18.8977166767718,-0.110197113573163,0.349106999719434,0.685083475098531,0.824606626685469
"YOR311C",89.2362328932116,-0.0952538251292402,0.271291705723754,0.685120255543104,0.824606626685469
"YIL003W",34.3363954352962,-0.103417601202221,0.309323436894996,0.685400065756312,0.82478053322502
"YAR050W",5.27126024809544,-0.103953259531405,0.465256595879295,0.687139540008534,0.82593508072637
"YBR233W",16.8347835518693,-0.111443853144334,0.369628344859116,0.687337435399048,0.82593508072637
"YCL058C",55.2036583927466,-0.104834851280583,0.318505630836835,0.687197929441408,0.82593508072637
"YDR185C",25.7592096592947,0.105350130223621,0.319213300262929,0.687850118091395,0.82593508072637
"YDR364C",34.9420131620073,-0.104927835996503,0.321873734773508,0.686887520094441,0.82593508072637
"YGR046W",39.5226434132953,-0.100307944271794,0.296548955662018,0.687606372858477,0.82593508072637
"YGR116W",217.681907874785,0.0872655959656708,0.238885545488978,0.687455530261352,0.82593508072637
"YHR134W",20.8029328030459,-0.107734265413798,0.340205936453478,0.687753861611696,0.82593508072637
"YJL019W",18.6373100197464,-0.109379207644526,0.357096982946868,0.686788033933661,0.82593508072637
"YLR273C",23.11326634665,-0.108604053642708,0.342104185879156,0.687127219154477,0.82593508072637
"YOR172W",66.3379884774399,0.0929904967088977,0.261029339571507,0.687149895579338,0.82593508072637
"YGL074C",18.7766178944798,-0.109410504269128,0.357918727551903,0.688314434790885,0.826329816830894
"YGL208W",29.9084287197864,0.103789103083406,0.312603085572433,0.688531204307864,0.826427272598745
"YLR357W",75.2360299366836,0.0909886744944378,0.254997031946714,0.688778466491556,0.826561282391422
"YPR180W",30.951672407953,-0.108745914415625,0.34882717956809,0.688948603736192,0.826602704679545
"YGR068C",13.2464709477212,-0.110361550016266,0.38729599887768,0.689373848258805,0.826950128938677
"YDL074C",117.458202245098,0.0994441868734965,0.289112999069237,0.689516751863295,0.82695879626265
"YBR103W",47.3272309434773,0.0964416998753766,0.279788138268658,0.690544424604676,0.827454784617187
"YBR118W",72.2381283459941,0.0937718584105519,0.267562182214075,0.690771181852979,0.827454784617187
"YBR188C",18.6427117595532,0.112143655983048,0.37365456143545,0.690181265985436,0.827454784617187
"YDL111C",10.1530691278911,0.112156213921351,0.401767788407366,0.690475710444471,0.827454784617187
"YDR327W",38.6966608436403,0.100634918481163,0.298922286000669,0.691152142491567,0.827454784617187
"YGL252C",141.808125519069,-0.0827402325391943,0.230002247615825,0.690780654558517,0.827454784617187
"YJL038C",3.10610636203272,-0.0972734709107918,0.486067566532932,0.690937473169807,0.827454784617187
"YNL283C",26.5097448521045,-0.105177711762624,0.334343483967548,0.69087943051143,0.827454784617187
"YPR133C",58.0450005604625,0.0956453830050257,0.275302613440347,0.691108336118787,0.827454784617187
"tH(GUG)E1",3.23617067981027,-0.0934857114968532,0.490674854274716,0.692058640990008,0.827488524500574
"YBR098W",77.3691491062507,0.100747814977398,0.299604224200252,0.69196727004666,0.827488524500574
"YDL093W",32.5141135995742,-0.103240441999123,0.324336617131741,0.692005827838964,0.827488524500574
"YGL175C",8.59358039274074,0.109489489372261,0.42654788691825,0.691912082318312,0.827488524500574
"YGR009C",120.991171840274,-0.101855343720888,0.312650729364455,0.692130680542072,0.827488524500574
"YKL039W",67.9270793175289,0.0972952403271272,0.284467698202567,0.691330531533433,0.827488524500574
"YOR282W",5.64834954764752,0.108259728158782,0.448872778044856,0.691642646118291,0.827488524500574
"YDL017W",9.42586448949093,0.108795362407982,0.424892964143941,0.693044847113637,0.828120227355545
"YDR103W",28.5291120811796,0.103389702574204,0.318204681195115,0.693338395438121,0.828120227355545
"YDR192C",15.3403475591399,-0.108066947304794,0.362149148144751,0.69313373360249,0.828120227355545
"YJL153C",95.0454340240232,-0.0994255687130704,0.304694200564166,0.692920321481394,0.828120227355545
"YML112W",21.9165342810565,-0.105920814379304,0.346775484074959,0.693245482174262,0.828120227355545
"YDR482C",16.5765932065485,-0.10748177713539,0.360971898636473,0.694031561168985,0.828785729883417
"YBR147W",95.0482738851738,-0.0866421693270884,0.24790633740655,0.694374303761975,0.828932917247883
"YKL211C",46.7918698443979,0.0957500761200454,0.282548544237454,0.694562823360942,0.828932917247883
"YPR134W",27.2008902207515,-0.102595446659044,0.320651484082107,0.694537256078347,0.828932917247883
"YDR229W",33.6056371706149,-0.10329173003719,0.325213793518423,0.695124199091236,0.829440484232789
"YOL083C-A",6.61962249293273,-0.107068992284096,0.433819951344575,0.695462079340684,0.829681224032388
"YHR064C",176.243092866583,0.0817387546669072,0.228308194625563,0.69573631265241,0.829683589437769
"YJL211C",6.38822536862859,0.106085040407479,0.445155367515297,0.695649219562025,0.829683589437769
"YDR468C",30.7112600862365,-0.100717109383875,0.313398759636758,0.696116643035564,0.829974753384539
"YBR051W",7.79309229358578,0.107313938132078,0.445999619217392,0.696487820276648,0.830092542938242
"YLR165C",17.3929586146621,0.108873143823162,0.365492425540341,0.696435058168005,0.830092542938242
"YML012C-A",9.55366402793893,-0.108793802543304,0.404088780268394,0.69669482595933,0.830176923601587
"YOR163W",50.0688564602432,0.0959661422930176,0.286385738762007,0.696942690723131,0.830309949170736
"YDR522C",6.99133057007928,0.10318242812289,0.455713434773978,0.697601801532521,0.830932769267288
"YDR238C",201.939583279448,-0.0829371889111597,0.239619300348274,0.69882008396982,0.831545885915209
"YHR129C",7.1031287039869,0.107946201133902,0.427791322229303,0.698383110818915,0.831545885915209
"YLL007C",36.2431533559682,0.0983877220052258,0.302438340102138,0.698706530582452,0.831545885915209
"YOL011W",121.752244556756,0.0843625217668021,0.241125600896717,0.698532910426318,0.831545885915209
"YPL012W",80.7857858630416,-0.0893207808809826,0.264187575689385,0.698667675589991,0.831545885915209
"YPR170W-B",16.765870346577,0.107184677642274,0.36049637000152,0.698935122812734,0.831545885915209
"RUF20",20.5033390114367,0.105256815696821,0.349295235372908,0.69941815088462,0.831795830174002
"YFL025C",43.1563457637955,0.0979764980599555,0.301852415161837,0.69936601203754,0.831795830174002
"YKL024C",30.4564020949841,-0.0982378631674715,0.306528253819948,0.699703425258133,0.831972761792493
"YER137C",5.86329019242744,0.102658286811592,0.463253473297678,0.699900175013618,0.832044385938756
"YKR025W",28.0839180471393,0.100603504978599,0.315280818828421,0.700107300222336,0.832128314129317
"YPR053C",3.08200058775787,-0.0938273841229118,0.486234599355985,0.700480039033826,0.832409014995354
"YJR018W",5.05807387606401,-0.0967245597182252,0.469929974945301,0.700657387642443,0.832457461536196
"YEL029C",36.7598993931072,0.0962404896167722,0.294903252005876,0.70110542634346,0.832502936599141
"YPL096C-A",15.7729007495299,0.106783204943612,0.36692766746053,0.700836622989291,0.832502936599141
"YPR036W",232.18886081956,0.0898494248157936,0.265342295787166,0.701060876189475,0.832502936599141
"YIL145C",22.7964532142391,-0.10542794262568,0.378156883512738,0.701780568797867,0.832980051961635
"YNR043W",95.1547936853565,-0.0873822042566524,0.261102843075983,0.701670480427956,0.832980051961635
"YPL144W",10.3115276510455,-0.105280191074328,0.412782464768469,0.70220838099575,0.833325561169996
"YML118W",37.375357918159,0.0954730054398997,0.293011140659421,0.702588372737381,0.833614197359225
"YAL054C",81.7838234184732,0.0937254480340098,0.286920285525617,0.70308568244829,0.834041890720577
"YPL155C",30.8226849090139,-0.0999832606522671,0.330551180902966,0.703541327881542,0.834420002614905
"YOR084W",16.3434527319663,0.105252968386741,0.37039965144481,0.703846078099586,0.834619036190073
"YDR078C",21.4896974446136,0.102900430431187,0.33888499996659,0.70444092925295,0.835025417567884
"YER133W",301.641539847764,-0.084988462097417,0.253268725775453,0.704736792119638,0.835025417567884
"YER154W",25.1777768307734,0.102971859645965,0.342687874058413,0.704575479179617,0.835025417567884
"YOL115W",54.819423098801,-0.0907097610480086,0.277656020405076,0.704679676762107,0.835025417567884
"YJL020W-A",19.6195820499791,-0.104483429412359,0.379998785248495,0.705416979882807,0.835579753102027
"YJL152W",148.283047258398,-0.0787442134775192,0.230420060203342,0.705478820256444,0.835579753102027
"YER180C-A",7.0752087752452,0.104598742153934,0.434250073391281,0.706192531658364,0.836100132179046
"YLR118C",47.5703322656391,0.0921484154225051,0.283111564155044,0.706176779555487,0.836100132179046
"YFL041W",84.7057816168693,0.0888149015824632,0.269195979507753,0.706424586465561,0.836212440184034
"YNL196C",7.07692625923255,0.10213413720919,0.449683401391843,0.706616448906061,0.836277137103387
"YGR216C",35.7653411221116,0.0966651818729142,0.308582852125836,0.70683476637166,0.836373112218068
"YBR291C",22.7682892438417,-0.100303337714981,0.342920661618047,0.707033885593687,0.836446337867532
"YLR063W",5.68051709983012,0.0994889928636133,0.462235687158908,0.707561260366699,0.836907797775088
"snR48",6.34360897947098,-0.0975473897833222,0.456633828537346,0.708685129477627,0.838074478883612
"YGL092W",58.7775392668364,-0.08701431887046,0.268610532557037,0.709310969737332,0.838651864316011
"YIL029C",4.00201615865216,0.0957189298741457,0.471854212075619,0.709667590212697,0.83891077625027
"YDL106C",42.3608118984116,0.0928200142329175,0.291214258882004,0.710236141269999,0.838946648485717
"YDR328C",83.9573163627376,0.0853242431404666,0.257881211075364,0.709926330652873,0.838946648485717
"YJL207C",164.585269256854,-0.0749081743512856,0.221520463073009,0.710248516191353,0.838946648485717
"YPR157W",38.3779160526756,0.0940739994948567,0.299502532453738,0.710139222914036,0.838946648485717
"YGL064C",19.5221457506628,0.103186968744733,0.361947356594662,0.710801846883617,0.839274943191718
"YLR102C",22.3726526877512,-0.0981290906697787,0.331258704827599,0.710756031898637,0.839274943191718
"YNL253W",22.5604555242338,-0.09769706535762,0.33006022164831,0.710986153993644,0.839329964863696
"YDL051W",31.5282227813842,0.0947344713461143,0.305058155647018,0.711385629019516,0.839638925033686
"YCL024W",50.6281284726859,0.0940128043628143,0.299832095810052,0.711912968223193,0.840030199846328
"YCR064C",2.66049846911986,-0.0853306345451388,0.494611972577917,0.712065161977365,0.840030199846328
"YOR320C",93.2278995831457,0.0806748338884547,0.242196496978991,0.712130605841834,0.840030199846328
"YFR014C",78.864520999373,-0.0822575346590371,0.252198091022924,0.71286708688872,0.840665608256745
"YMR052W",13.7343647019116,0.103968199759503,0.417049218392267,0.712945123720937,0.840665608256745
"YOR077W",7.25165629194077,-0.100977075529298,0.432237876672116,0.713352236924173,0.840820321804841
"YPL184C",79.460424911393,-0.0820785212433904,0.252700787383003,0.713241375473543,0.840820321804841
"YBR191W-A",3.9383836157193,0.0942256229717747,0.47245408979141,0.714825890410786,0.841713429957868
"YDL129W",12.8634806751862,-0.100471604651267,0.38818356133035,0.715214742207022,0.841713429957868
"YDL151C",5.05839785510922,-0.094670607540045,0.467820793000351,0.715138712899993,0.841713429957868
"YLR227C",40.9466244579361,0.0926701578005433,0.298427059832455,0.715095251991566,0.841713429957868
"YML034W",93.1509474728849,-0.0804212837538885,0.246883554495987,0.714915191225609,0.841713429957868
"YMR255W",58.912086284712,0.0954125817260673,0.313609996502181,0.714957122136911,0.841713429957868
"YMR277W",42.6028484703294,-0.0909902096724826,0.295490455814819,0.714673616941642,0.841713429957868
"YOR368W",20.9893527581602,0.0993142176406819,0.341873653412899,0.715146863302811,0.841713429957868
"YLR170C",66.4482059476813,0.0868920486554946,0.271459072459841,0.715389520971901,0.841756588865586
"YDR004W",31.8899607483121,-0.0913926259884134,0.300702416014151,0.716074368328764,0.842008448058347
"YLR262C",12.3030066296404,0.102778559906618,0.398101555834842,0.715845920924037,0.842008448058347
"YMR163C",19.8595548722599,-0.097275748946046,0.343030130791907,0.716156159923621,0.842008448058347
"YPR171W",24.5424267343246,-0.0970183257668961,0.333924193781405,0.716091636311723,0.842008448058347
"YBL025W",15.966347598961,-0.0991819303448939,0.364516300638035,0.71663610410327,0.842241935848455
"YBL061C",41.9177505985983,0.0902351545102491,0.292518612296688,0.71741491000094,0.842241935848455
"YBR193C",26.6395561108301,0.096830738674729,0.331304658307965,0.717215177814605,0.842241935848455
"YDR019C",45.9468789102039,0.0915067781178391,0.298690279639317,0.716937185461038,0.842241935848455
"YGL016W",66.1929700631801,-0.0920435637217206,0.309585247653374,0.717435568177658,0.842241935848455
"YJL138C",107.704713378903,0.0775007792949462,0.235311412388867,0.717286952340779,0.842241935848455
"YML102W",24.0380295757696,-0.0966450731880799,0.340487348831699,0.716911175550091,0.842241935848455
"YMR020W",123.655611531776,-0.078874922458475,0.244920587578697,0.717460234770332,0.842241935848455
"YPR071W",7.85999450458987,-0.100053635811095,0.426146490270795,0.717934414015952,0.84263628989548
"YDR453C",13.0548347551204,0.100221558041976,0.387669195417814,0.718323327236485,0.842726872112915
"YGL170C",5.12328158524233,-0.0946586979070655,0.458357443310621,0.718598768990856,0.842726872112915
"YHL006W-A",8.37602279754515,-0.0979109073391772,0.434729089658422,0.718551484909052,0.842726872112915
"YLR067C",46.2381665677015,0.092773846691429,0.305603349904343,0.718591344936247,0.842726872112915
"YNL180C",129.233519883358,0.100169145500485,0.363625476372473,0.718702917349128,0.842726872112915
"YBR234C",104.612112364036,-0.079385891646717,0.249177474613837,0.719187623550317,0.843133018953487
"YAL032C",26.555289398581,0.09352224918631,0.316958593026676,0.721014951559023,0.845112717260047
"YOR308C",49.4167017540494,0.0975270339791382,0.344527152484631,0.72144755311071,0.845457188273366
"YPR170C",27.5229671844741,0.0934676389433689,0.318359133770793,0.721593553255505,0.845465726084641
"YGL093W",47.4337831020817,-0.0853869743213826,0.279728509734485,0.722120655544903,0.845920698740377
"YBR206W",2.88455396405842,0.0829403032721758,0.496205415289765,0.72233767479123,0.846012322800259
"YHR077C",107.177987230616,-0.0891645928085726,0.299961598400891,0.722582132866768,0.846136042233036
"YMR288W",64.6014809956056,0.0876974127762978,0.288387370770351,0.722726691375514,0.846142755269642
"YCR005C",141.399180582621,0.079981341123574,0.253172219285298,0.723098186042062,0.846415103500359
"YNL206C",39.4595760398164,-0.0882177698820634,0.295601148574833,0.723467571686511,0.846684878922674
"YBL063W",40.605890717312,-0.0898946310379465,0.305006679648099,0.723843412897411,0.846962104359708
"YDR538W",14.2834636053899,0.0986012468423647,0.376022461283257,0.724286129003378,0.847317458018348
"YDR269C",6.45291338474508,-0.0951134165393355,0.438596233288981,0.724596769483601,0.847466715906113
"YLR015W",41.5288401022773,-0.0872947198338264,0.293645465884703,0.724691800377795,0.847466715906113
"YGR255C",198.415793009761,-0.0691417697563465,0.215765307308558,0.72620510294201,0.848910644885223
"YLL015W",177.745136643991,-0.0776934066913007,0.250552041778906,0.726072890738412,0.848910644885223
"YNL130C",101.672648390513,-0.0783292012370904,0.254010825397655,0.726349872352447,0.848917060783924
"YDR124W",18.4067175257706,-0.0949456834916869,0.355121232742421,0.726978650536047,0.849489048124464
"YLR437C",19.6770293865834,-0.0941222492813417,0.348218406725322,0.727742738046449,0.850218897525993
"YBR202W",46.0846632578842,-0.0845598637458664,0.28607469600213,0.728368590061448,0.850298133772175
"YDR093W",68.3292575873684,-0.0840333496231659,0.284644816134196,0.728129932360477,0.850298133772175
"YDR198C",18.033628378428,-0.0944771668778013,0.352420644169383,0.728010878739743,0.850298133772175
"YJR005W",64.7600766256468,-0.0814153844504341,0.269401726760623,0.728238181227885,0.850298133772175
"YMR100W",96.1180770000931,0.0805045451278127,0.261855509645657,0.729331555388787,0.85125925509281
"YLR056W",299.087647235656,0.0753104329233562,0.240404758115857,0.729624996048265,0.851438703985099
"YDL102W",55.814431678467,-0.0847433128672381,0.290562854083258,0.730391853656263,0.852007339336828
"YOR028C",36.5192290412854,0.0876013005033433,0.299599551228144,0.730288023143666,0.852007339336828
"YML001W",102.373507903362,0.0808738667206149,0.267168263815839,0.73123513486134,0.852827812280878
"YIL149C",149.847079706333,0.0883703112847443,0.472791314226092,0.731396367043824,0.852852660633654
"YCR009C",107.106535845079,-0.0782821505191188,0.259980719481219,0.731868863149916,0.853077208051012
"YGR077C",33.764555918667,-0.0853657785318265,0.29621027911712,0.73186160697924,0.853077208051012
"YDR251W",106.837000289478,-0.0716936547432727,0.23342650841268,0.733399944637477,0.854535014828029
"YML034C-A",8.18381333718359,0.0944031244344787,0.423034416084935,0.733289501193384,0.854535014828029
"YOR097C",33.3890516373238,-0.086357397691112,0.305254691436894,0.733906897634445,0.854962259381105
"YPR080W",72.8152170699989,0.0798567006311002,0.2671806374004,0.734187744390326,0.855125989309964
"YDR095C",3.7207400991945,0.0847243406048896,0.476735099389887,0.73475842517306,0.855627168786741
"YNL123W",116.169451441948,-0.0777472895609499,0.265591313319691,0.736049067344266,0.856966392638644
"YAL043C",27.212048076291,0.0902372721128699,0.337317562309912,0.736353194078903,0.857156745208348
"YLR339C",47.6330806915279,0.0894807380916751,0.330388579286363,0.736813940853402,0.857529304850389
"YDL133W",44.2087374926579,-0.0809774360116754,0.282776783515965,0.73725922285033,0.857883727238022
"YJR136C",22.9023656944753,-0.0879381268574408,0.326544969303395,0.737602080232081,0.858031886957504
"YNL233W",59.9707367303518,0.0802721755273127,0.273607301401901,0.737668102979051,0.858031886957504
"YHL009C",15.7177756006834,0.0944884308953456,0.382892404938526,0.737812393093652,0.858035973269569
"YCR101C",6.72720353597132,0.091777413528359,0.435078654920431,0.738647690198804,0.85879814809891
"YMR013C",31.0747567985527,-0.0860204240510175,0.318222066968702,0.738749580062771,0.85879814809891
"YJL117W",68.0438287553524,0.0756062793416507,0.254108303927563,0.739275077941797,0.859209437927291
"YKR087C",36.0724459096295,-0.0824003401339011,0.29415817402939,0.73938531614908,0.859209437927291
"YKL194C",32.7655100949406,0.0848325069347595,0.305449137820637,0.740512634431778,0.859630504731106
"YLR394W",36.0604062052805,-0.0848660773999397,0.309049866459645,0.740450242763449,0.859630504731106
"YMR166C",13.1333099052708,0.0915279047634994,0.41162925165335,0.740281397725898,0.859630504731106
"YNL048W",53.1546464695359,-0.0779128746162269,0.270461355995465,0.740411061328403,0.859630504731106
"YNR045W",73.1456026290928,-0.0740381881106295,0.252444619818963,0.740560670893108,0.859630504731106
"YPL057C",171.216421211336,-0.0683567884395556,0.22762084722761,0.740593893411491,0.859630504731106
"YOR364W",5.4741239156962,-0.0880613526775785,0.448597506655996,0.740820322064785,0.859729600720652
"YLR440C",21.5790992474426,-0.087439003996132,0.335169100037442,0.741749942611013,0.860644565051232
"YNL301C",32.2668717277524,0.0856249476378986,0.311309704694899,0.742114322149777,0.860903462790805
"YDL025C",88.234339709348,-0.0766874480226578,0.269565086993052,0.743547160299214,0.861909460255555
"YDL097C",167.808955795866,0.0662579039777966,0.220526323756537,0.743404954725932,0.861909460255555
"YFR034W-A",7.18149291576032,0.0903907878740394,0.430901528601684,0.743500341489226,0.861909460255555
"YGL241W",37.9065386964877,-0.0830665145271453,0.306452835408106,0.74319687901983,0.861909460255555
"YKL047W",29.1145650951376,-0.0852660649742045,0.322167101234532,0.743878292123241,0.862031474917941
"YNR059W",24.558167432255,-0.0873495864058009,0.344251540331197,0.743935284342637,0.862031474917941
"YJR021C",13.3850327348891,-0.0898831283485424,0.375228537079865,0.745266792004832,0.863410206665929
"YDL122W",103.681147966119,-0.0805664732737801,0.294335929975282,0.745493176720331,0.86350834513691
"YLR341W",16.4079369995869,-0.0880813418090125,0.35957723516372,0.745655171189978,0.863531876952863
"YOL143C",74.232979212972,0.0753924555422396,0.263851437496877,0.746193568426486,0.863991223320561
"YKR048C",118.189171246698,-0.0724118252430759,0.254470388870177,0.746565852710209,0.864258095397669
"YOR266W",23.0684610324496,0.0889765142097894,0.354209285985478,0.74732686960782,0.864974794960057
"YJL059W",15.4521746714797,0.0891744570630051,0.361467219631386,0.747551382767405,0.865002022102836
"YNL287W",116.485685600065,0.0740966764639627,0.25933090909248,0.747705461685376,0.865002022102836
"YPR092W",6.47296892464399,0.0889403926501254,0.43575521546009,0.747776153315807,0.865002022102836
"YOR123C",96.7607669307483,0.083462632487303,0.310784485570109,0.748457375655265,0.865625750402057
"YHR144C",7.44057225571278,-0.0881166979930927,0.424384759784887,0.749002687870256,0.866092085480784
"YJL139C",33.7348732113957,0.0842044444302433,0.324746296007775,0.749280280593224,0.86619342354984
"YLR146C",24.0847731679786,0.0866078134602355,0.346014809647911,0.749374556583808,0.86619342354984
"YLR457C",22.0102755074451,0.0852899373318908,0.330024386972794,0.749994931239485,0.866746133087725
"YBR216C",60.8161428328547,0.0814823653201252,0.308522459569319,0.751440017475979,0.866772175931354
"YDR445C",8.53801329867231,0.0880231606904083,0.426579602700031,0.751852101962006,0.866772175931354
"YFR036W",19.0205055374014,0.0879485640754412,0.360388658888738,0.751733623082233,0.866772175931354
"YGR078C",8.58455554331814,0.0889526156099951,0.413060980460333,0.751756235824832,0.866772175931354
"YGR262C",26.2329195777092,-0.0823629643685024,0.318480225004837,0.750644024902483,0.866772175931354
"YHR173C",2.47642116208354,0.0672546110249796,0.505366974880139,0.750545065711063,0.866772175931354
"YJL029C",36.5798905243237,-0.0807025463147152,0.309923409309813,0.751117427166105,0.866772175931354
"YJL146W",39.5931084886629,0.0794505345177521,0.292884505121975,0.750492774190515,0.866772175931354
"YKL163W",253.687822809982,-0.0645016465874422,0.225081762972439,0.751866200844802,0.866772175931354
"YLR025W",96.6397989648576,-0.0789602708772026,0.295139284311952,0.750855870773163,0.866772175931354
"YNL097W-A",12.692674891415,0.0885844105759001,0.378662101472799,0.751770546087698,0.866772175931354
"YNL138W-A",11.4325844638831,0.0896470201670751,0.395179069478606,0.750933236950004,0.866772175931354
"YPR138C",136.753964747347,0.0791596473668368,0.292808344910701,0.751499048810175,0.866772175931354
"YHR062C",5.12071477749998,-0.0830679558318914,0.451705444421905,0.753472275482088,0.868459440064926
"YDL047W",48.3071990646521,-0.0745692096494388,0.275090227577031,0.75366923156195,0.86852220956137
"snR190",74.5280631512592,0.0801096348588673,0.30506045620158,0.75386386256521,0.868525932097326
"YDR533C",892.897702963173,0.0626961017425127,0.215570483322315,0.753957458035595,0.868525932097326
"YDL045C",43.6228440148849,0.0762693885875794,0.281189514161506,0.754172656557875,0.868609663968301
"YGR012W",20.6491932954021,0.083935092624769,0.335252269602835,0.754800404340356,0.869168423286315
"YDL062W",3.18492025417452,0.0695524306978984,0.498882283310652,0.75539796022497,0.869692211479258
"YDR423C",27.1631622339687,-0.0800948473137616,0.317575017956289,0.757161538527515,0.871403792917814
"YDR461C-A",16.6930617074676,0.0860936304746855,0.366867841143013,0.757313517815531,0.871403792917814
"YGR005C",64.9394560915876,0.0759157845409983,0.282842880805158,0.757280202610514,0.871403792917814
"YNR003W-A",2.51345971763211,0.0700791391521632,0.498591556301437,0.758909852630339,0.87307579308832
"YPR189W",88.8853109128349,-0.0695204375572181,0.258841545656789,0.759059867432746,0.873083580298658
"YER017C",130.175896787572,0.0661633270951784,0.238194453412638,0.759462308373135,0.873381654629106
"YDR157W",3.85273201133612,-0.0760810617697736,0.474603368321736,0.759872029208301,0.873687986799584
"YLR226W",34.0872019802692,0.0788767518186534,0.308125830595977,0.760361043947042,0.873821140723505
"YOR192C",8.55881879325948,-0.083894123977802,0.419680055112756,0.760382074856284,0.873821140723505
"YPR093C",17.2798746397115,-0.0830566759227626,0.361555496447016,0.760417937719027,0.873821140723505
"YGR112W",44.8749319784461,0.0758564081020561,0.293039628624134,0.761490889908208,0.874640258913779
"YGR120C",19.3957251350849,-0.0822254427163051,0.35125276760894,0.761295652093386,0.874640258913779
"YOL035C",48.8666480338219,-0.0784316567861774,0.317471114946387,0.761561255792523,0.874640258913779
"YFL044C",45.7675455266087,0.0815354532125065,0.338234921618593,0.761737607179012,0.8746779796074
"YGR123C",19.0687757648378,-0.0812454041202413,0.349046145048864,0.763086920952207,0.876062306122377
"YDR460W",33.2975244883418,0.0796712156580561,0.320528548845402,0.763316399003524,0.876160725409884
"YBR134W",3.3457438143823,0.0725973110776475,0.48402263236506,0.764127417704269,0.876703103051558
"YLL037W",13.917459430137,0.0838550002398506,0.378385348702567,0.764220440773245,0.876703103051558
"YOL072W",28.3186439268515,-0.0784104892124632,0.326755922971695,0.764010225696757,0.876703103051558
"YIR002C",65.8776639081191,0.0737779678853001,0.283952112762444,0.764613748135513,0.876989235018056
"YDR480W",15.141960646134,-0.0819292786792019,0.374586569055425,0.76522973026473,0.877481336966377
"YFR024C-A",79.1433399681568,0.0700535211427598,0.266665087706353,0.765383955449443,0.877481336966377
"YGL214W",23.9622029396996,0.0797312382091187,0.333018590035168,0.765618662836291,0.877481336966377
"YOR220W",89.3144727718095,0.0685550263000329,0.256815205181798,0.765559636306205,0.877481336966377
"YER046W-A",15.2657238663592,0.0829219970182303,0.365173726686522,0.765939569815692,0.877684090623546
"YFL047W",20.1443903939483,0.0809721446632758,0.344324407782036,0.766102688967033,0.877705994220689
"YHL018W",3.38714093174876,0.069282155600494,0.489810030719109,0.766987884428709,0.878243119067706
"YHR033W",10.8391137574769,0.0823971466531567,0.405141805365434,0.767003793732141,0.878243119067706
"YLR225C",81.2209537242594,0.0667551003401692,0.250211975780001,0.766727339046962,0.878243119067706
"YNR062C",8.6462442804926,0.0826603148831647,0.419483631438327,0.767539317592132,0.878691236048844
"YNR017W",41.0049046236561,0.0751829090449511,0.301469864317514,0.767804421916102,0.87882966226829
"YDR300C",36.7372303014997,-0.0745891989113387,0.304885194666137,0.768193428235589,0.878982370757172
"YOR052C",347.507721271031,0.0603185815026683,0.221570077216878,0.768226265631412,0.878982370757172
"snR80",130.507976970989,0.0789392689201421,0.453660911584622,0.768995845325572,0.879037823942116
"YBR236C",30.7526522174376,0.0758708541807201,0.308152793616209,0.768511066927483,0.879037823942116
"YDL015C",137.551976204284,0.0647440140723648,0.243666969728502,0.768723276897856,0.879037823942116
"YEL010W",2.83704005074119,-0.0636865760457765,0.500779398862275,0.768711681281128,0.879037823942116
"YHL034C",245.87894850947,0.0621612974546069,0.230637915384019,0.768993167499304,0.879037823942116
"YDR179W-A",21.242728378069,0.0791669188529606,0.341085323078624,0.769494193422466,0.879442548079868
"YPR139C",43.3090768625424,-0.0729199324885113,0.297772963870893,0.769761600028615,0.879583230628872
"YLL018C-A",16.7747583456058,-0.079485401107911,0.364187820087364,0.770114375870461,0.879821390989776
"YDL234C",100.472207823333,0.0634405932065276,0.24023846157673,0.77052049070779,0.88012038809295
"snR51",20.9948221038503,0.0807410341822772,0.388873365934348,0.771176440050489,0.880631490580056
"YIL122W",31.2239859379387,0.0746025806048496,0.30469376698011,0.771401399213605,0.880631490580056
"YMR148W",33.8698815354897,-0.072995885371901,0.300703282064403,0.771300590021074,0.880631490580056
"YJR099W",15.5938491221891,0.0799696142695245,0.35902237891383,0.772461679999437,0.881676767714714
"YHR042W",66.2070045389931,-0.0663096491303926,0.263364328444701,0.772758703178959,0.881732121533526
"YNL304W",18.6468423997343,-0.0779251025436172,0.347809519750972,0.77279950668287,0.881732121533526
"YHR035W",14.6719013938913,-0.0789423903995082,0.379381378830885,0.77314579642918,0.881962124131733
"YBR258C",10.7965640355857,0.0812056245151475,0.404391787230833,0.773465413112674,0.881996574915201
"YER014W",47.548281401593,-0.0692305996560065,0.281405106746849,0.773343808828491,0.881996574915201
"Q0250",2528.77904999516,0.0693536947094816,0.271977658558746,0.774042602190061,0.882489648400378
"YGL089C",3.13670097047839,-0.0685383184861985,0.486450771601962,0.774698622423865,0.883040860788645
"YOR179C",28.175048667326,0.0743935040598345,0.31262949565319,0.774815836504951,0.883040860788645
"YDL042C",19.2247283216796,-0.0769848299489605,0.352476893030876,0.77504505367225,0.88313696057812
"YMR237W",58.1621091786322,0.068894743253634,0.279293835287037,0.77641256870701,0.884529832947519
"YHR091C",53.9987780377959,0.0678859854611562,0.273952668716016,0.776587588090544,0.884563885145182
"YAL016W",192.548490586895,-0.0608912785564003,0.241029629802234,0.777265601090588,0.885170747131378
"YJR016C",253.142471874537,-0.0657328886039528,0.269456863467503,0.777825120074198,0.885209796195174
"YNL082W",34.4241095218473,-0.0715583638248055,0.303859151086807,0.77756683770276,0.885209796195174
"YOR008C",123.562029873833,0.0621525796433593,0.24401634593682,0.77786810284913,0.885209796195174
"YOR256C",99.876066921218,0.0650114826970117,0.259684349061651,0.777880831570361,0.885209796195174
"YJL154C",81.8534096131449,-0.0624355585479979,0.250296590032709,0.778339123994354,0.88540070189354
"YLR115W",38.8620076600523,-0.071276079724876,0.304495309331298,0.778287225906057,0.88540070189354
"YDR092W",57.088875030116,-0.0652138354514802,0.267504840704296,0.778816421912017,0.885778333934268
"YEL040W",9.2924116453826,0.0787258306394747,0.403343685587745,0.779147059497002,0.885989053663102
"YFR018C",7.91336690818059,0.0770320772371493,0.423157532862799,0.779780169663407,0.88654358032055
"YDR279W",21.7572127022938,-0.0736948831039941,0.331202902577502,0.780254028620321,0.8867515018536
"YGL038C",92.9674012435896,0.0654872904515518,0.265556200081934,0.780173520376808,0.8867515018536
"YPL052W",55.6047373873678,0.0670885459451748,0.276318905109345,0.781225439420087,0.887689980101683
"YDR155C",248.537909023472,-0.0560123449026883,0.222677431884056,0.781735342882196,0.887938299453408
"YHR002W",33.6465134340129,-0.0698200263583688,0.304087999296699,0.781714893359362,0.887938299453408
"YJR068W",52.8665014393806,-0.0665111013697262,0.281148662310816,0.782860658154645,0.888885192148391
"YNL103W",76.3153110268776,0.0724456747038275,0.315776764374467,0.782730992671097,0.888885192148391
"YCR002C",48.2199796512288,-0.0671048810641082,0.28903431505925,0.783331414193891,0.889254045355144
"YPR023C",102.45178776692,0.0599326929431866,0.241828934679037,0.784141076822572,0.890007423320964
"YAL059W",24.8101605487366,0.0721928314148098,0.326583074108726,0.785276621167414,0.890953804363921
"YCL061C",38.0638172162159,0.0750114336250097,0.349651190602946,0.785434446796368,0.890953804363921
"YDL114W",4.1157878444988,-0.0699831231241745,0.464956519923046,0.785378691224384,0.890953804363921
"YMR289W",23.0561428077805,0.0726129086153136,0.331783177085546,0.785559597153685,0.890953804363921
"YMR168C",36.6341571054189,0.071611022965692,0.325060936400932,0.7861487827718,0.891456154603557
"YDL193W",20.7836469674881,0.073289676458387,0.343422538296854,0.787309219192884,0.892289240614988
"YDR026C",71.2085749960578,0.0674542339603496,0.289888591018119,0.78723523388047,0.892289240614988
"YIL143C",145.137275221004,-0.0554138187626587,0.227283344522022,0.787322647420411,0.892289240614988
"YGL128C",14.1255384161348,-0.0747360577011509,0.381291086551056,0.78766864793555,0.892349518432561
"YLR065C",20.4561408731663,0.0730594370443474,0.339803786226315,0.787614913148831,0.892349518432561
"YBR102C",38.0715805424059,0.0667550170848526,0.290056033936999,0.78849039053406,0.892948519194555
"YLR090W",44.7450353157787,-0.0655376965114944,0.288918885029508,0.788404334994419,0.892948519194555
"YKR067W",104.017170983178,-0.0597017763771364,0.254249402445604,0.789812787697395,0.894279944457667
"YBL081W",22.301106729099,0.0718938592626749,0.334428391408458,0.790089262036119,0.894426829886729
"YAR014C",58.6631236866546,0.0617252958980639,0.261634090059084,0.790548788052118,0.894490470375479
"YPL035C",8.42572726196779,0.0743867250305062,0.417037142100465,0.790585752897901,0.894490470375479
"YPL153C",25.5378063459675,-0.0693894843448166,0.32251193930275,0.790537261515406,0.894490470375479
"YGR188C",29.15102498831,-0.0684671820139477,0.31674217924017,0.791237207930824,0.89489530197409
"YPL034W",15.0873821271471,-0.0734834565635714,0.380256580413495,0.79110114075069,0.89489530197409
"YJL077C",11.4615993430438,-0.0724646270211406,0.393051645561663,0.79159705562565,0.895136188133272
"YDR061W",72.8169170416227,-0.0614209529166933,0.268495427769576,0.791928869870179,0.895179239958966
"YMR153C-A",14.8827444710048,-0.0731150761552749,0.382686017196441,0.791879435975792,0.895179239958966
"YMR281W",37.5678028843224,0.0673371514177025,0.302284439973278,0.792183700016705,0.895301251919491
"YJR083C",22.3549573796144,-0.0704467794313617,0.340201514157561,0.792687445764776,0.895704483117595
"YBR123C",31.2021384592281,-0.0659222058255641,0.302529123544769,0.793461921373387,0.895813408527696
"YDR285W",19.6360849131954,-0.0725913312153257,0.394790412697668,0.793688782281707,0.895813408527696
"YEL002C",151.4049762201,0.0579788040296521,0.245347108700966,0.793513484486524,0.895813408527696
"YGL054C",161.647621662054,0.0545476514260002,0.227166473503594,0.793677064100849,0.895813408527696
"YGL224C",50.901215855185,-0.0632562875366589,0.282739488715456,0.793479832900517,0.895813408527696
"YKL218C",39.6177535931077,-0.0657529436559513,0.30587963337846,0.793812669312237,0.895813408527696
"YLR412W",37.4507900817438,-0.0654409467855651,0.298996572134968,0.793705269063281,0.895813408527696
"YHR172W",14.3485363210727,0.0730593577322211,0.387104956660832,0.794226419574711,0.895948552157665
"YPR186C",16.5964691710924,0.0734166773704749,0.377715629277876,0.794177303450587,0.895948552157665
"YLR337C",20.4545322444938,-0.0700253105901626,0.348049454464522,0.794460885829243,0.896047205612368
"YMR227C",41.9863906929687,0.0674643530405071,0.308426060301914,0.794687782524251,0.896137286676283
"YJR076C",70.731544757875,-0.0587444509846979,0.257210033301367,0.795213044834111,0.896310934107988
"YKL139W",19.1949015758939,0.0735663210356601,0.401340419601976,0.795282942027235,0.896310934107988
"YPL261C",8.4341133816448,-0.0717570549728286,0.41441610583404,0.795032576320381,0.896310934107988
"YLR347C",201.448569413177,0.0658305220730887,0.299517692805055,0.795749675053446,0.896671153531291
"YPL126W",82.7979530207487,-0.059404869307449,0.264900855455479,0.796769565890206,0.89765443698721
"YEL064C",44.5379617630966,-0.0670911450810809,0.331386124825547,0.797473222014699,0.897949249617511
"YKR082W",60.2928129799796,0.0622738467815466,0.279352289308025,0.797338458116692,0.897949249617511
"YLR079W",30.6626173369473,0.0697331993894228,0.337374661889014,0.79736994557538,0.897949249617511
"YER183C",22.2244559219061,-0.0674537476129613,0.33012637191897,0.79814554224065,0.898540280745615
"YDL043C",10.0225264540716,0.0719813140707466,0.402465994529659,0.798572688643053,0.898646662682931
"YDR121W",22.3563750576975,0.0695398168310335,0.344129149735253,0.798661885158743,0.898646662682931
"YDR301W",69.9408068336052,-0.0575416571197309,0.256270951492116,0.799231685641408,0.898646662682931
"YEL057C",3.21538209163323,0.06230134906353,0.480568449033874,0.799235621837189,0.898646662682931
"YHL030W",157.582726331673,-0.0576366314486332,0.259567031475478,0.799272117867789,0.898646662682931
"YHR003C",39.4704570829684,0.0637817622868876,0.291634946165876,0.799025506880795,0.898646662682931
"YMR284W",23.6652914233146,-0.0681801005188472,0.340882902995738,0.799042724336871,0.898646662682931
"YIR036C",51.8468731135127,-0.0620747955310021,0.291935372272575,0.799861630105594,0.899003741001566
"YOL141W",20.121959012548,-0.0692214452894795,0.405210985498689,0.799884706718866,0.899003741001566
"YLR201C",54.8636538664166,0.0614498291154199,0.278796101903019,0.800052805273861,0.899026889407113
"YNR029C",29.5259884453091,-0.0663030224905039,0.324729571552207,0.800271696593921,0.899107095067271
"YJL012C",99.9772122934483,0.0640763668118325,0.299202499896306,0.800456570674686,0.899149059760821
"snR5",353.471790911104,-0.0643714436464325,0.45420240016879,0.801039320647012,0.899637858732917
"YOR008C-A",2.46079102458904,0.0583272723570559,0.493023549628993,0.801562797967299,0.900059921446331
"YNL330C",74.3931969350747,0.0570734633866672,0.255400532885914,0.802233934158034,0.900647601527577
"YMR141C",14.8232366172722,-0.0689771745085546,0.384017666746889,0.802748849013622,0.901056947116736
"YOL119C",120.086167716735,0.0576458766059161,0.260033930945103,0.802894221458735,0.901056947116736
"YFL023W",72.7823368388444,0.0666606316714236,0.328186884594361,0.803844754328023,0.901791602729486
"YJR134C",53.9259423743006,0.0688593904438946,0.353908960429751,0.803716260154717,0.901791602729486
"YBR057C",29.7255680450528,-0.064965170567679,0.324215537338235,0.804489969005041,0.901813687385576
"YDR449C",12.0687462451069,0.0694891682610009,0.392100434888982,0.804604238228509,0.901813687385576
"YIL164C",24.7902821832599,0.0681378386804379,0.365735875980537,0.804277747488195,0.901813687385576
"YNR009W",19.2339676513135,0.0691082618520578,0.371652575327268,0.804237746492695,0.901813687385576
"YOL036W",222.874921710686,-0.0511119847673956,0.228457162519632,0.804414399729079,0.901813687385576
"YBR061C",20.1357486109077,0.0670157517523495,0.340104736867926,0.805061184828933,0.901822134816816
"YBR161W",46.5804248267362,0.0600697801681947,0.279790011027984,0.805008290932117,0.901822134816816
"YER174C",61.4805706719097,-0.0585147968502927,0.278488028925068,0.805621926945855,0.901822134816816
"YJR041C",48.3631028714084,-0.0614462132560334,0.300415947410146,0.805647501899518,0.901822134816816
"YLR186W",26.5889307249507,0.0648618422614253,0.319449858404136,0.805503049250041,0.901822134816816
"YNL061W",51.1130088626965,0.062561195644495,0.298751249381816,0.805550946584394,0.901822134816816
"YNL078W",18.2766944241043,-0.066663196438874,0.359184914741178,0.805359535564818,0.901822134816816
"YOR235W",5.47777343617849,-0.0625878011161406,0.458437034224576,0.805969781770194,0.902017227302485
"YMR092C",98.7491281070228,-0.0577465938830758,0.274099002817977,0.806137312888384,0.90203908978423
"YCR099C",4.09360059901587,-0.0613627776044702,0.470593307521044,0.807398091517762,0.902219875554828
"YER088C-A",4.51721522158658,0.0613674890716188,0.469167480269884,0.807066238583297,0.902219875554828
"YER106W",7.26073154395538,-0.0667373971359907,0.428332023524339,0.80666950700707,0.902219875554828
"YMR213W",29.5747768121039,-0.0661232961727941,0.353142680900652,0.807290752898351,0.902219875554828
"YMR283C",29.2164049457106,-0.0633074603778558,0.322659689895818,0.807483087965806,0.902219875554828
"YOL076W",33.8213680794358,0.0621163933801236,0.29968929059139,0.80702182739942,0.902219875554828
"YOR301W",6.66015367012546,0.0646683361897078,0.448062241036095,0.80699242234719,0.902219875554828
"YPL172C",35.9779584447991,0.0621307158192297,0.301136631431477,0.80681221225317,0.902219875554828
"YDR163W",26.0775864461564,0.067808606716711,0.36716672874679,0.80856405962927,0.902931099934115
"YHR107C",59.2462970146434,0.059209384358899,0.280489869558177,0.808418444011711,0.902931099934115
"YPR198W",37.058283727769,0.0638474409297687,0.321340886449016,0.80853873836146,0.902931099934115
"YBR107C",26.1746422699826,-0.0627448321190503,0.322168606384868,0.808827571181334,0.902949766078067
"YJR131W",21.5276849289238,-0.0640078742834644,0.335812017093327,0.808877066905045,0.902949766078067
"YCR051W",13.21434483825,-0.0661083317955401,0.377763779668905,0.809896259565325,0.903439114832031
"YDR442W",8.85594872675011,0.0670413626518023,0.412678297962138,0.810204791086445,0.903439114832031
"YER047C",72.9967164320136,-0.0549587137736072,0.261150734993825,0.810180538237432,0.903439114832031
"YKR001C",169.397326929182,0.0497572465066717,0.223994051266433,0.809773352119833,0.903439114832031
"YLL032C",32.3617675359312,-0.0609671248649621,0.30556303686159,0.810102466473214,0.903439114832031
"YML057W",81.0745470711963,0.0546967504245411,0.253897499440831,0.810172242223315,0.903439114832031
"YOL026C",45.0604368454217,-0.0588121849705284,0.289749627075564,0.810688619431043,0.903813267867606
"YDR350C",48.2985316723533,-0.0567676810537742,0.277314029382221,0.811234759688917,0.903991133662966
"YDR392W",40.0814218261066,0.0592429756247429,0.288550038515536,0.811293109292276,0.903991133662966
"YNL317W",20.392223162941,-0.0635652588497497,0.33910387323071,0.811151988601856,0.903991133662966
"YLR363C",16.9648756985274,-0.0645017011497643,0.354550581408465,0.811850825640993,0.904447227615035
"YKL066W",69.2046890586561,-0.0560710906957623,0.273442174763606,0.812211673595607,0.904518573097976
"YLR266C",32.402521436671,-0.0605781917460727,0.312633040443899,0.81208280754288,0.904518573097976
"YBL093C",49.4750686478249,-0.0565661710292554,0.279268970218834,0.81303742469725,0.905107416169815
"YPL254W",27.462605050714,-0.0611170611222331,0.316014411092744,0.813032489371468,0.905107416169815
"YDR292C",41.6443886465551,0.0596277144253244,0.296355118729527,0.81381754461502,0.90525470844602
"YIL044C",38.8267931629859,0.0603877502665129,0.302595224869471,0.813391124064298,0.90525470844602
"YKL204W",31.9968017338105,-0.0601648199338711,0.310944249767556,0.813899011310511,0.90525470844602
"YNL207W",29.2093603433754,0.0624640409448335,0.326028012222526,0.813912354763608,0.90525470844602
"YPR029C",80.3251686602856,-0.0549545343543576,0.268854729647385,0.813780066489418,0.90525470844602
"YGR013W",63.1546760574374,0.0575809026649663,0.28350120257603,0.81480983944399,0.90566778113279
"YLR368W",37.7117749564906,-0.0592911556147669,0.305877458236085,0.814444294474714,0.90566778113279
"YNL258C",65.2884524700829,-0.0553488617617639,0.273756840269778,0.81487811513244,0.90566778113279
"YNL292W",23.5494681654395,-0.0616478472728969,0.328602450016195,0.814832032199078,0.90566778113279
"YML049C",83.4601697957004,0.0515459281307345,0.244561622720275,0.815691414954815,0.906406412789352
"snR79",2.60085244978483,0.0527912457573522,0.494041900137238,0.816085554418522,0.906447098069757
"YAL019W",77.5731798952087,0.0554474640962104,0.270254418615794,0.816316521326574,0.906447098069757
"YER163C",36.111207945436,-0.0582769845235193,0.302976737703795,0.81632290751516,0.906447098069757
"YNR023W",33.0028456160391,0.060011724227423,0.306712987686393,0.816238188201183,0.906447098069757
"YHR084W",24.8536306475106,-0.0614923258880512,0.337553359491051,0.816882128472076,0.906737674929394
"YKL004W",52.7345402868455,-0.0570533332815237,0.294905770243642,0.816870123160769,0.906737674929394
"YCL037C",20.0779974308564,-0.0618186415525242,0.340357607365313,0.817167976105274,0.90688980596534
"YDR276C",549.394094834339,-0.0427809907599078,0.202161960437432,0.817952672758231,0.90759540150399
"YDL154W",19.4935701286843,0.0630104279893175,0.354736908099053,0.818717444493961,0.908113343801764
"YML113W",13.2936455626817,0.0637076579576431,0.384050005741321,0.818671112594699,0.908113343801764
"YMR056C",35.9841867688874,0.0583156778097285,0.302623148474275,0.81982592157822,0.909177400294624
"YGL065C",39.2037017046725,0.0579924157481023,0.300279855294786,0.820098458245019,0.90931419010431
"YBR170C",65.121878651401,-0.053573121207192,0.27418123858563,0.820278775005032,0.909348696554324
"YLR324W",29.5627805587055,0.0629698461039768,0.357371608559264,0.82043776373791,0.909359550824252
"YAL044W-A",32.831711782721,-0.0573336652580195,0.30741830308285,0.821477827237646,0.909375107057156
"YBR005W",19.034470389892,-0.0605553195128141,0.344309220918458,0.821118014599513,0.909375107057156
"YDL069C",16.4601209771571,-0.0617852863085101,0.36129051602463,0.820930923205081,0.909375107057156
"YDR161W",33.4299471628799,0.0586665535370458,0.3120369260355,0.821296778805523,0.909375107057156
"YDR245W",87.9654217236039,0.0534187103777055,0.269104862409827,0.821645400256564,0.909375107057156
"YHL008C",12.3415256819673,-0.0621772839146345,0.389551342329419,0.82156769137282,0.909375107057156
"YJL039C",94.4609711600195,0.0547583234401664,0.277306566868696,0.820884710709755,0.909375107057156
"YNR035C",72.1407445325865,-0.0532733819259387,0.273636571248428,0.821628995216542,0.909375107057156
"YPL064C",33.5734724916427,-0.0582790288136403,0.31896235415675,0.822120336925524,0.909735558017623
"YOR114W",11.7207659048584,0.0632398674228605,0.390962749679693,0.822419969824755,0.909805121896945
"YPL069C",16.9273619015282,0.0623603830727179,0.361822726784888,0.822481742682882,0.909805121896945
"YDR424C",41.3143333501386,0.0557915990212112,0.290005965868667,0.823374383430908,0.909988180893115
"YHR175W-A",10.0844986382004,-0.0613923818830081,0.414503308993669,0.823226983002008,0.909988180893115
"YJL175W",4.70946746741616,-0.0566388033783017,0.461829304564568,0.823393735459479,0.909988180893115
"YKL142W",219.587472238204,0.047685123105229,0.232591597295319,0.823100241518003,0.909988180893115
"YMR091C",67.3084320171662,0.0535637527120363,0.271563196951443,0.823008067686079,0.909988180893115
"YDR197W",39.8838464921842,-0.0550239258521401,0.2932719850629,0.823613631456987,0.910066186318045
"YAR002W",41.4403916246913,-0.0549402502677934,0.293822895668143,0.823997709321996,0.910325546187704
"YGL166W",33.7862636624184,0.0564775197229795,0.301428097089432,0.824699473222562,0.910930671608697
"YKL007W",59.5220607553206,0.051484418771155,0.261683677476825,0.824871992575923,0.910930671608697
"YMR064W",76.3631417514525,-0.0514014128279331,0.267274590164609,0.824993815796555,0.910930671608697
"YJL126W",14.6519399341352,0.0612195319511083,0.365901240211652,0.825219342653447,0.911014651960289
"YLR081W",3.48017220950183,0.0554236739196815,0.473207728600811,0.825514203069442,0.911175129972519
"YPR057W",37.752216408083,-0.0546911754880165,0.295807935720021,0.825922467157882,0.911460698411605
"YDR365C",57.3982519913511,0.0597069328334061,0.33673593150404,0.826138283235397,0.911533822650207
"YML067C",58.890338561553,0.0534211961027499,0.281192709021239,0.826696879086055,0.911959117514102
"YOR249C",25.5340100360792,0.0586851961338676,0.329945098048831,0.826822983327798,0.911959117514102
"YBR152W",9.75610370058792,0.0612587414028565,0.410408184146467,0.827016481961252,0.911991955906093
"YJL156C",54.8401504072053,-0.0508447015808741,0.269159351284604,0.827152015135174,0.911991955906093
"YDL060W",57.4445018862412,0.0520981027179481,0.275248664691331,0.828618309799964,0.912755202419474
"YDL178W",93.1348799956115,0.0488166967397943,0.25087938634841,0.828574415452169,0.912755202419474
"YER048C",76.1003461075123,-0.0505974889755678,0.268195806601788,0.828140655391057,0.912755202419474
"YGL151W",66.3737326547563,-0.0525779366989759,0.28568545055288,0.828892542312024,0.912755202419474
"YIL039W",69.8739892435773,0.0534284250205509,0.286569082752968,0.828757376410957,0.912755202419474
"YJR074W",78.7096399763077,0.0506625746357119,0.264610347424485,0.828685616354492,0.912755202419474
"YNL300W",4.06445282795956,0.0561250866597164,0.465161102104441,0.828646151518297,0.912755202419474
"YER177W",564.763675014093,0.0413579705775456,0.20429627918785,0.829370972312216,0.912755908926189
"YHR177W",10.5253602004275,-0.0594270850498206,0.39047942938397,0.82949220337033,0.912755908926189
"YKR020W",17.1983255773705,0.0610184516715081,0.395676537426955,0.829262456916252,0.912755908926189
"YLR316C",27.4198170111881,-0.0553224102147737,0.313283486011352,0.829266988700658,0.912755908926189
"YMR073C",26.5585341257629,0.0564249706962736,0.318034863263746,0.8298620545218,0.912884822860679
"YOR042W",51.0562101458032,-0.0530532477149669,0.293467563779024,0.829908909511242,0.912884822860679
"YDR191W",9.24960399575524,0.0598682790720279,0.403486193209624,0.830484681587332,0.913188550293125
"YOL034W",65.0765605996421,0.0497165253550769,0.260307057400429,0.830378692346524,0.913188550293125
"YKL191W",44.0788177604205,0.0525355616312707,0.284497556814324,0.83072232922835,0.913285100405266
"YER096W",32.0001148376153,-0.0561996539556658,0.341660197164573,0.831468636463842,0.91380492619172
"YOR122C",246.095860564775,-0.0415164057877567,0.213595029299881,0.831495015694714,0.91380492619172
"YGL169W",28.4673673497306,-0.0540871815735867,0.309922437802715,0.831883772121556,0.914067350113734
"snR31",232.384465405198,-0.052260294070253,0.299318286823321,0.832471396930697,0.914218588160828
"YBR277C",15.3013922136753,-0.0576846763461979,0.36372790218318,0.832190571177061,0.914218588160828
"YIL087C",85.9968473752722,-0.0484647725850423,0.263810834802004,0.832412313723691,0.914218588160828
"YJL093C",58.3219572605615,0.0526185195979782,0.296141418548228,0.834508126998423,0.91601113490171
"YKL023W",80.4708753612172,-0.0552849369842556,0.33932445291523,0.834602264473004,0.91601113490171
"YNL274C",259.08029618935,-0.0410527336828001,0.215875314562234,0.834704814314044,0.91601113490171
"YOL001W",33.6533519326455,0.0527739528865963,0.296112542187883,0.834458825064727,0.91601113490171
"YDR376W",62.37710544832,0.0509264363749217,0.281915496413726,0.83486734565712,0.916017569820452
"YOR287C",14.1927558039564,0.0588481879196392,0.408501862831533,0.835011258067668,0.916017569820452
"YCL030C",117.413328924218,-0.0454158979985558,0.25011215404121,0.836889224665661,0.917912511127803
"snR40",222.448958793251,0.054842988659742,0.32537880329278,0.837289232290621,0.918186014899484
"YAL029C",140.589042677039,-0.0424500093251753,0.230290967144666,0.837989299811649,0.918464755356294
"YDR455C",18.0060963213596,-0.055738729131685,0.383031544277282,0.837754046894176,0.918464755356294
"YKL092C",54.1421273831159,-0.048268927143521,0.273370734252673,0.837995488849279,0.918464755356294
"YPR016C",104.954216246179,0.0491344925122815,0.274083826331091,0.838383791377773,0.918725136362374
"YDR362C",39.3911314751629,-0.0501927778337795,0.294531474737446,0.838573353095189,0.918767676993561
"YEL036C",38.3687066869174,0.0508423636213894,0.292495725818152,0.839468157093622,0.919582749368373
"YEL059C-A",15.1169943415179,0.0563902039133733,0.371447314406499,0.840126108620781,0.920001295834251
"YMR208W",42.7958470603974,-0.0481904820234926,0.279081841150685,0.840152126761844,0.920001295834251
"YJR062C",27.0702133246106,-0.0528452412355876,0.334508812114361,0.840370730560859,0.920075373229466
"YER087C-A",12.8616912616416,0.0563747042316929,0.378323011853595,0.840887505271581,0.920475816205152
"YEL021W",44.8133433780868,0.0486643883144206,0.278422430236459,0.841331786340891,0.920537356636609
"YJL066C",114.659073473867,-0.0457700347489764,0.262040156924787,0.841396819331017,0.920537356636609
"YNL152W",26.5262052326113,0.0523512807042498,0.315240951577428,0.8413508607049,0.920537356636609
"YER091C",513.248074771674,0.0485101237428035,0.275973965305125,0.841642935045354,0.920554622784795
"YER119C-A",12.8786143279443,-0.0542794450760367,0.412415571859292,0.841865704249787,0.920554622784795
"YPL046C",16.1486768294726,0.055733825621093,0.363865318906118,0.841817184146264,0.920554622784795
"YDR470C",47.3170860631949,-0.0469313581775392,0.274162722573326,0.842210314744106,0.920766254415305
"YKL015W",47.862459621963,-0.04790933145111,0.283366790207697,0.842425842773752,0.920836713003231
"YBL080C",23.3555165643169,-0.0521140237525054,0.332082720605761,0.842753809351015,0.920864910002588
"YGL100W",44.4326346821742,-0.0485531074289274,0.289760961015714,0.842680992542665,0.920864910002588
"YMR193C-A",8.81727776218665,0.055680917013815,0.419245124723977,0.842912368958216,0.920873075605006
"YCL001W",46.330167177471,0.0493509045894156,0.290187969150728,0.843553396787795,0.921003099095231
"YER022W",40.6395067063134,0.0497092708817299,0.292130044618923,0.843245440157462,0.921003099095231
"YNL272C",44.3239357855996,-0.0476547039186164,0.282446786481984,0.843388248490778,0.921003099095231
"YPR011C",24.5277746550051,0.0536548204690916,0.345579208678301,0.84363581661176,0.921003099095231
"YGR016W",7.92833822219537,-0.0533859004525832,0.420262231632263,0.843871739969858,0.921095676059506
"YDL209C",13.7294908101182,-0.0540619528843711,0.384052402880742,0.844233241652014,0.921325265509225
"YER104W",20.4722383385408,0.0530497110057081,0.338036728233994,0.84459460029727,0.921554616686691
"YPL071C",35.6706989385481,0.0530847313358885,0.335305934443812,0.844953464118212,0.921781164095311
"YDR235W",25.6182440680709,-0.0521893652956672,0.343591477556684,0.845844293637664,0.922587861439077
"YDR290W",2.59654032917457,-0.0429028428830708,0.497674626525801,0.846019845471728,0.922614234773695
"YLR283W",38.5464656843465,0.0485234505091557,0.291892337848018,0.846275343720477,0.922727767437622
"YLR260W",46.4804038517726,0.0476150273076839,0.283794899274861,0.846724063767841,0.923051899242531
"snR64",9.21531649203502,0.0534342313842552,0.410943512154604,0.847231541861235,0.923439958448538
"YAL020C",16.811319210595,0.0533633638811255,0.384325751715789,0.847477398288218,0.923542775356104
"YDR452W",181.686008956069,0.0419853093285663,0.239945861668453,0.847827099534414,0.923720422741578
"YLR424W",19.3871929210177,0.0520764129548373,0.340801603717127,0.848174446519489,0.923720422741578
"YMR030W",30.2069036782634,-0.0512833020869691,0.345562460508436,0.848246629382217,0.923720422741578
"YPL083C",22.6750620736478,-0.0504174186138314,0.333488797798889,0.848109753395174,0.923720422741578
"YBR129C",43.0225231767083,0.0470988983265244,0.283855009451984,0.848411769065177,0.923735214800331
"YDR386W",29.1853804517342,-0.0487835031661111,0.313790217727947,0.849005155816583,0.924145196921497
"YPL113C",17.3917229162924,0.0521523935563636,0.350639229383868,0.849091567310973,0.924145196921497
"YBR099C",34.6713602060708,-0.0484712111536533,0.312225484447839,0.84924615952801,0.924148427481382
"YER081W",103.077179446255,-0.040428372811603,0.239333290488079,0.850012855870487,0.924804086269836
"YOL125W",31.4150807896038,-0.048432093757321,0.315389160912947,0.850152140339604,0.924804086269836
"YNL328C",5.10318194466675,0.0487440700122699,0.457652449359704,0.850933283850472,0.925488644730304
"YJL210W",29.0249809626365,0.0502763775266435,0.335777180341601,0.851356073896015,0.925783277501554
"YOL102C",19.6404513158512,-0.0494727443252161,0.337271847697905,0.852169785841885,0.926502826383569
"YDL108W",21.9603452048841,-0.0492877184099537,0.337493842046844,0.85266916334059,0.926723679683396
"YGL049C",68.6873867083425,-0.0438408679454669,0.274623257783288,0.852981106320567,0.926723679683396
"YNL025C",17.4188753027997,0.050824927584056,0.352293700746052,0.852793972623099,0.926723679683396
"YPR153W",8.64303977164763,0.0515022803747667,0.413786326524655,0.852970871047195,0.926723679683396
"YLR268W",47.5466834531391,-0.0442737411608007,0.280422058323663,0.853146149444397,0.926737797338014
"YBR220C",20.2520452838442,-0.0488645487653001,0.338295517742391,0.853721594533043,0.927197633406788
"YNL086W",7.7170354495429,0.0511187471175337,0.417180724252186,0.854965859386248,0.928383558339423
"YBL012C",6.1842890186755,-0.0479178098395904,0.44055001564434,0.855483228265411,0.928449123268817
"YDR069C",123.753971980612,0.0396343647371605,0.235097260209561,0.855292242407564,0.928449123268817
"YDR473C",64.5876694866821,0.0496979584923883,0.337572706957994,0.855409796684925,0.928449123268817
"YNL280C",64.8696767431771,-0.044559712872721,0.294491116452825,0.855643062255268,0.928457266235688
"YMR017W",6.89588464195828,0.0495059649732936,0.434435948877498,0.856116744837566,0.928805902418115
"YER085C",4.35122914650652,0.0469739134629735,0.463026044597772,0.856427813889857,0.928978025566591
"YER171W",43.3738461432283,-0.0438226527608793,0.287554629797603,0.85665895996742,0.929063409430859
"YDR249C",37.4293676719177,-0.0455626688317072,0.31050541392426,0.856975129810478,0.929075669903035
"YLR132C",9.48999093437746,0.0503950855203225,0.404921645393138,0.856923787580895,0.929075669903035
"YDR056C",66.6573756238172,0.0414920525141379,0.25771066938073,0.85713330296433,0.92908189250713
"YDR199W",23.779353266481,0.0508356719830356,0.388879072063482,0.857550598673542,0.929368936506977
"YNR058W",7.74925473185704,-0.047682874669403,0.430115295409317,0.857880328768678,0.929560996239127
"YBR056W",149.922627885459,-0.0370315641599388,0.230675401987605,0.858111791958039,0.929646528969827
"YDR303C",41.2582596200375,0.0462389079007376,0.308536002346351,0.859026251093636,0.930471832311305
"YGL021W",15.2924624996855,0.0490748221682468,0.363833900633575,0.859701764237234,0.931038069123301
"YKL178C",4.61911416238262,-0.0451937668798486,0.45723882151335,0.86044332659072,0.931638801027322
"YOR037W",24.555802337686,-0.0459650989551342,0.327015864421393,0.860562173877575,0.931638801027322
"YNL277W-A",3.67742774605167,0.0438433572973329,0.476363713616528,0.860946255420769,0.931889083073981
"YDR082W",29.5885458901761,-0.0446501683583161,0.312392807500596,0.861157074726853,0.931951770323183
"YDR096W",163.575611957267,0.0365643754298952,0.227286710288265,0.861449140146807,0.932102344966232
"YCL027W",6.51509069308526,0.047544298050843,0.436267479064155,0.861924152450999,0.932119891623285
"YGL223C",34.9286926452609,-0.0435307492412762,0.302697313690648,0.861853833278271,0.932119891623285
"YLR125W",6.2426341165871,-0.0466071582993534,0.433901778974767,0.861894509371259,0.932119891623285
"YMR105W-A",4.79819765272095,-0.0450485073761945,0.454090378143041,0.86290731451352,0.933013466258223
"YPR034W",34.1557411485469,0.0444253741889366,0.305791010097421,0.863056591101536,0.933013466258223
"YHR026W",84.4596567331477,0.0422693180892318,0.28214368675846,0.863331048593485,0.933144660609557
"YBL102W",32.5604553287742,0.043371200595859,0.299886136410102,0.864707003553089,0.933638474164053
"YBR285W",21.7508978704383,0.0457429282308705,0.33008852752635,0.86460482538226,0.933638474164053
"YDL011C",28.0463931429335,0.0448575992271734,0.316279426308058,0.864614797039123,0.933638474164053
"YDR366C",3.26075481012709,-0.0401163556722192,0.482232919043129,0.864336227383646,0.933638474164053
"YFR051C",50.0496907533002,0.0440218617620095,0.305310237812072,0.864558292857954,0.933638474164053
"YJL156W-A",11.8407003442308,0.0482537287940245,0.391022508247894,0.864090363176874,0.933638474164053
"YJR024C",30.8011204541318,-0.0439840522509322,0.324979277800726,0.86487648369134,0.933656069447169
"YDL033C",17.0057710731022,-0.0455684625207613,0.360262837466482,0.865617559546521,0.934290601281397
"YMR036C",37.8029357798436,-0.0409376677444718,0.287051634867517,0.866057489370669,0.934599928773766
"YBR153W",18.6826060033918,-0.0449256140873283,0.345882867006282,0.866545607934363,0.934961140088501
"YBR227C",51.4205077138898,-0.0424324890656404,0.307555454735261,0.86705258674446,0.935342569240263
"YER148W-A",10.2381435698428,0.0470993630271708,0.400232700326843,0.867854430834498,0.936041896290261
"YPR145C-A",3.52852019999519,0.0395475682542276,0.48895737312914,0.868078306480244,0.936117706651997
"YDR390C",51.215278692161,-0.0388278165332156,0.271740733571962,0.868471792649014,0.936291664274335
"YNR008W",31.7070364237416,-0.0427026417542931,0.322969639669435,0.868546853126676,0.936291664274335
"YDL123W",17.7056034412632,0.045157916833636,0.355548016113334,0.869507937802583,0.937161959488371
"YDR329C",78.9451158474542,0.037070113023744,0.251629542642232,0.870150316711057,0.93768850430585
"YDL150W",20.3902246062851,0.0445939910897608,0.34516674400398,0.870750874266717,0.937810436900939
"YEL033W",162.882559947008,-0.0333893200717414,0.227727311449761,0.87062197640601,0.937810436900939
"YKL014C",48.6725340356445,0.0397488590965659,0.280376500956375,0.871340525704679,0.937810436900939
"YKL119C",25.5739903674454,0.0435139678551399,0.327010917438351,0.871189429700248,0.937810436900939
"YKR090W",23.2452683982966,0.0436048249923965,0.333962939485217,0.871226645729624,0.937810436900939
"YMR126C",19.2146894417848,0.044622417601108,0.348170864970811,0.871275222134122,0.937810436900939
"YNL237W",63.0178329300192,0.0392811850841516,0.276781319889174,0.870763722011845,0.937810436900939
"YJR093C",27.031248069667,0.0422700801367446,0.313002727122966,0.87166398333407,0.937992934043283
"YGR213C",14.8682816371537,-0.0441737835070243,0.369157578308101,0.871843426260631,0.938020420663468
"YDR361C",65.2418704154736,-0.0368928857806531,0.265117834064401,0.87253914284456,0.938300009679975
"YNL268W",157.603636004045,0.0329516276872065,0.222081457274896,0.87256512795178,0.938300009679975
"YPL264C",32.1312884903825,0.0411639141474571,0.30268266125016,0.872437849022261,0.938300009679975
"RUF21",4.46413818519499,0.0395908084520459,0.477944697495034,0.87304906052549,0.938471668656241
"YLL049W",25.2898035331576,0.0421592576232024,0.320591191133091,0.87318668301059,0.938471668656241
"YNL095C",26.517492608622,-0.0418648652300336,0.336302501637899,0.873060032931639,0.938471668656241
"YDR159W",94.4176613805761,-0.038894862311131,0.289987945230523,0.873434489070929,0.938572498393391
"YKL166C",24.4946792511483,0.0423566662109794,0.326018788712993,0.874106042158389,0.938851472767947
"YLL054C",42.4913039725721,-0.0391185292156057,0.293816167954237,0.87385706053411,0.938851472767947
"YOL104C",3.81947268084144,0.0399049580327942,0.471669074103713,0.87415621131388,0.938851472767947
"YBL034C",57.4818903598584,-0.0361108089413041,0.262909859013225,0.874591793826871,0.938884416119926
"YDR403W",13.8095692128634,-0.0427675620912745,0.372454416821853,0.874649009799662,0.938884416119926
"YLR145W",12.4692422927688,0.0446211102385779,0.379827033399553,0.874425348904814,0.938884416119926
"YLR133W",85.4312550183361,-0.0366527535803007,0.272588381058839,0.875218518381904,0.939330316875806
"YLR211C",19.5230154256207,0.0442007938295493,0.372142315837548,0.875458356244404,0.939422303047473
"YML101C-A",6.91906153302975,0.0425845989342585,0.434950023624845,0.875614269924622,0.939424216720748
"YBL058W",107.099404795918,0.0336484050327699,0.23471721597978,0.875848538508799,0.939510179903402
"YLR285C-A",12.8181101792009,-0.0428129405119286,0.38172378740408,0.876088917983841,0.939602666744943
"YGL217C",5.79469712902527,-0.040537367614749,0.445492965072293,0.87624766709867,0.939607588136241
"YER044C-A",8.69409063388586,0.0436264274527304,0.410500084558815,0.876616247029598,0.939672181787795
"YKR037C",25.8380374641639,0.0414231470739834,0.325108670728342,0.876540902546817,0.939672181787795
"YBR290W",105.25340838393,0.0378114255979225,0.278261493170521,0.877305143673958,0.940207398099656
"YCL058W-A",47.6586899175562,-0.0408038877572005,0.338742952237239,0.877424065691689,0.940207398099656
"YER076C",6.89391593717453,0.0412845077637947,0.444828157828848,0.879415702586797,0.941917270634647
"YNL223W",47.0513384921409,-0.0364918100101224,0.28473940381088,0.879458286291318,0.941917270634647
"YOR138C",68.3936773431439,0.0366157111102135,0.27565826557578,0.879483377716452,0.941917270634647
"YLR338W",2.5461520670643,0.0320790256033565,0.502624073794553,0.879914627291461,0.942213572266594
"YFR008W",10.441271403702,-0.0411862005713368,0.395850139506468,0.88033168871564,0.942494579786023
"YDR527W",70.6881044542535,-0.035171374588983,0.271422593269849,0.880546204014454,0.94252556934483
"YFR009W",77.003525994287,0.0366629153870013,0.280503284524094,0.880979190903609,0.94252556934483
"YKL130C",23.5161886355191,0.0400436991827564,0.325215433423127,0.880827481081528,0.94252556934483
"YLR299C-A",11.4620046199769,-0.0409613824263834,0.388944958450734,0.880857683903635,0.94252556934483
"YJL121C",28.8222061614373,0.0387806034495546,0.311470485135082,0.881973631281054,0.943092856606671
"YKL068W",49.1305658212172,-0.0371424535784171,0.30037469414407,0.881877501282824,0.943092856606671
"YOL144W",19.8383229056299,0.0415461881924163,0.359821138730556,0.881771817746326,0.943092856606671
"YOL057W",63.5934152300136,0.0351960786140726,0.268848494309514,0.882193040024461,0.943162002973003
"YJL155C",82.7381209195085,0.0331122671001497,0.246997986910335,0.882540628519102,0.943202723272651
"YLR442C",45.3300440140162,-0.0356703324153868,0.283942571262816,0.882494453677252,0.943202723272651
"YDL117W",35.8278334191074,0.0376364990089532,0.299909540272321,0.882984043933723,0.943511175977567
"YKL145W",199.615045211096,-0.0312915189755959,0.240154435749169,0.88321107844212,0.943588347608189
"YDR117C",30.4246270984229,0.0382580541282612,0.311835274594572,0.88401629434563,0.944283090437542
"YHR199C-A",6.68239238870742,0.0392811664565707,0.436392470755095,0.884780254586055,0.944767983830064
"YIR010W",28.5838884275743,-0.038058130248524,0.331287225589502,0.884674633317157,0.944767983830064
"YBR029C",60.2977311356569,-0.0336105882873591,0.273790043011249,0.885764904151172,0.945252465037767
"YDL221W",8.11217403949007,-0.0380446608689795,0.426542356267523,0.885854319982892,0.945252465037767
"YPL045W",57.4214287238971,-0.0338822471596264,0.275589856457559,0.885648494373,0.945252465037767
"YPL117C",124.554713640555,-0.0309554120829463,0.242440553919399,0.885661357681618,0.945252465037767
"YGR197C",23.6915310504994,0.0380677529202434,0.323606973039201,0.886496465474521,0.945628461925885
"YJL127W-A",5.3012514646586,-0.0360071080379966,0.4572407352073,0.886516986291141,0.945628461925885
"YAL033W",16.4921121260916,-0.0385098679527521,0.36397305150428,0.886826204222352,0.945792775981668
"YPR008W",206.416643591451,-0.0301330295269747,0.238887911594159,0.887232069056987,0.946060087631619
"YOL068C",59.0028704277609,0.0362452166210124,0.298527512505408,0.887504873356889,0.94618544745675
"YKL136W",33.2044150848077,0.0376011544187854,0.322063152013326,0.887717466055546,0.946246581953228
"YEL016C",23.1252107346922,0.0384854191789381,0.349182054059449,0.888199972263766,0.946447705698827
"YER168C",34.7026832964345,-0.0362996223238653,0.32351135706404,0.888371997424608,0.946447705698827
"YNL075W",24.2700518641645,0.037593430193811,0.32672942420768,0.888358513095809,0.946447705698827
"YCL028W",50.8855384449818,0.0359423716234608,0.303643832357138,0.889112795369841,0.947071388986225
"YLR385C",3.10577709406361,-0.0288542974965748,0.499998154648645,0.889785956378891,0.947622820920731
"ICR1",33.2645880029922,-0.0336115400592524,0.303574648108362,0.892986881207379,0.948810074420659
"YBL062W",12.6643316297784,-0.0370063924638399,0.375190222889584,0.891872783967726,0.948810074420659
"YBR049C",77.9600245033669,-0.0300378998761116,0.25616186433461,0.893483214652388,0.948810074420659
"YDR370C",31.2904733252547,-0.034039922476256,0.304053040287317,0.892216962258642,0.948810074420659
"YGR147C",72.2020594745618,-0.0317264826379441,0.271605563691378,0.891478318412083,0.948810074420659
"YIL001W",39.1637916701156,-0.0333252112507364,0.298959313753442,0.893240715500351,0.948810074420659
"YJL142C",6.80983242937301,0.0365191488188469,0.440415171882449,0.89314025572361,0.948810074420659
"YJL162C",16.2477851202963,-0.0374855642792362,0.379925671565383,0.891430908916979,0.948810074420659
"YKL021C",24.7687975168763,0.0370874546468795,0.334581503743139,0.89152575074834,0.948810074420659
"YLR298C",51.0146592446262,0.0363129940137924,0.328166406433902,0.893129111319222,0.948810074420659
"YMR085W",12.5486696071807,0.0378203023095301,0.379058781746635,0.89252758832853,0.948810074420659
"YMR117C",6.65990822188565,-0.036117818272626,0.429986417865866,0.892519574496973,0.948810074420659
"YMR299C",27.8641175023379,-0.0341795342373639,0.314501657454409,0.893547141456043,0.948810074420659
"YOL118C",8.12971634634557,0.0378713683697844,0.411931970544731,0.892212221084296,0.948810074420659
"YOR218C",9.20548401860133,0.0376780105345533,0.402842447820149,0.893016089213229,0.948810074420659
"YOR265W",26.8615820595552,0.0361356716628093,0.319406510378973,0.891713689088502,0.948810074420659
"YPL049C",25.3026352855333,-0.0345846423740532,0.320297428744669,0.892894324807707,0.948810074420659
"YBL032W",25.2884156802997,-0.0345127569164115,0.320997182820868,0.893702840287131,0.948810104781407
"YOR253W",27.4875329215184,-0.0344895216814048,0.329024775869961,0.894809839587146,0.949819918544698
"YBR017C",59.8884743600806,0.0342558517326299,0.312943873562795,0.895739744208204,0.950641431472924
"YDR140W",38.3487107332051,0.0325104208736346,0.288806848495298,0.896538400110983,0.951323389393531
"YAL026C-A",4.58522042380087,-0.0324453834893494,0.461559109776532,0.896909407540198,0.951372788346909
"YGL239C",7.7138023707159,0.0353151753762813,0.432746160195526,0.897053226354337,0.951372788346909
"YHL048W",13.3516483685539,0.0363909989542469,0.372131012328921,0.897046111693393,0.951372788346909
"YBR003W",77.8066527279362,-0.0287912625033156,0.259591110579913,0.897447238715014,0.951425686772462
"YMR074C",45.2586916072739,-0.030997101033186,0.283187775416876,0.897363273128781,0.951425686772462
"YPR179C",24.2479338183368,0.0362181750533423,0.365895181752972,0.89757140261553,0.951425686772462
"YER023W",56.4483108286493,-0.0308900355672163,0.288668254319314,0.898260152612635,0.951809160447986
"YJR105W",225.852173401051,-0.0285097538502922,0.255081911292539,0.898278936377713,0.951809160447986
"YOR060C",13.0416198573181,0.0358660955134441,0.397507913725328,0.898401657105376,0.951809160447986
"YML019W",19.4753195935314,0.034999200127865,0.354730540909364,0.898908689873707,0.952180824605535
"YMR080C",112.414125151376,-0.0301691082234603,0.282756046606707,0.899260463021023,0.952387927387165
"YOL116W",43.507058392564,0.0308997706074832,0.278797674771112,0.899464996318218,0.952439046657321
"YKL103C",155.67142192434,0.0310881191338562,0.281205889020511,0.899922798959431,0.952758287242962
"YJL022W",2.81362544657634,-0.0287992949521967,0.48705914509671,0.900660623188607,0.953373827428719
"YDR164C",41.1199219592154,-0.0307600186271307,0.304374727520659,0.901428724523476,0.953524483854666
"YGL262W",8.80703460198729,-0.0331855836271502,0.42128855346355,0.901250776271367,0.953524483854666
"YKL100W-A",7.16358541374838,-0.0324715722639915,0.438438707725627,0.901366090358861,0.953524483854666
"YNL004W",86.1266288239898,0.0273874670593493,0.24121439853542,0.901046664148903,0.953524483854666
"YGR172C",11.891862144846,0.0346148223496728,0.385872621880092,0.90165372617472,0.953596991330023
"snR50",6.95298875257631,-0.0320003007912351,0.439223201470879,0.902442733279203,0.954100339867604
"YPL269W",23.6193985610851,-0.0325332397606917,0.34060559262562,0.90240240629757,0.954100339867604
"YGL087C",49.0624023025853,0.0305364077356523,0.28778741908057,0.902809901726776,0.954322988384443
"RME2",31.0463694362394,-0.0310532172084377,0.319797053285529,0.903237963114739,0.954482779165927
"YJL006C",24.7336394461153,-0.0313857425376154,0.323516656549756,0.903365463751322,0.954482779165927
"YMR111C",24.2237563981842,-0.0313395143858637,0.322845285990761,0.903430870058775,0.954482779165927
"YMR113W",19.9858897473828,-0.0320848935598035,0.338653111111889,0.90359278507583,0.954488392554104
"YDR448W",20.5424160997263,0.0327492951514217,0.339187784114694,0.904123458861026,0.954552655769609
"YNR005C",6.65194280414486,-0.0321799827058564,0.43044128171312,0.903924976777825,0.954552655769609
"YPL077C",12.8668607404861,0.0338792089126014,0.389132066665685,0.904094666366243,0.954552655769609
"YGL024W",4.43480772419238,0.0309482536634922,0.462379681609683,0.90475246483148,0.955051311594713
"YDR051C",64.14979190741,0.0275157601836237,0.258474842277534,0.905796459671098,0.955491419469599
"YKL202W",48.6918491014439,-0.0279105103134619,0.473473441269817,0.905708425046924,0.955491419469599
"YKR060W",18.6603290623813,0.0328058015287793,0.349485955066102,0.905497226748629,0.955491419469599
"YOR177C",7.19346569193456,0.0327000332558916,0.435968633952431,0.905684432128301,0.955491419469599
"YAL004W",74.8675049564479,-0.0257943772267523,0.250022686400898,0.906377569954045,0.955938966753746
"YAL019W-A",5.72050907955113,-0.0294681078930219,0.454862776168041,0.906923096741656,0.956165348465417
"YGL025C",17.962782414077,-0.0311900373819221,0.349923432697159,0.906753961233728,0.956165348465417
"YIL152W",11.3932291722733,-0.0320257306675691,0.397107188998083,0.907062845746849,0.956165348465417
"YGR199W",90.6513572458903,0.0284161881404872,0.278888590222095,0.907620449171842,0.9562265534423
"YGR277C",33.709276486724,0.0300366782263659,0.30632658023036,0.907741743590582,0.9562265534423
"YIR011C",38.6829548079774,-0.0283129874630702,0.29221580520982,0.907662877096659,0.9562265534423
"YNR032C-A",32.6187174537495,0.029871475018152,0.304326387471071,0.907748455819057,0.9562265534423
"YDR219C",51.0945832699384,0.0290906125245276,0.296036347595089,0.909431648563481,0.957668607117211
"YDR309C",46.5904632258845,-0.027235143897373,0.282429286538065,0.909409935178089,0.957668607117211
"YGR031W",15.6087235924043,0.031509203617996,0.358921116466775,0.909814064603972,0.95790580821579
"YKL099C",22.5441156195193,0.0312144996895226,0.346903204227973,0.910300641907108,0.958252575548156
"YNL126W",32.0038014943676,-0.0279435498703411,0.301361132524399,0.910584991816681,0.958386379748346
"YDR187C",22.5820634300665,0.031332203861428,0.378055561671624,0.910960066992336,0.958450130902519
"YGL084C",73.5757208458943,0.0270390975725631,0.273900352063709,0.910845582518853,0.958450130902519
"YDL141W",10.9542974240326,-0.0301773573830459,0.397911074167012,0.911227374802383,0.958565904283832
"YGL243W",15.8072800503775,-0.0297464857758922,0.35432252806071,0.911463739564347,0.958649092777342
"YAL034C-B",3.34556286331186,0.0272964479665865,0.476307883182331,0.912345821417094,0.959245779116299
"YER019W",27.126714711715,-0.0283595452326676,0.324146767238522,0.912208158767556,0.959245779116299
"YDR426C",14.4371979031544,0.0312370406440369,0.408323824133729,0.913026645167733,0.959299672866288
"YEL025C",99.5894552699741,0.0249591627998431,0.251023240382772,0.912561248288003,0.959299672866288
"YER121W",7.87511983287735,-0.029376136992837,0.429373487206502,0.912981792834079,0.959299672866288
"YML060W",7.78571172813308,0.0306786376199287,0.426466028841592,0.912782175390471,0.959299672866288
"YOR295W",13.2416635976178,-0.0297850170100705,0.376497565089888,0.913196601023999,0.959312871982295
"YDR416W",40.6347495897174,-0.0260824555371571,0.285423163745399,0.913479012202278,0.959444180488176
"YCL021W-A",4.61917865955198,0.0275407910819293,0.464862603212293,0.913908202469018,0.95954601077852
"YHR132W-A",39.273281244877,-0.0269959424188852,0.30384405795333,0.913978894090275,0.95954601077852
"YJL123C",136.959919152094,-0.0260451664782593,0.290293300180126,0.914216925451346,0.95954601077852
"YLR003C",31.4547226846234,-0.0282488459235743,0.334548164154058,0.914363122330048,0.95954601077852
"YLR108C",63.8465945799,-0.0249070749092271,0.271174040512121,0.914287554376698,0.95954601077852
"YER025W",158.808306671489,0.0231931325473257,0.23604289370156,0.914894997086842,0.959717464159238
"YKL179C",45.6999268561224,0.0276950600001335,0.301010228106221,0.91477616746682,0.959717464159238
"YOL146W",14.4846450815766,-0.02888301294888,0.366047223700025,0.914998881743943,0.959717464159238
"YIL061C",15.0347623853617,0.0294550610052443,0.368487761857067,0.915975722291851,0.960411496192815
"YPL051W",16.2542988534924,-0.0287829989463866,0.378992480208843,0.91592004292779,0.960411496192815
"YER107W-A",9.78472419441731,0.0294815036764251,0.415408512766127,0.916230536821299,0.960513436863746
"YBL085W",73.9296658276054,0.0233227543353414,0.25210408345052,0.918119517543212,0.961860371607076
"YDR342C",5.58511761291675,-0.0267289566574597,0.444841758807009,0.918583460238719,0.961860371607076
"YER093C-A",16.9704769865147,0.0285592458570424,0.355414207598611,0.918580804619408,0.961860371607076
"YKL033W-A",73.9324456579127,0.0240129613565584,0.26103606130797,0.917713194826975,0.961860371607076
"YKR047W",39.2103053029153,0.0259813431326903,0.29504646035721,0.918620053014732,0.961860371607076
"YMR069W",3.1128439374589,0.0239115722820104,0.489426120105506,0.918396917557059,0.961860371607076
"YPL149W",42.2139098159022,0.0255922840015008,0.287756312062272,0.918501401092091,0.961860371607076
"YOR328W",67.6171020383709,0.0261522311312987,0.299830219850129,0.918814409095175,0.961898629927017
"YMR054W",148.53876714067,0.024846117422988,0.275350780435154,0.918973018818831,0.961899458990344
"YDR114C",7.76266916218828,-0.0274658399978376,0.416727659939915,0.919313859883383,0.961961237571352
"YOR119C",45.3956606144395,-0.0259076081628705,0.318966801600522,0.919347696284352,0.961961237571352
"YDL145C",178.944960651195,0.0216675140344267,0.233155595777912,0.920090600027166,0.962260362773881
"YDL175C",31.9268425897586,0.0263649078960137,0.312294432959465,0.920294183177871,0.962260362773881
"YDR537C",11.3709585906937,0.0282861111589771,0.38395961789665,0.9202320873713,0.962260362773881
"YJR082C",27.6519892344488,0.02680019096185,0.319042576017415,0.920005143352709,0.962260362773881
"YNL171C",10.8012805410463,-0.0273072832307662,0.398912255339539,0.920422955696756,0.962260362773881
"YDL002C",47.0766113615622,-0.0236445901948686,0.280604177417169,0.920774088905718,0.962355217495234
"YNL088W",138.727818768488,0.0230266948245931,0.255181702143593,0.920829471440887,0.962355217495234
"YFR035C",12.1988570040921,0.0281648385092279,0.385349997749796,0.921182820571749,0.962394462013166
"YGL238W",105.959468007468,-0.0218946713320315,0.252906279850533,0.921079702490819,0.962394462013166
"YGL095C",62.2493320365177,0.0233949888672515,0.265233300921363,0.921565826498005,0.962629599401086
"YDR518W",38.7644004248361,-0.0237448438954833,0.29015297669274,0.922017322632093,0.962936185990851
"YGL010W",29.0205546106337,0.0257523555680472,0.318764512254204,0.922614964749908,0.963110748611599
"YLL039C",747.486914101977,-0.0193848280989787,0.223990463674775,0.922590036488985,0.963110748611599
"YMR158W-B",6.68554087663094,0.0267357775625133,0.440272615918198,0.922843991035814,0.963110748611599
"YOL129W",114.24837074631,-0.0232132092589452,0.290360295257401,0.922974550064044,0.963110748611599
"YPL170W",38.2850168804269,0.0245890832815657,0.291413405110806,0.922667888245053,0.963110748611599
"YLR002C",39.1934470018099,0.0251942231839198,0.309058765951488,0.923563503844439,0.963560348499119
"YOR376W-A",6.50758509179202,0.0258514495471456,0.43733810138884,0.924320629919298,0.964185219811419
"YGL014W",46.5445423081743,-0.0228971463975332,0.290714403829745,0.92463553940379,0.96434866746511
"YBL097W",23.7176986385735,-0.0242234575440716,0.323014064653908,0.924880765707494,0.964439395549559
"YCR046C",30.2544573982215,0.0247103109428115,0.31591722027838,0.925525376645286,0.964495332275337
"YDL112W",60.2301875035467,0.0232973036465048,0.284692029563611,0.925483294342796,0.964495332275337
"YDR029W",19.991139711077,-0.0250972778812003,0.361127580055596,0.925567382851263,0.964495332275337
"YPL016W",146.334983573232,0.0220672818970945,0.271857364986446,0.925409180596784,0.964495332275337
"YDL016C",7.27857432219778,-0.0243654126039805,0.432300171405395,0.926126347262462,0.964745699929348
"YHR167W",17.870309535447,-0.0244075626511482,0.346153657536327,0.926419482661887,0.964745699929348
"YIL105W-A",12.3512672050666,-0.0251724628584514,0.408974371449398,0.926168756671212,0.964745699929348
"YJR065C",62.10019215388,0.0237550322574131,0.300149542156596,0.926440784526082,0.964745699929348
"YGR129W",15.3471073451172,-0.0250209668420675,0.384635588344779,0.926838039222315,0.964829692409908
"YJL134W",55.6188185728508,-0.0212001754257211,0.270147914793599,0.926692208038753,0.964829692409908
"YGR145W",56.7173506559071,-0.0216279593949905,0.27967812606728,0.927178676036422,0.965019472411543
"YBR046C",91.1099389057278,-0.0191721494395536,0.241571249218599,0.928019081636529,0.965399607880977
"YCL031C",25.7707978568112,0.025671646946856,0.363562467203529,0.927799664375481,0.965399607880977
"YPL063W",65.6354896849951,-0.0222292009375782,0.298976999710449,0.928010220070846,0.965399607880977
"YCL050C",102.789997581876,0.0207557115752849,0.253264600211544,0.928321371602865,0.965549276436768
"YMR212C",46.0320355539177,0.022294589849371,0.283953950659593,0.928921250731933,0.966008364308332
"YIL128W",50.4071909568597,-0.0207987691430111,0.27744106549006,0.929186349862711,0.966119208872949
"YKL173W",44.3388395969709,-0.021175093069649,0.289695272623033,0.929977811427313,0.9667772063192
"YNR044W",19.7181375024936,0.0238824539377629,0.339346531152542,0.930704452821605,0.967367605720956
"YJL067W",57.3523067724086,-0.0204722525849169,0.280106456452332,0.93103865595306,0.967549975794356
"YAL059C-A",9.14219532184762,-0.023092788590642,0.409231152387996,0.931384040941393,0.967693179730701
"YPL072W",21.9453677889071,0.0241057816667457,0.355357694393458,0.931493992695656,0.967693179730701
"YDR240C",21.7198628709103,-0.0225779388544732,0.349362546031451,0.931906216732962,0.967956440181903
"YLR323C",21.7788378929141,0.022985697527719,0.329065163626464,0.932376361562245,0.96827976209267
"YMR034C",31.3256551430395,0.0218854811195148,0.307163541006208,0.933139968182337,0.968577674739671
"YOR017W",39.3095982157661,-0.020279562675322,0.289584773219344,0.93307913420604,0.968577674739671
"YPL122C",33.3707423023756,-0.0208727516679188,0.305313796712316,0.933070456904112,0.968577674739671
"YDR182W",91.8205530845341,0.0190317116437355,0.254439658863625,0.934287103195703,0.969603251145549
"snR4",260.297486903433,0.0201109129058764,0.27694397649957,0.935230786346264,0.970267657935684
"YMR008C",132.197667870135,0.0190853826579175,0.264486251912503,0.935245691611509,0.970267657935684
"YBL008W",39.5037312339248,-0.0198188025995017,0.299293689111048,0.935421158786628,0.97027644295734
"YBL052C",36.60053025734,-0.0213874678766691,0.350871085068591,0.935572543931138,0.97027644295734
"YDR106W",3.81691445503855,-0.0197707914100735,0.465768575627067,0.936224850350354,0.970292545976093
"YKL106W",47.7609471762539,0.0202498844710189,0.28765392269731,0.936041866135836,0.970292545976093
"YPL235W",39.9362672151461,-0.0192332803841194,0.288232277826411,0.936071505603796,0.970292545976093
"YPL253C",17.9830576111076,-0.0212464281052483,0.345373960017744,0.935805621987763,0.970292545976093
"YHR098C",62.3343784949255,0.0187741902395561,0.261330092252897,0.936452958294494,0.970363954574114
"Q0105",1169.34822917401,-0.0180282417596463,0.25596036276675,0.937108735714747,0.970570650739536
"YBL005W",39.6015782014691,-0.019206353516847,0.29722543779125,0.937235735067368,0.970570650739536
"YER060W-A",11.3754158408786,-0.0212876072259713,0.403345956384147,0.937103021772005,0.970570650739536
"YNL084C",73.0997130323611,0.0210355293359417,0.312615200424682,0.937289392986531,0.970570650739536
"YLR282C",7.50158825668011,0.021716579595603,0.419400769140786,0.938669376758484,0.971771475526053
"YPL207W",167.738582759441,-0.0153467807072386,0.224372656601081,0.938767915979885,0.971771475526053
"YNL168C",72.1708778065366,0.0184774076279126,0.269607197210533,0.938927538743051,0.971771667284581
"YNL197C",77.4717609944063,-0.0174250339061525,0.269875177030691,0.939215568844662,0.971904735502244
"YDL171C",990.445949308312,0.0186468083724713,0.2667238217155,0.939582109021657,0.972118987351384
"YJR154W",10.4693552253268,0.0214637944664685,0.401406710071648,0.939823041459517,0.97220323110926
"YIL029W-A",10.5684597395023,-0.0199813570814163,0.406271156291163,0.940198635611137,0.972256892692376
"YJR002W",61.570156709485,-0.017446582968223,0.275451284471263,0.940353467173348,0.972256892692376
"YMR156C",15.994835400848,0.0209961213027801,0.358040653781801,0.94029211544593,0.972256892692376
"YBR187W",36.7819672966979,0.0191104813579401,0.296636169717944,0.940743780953018,0.972495479122905
"YNL299W",40.9754674515986,-0.0178970109991915,0.291818968188685,0.941049321125453,0.972646364636194
"YDL041W",3.23293124155234,-0.017369112186304,0.477367757918526,0.941450900332107,0.972659228714598
"YDR252W",3.77260494487474,-0.0179109041764502,0.469445737095671,0.941463492801036,0.972659228714598
"YJR070C",29.9773833825709,0.0194178255578442,0.310950272860436,0.941540516721268,0.972659228714598
"YER115C",11.0186911497689,0.0209171946221632,0.396264887099043,0.942020073739306,0.97267412592336
"YGR053C",21.5756127011136,-0.0192673881433323,0.345793736576116,0.94175229643937,0.97267412592336
"YML029W",43.8877229995895,-0.017928006134155,0.306368056144025,0.942033694064904,0.97267412592336
"YDR151C",59.9144690407616,0.0174778500790168,0.271916382911129,0.942696195489855,0.972863750679083
"YNL097C-B",2.46822661318883,0.0156206333525545,0.500927758257636,0.942433347628225,0.972863750679083
"YNR060W",5.01528595744672,0.0190410683781954,0.461936552271701,0.942664176799991,0.972863750679083
"YDR469W",17.4117579540071,-0.0188794496860793,0.360383846836221,0.943571452588477,0.973445089815601
"YJL036W",53.2216842672218,-0.01668153591913,0.28486776801954,0.94357893201486,0.973445089815601
"YOR155C",47.7708972049643,0.0175733332460502,0.294164853298189,0.94521972779036,0.97497279419229
"YMR294W",28.4689757546892,-0.0173427951440288,0.340962811275524,0.947101895500152,0.97674890914948
"YHR032W",47.5306288218431,-0.0156527427980127,0.290031894584341,0.947688165123607,0.976887856999512
"YJL131C",43.334284678429,-0.0172039290709095,0.353576224136645,0.947717456675655,0.976887856999512
"YKR044W",33.4178740989092,-0.0163432784983743,0.310454035450159,0.947497532221058,0.976887856999512
"YCR015C",17.8686234308245,-0.0171087897231742,0.345376376115188,0.94791511077871,0.97692637811908
"YCR041W",3.6244134679536,0.0160325302251103,0.468910758839277,0.950338601862381,0.979092930755783
"YFR050C",133.367622751005,0.0131941750367324,0.224881806231158,0.950298906885556,0.979092930755783
"YLR245C",9.56969566571834,0.0175466494264849,0.408910907147247,0.950564048969027,0.979159688772388
"YCR060W",7.63449679912896,-0.0160609487141197,0.428344657137208,0.951113782292855,0.979394915201039
"YMR018W",5.70938426663348,-0.0158947276532906,0.440920519169228,0.951053244443052,0.979394915201039
"YNL073W",93.4840633438476,0.0147670544092417,0.268934571937537,0.951491082165205,0.979617930033264
"YDR104C",64.0005168227799,0.0145543638446688,0.275109549939877,0.952873314480352,0.979733313721661
"YDR360W",5.5122615010706,0.0157132868541035,0.447304560071541,0.953643298416395,0.979733313721661
"YER043C",322.2271269976,0.0137096922441255,0.256030013094767,0.953853565812033,0.979733313721661
"YGL204C",2.75124025036797,-0.0129057852332417,0.491605519174711,0.953509277191901,0.979733313721661
"YGL258W-A",6.7653301988753,0.0162385952433765,0.432316925463298,0.953701574147116,0.979733313721661
"YIL140W",21.4853450574905,-0.0156124545334833,0.343982533243804,0.952240301748796,0.979733313721661
"YJL184W",27.8440414002893,0.0163547650694376,0.338455784376044,0.95311555448519,0.979733313721661
"YJL201W",48.9453785171344,0.0151228924698288,0.282266360922987,0.951957200532629,0.979733313721661
"YJR015W",79.8138334265102,-0.0130252661072919,0.266513441443095,0.953738685351902,0.979733313721661
"YLR131C",13.2455173502286,0.0167827347761261,0.375396251659865,0.952658836059172,0.979733313721661
"YML057C-A",11.6119948787734,-0.0153381031755697,0.395476666050517,0.95377925957446,0.979733313721661
"YNL221C",59.671006402897,0.0141431512507008,0.272451857396351,0.953837516685846,0.979733313721661
"YOR335C",211.758715575697,0.0131145311239994,0.238264314033532,0.953013677202294,0.979733313721661
"YPL100W",47.9713397418576,-0.0141632017231242,0.282210197559527,0.95180749670017,0.979733313721661
"YBR264C",30.2612840823009,-0.0139721446721298,0.308887310848125,0.955009827544362,0.980037594349591
"YDR091C",83.3947551744629,0.015455216124272,0.314218053705918,0.954315965231591,0.980037594349591
"YGR099W",45.1399534018012,0.0148980171740365,0.303482614942834,0.954649445915249,0.980037594349591
"YJL062W",42.0944568408512,-0.0138779424938718,0.31006735882867,0.955114571031431,0.980037594349591
"YNL057W",6.29190731932715,-0.0146627267338805,0.441589843314976,0.954473921911701,0.980037594349591
"YPL205C",22.9195244513161,-0.0146928507058102,0.346476665036537,0.955102735272553,0.980037594349591
"YHR032C-A",6.29091016230617,0.0151414242880289,0.444953150303327,0.955603764810626,0.980246112734323
"YPL267W",16.1517717274801,0.0158192128708452,0.357328286922978,0.955639442472084,0.980246112734323
"YBR062C",29.0696967174352,0.0147592716653586,0.311670469038041,0.955965930928274,0.980269393238559
"YDL160C",131.201302616152,-0.0114925270166675,0.240234179435195,0.956144633765912,0.980269393238559
"YDR049W",38.9937643843677,0.0150672661619128,0.322286150418633,0.956110617196597,0.980269393238559
"YIL051C",72.361841402017,-0.0117353635146476,0.251561367828216,0.956728181130476,0.980434340347739
"YLR083C",57.1849644624051,0.0138182935943943,0.287606113433806,0.956716016819015,0.980434340347739
"YPR073C",39.4317034595823,0.0147021976159724,0.315999873328595,0.956788097848786,0.980434340347739
"YAL034W-A",9.73543840937557,0.0154397256649517,0.409410598337555,0.956990404126863,0.980476805035003
"YOR238W",15.7228144101409,0.0154072589753273,0.369444063058138,0.957374938581399,0.980705924479601
"YOR165W",92.7227580390801,-0.0116678766363988,0.262241581376866,0.958019782971998,0.981201575737578
"YDR352W",46.4301938040825,0.0131750976656504,0.284240140479263,0.958373402177536,0.981269388062677
"YMR044W",75.149753168646,-0.0119861303694688,0.27557687934753,0.958407984764088,0.981269388062677
"YBR115C",188.624462553438,0.0129591265364347,0.278064154047253,0.958900420514066,0.981510049969479
"YNR042W",10.4168727722781,0.0144940025067382,0.423421168482506,0.959126145630552,0.981510049969479
"YOL022C",41.9878022162557,-0.0126908788938315,0.313845652948533,0.959083113514805,0.981510049969479
"YEL047C",40.1146872433463,-0.012928303936939,0.340194561285742,0.959451036697546,0.981677701640346
"YNL063W",27.2957726455617,0.0137155295955114,0.317885979159015,0.959673836292215,0.981740858039787
"snR8",269.92111834599,-0.0128149686118473,0.344724167011068,0.960102325661564,0.98201437739675
"YEL001C",43.9796890731041,-0.0115350585748604,0.282863213963166,0.960566970845184,0.982269787157875
"YOR073W-A",3.86152137017388,-0.0117713356505195,0.472081784907705,0.960674356234306,0.982269787157875
"YML108W",24.7072727453175,-0.0123232700468554,0.323679081566781,0.961006972299513,0.982445068125718
"YOR298W",29.0276131714224,-0.0123324800614708,0.330360336436443,0.961273517978554,0.982552757350207
"YNL020C",56.8034728301237,-0.0112677427697921,0.297850564347738,0.961719743210007,0.982844036697685
"YDR311W",51.5028435387593,0.0113484089584973,0.274194077401656,0.963625817059585,0.984461842939687
"YER068C-A",10.5786610790491,0.0131531668524414,0.412430562799056,0.963516236666555,0.984461842939687
"YER077C",26.8144408528268,-0.0112396904451259,0.323247460238045,0.964367706374873,0.984830439688782
"YIL002W-A",32.535562991924,-0.0110686261980928,0.31575414569527,0.964471352666504,0.984830439688782
"YLL043W",48.8555071186272,0.0117126175997996,0.294758365960433,0.964246143280717,0.984830439688782
"YNL047C",25.823454112222,0.0122053702135827,0.32545475142251,0.964812774788647,0.985014047292597
"YLR047C",25.3964000200147,-0.0110903272772016,0.344674113669657,0.965274075053119,0.985319961053217
"YAR003W",38.3237562244995,-0.0100382048059079,0.287567324471966,0.965888816686504,0.985557526065145
"YJL115W",37.8243242888997,0.0117820576303541,0.323679007456171,0.96609700514796,0.985557526065145
"YLR404W",10.1523220425512,-0.0112307498915858,0.394223345009512,0.966153604305043,0.985557526065145
"YOR200W",8.22443372872108,0.0123041183376557,0.410106745189266,0.966065111961911,0.985557526065145
"YOR353C",44.4670649145363,-0.0100860816650861,0.298103878585517,0.966391591528232,0.985635333059667
"YGL050W",32.5234774328054,0.0111389804498125,0.311171681559876,0.967227678194259,0.985828210467225
"YKL210W",304.25260478832,0.0098549961740933,0.247724136139305,0.96681318802723,0.985828210467225
"YML008C",46.353107353583,0.010336414339975,0.27485204522111,0.966909256185841,0.985828210467225
"YOR370C",100.190644240401,0.00937981955253115,0.240588368913086,0.967168682560365,0.985828210467225
"YBL016W",18.3396457545821,-0.0103760624762522,0.352637759088084,0.967809662035213,0.98625646047561
"YLR420W",36.1314762994029,-0.00954070904610793,0.295197233859737,0.968005287408056,0.986290910523588
"YHR009C",210.176248363757,-0.00774523450025318,0.230777661400494,0.968856229745355,0.986992933360845
"YLL033W",10.0016569307307,-0.0101738634906189,0.396834132075415,0.969108652647206,0.98708509991389
"YOR089C",168.202009176181,0.00991933374528299,0.273981826891913,0.969406243861769,0.987223234141602
"YNL228W",20.1413445228173,0.0110196972912512,0.384777066697591,0.970377196067946,0.988046944542955
"YLL006W",39.0844601261101,0.00973404576242333,0.297664223154494,0.970588128578018,0.988096650022218
"YCR100C",5.62897659591914,0.0100604419572271,0.449078736535483,0.971083748016073,0.988271070989809
"YNL146W",5.4872572581418,-0.00900502133560614,0.453477501899176,0.970942371697446,0.988271070989809
"YBR257W",26.879246472396,-0.00903074494868926,0.33597727046574,0.971436756899711,0.988465281018988
"Q0275",1279.06338209064,-0.0079442851433505,0.306537300737405,0.972455920006811,0.989089839614545
"YBR081C",100.659852076846,-0.00809123098771459,0.306336131841173,0.972701319870791,0.989089839614545
"YDR389W",75.4174597430654,0.00797345466577111,0.248658990105018,0.972861950531451,0.989089839614545
"YHL002W",76.7155605884585,0.00851678568029106,0.269734912135647,0.972798376538442,0.989089839614545
"YIL068C",52.6580390090596,-0.00782665654989727,0.272940524576448,0.972260195361239,0.989089839614545
"YPL157W",16.4450314703653,-0.00858992626972683,0.356526339074921,0.973222489443488,0.989291373108415
"YDR248C",58.1232449800295,0.00814822676066763,0.268423723359005,0.973882464917339,0.989632147994528
"YKR068C",57.7119957044696,0.00830427812571575,0.274568857818154,0.973761691602076,0.989632147994528
"YBR041W",61.6483291966086,-0.00682066134905841,0.264246371086948,0.974996724428305,0.990027691148353
"YJL203W",23.7999751038565,0.00907964925410362,0.343435824875595,0.974860772139825,0.990027691148353
"YKL088W",56.9454616893626,-0.00712690606275574,0.291716829536053,0.975246309705449,0.990027691148353
"YLR329W",5.96244299237791,-0.00806097590101193,0.436412743504101,0.974650088007793,0.990027691148353
"YML041C",35.2362990099134,-0.00743031633609819,0.304050817364853,0.97516570929482,0.990027691148353
"YMR071C",43.9345904785237,0.00808175958756645,0.285564900943737,0.975115653270781,0.990027691148353
"YDR137W",47.4102476471747,0.00779180116767902,0.283489975569644,0.976060568201842,0.990029815807993
"YGR117C",39.9784269637641,-0.00689016011112838,0.286099592831928,0.976050111730293,0.990029815807993
"YHR087W",53.6411512979115,0.00859756238706892,0.325143760225206,0.975957379762494,0.990029815807993
"YHR188C",43.0378416937453,0.00784745951480745,0.280357592444576,0.975579301686572,0.990029815807993
"YKL075C",38.8199121663519,-0.00726483608542222,0.30748671795832,0.975743326429106,0.990029815807993
"YJL087C",36.8386765716704,-0.00681224441733714,0.294561644162902,0.976678012454417,0.990491262214588
"YER111C",68.4469432076505,0.00830829661954253,0.323926549067524,0.976961254912108,0.990613683029329
"YEL074W",2.47065536102031,0.00652299636970293,0.497998529476754,0.977729108263043,0.990938816539893
"YIL161W",24.5167544547883,-0.00668369999885066,0.375758574635038,0.977769654252816,0.990938816539893
"YKR045C",6.20571375381545,0.00809263390290279,0.434581642874673,0.97773024083748,0.990938816539893
"YNR032W",30.5184970320431,0.00748295741345224,0.312453486443305,0.97834349153885,0.991355541301627
"YLR191W",31.8596551476346,-0.00638957604935806,0.306171879125204,0.978508192790001,0.991357618858886
"YML126C",198.644790632363,0.00637967838366277,0.248626260028666,0.978868047497943,0.991557379009467
"YKL023C-A",6.75667361102451,-0.006326404532871,0.432874661927384,0.979594045235018,0.992127900582824
"YDL098C",10.6505953354916,0.00732853842937025,0.391868521463835,0.980623452232393,0.992680266611295
"YDR153C",50.9113740046757,-0.00527608234037819,0.290194110560704,0.981343876184265,0.992680266611295
"YGR130C",217.454284270308,-0.00533233677152112,0.313942160428368,0.980986709716895,0.992680266611295
"YKL028W",73.1728630304338,-0.00500855433323559,0.27100292745356,0.981442376800601,0.992680266611295
"YKR027W",31.2874304867843,-0.00576797475795022,0.342333891608771,0.981032326911286,0.992680266611295
"YLR042C",3.06017524441583,0.00587838569143518,0.484467185998723,0.98122144193826,0.992680266611295
"YLR093C",49.1378439064376,0.00622123479255729,0.273414693002039,0.980630072017142,0.992680266611295
"YNL224C",45.2539779987096,0.00648735576511105,0.291615583165002,0.980741147112305,0.992680266611295
"YMR259C",68.2796362772975,0.00566670044188577,0.262084100501743,0.981907707877503,0.992986142278643
"LSR1",7192.38038547633,-0.00737961936222856,0.30529629149774,0.983897781990257,0.993350502108766
"YBR016W",32.6865465101846,0.00587691572847651,0.325773700337516,0.983819416445481,0.993350502108766
"YBR229C",84.5186250747838,-0.0042928439673342,0.249405980949331,0.983053962201012,0.993350502108766
"YCR044C",39.7661771948654,-0.00486137281923083,0.318290316431403,0.983289752974198,0.993350502108766
"YDL096C",10.0608408054181,-0.00522513555620735,0.416398301468157,0.982979901627806,0.993350502108766
"YDR012W",26.8192577826441,-0.0051687228010275,0.329487292192508,0.982726768794004,0.993350502108766
"YGL101W",41.1473802907697,0.00557529584689098,0.288358986083804,0.983422422379934,0.993350502108766
"YMR108W",276.099163395101,-0.00366546430744107,0.218901610064535,0.98381313781336,0.993350502108766
"YNL324W",2.90773943706935,-0.00438217625408273,0.483419001192106,0.983793217142841,0.993350502108766
"YOR284W",12.1170809849298,0.00677332252996788,0.383822841336438,0.982658817869738,0.993350502108766
"YEL059W",6.81308337942561,0.00597041450705899,0.423628910102833,0.984123723082265,0.993414059653264
"Q0130",3624.30675861788,0.00479888765464933,0.299362955523149,0.985624019107142,0.993447725559456
"YBR042C",28.260717250852,0.00521081727525371,0.316920945843211,0.985554220324129,0.993447725559456
"YDL146W",15.6189388028145,-0.0045014110741366,0.357637936295395,0.985273637509772,0.993447725559456
"YGR166W",21.1760311669419,0.00546567823377968,0.345440653237539,0.985355220003799,0.993447725559456
"YGR221C",18.216746088815,0.00547144861927417,0.355152729901329,0.985586072523345,0.993447725559456
"YKL208W",15.8743974798082,0.00589212416479994,0.373507373581612,0.984483913974743,0.993447725559456
"YKR053C",28.1831726018722,0.0056748515363598,0.321968285493507,0.984334630425563,0.993447725559456
"YLR399C",129.70477171703,-0.00423713105824958,0.270551135151337,0.985424531356896,0.993447725559456
"YPL103C",21.4744677944126,-0.00433840487262982,0.344238252006421,0.985554132769278,0.993447725559456
"YMR228W",27.2929935073839,-0.0040516909893151,0.316390957844772,0.986030523716287,0.99369312864596
"YHR011W",18.6700124477422,-0.00412810525043336,0.34397942756967,0.986257662072938,0.993757720339653
"YJL202C",13.7274926166226,0.00506234436687835,0.404928685195741,0.987381166440524,0.994725323876858
"YGR162W",130.360537714606,-0.00280171231010066,0.23688165697334,0.987995618053033,0.994758295144326
"YHR070W",18.5461504664173,0.00478503992555727,0.3668752531096,0.987780795060154,0.994758295144326
"YIL083C",64.5424089398431,0.00387997960003775,0.26100811331437,0.988066729910377,0.994758295144326
"YJL085W",34.3968734365193,0.00455145155489929,0.311961422397215,0.987617280324734,0.994758295144326
"YDR008C",18.9370664528575,-0.00335757586705586,0.34903803702626,0.988473328544429,0.995003292729694
"YNL219C",84.2433070378735,0.00371927597643431,0.267054192961161,0.988811476465785,0.995015015528968
"YOR352W",31.2415901110049,0.00405576938041958,0.302014246742895,0.988732519862131,0.995015015528968
"YNL325C",27.3958153322266,0.00401055898204419,0.31625846194417,0.989211795148536,0.995253531104379
"YMR287C",68.6852041160975,0.00347114978331776,0.258032341620372,0.989422354065001,0.995301080710708
"YBR180W",4.97878251996306,0.00383858107031312,0.454134712179845,0.98970147199868,0.995406394125377
"YGR004W",17.5150014785603,-0.00290797367929212,0.349014534437093,0.989853675930092,0.995406394125377
"YBR070C",24.415502489164,-0.00251554777974253,0.333438750625308,0.990785966075757,0.995498070874504
"YDR065W",12.986581400975,-0.00282963723085316,0.38392304724895,0.990441840662429,0.995498070874504
"YDR084C",34.2975357727245,-0.00254978822301725,0.319744346385495,0.990494499959612,0.995498070874504
"YFR044C",230.434982090458,0.00351847166372318,0.269741242847338,0.990145656269319,0.995498070874504
"YHR006W",90.4274875824978,0.00294761058769053,0.244158342295724,0.990608149337093,0.995498070874504
"YKL078W",12.1383642462347,-0.00251568430825074,0.38667851616303,0.990924822968928,0.995498070874504
"YGR093W",51.1438683471972,0.00314034348314859,0.284710595067223,0.99155338739373,0.995708853127344
"YHR191C",26.2920184108194,-0.00222604078850935,0.317530743431164,0.991624731498438,0.995708853127344
"YLR451W",58.0817999400483,-0.00209675654997852,0.287209986278786,0.991533934513098,0.995708853127344
"snR82",784.354924548381,0.00304357017349935,0.322523860305394,0.992126495560913,0.996048590091215
"YCR043C",26.0423644646641,0.00302472273675587,0.336497888776214,0.992645438500434,0.996241387726025
"YDL165W",35.7727618449599,-0.00189752111470655,0.309547835562935,0.992491182025229,0.996241387726025
"YER031C",67.6931181190666,-0.00170036407816696,0.264631459981143,0.993369924735343,0.996640278397023
"YJL174W",138.81938442744,0.00217011460375927,0.229421468089903,0.993281295436049,0.996640278397023
"YBR289W",44.7359081222494,0.00248724402826537,0.300155093673742,0.993776970848734,0.996791739182083
"YMR251W",10.7151709618967,-0.00148352752550695,0.416382664325768,0.993847973586467,0.996791739182083
"YPR070W",30.2289866889865,0.00241800564715695,0.310506167228952,0.994083445070132,0.996863869315968
"YBR113W",12.198405769584,-0.00123678087030059,0.383711770863934,0.994413673839339,0.997030982406772
"YDR108W",37.6391215226333,0.00218114993710925,0.300462575879518,0.994689763736151,0.997143768087474
"YGR086C",312.575834945388,-0.000981516063575781,0.227325546432876,0.995264123928918,0.997555473663337
"YDR348C",52.7616283761367,-0.000740290583536368,0.270420416664537,0.995960485763307,0.998089306268884
"YPR152C",22.8213144444102,-0.000698991968831755,0.346027575773431,0.996253490760032,0.998218810814137
"YPL260W",200.433510366611,-0.00051229510350567,0.235896617751821,0.996429846969098,0.998231413096097
"YKR064W",74.2503275141777,-0.000494439231975219,0.250214602223772,0.996765309312603,0.998403378843108
"YHR038W",17.1958174637319,-0.000358481644302868,0.397710041920221,0.997001798111839,0.998461667313272
"YNL320W",22.6740184754192,-0.000428665393557459,0.328875770207488,0.997153379129876,0.998461667313272
"YPR032W",57.952828573459,0.00143330452841278,0.306377502557142,0.997314951698638,0.998461667313272
"YLR071C",66.8116271613131,-0.000188005202246877,0.261517517156764,0.997836696172905,0.998819947967459
"YBL078C",99.5816587231743,-0.000282379104362257,0.287366281910125,0.998607783597956,0.999427658625541
"YBR157C",7.26894608089267,0.000883250196812084,0.432386635579202,0.999049070065223,0.999541050894211
"YPL270W",94.1008526413242,0.000756172828337001,0.249950262606338,0.998892189514155,0.999541050894211
"snR66",15.4963778638216,0.000617746042277798,0.357845265960124,0.99975996089775,0.9999240173403
"YLR392C",47.6504238737651,0.000372884209393853,0.279309300766294,0.99966924140429,0.9999240173403
"YLR274W",44.2100492638191,0.000460437235150415,0.281464776434007,0.999996317843541,0.999996317843541
